visits,cart_items,past_purchases,avg_time_on_site,ad_clicks,referral,purchase
12,3,3,0.0,1,0,0
6,2,3,21.590931009249314,2,0,0
11,0,2,21.174215702113745,2,0,0
14,4,1,23.14496159286673,7,0,1
7,1,7,40.05848053028289,4,0,0
8,3,5,2.014783970127903,2,0,0
9,3,8,0.11973335394326412,3,0,1
11,1,1,22.058673145989882,1,0,0
8,4,0,11.62510898814308,3,0,0
10,3,7,5.143717464630594,3,0,1
7,1,7,12.174375321790308,0,0,0
11,1,4,8.81656374908279,3,0,0
11,4,1,32.24777067797167,1,0,0
8,0,9,37.618123040233016,3,0,0
12,2,4,0.0,2,0,0
6,1,7,0.23451186733363016,2,0,0
7,1,3,7.406319953680931,2,0,0
8,3,1,8.104719583209882,3,0,0
10,4,2,7.24739553301581,2,0,0
5,1,2,13.057658204564863,4,1,0
3,2,8,10.531651992780596,4,0,0
9,0,2,1.4638740710468205,5,0,0
13,2,0,4.73191759136019,5,1,0
8,2,6,30.46338832209564,2,0,0
6,3,0,11.425517532653169,4,1,1
13,1,5,10.913691083740108,3,0,0
12,1,9,0.0,3,0,0
13,2,3,10.367832726958344,4,0,0
9,0,6,24.609024295675823,3,1,1
14,1,6,20.95551478469406,3,0,0
8,5,6,23.110992979735563,2,0,1
8,2,5,2.9640292392367016,0,0,0
12,3,6,2.803823165961523,3,0,1
15,3,7,26.334357221740536,3,0,1
13,3,2,23.262741398677672,1,0,1
13,2,4,12.415372381843525,2,0,0
10,3,9,23.530402684490774,5,0,1
8,2,10,2.9700362774621105,1,1,0
15,2,8,2.55531892202535,5,0,0
9,3,7,0.0,1,0,0
7,0,5,18.61470433003645,1,0,0
8,0,8,17.167178744380667,5,0,0
13,3,9,9.775834798190436,3,0,1
15,1,4,7.196073903884887,1,0,0
8,2,1,39.14548603862906,6,0,0
7,2,8,12.408690064116126,0,0,0
9,4,4,28.880670145339764,3,1,1
6,2,7,13.536515655505188,3,1,0
16,1,7,9.992872922113346,5,0,0
10,1,3,29.1665950980639,3,1,1
18,0,3,22.899641204159966,2,1,0
10,0,0,14.7589097700235,6,0,0
8,0,4,26.337141117526116,3,0,0
11,1,8,40.20306516175237,1,1,0
3,0,4,7.676466334778445,2,0,0
15,2,4,19.717366467452514,3,0,0
6,1,5,10.907898362582523,4,1,0
7,2,5,5.654589792316978,2,1,0
9,4,7,5.3773321388386695,3,1,1
11,1,0,30.923331460185985,1,1,0
8,3,4,0.0,3,0,1
12,2,8,20.078593584667956,1,0,0
10,4,2,6.74756922379766,0,1,1
11,4,10,32.72494951567994,2,1,1
12,4,6,12.269233510656727,2,0,0
16,2,6,11.35992326717734,2,0,0
8,3,9,30.695093044942368,7,0,1
7,2,2,23.768000823122144,2,0,0
13,0,6,20.542269843626705,0,0,0
10,2,2,23.05811955505784,4,0,0
15,2,5,4.16726411234257,4,1,0
8,4,7,22.417132055381366,2,0,1
11,3,7,13.009457858249819,4,0,1
11,0,5,18.609246991622594,3,0,0
5,1,1,19.845529262612917,4,0,0
10,2,0,3.8949091679269277,3,0,0
11,3,2,20.938225958408285,2,0,1
12,3,2,13.13642710028624,5,0,1
8,2,6,2.6007855402313034,3,0,0
11,1,3,13.534341934709586,6,0,0
11,1,1,15.200251141151744,1,1,0
5,2,1,20.93631891267962,4,1,0
8,3,6,0.0,1,0,0
13,1,7,18.881362298766597,3,1,0
11,1,10,9.88139943164607,3,0,0
7,0,4,23.098734464104915,2,1,0
8,2,1,14.981338537157656,4,0,0
11,5,2,11.666184956450511,4,0,1
15,1,0,13.22499603723739,3,1,0
8,2,9,18.334097421911107,2,1,0
14,1,3,24.079094076713535,5,1,1
6,1,6,6.088887023249409,3,0,0
16,1,9,11.563401405676972,4,0,0
11,2,8,29.69346050818675,3,0,0
6,2,2,11.388883067130324,3,0,0
14,1,3,18.67249730815268,4,0,0
12,0,5,2.6580806231373053,2,1,0
9,0,0,0.0,2,0,0
10,4,4,4.597951349520372,0,1,1
13,3,9,8.101079439823216,2,1,0
15,3,4,25.399111640475827,2,0,1
9,2,9,26.495262626873714,5,1,1
11,1,8,0.0,4,1,0
10,3,8,9.587548607081384,6,0,1
8,2,0,21.977893970404843,3,0,0
1,2,2,13.946468755687754,5,0,0
13,3,3,30.045584658174267,2,0,1
6,2,0,21.735009421313023,5,1,0
13,0,8,12.323148957111849,1,0,0
11,3,1,13.213306288709227,5,1,1
10,3,4,14.432101673951534,3,0,1
10,2,2,6.540426032390593,3,0,0
13,4,3,24.392141356494985,5,1,1
9,0,3,22.424288177415512,2,0,0
9,2,10,19.5427076765243,2,0,0
6,2,1,17.425746893569958,2,0,0
10,2,10,4.81802220966987,7,0,0
12,3,1,20.04193199141749,3,1,1
17,0,7,16.291024726647514,2,0,0
10,0,1,35.02269094974413,7,0,0
9,0,9,2.0670890208537873,1,0,0
9,2,6,7.7670461211070165,5,0,0
3,1,0,0.0,4,0,0
10,1,0,12.819802082329307,2,1,0
10,2,9,0.0,2,0,0
6,5,2,26.855016361685767,3,1,1
9,4,2,25.922373088701676,0,0,1
11,3,10,13.403680216093566,2,0,0
9,1,8,4.862782117696309,1,0,0
10,1,1,0.0,4,0,0
11,1,3,7.9613538535959325,2,0,0
16,3,2,21.253713723408303,5,0,1
9,1,6,7.129473100101316,2,0,0
10,0,5,34.08576176006719,5,1,1
16,5,8,29.9069543989815,2,0,1
7,1,7,15.008239434044365,3,0,0
5,2,1,10.381317447981164,2,0,0
5,1,2,9.308041002535484,1,0,0
4,0,0,30.983767605260095,3,0,0
14,0,7,8.433046684427095,2,1,0
13,0,1,24.343689527333606,2,1,0
8,2,3,15.217922130683037,1,0,0
12,2,1,22.13562213924176,2,1,0
9,2,1,6.796027084312357,4,1,0
14,2,2,11.670814044782718,4,1,0
12,1,9,14.75817480296338,1,1,0
10,3,4,8.686333823294316,2,0,0
9,2,7,27.492241693744976,3,1,1
15,4,9,7.3569187033396,1,1,1
17,3,1,9.22967858389803,1,0,0
11,1,4,28.587000236279756,4,0,0
8,1,10,26.649272367955028,2,0,0
5,2,3,30.8797877232563,6,1,1
9,3,2,0.0,1,1,1
8,3,9,17.007227490418533,3,0,1
6,2,5,15.902813246311057,1,0,0
11,0,8,9.382671155541477,1,0,0
5,1,7,18.244593898571548,3,0,0
12,3,1,11.785582696492,4,1,1
9,4,0,16.61992268402845,3,0,0
9,2,7,49.01875562209925,1,0,0
13,4,4,18.171307641284578,6,0,1
9,3,1,18.591315981028856,4,1,1
5,1,9,23.21219335015841,2,1,0
3,2,0,16.806445309963177,4,0,0
12,3,10,4.019673238399218,0,0,0
18,2,7,0.0,2,0,0
8,2,7,14.707089372980915,2,0,0
11,2,5,12.308889716267215,3,0,0
9,1,4,0.0,3,0,0
3,3,4,31.29392751622786,6,0,1
10,4,5,16.070030433655113,3,0,1
8,1,4,29.394363546644236,6,0,0
10,1,1,0.0,6,0,0
11,1,6,29.58487055755726,3,0,0
12,2,3,10.147949200495965,2,1,0
8,3,6,27.591578818500768,3,1,1
12,2,0,17.148684738096506,1,0,0
11,4,5,19.532565519196943,1,1,1
3,2,1,19.54517040278295,4,0,0
9,1,2,10.748623018884778,7,1,0
11,4,2,8.534852631305455,1,0,0
14,1,9,11.388398105059228,2,0,0
9,2,0,0.2809079170064326,3,0,0
14,5,4,10.192896963065873,4,0,1
9,0,7,8.03208546256359,7,0,0
17,2,7,0.0409464733041105,5,1,0
7,2,9,19.58666275719274,3,0,0
11,1,10,15.07717431932776,2,1,0
10,4,6,17.460423233171475,4,0,1
10,7,6,21.974507914617835,4,0,1
10,5,7,12.62139942778606,3,0,1
14,2,7,5.6128358670989265,1,0,0
6,4,4,18.03942023307464,4,1,1
13,3,6,0.0,3,0,1
12,2,1,13.91904908512789,2,1,0
6,2,3,22.65168623372797,2,0,0
8,1,5,25.469252624096224,4,1,1
9,2,10,9.705567771229028,4,1,0
15,5,9,0.0,4,1,1
10,0,2,0.0,1,1,0
9,0,1,21.38052106886373,0,0,0
10,3,0,11.460169368934586,0,1,0
10,2,3,35.17299075303291,4,1,1
11,2,1,0.888963650845028,3,0,0
4,4,2,18.42335903325269,2,0,0
6,2,9,31.62351635262551,2,1,0
6,1,10,17.06461929777278,1,1,0
7,4,10,0.0,2,0,0
15,0,10,42.726112831056184,2,0,0
12,3,5,30.805874570461846,0,0,1
7,1,9,12.727539841082509,3,1,0
6,3,2,23.18954077550962,5,1,1
6,2,2,23.296611600689694,1,0,0
6,2,3,21.41771084865958,3,0,0
7,2,2,1.182552252983843,2,1,0
10,2,5,18.241576211196538,6,0,0
11,0,8,29.607157015924095,2,0,0
4,2,7,20.04527215750746,5,0,0
7,2,1,18.97151002307561,2,0,0
9,2,2,9.631756308515655,3,0,0
11,0,7,5.960213294866021,2,0,0
10,2,2,0.0,1,0,0
10,3,4,22.574645979277008,5,0,1
5,2,10,12.791156664186904,5,1,0
10,1,8,1.5862038845393194,4,0,0
8,0,1,24.76408666507129,2,0,0
7,0,8,9.13088920466776,2,0,0
6,1,9,6.421350997584762,4,1,0
11,2,4,10.037519862897245,2,0,0
13,1,8,13.069107401602936,2,0,0
5,0,3,19.580220705148637,2,1,0
11,1,7,6.246864090106898,3,0,0
9,3,7,25.10373875493208,2,1,1
8,0,2,19.842295883958545,2,1,0
11,1,4,9.853372540409087,4,1,0
11,1,9,13.402101894267986,1,1,0
5,2,0,10.77369055908099,2,0,0
7,2,5,15.65864728835696,3,1,0
7,1,8,30.19873966437896,3,1,1
5,1,0,10.670636814575303,3,0,0
13,2,1,16.89465821792886,4,0,0
6,2,6,8.014172276853976,2,0,0
16,0,5,20.31955044202997,6,0,0
11,3,9,17.76406653517363,2,0,0
13,3,10,28.29617788676159,5,0,1
8,3,2,6.7080971433627425,3,0,1
10,1,1,21.905753209497913,2,0,0
8,1,6,27.640835523684498,3,0,0
6,1,9,10.623822642516663,3,0,0
10,3,9,13.730464008650324,5,0,1
8,0,4,16.90738133414571,2,0,0
8,1,5,12.634213326555429,2,0,0
7,2,8,16.773191960817556,3,1,0
13,4,6,21.734362294118096,4,0,1
10,4,3,13.860239345742704,3,1,1
6,0,10,13.782012031922378,1,1,0
16,9,8,17.666617921097465,3,0,1
6,0,2,11.008315977640322,4,0,0
7,0,3,11.50286737765706,1,0,0
12,0,9,6.011397120038694,5,0,0
9,0,2,14.578585474230316,3,0,0
9,0,9,19.477498531214557,2,0,0
9,4,10,12.308626604300022,1,1,1
10,1,2,7.26488950999242,4,0,0
12,2,0,14.03783318718336,3,0,0
9,2,4,18.970878435359598,3,1,0
15,1,3,16.279692903985907,2,0,0
11,3,10,37.295499723722784,4,0,1
6,1,8,8.43584089626392,5,1,0
11,0,3,13.496831016400584,0,0,0
6,3,2,22.792974653425293,4,0,1
7,4,5,8.053201491229785,3,0,1
8,1,9,34.28218877533348,7,0,0
6,2,10,15.046160702602524,7,0,0
13,2,4,20.611437877711566,4,1,1
7,2,3,15.190136357358737,4,0,0
12,0,0,25.186379447688925,1,1,0
12,2,10,4.371555006518882,4,0,0
7,0,2,30.71847527697836,7,1,1
7,2,3,17.317188049735524,6,1,0
11,4,9,21.58458876880946,5,1,1
6,1,10,7.616246807701133,4,1,0
10,1,7,18.372430137475277,5,1,0
16,1,8,5.320100381881595,5,0,0
12,2,7,26.756444306427223,2,0,0
11,3,8,2.1019158187512144,5,0,1
9,1,9,16.541734178188793,4,0,0
9,3,0,11.115738848455127,4,0,0
6,4,10,0.0,2,1,1
14,1,0,5.6464126985364445,7,0,0
11,2,2,19.495937267844734,3,1,0
3,3,3,6.034430022557501,3,1,1
13,3,1,8.308294348558116,3,0,0
8,0,9,18.73344572840238,4,0,0
8,2,6,24.148415162344214,3,0,0
12,3,8,21.607765209973607,6,1,1
7,4,10,14.534229759269573,2,0,0
6,2,5,17.176390641190103,1,0,0
10,1,3,16.18745750429169,1,0,0
15,3,5,4.636440234529047,3,0,1
11,2,0,17.7943909071367,3,1,0
6,1,5,4.547404520108103,3,0,0
10,4,3,21.142761413413215,2,0,1
7,5,2,16.351356404467335,3,0,1
11,2,5,0.0,3,0,0
13,1,8,24.791171774462313,2,0,0
10,3,7,9.779682561522465,4,0,1
9,3,7,8.951959996672587,4,0,1
6,2,8,24.559035422707073,3,0,0
9,3,5,13.36738018400039,2,1,1
11,0,7,20.97412172779552,4,1,1
12,4,6,8.466443539330314,4,1,1
7,1,0,23.036692496366378,3,0,0
13,0,5,16.97200359707116,2,1,0
11,2,10,19.049166611510962,3,0,0
5,2,3,13.21476382020981,4,0,0
14,0,2,31.29769933842892,5,0,0
12,3,2,33.70443207327375,3,0,1
8,4,9,0.0,2,0,0
7,2,7,24.26355741708366,4,0,0
7,0,0,4.202593596826048,4,0,0
9,2,6,20.09676843501093,4,0,0
13,3,10,0.0,1,0,0
7,2,9,19.032382214992747,0,0,0
11,2,3,6.637624594011813,3,0,0
11,3,0,10.411789515525466,2,0,0
10,2,1,10.679058253887353,4,1,0
13,1,6,7.654492794683887,5,1,0
14,1,9,7.925914980189176,2,0,0
9,3,0,11.019858415807175,3,0,0
8,1,5,13.460688099157714,2,1,0
11,4,3,18.231318714111268,3,0,1
6,1,2,33.6070909605308,5,0,0
5,3,6,5.531241284274357,4,1,1
8,2,8,16.26708688471544,0,1,0
11,3,4,22.72652423526618,4,0,1
7,1,5,7.911080476417506,6,0,0
14,1,6,0.0,6,1,0
11,4,9,0.0,5,0,1
9,1,5,0.0,4,0,0
10,1,5,30.401168846916008,0,0,0
5,3,2,21.141552906334304,5,1,1
7,0,10,22.559753608306288,2,0,0
8,2,2,24.81408072296491,2,0,0
12,1,4,9.245292931308523,3,0,0
11,3,6,38.030446980866934,3,0,1
12,1,5,18.354665930776775,3,1,0
11,1,1,14.272274831399015,0,1,0
10,3,2,26.10001814597121,5,0,1
8,1,4,21.67299873180225,2,1,0
5,3,6,28.350459298048406,2,0,1
12,3,5,28.938332446988326,4,0,1
12,4,9,11.467534570725446,0,0,0
13,3,2,16.870248209036593,3,0,1
8,3,6,5.9080463321590955,4,0,1
9,0,4,0.0,3,1,0
15,3,9,23.36797218094641,5,0,1
17,2,3,24.5703586395516,4,0,0
7,4,5,0.0,6,0,1
14,1,1,7.827919369261913,2,0,0
13,1,6,15.560833975868276,4,0,0
7,0,1,16.513877418009283,3,0,0
16,2,6,35.45000911081419,3,0,0
7,0,7,8.730618824553869,3,0,0
15,2,1,13.286935247268438,5,0,0
12,2,7,21.498573741136283,3,1,1
16,1,6,11.49796908092126,8,0,0
8,0,2,9.950238695121357,6,0,0
7,4,6,9.129400902068204,2,0,0
8,3,0,17.329802549559084,2,0,0
4,2,1,13.2430955711099,6,1,0
10,0,4,21.824799707485646,3,1,1
8,1,10,18.574581402723013,2,1,0
14,0,8,0.0,2,0,0
7,3,0,0.0,3,0,0
14,2,4,9.992372849639095,2,0,0
14,0,5,24.800025893061793,3,0,0
16,1,2,8.48321559886518,3,0,0
13,3,4,18.745911515572192,2,1,1
10,1,1,20.984957357286138,5,0,0
13,2,10,20.402662582784522,5,0,0
9,1,7,9.525757200728842,2,0,0
7,2,2,3.5191249070595703,5,0,0
8,3,4,1.8777561389842958,3,0,1
8,1,0,44.70935203727676,0,0,0
2,2,4,19.55426297197458,4,0,0
9,1,0,33.405829103452234,5,0,0
13,2,8,6.66889738191175,1,1,0
9,2,1,27.48318443355751,3,1,0
17,3,5,10.231893132546817,2,0,0
11,1,8,14.710515572146361,4,0,0
16,0,2,12.136362138860068,1,0,0
11,2,5,6.205639492436131,5,0,0
7,4,0,6.357643172552674,1,0,0
7,2,6,14.608926973887124,6,0,0
13,2,1,9.129201969675355,3,1,0
9,2,4,16.26720232342225,5,0,0
12,2,4,6.621706878485437,1,0,0
13,1,0,22.07460887688496,2,0,0
7,0,10,10.400365819679319,1,1,0
11,0,6,31.369338608787377,2,1,0
8,2,3,14.49375080318833,2,0,0
11,2,3,13.978186157701003,2,1,0
5,1,6,31.035350746083235,5,0,0
9,0,9,10.047202153346225,1,0,0
12,1,0,10.93094184164838,6,1,0
5,2,5,7.9902620190181874,4,1,0
12,3,0,17.04433709942793,2,0,0
14,1,5,7.648196778925877,3,1,0
10,4,9,22.766650174046696,2,0,1
13,1,1,14.534214536486,2,1,0
12,3,9,23.388904759274617,3,1,1
8,1,10,22.261849601874506,4,0,0
13,2,0,9.875173484438024,1,0,0
12,1,7,7.630266500394213,2,1,0
11,3,6,11.716397739238847,1,0,0
14,1,1,15.088681726370172,2,1,0
13,3,1,18.340220104402892,1,0,0
8,0,4,19.451313336545645,7,0,0
14,0,3,14.68073113872699,3,0,0
11,3,3,8.188205922660805,4,0,1
11,2,8,9.133759976023743,3,0,0
13,2,10,20.18353712163431,2,0,0
13,4,0,8.498165553071232,1,0,0
18,1,9,20.60234485273779,5,0,0
12,3,8,20.929605220461355,3,0,1
8,2,2,30.33916589318578,2,1,0
4,6,7,10.191462447040792,5,0,1
8,2,4,11.748459719804321,4,0,0
12,1,9,0.0,3,1,0
13,1,2,5.5692712495726475,2,0,0
10,1,8,5.438709770833622,2,0,0
12,4,8,20.056716944342423,2,0,1
9,2,7,33.07378902646055,2,0,0
12,4,2,20.80757983975692,5,0,1
5,4,2,24.9079193015952,3,0,1
11,0,9,7.8866979602991725,3,0,0
17,1,10,3.0202537018794633,2,0,0
9,1,9,12.579785588870635,2,0,0
9,3,2,8.76245758257519,3,0,1
15,2,10,6.389094960850768,2,1,0
7,4,5,17.18260679232157,1,0,0
11,1,1,3.1407968091869236,1,1,0
14,1,8,23.264806848326614,5,1,1
19,4,1,11.005588643291246,6,0,0
13,5,9,14.547615365446177,1,0,0
6,2,7,15.997863080885296,6,1,0
15,2,9,10.33285504951884,4,0,0
13,2,3,27.655488236068287,0,0,0
5,1,3,0.0,3,0,0
12,4,4,27.833349961088086,5,0,1
7,2,0,11.529459889096326,4,1,0
4,1,3,24.207474469776205,2,0,0
8,3,5,17.012409412603056,4,0,1
8,1,9,23.504967536789582,4,0,0
9,1,1,13.815880776172621,2,0,0
11,3,10,17.38436024525336,3,0,1
13,1,2,25.9790475716674,4,0,0
10,0,10,15.958488840169208,1,0,0
6,1,3,28.300782083807142,4,0,0
11,4,2,18.521967366878144,4,0,1
11,2,8,7.672800306772819,2,1,0
8,0,5,11.451888891962078,5,0,0
5,3,10,23.881075723061894,2,0,1
9,3,4,2.602194587069789,2,0,0
11,4,4,22.928800194669186,5,0,1
13,2,1,11.342315818336012,2,0,0
6,2,8,2.1028069435722188,0,0,0
11,3,1,17.072562318019898,2,0,0
8,1,4,7.99809683483533,2,1,0
10,3,6,9.283753299300628,6,0,1
9,1,2,8.742638005857948,2,1,0
10,2,7,16.14893197367735,3,1,0
5,3,4,11.100335244757185,8,0,1
7,3,9,18.909487112747694,5,0,1
14,0,2,25.124204522399552,3,1,1
7,2,2,20.416880031673664,2,0,0
11,2,2,33.05308056466231,0,0,0
10,2,10,35.513485502539694,3,1,1
7,1,2,12.09743739522162,5,0,0
4,1,3,3.473791254385647,3,1,0
7,0,9,12.108677339771969,2,0,0
12,1,0,16.183540674691976,1,1,0
8,4,2,37.257711724153495,6,1,1
14,3,9,11.251974981411216,6,0,1
9,3,9,17.77930370466644,6,0,1
10,4,4,8.188387830334262,3,1,1
15,1,7,11.533257093599584,2,1,0
8,4,7,2.856138485810405,1,0,0
15,1,8,0.3726759736697076,1,0,0
11,2,8,28.609306661437913,3,0,0
12,2,5,25.661970143826625,4,0,0
6,0,9,11.303979679392226,2,0,0
20,2,6,25.633825569080216,5,0,0
14,2,10,1.9309369551034568,5,0,0
9,2,3,13.266367894221519,3,0,0
9,1,2,16.742625126101018,2,0,0
6,4,10,27.660542341170995,4,1,1
19,3,2,16.975407343590298,3,0,1
11,3,1,20.4475089431957,1,0,0
13,3,7,10.300392317670937,4,0,1
19,4,6,17.639580239476008,1,1,1
7,0,7,27.6436007965543,0,0,0
6,3,5,0.0,1,1,1
8,2,9,26.36074630595519,2,0,0
9,4,9,12.900289906498088,4,1,1
11,1,4,0.9404679115237808,3,0,0
6,1,0,12.32868705779283,1,1,0
12,1,7,27.90081157043634,5,0,0
7,2,1,10.17665016531145,3,0,0
8,3,0,17.993397156387687,2,0,0
2,2,8,0.0,2,0,0
8,1,10,0.0,4,0,0
2,1,10,4.232609803166675,5,0,0
11,0,7,25.128080096704856,7,0,0
9,3,10,14.49168682215226,6,0,1
10,5,8,25.99696211880464,5,1,1
6,1,4,26.581136585376605,0,1,0
8,3,2,7.41848455251249,3,1,1
7,2,10,30.670010163427357,3,1,1
19,0,7,9.55620410651813,6,0,0
12,3,3,25.00362217675484,2,0,1
14,2,0,24.594915023854593,2,0,0
10,1,8,15.650345154139925,2,1,0
14,1,10,15.666627097359966,5,0,0
12,2,3,18.204606939685966,5,1,0
7,3,1,16.15437364439554,4,0,0
9,2,9,11.098629715054784,5,0,0
5,1,2,10.240989535033377,6,0,0
11,4,5,11.178591922249405,4,1,1
14,1,8,27.182164112153675,3,0,0
8,5,5,0.0,0,1,1
13,2,3,10.031582451681714,4,1,0
13,0,0,11.740591991667934,4,0,0
10,1,1,12.719017641439388,1,1,0
8,2,6,17.96775018917891,5,1,0
9,3,2,1.5175054177551832,2,1,1
9,2,1,25.25316063017761,2,0,0
7,0,5,23.869538083545248,1,1,0
7,0,3,21.743339442765226,4,0,0
11,2,0,12.92441411409242,0,1,0
11,1,8,7.616479953421116,4,0,0
9,2,8,11.747984077970427,3,0,0
10,2,10,15.608651093183726,5,0,0
9,2,4,21.66185766150084,3,1,1
11,0,7,14.186887946420466,3,0,0
11,0,5,18.60452613403125,2,0,0
13,2,6,10.66091239087632,2,1,0
17,2,5,17.863258561450216,2,1,0
7,2,6,12.508000642516874,0,0,0
8,3,2,17.679515478687435,3,0,1
10,1,10,0.0,3,0,0
8,4,2,19.87104373361179,3,0,1
13,1,9,20.400031129421958,5,0,0
8,0,2,20.289624702758278,2,0,0
12,3,9,5.125574891659925,1,0,0
9,1,5,7.898692849426685,1,0,0
7,4,0,6.314113895699382,1,0,0
7,2,8,18.29980640333663,2,1,0
12,2,8,21.582249160972644,5,1,1
11,3,3,8.034371292732878,3,0,1
18,1,1,28.1561273292955,8,1,0
13,3,6,28.023867662873105,2,1,1
17,0,6,16.379588212716964,5,0,0
7,2,5,18.708859389871826,5,0,0
11,0,7,0.0,1,0,0
8,0,2,9.709601863251883,0,0,0
13,1,1,2.4764049167891056,6,0,0
13,1,9,5.90013625819709,3,1,0
12,1,0,20.14518844122076,1,1,0
11,2,2,22.56057403668008,3,0,0
11,1,7,22.978578646219976,5,0,0
7,2,7,17.416914672620564,5,0,0
11,1,6,20.233745279224273,3,0,0
7,1,1,0.0,1,0,0
11,2,2,2.104679245223844,1,0,0
12,1,6,12.90782654623023,2,1,0
9,1,10,20.97486245344554,6,1,1
6,3,7,10.527361947484687,4,0,1
12,1,8,1.3921652667986084,4,0,0
8,3,5,8.082373100108686,3,0,1
7,1,9,5.665148883382699,3,1,0
7,2,2,0.0,3,0,0
4,0,8,37.24392631147198,1,1,0
7,1,4,27.328715425645882,3,0,0
14,2,3,0.0,4,0,0
10,1,8,0.0,3,0,0
8,0,9,6.940109070543572,2,1,0
10,2,1,0.1066638204971504,1,1,0
10,2,9,38.82618723656168,2,0,0
7,3,3,6.976801159972446,4,1,1
5,1,5,18.61540339930927,3,0,0
13,1,10,9.942039929687713,1,0,0
16,2,5,3.32815583996128,5,0,0
9,2,10,25.473471869423953,3,0,0
10,2,9,21.54830574910878,2,0,0
10,2,4,14.404316328179805,4,0,0
5,3,9,38.819347310979936,5,1,1
6,3,6,17.35055098908641,0,0,0
8,1,4,10.435312486951517,4,1,0
10,1,5,34.152730772836726,1,1,0
9,3,0,19.03875825365703,7,1,1
11,3,7,31.27919635447948,2,1,1
15,2,4,14.609114120741681,3,1,0
9,2,4,0.0,3,1,0
13,3,9,0.0,2,1,1
5,2,5,25.827105335315387,3,1,1
11,2,5,9.109370441810988,5,1,0
6,3,7,17.533251176026255,4,0,1
15,1,3,26.338473986907466,3,0,0
11,3,3,16.794847517437894,2,1,1
6,0,2,6.4059920974017714,4,0,0
9,3,8,14.889132931443259,6,1,1
9,1,7,16.069319028882486,2,0,0
18,4,4,10.918444320651538,4,0,1
8,2,10,1.1502186324454673,6,0,0
9,3,7,11.445176896652228,6,1,1
11,2,5,14.071859504737978,1,1,0
11,1,4,0.5681837993724308,4,0,0
6,2,8,5.819087610045813,4,0,0
13,3,8,7.831492871363891,2,1,1
6,3,10,0.0,3,0,1
8,1,7,16.28235671314799,2,1,0
12,1,9,17.369568016688692,1,0,0
13,1,2,9.556740234973347,1,0,0
8,6,8,1.313846489186993,2,1,1
10,3,5,19.06986545545569,1,0,0
9,2,8,20.4607975368055,1,1,0
9,1,0,15.98582337131267,1,0,0
13,0,0,15.415616172420991,1,0,0
13,2,5,20.939434942883153,3,0,0
9,0,3,14.045313326870742,0,0,0
13,2,4,5.822419578033331,4,0,0
10,0,4,14.297159933315612,2,1,0
18,2,2,11.079480561974492,5,0,0
5,1,8,14.296846042871694,2,0,0
9,2,0,23.842663082157607,4,0,0
5,3,5,2.979215514545837,3,0,1
6,3,1,16.774744750185537,3,1,1
12,1,1,2.474145514577037,4,0,0
9,3,8,5.818193228075421,0,1,1
10,2,9,30.738376346537933,1,1,0
13,3,1,19.573064542739104,1,0,0
12,1,8,16.609411971428088,3,1,0
10,1,7,0.0,4,1,0
11,3,6,12.642597322746212,3,0,1
4,2,7,0.0,1,0,0
6,5,8,15.37252722225978,1,0,0
10,4,9,2.5303630108370516,3,1,1
2,1,8,20.578437435593813,3,0,0
12,1,2,16.61303915551939,2,0,0
4,1,9,2.8390729610358445,4,0,0
17,0,0,18.815931764544725,1,0,0
8,2,7,35.93388264238987,1,0,0
8,1,9,12.97274562655575,4,0,0
12,0,3,23.803029522859216,4,0,0
6,2,4,0.0,3,0,0
8,2,10,19.676959445128134,3,0,0
8,4,5,9.307273090683761,2,0,0
11,1,5,12.309851767883142,3,0,0
7,2,6,20.951144978871618,4,0,0
11,0,9,12.565183623611569,6,0,0
11,2,2,0.0,2,0,0
13,2,1,30.272203593187015,5,0,0
11,2,8,0.49799682331783934,6,0,0
13,3,1,6.604648094219275,1,1,0
6,2,8,16.28118564035964,1,0,0
16,1,9,16.37433521446812,2,1,0
9,0,3,19.2797246669953,4,1,0
9,2,10,16.332686738577603,1,0,0
16,2,0,26.48419829516028,7,1,0
6,1,2,19.902985611364407,2,1,0
14,0,9,3.1429973825341264,6,1,0
8,4,1,0.0,4,1,1
15,1,3,16.5108780665682,5,0,0
13,1,1,29.661428304729544,3,0,0
13,2,9,2.476270874803463,0,0,0
6,2,5,4.500507823391267,2,1,0
6,0,10,18.548555552616502,6,0,0
13,1,9,19.82993257536271,5,0,0
10,0,0,26.222846841578658,3,0,0
12,2,4,31.411102632323438,3,0,0
11,3,8,17.360847949409496,0,0,0
8,3,0,5.732991452048076,3,0,0
11,2,3,6.038834955178379,5,0,0
6,2,1,9.563724933233946,1,0,0
5,2,10,25.312085512354262,3,0,0
13,4,1,9.999162652319601,2,1,0
10,1,4,24.61577313353944,3,0,0
11,2,1,0.0,2,0,0
9,1,4,17.871607165209713,4,0,0
10,0,0,7.4890803732376465,0,1,0
13,2,4,20.221091270653265,1,0,0
12,4,2,12.43725734818754,4,0,1
18,0,1,22.97530797164634,1,0,0
8,3,10,10.650861716006517,8,0,1
8,2,3,14.740268494421281,0,1,0
9,3,0,23.080815621877157,3,0,1
14,3,2,13.981083411313971,2,1,1
9,3,10,15.583105285951943,4,0,1
12,3,0,22.604750915407003,5,1,1
11,2,7,14.232472252223843,3,0,0
13,0,4,0.0,6,1,0
11,4,0,9.289596419296025,2,0,0
11,0,1,0.0,2,0,0
11,3,8,12.50058117266947,5,0,1
11,2,6,19.71312554991502,1,0,0
8,2,2,16.245983362950035,2,0,0
10,2,0,28.946571222200348,6,0,0
4,1,1,27.826682619841666,1,0,0
13,3,6,17.56735554124719,6,0,1
9,3,7,0.0,3,1,1
8,3,4,21.713449331890388,3,0,1
5,2,3,7.282944234657975,0,1,0
11,0,9,23.812283921962965,1,0,0
11,0,3,18.12650326948134,1,0,0
11,4,4,21.56083648473684,3,0,1
5,4,6,20.016693764818,1,1,1
14,4,6,38.90180916082764,2,0,1
11,4,3,20.211832433096113,1,0,1
7,3,0,2.1986021721871403,5,0,0
8,2,4,25.71312443383676,5,0,0
8,3,6,10.695570424914019,9,1,1
7,2,3,28.451930203241755,1,0,0
7,1,6,30.428850533975872,1,0,0
10,2,7,21.218454988534436,1,1,0
6,3,1,2.223665807016191,0,0,0
12,2,1,10.396811285963825,3,0,0
9,2,4,28.407515169835804,1,0,0
13,1,2,34.990025873743086,0,0,0
11,3,3,15.619261344937854,3,1,1
17,1,0,12.252005845079587,2,0,0
3,0,10,3.198725583638806,3,0,0
8,2,3,3.329506618951788,3,0,0
15,4,10,17.327821378223685,5,0,1
8,0,3,22.00748152272277,3,0,0
9,1,3,0.1264501553523072,4,0,0
4,1,2,23.293369394859074,1,0,0
15,2,1,28.72277333056978,3,0,0
10,3,3,21.305902078741017,4,1,1
18,2,7,31.5286183329415,2,0,0
16,2,2,18.554698248129295,3,0,0
9,0,5,18.653667695589636,3,0,0
7,0,1,18.462628381028868,2,0,0
7,1,0,28.59423067462551,4,1,0
11,3,6,20.37639449249828,6,1,1
5,1,5,9.70246264623,2,0,0
7,2,9,19.23431697925523,2,1,0
14,1,3,19.334474429728985,3,0,0
10,1,6,12.876660325097943,2,1,0
10,2,5,25.225832568605217,5,0,0
10,2,1,15.91485896280057,3,0,0
10,2,3,22.052870190137284,3,0,0
11,0,8,20.09760277681486,4,1,1
4,2,7,7.742263283587495,6,0,0
13,0,5,5.204499016819845,2,0,0
7,3,0,7.847365062363105,4,0,0
6,1,6,14.1884190859321,3,0,0
13,1,0,30.91527036887841,5,0,0
7,3,7,14.525882413586658,2,1,1
10,3,2,18.73754653921458,1,1,1
10,1,8,23.730157752137114,4,0,0
5,1,4,11.41146933449651,6,0,0
13,1,5,10.85327768086254,1,1,0
7,1,3,25.51579119523094,2,0,0
8,2,5,20.68170266761374,3,0,0
11,3,8,9.360111485396356,1,1,1
13,3,6,10.876543952789723,0,0,0
15,1,1,15.853167051772799,1,0,0
6,4,10,18.296208556116863,3,0,1
13,3,5,27.439777130309402,3,0,1
6,2,10,20.319950112412908,2,0,0
7,2,10,5.164934834943484,2,0,0
11,4,8,7.1372145231262305,2,0,0
9,4,7,18.097225201468806,1,0,0
5,0,10,16.427809782460237,2,0,0
13,4,0,6.560280370047218,3,1,1
19,2,4,25.528970575994617,2,1,0
11,2,5,0.0,4,0,0
14,2,8,18.356241393782465,2,1,0
6,1,3,0.0,1,0,0
11,2,0,23.80698456787792,4,1,0
7,1,5,12.350099719715702,0,0,0
13,1,8,22.477265915918043,3,0,0
12,2,5,11.090058027805199,2,0,0
10,0,6,28.257435748192144,5,0,0
10,2,9,0.0,3,0,0
10,4,3,23.794896513035912,6,0,1
8,2,1,8.921517341253427,3,0,0
5,1,2,18.750999318828914,4,1,0
6,1,10,19.170899261196194,5,0,0
9,3,0,1.075787982082442,4,0,0
11,1,1,24.974149973981124,4,0,0
8,0,6,18.937024742979744,6,1,0
11,1,8,16.16941057153257,4,1,0
12,4,8,18.851781545539417,2,1,1
12,4,8,16.25231534643944,2,0,0
8,4,10,23.346789445751952,4,1,1
12,3,0,10.285778129538217,4,1,0
8,2,6,23.361837317324202,1,0,0
13,3,6,20.72297785530241,3,0,1
12,3,8,13.279823386058636,3,0,1
5,2,8,33.4624452391248,3,0,0
10,1,0,19.516016358028743,2,0,0
10,1,9,16.95000076841629,3,0,0
21,2,4,20.739608176229343,2,0,0
9,5,1,13.952327110908518,5,1,1
8,1,5,27.011004914630057,3,1,1
8,2,1,14.78642410301958,4,0,0
12,1,5,23.19428281091991,0,0,0
14,1,6,4.317199931188716,4,0,0
14,3,5,0.0,3,0,1
12,4,10,19.026335287988204,1,0,0
5,1,0,11.161935058300987,4,1,0
8,1,3,13.073370017484958,2,0,0
8,1,2,0.0,5,0,0
12,3,4,32.006255387482646,4,1,1
12,1,6,16.045569819454002,0,1,0
15,0,2,28.345745278902136,2,1,0
4,2,0,1.0742097481318602,3,0,0
13,3,10,15.986489345135869,2,0,0
14,0,10,19.07519389150024,5,0,0
11,4,8,16.339671200554232,2,0,0
14,1,5,17.33497710152358,3,1,0
10,2,5,1.1008496640358914,1,0,0
8,0,3,18.170114509096546,3,0,0
13,4,10,6.573196378220082,2,0,0
15,3,0,8.822855229953333,4,1,1
11,2,8,15.16507761559645,3,0,0
11,2,9,11.480882097678684,3,0,0
7,0,6,12.055819150983933,3,0,0
5,0,9,26.239757958555913,5,0,0
10,4,6,13.439501233571754,3,0,1
17,1,10,11.031049439872701,0,1,0
12,4,6,13.769792348334509,6,0,1
11,2,6,3.885124174249178,2,0,0
7,0,7,16.625623099468072,1,1,0
10,0,10,22.218405280029753,3,1,1
6,2,7,18.139836741514635,3,0,0
10,1,2,15.366568136385066,4,1,0
11,2,7,21.014774466705344,1,0,0
7,1,3,9.458876917000403,2,0,0
7,3,6,15.392478064540708,0,0,0
5,1,4,28.98308055556148,1,1,0
13,2,3,12.05924254930312,1,0,0
10,2,3,21.078860583610936,3,0,0
16,2,5,21.328985339153256,0,0,0
5,1,1,7.423222103013625,1,0,0
5,1,4,21.879416563003563,1,1,0
10,3,7,8.93151737607352,3,0,1
10,2,1,19.290628903276072,3,0,0
8,2,4,8.770395136141573,3,1,0
9,3,6,17.810602970711802,3,0,1
15,1,4,16.292238294297956,3,1,0
11,3,9,16.11938156507977,2,0,0
13,1,8,17.71961187899669,5,0,0
11,1,8,9.693446804431018,3,0,0
7,2,7,3.336509621551082,3,0,0
11,1,8,15.816064653161806,1,0,0
5,3,1,26.02793289419759,4,1,1
10,1,2,20.832439363506843,6,0,0
6,2,3,19.472476836699347,2,0,0
13,1,4,9.89113054658994,7,0,0
4,1,9,16.864912122937202,1,0,0
16,3,1,6.695042691608773,0,1,0
12,4,10,10.76412121979267,2,0,0
11,2,9,18.570986040738056,2,0,0
12,3,3,0.0,3,1,1
15,3,3,32.295397743481466,4,0,1
10,2,4,1.6582970931255971,7,0,0
8,2,5,33.887153086218646,1,0,0
11,3,0,6.61097267160679,5,0,1
6,2,5,6.512186646253204,3,1,0
8,1,8,11.023998977298316,3,0,0
11,6,2,10.605768633841997,2,0,0
12,2,1,8.949886802456575,2,0,0
12,2,7,11.294303714124533,4,0,0
8,1,1,15.91715141556192,4,0,0
9,0,7,6.025797557758336,2,1,0
15,2,9,23.40713898725803,4,0,0
8,2,3,29.122184348128712,1,0,0
9,2,8,0.0,1,0,0
12,2,3,33.55387733595944,4,0,0
9,1,0,22.72539809402506,2,1,0
9,7,7,17.575606715326234,2,0,1
15,4,0,9.25768472882992,1,0,0
6,3,4,16.6661623861999,1,0,0
11,4,6,23.97453014912754,3,1,1
8,2,2,41.09913607670858,1,0,0
9,2,5,36.919335892961186,6,0,0
12,0,10,0.0,6,1,0
9,5,0,12.92178988810342,2,0,0
12,1,5,15.77524278105976,1,0,0
10,3,4,28.435556058635427,3,0,1
9,3,1,14.161448639729496,6,1,1
6,1,3,7.447508430602621,3,0,0
13,0,10,15.53788905867975,1,0,0
8,1,10,11.14665129936796,3,0,0
8,0,10,24.86513582128058,2,0,0
11,2,6,38.87591698302827,3,0,0
18,0,5,24.105590258674795,2,1,0
9,0,10,24.50852615587351,4,0,0
10,3,9,27.355882652105777,2,0,1
10,2,5,19.54540698843026,3,0,0
9,2,8,11.012566815571834,1,0,0
7,2,1,11.997817816516283,3,1,0
10,3,0,25.960025156241358,5,1,1
11,1,1,17.889375492017564,3,1,0
9,2,2,5.177231433022143,3,0,0
10,0,8,28.091220422528988,8,0,0
11,0,9,7.258847178716593,4,0,0
11,5,8,3.726181170711822,4,1,1
9,2,4,6.231046205721885,3,1,0
10,1,6,18.063863388595447,4,0,0
15,1,2,24.7272417162837,5,0,0
10,0,9,17.547002953451482,3,1,0
6,2,1,9.431428749280196,3,1,0
6,1,5,6.920742468870451,4,1,0
8,1,5,22.711205862750052,2,0,0
16,4,4,14.072911266571252,3,1,1
10,2,0,18.41004366593212,4,0,0
11,1,9,13.59729382902759,2,1,0
8,1,1,17.994410530338957,5,0,0
13,1,6,18.90247928202696,4,0,0
10,3,9,39.253745763461794,2,1,1
13,3,1,19.02487839389919,2,0,0
7,0,4,11.126105208377133,2,1,0
14,2,10,16.75612697067893,5,0,0
9,2,9,5.503664192590623,2,1,0
12,1,3,5.415733288629307,2,1,0
12,1,9,27.49676852377935,4,0,0
8,0,0,18.041602949433496,4,0,0
13,0,4,26.190085084884075,3,0,0
8,2,0,0.0,4,0,0
12,3,2,5.244713928650489,3,0,1
11,1,8,17.98228125537194,2,1,0
14,2,6,6.756403470856499,1,1,0
5,2,1,0.7602713238089436,3,1,0
4,2,4,4.210892364707446,2,0,0
9,1,3,11.788361623446416,4,0,0
8,3,6,19.131019927709794,5,1,1
10,0,3,32.15158999490697,3,0,0
4,3,8,4.474072748563172,5,0,1
3,2,2,4.991013929715216,4,1,0
9,1,5,0.49062033714327313,3,1,0
7,1,4,20.731145555407423,6,1,1
9,2,9,16.248098947110854,1,1,0
8,1,7,5.351669307003174,6,0,0
7,2,10,6.691772644345148,2,1,0
9,3,0,13.760713111936095,1,1,0
6,1,9,14.326418037390544,5,1,0
10,2,1,4.603197045398151,3,1,0
11,3,6,16.771877785766808,2,0,0
7,3,0,1.237430475604091,1,0,0
10,4,4,15.490130402312777,3,1,1
6,1,7,13.22422764274941,3,0,0
8,2,9,19.011091347203564,0,0,0
8,3,4,27.11279156440449,4,0,1
11,1,4,11.293235191535366,2,0,0
12,0,8,15.003990270683117,1,1,0
3,0,10,0.0,8,1,0
12,0,10,34.71720866038966,2,0,0
14,0,4,0.0,4,0,0
7,4,0,14.17131244863966,2,0,0
8,1,2,0.0,2,0,0
9,2,4,6.743399028794496,0,1,0
14,0,7,32.354476931188,2,0,0
9,3,9,26.44709790648627,2,0,1
5,0,1,24.850117975593143,2,1,0
10,1,3,13.072476936767222,2,1,0
11,0,3,31.509285861131936,3,0,0
12,0,2,17.573606631922022,1,1,0
17,1,5,21.898432895702573,0,0,0
8,3,9,41.46909280072114,5,0,1
13,0,1,25.90322208380781,1,1,0
3,1,2,14.345420947106847,0,0,0
17,2,1,20.104288753678283,1,0,0
9,6,9,29.041343052039565,1,0,1
7,2,7,21.22471144979278,0,0,0
9,2,1,22.830625817521152,7,0,0
13,2,4,27.879346324028553,5,0,0
7,2,3,40.30139210594257,2,0,0
10,2,0,5.651950988772986,4,0,0
7,4,6,22.020793809377956,5,0,1
11,2,5,19.595868341140957,2,0,0
6,1,9,11.143084357283595,2,0,0
12,1,0,8.52617628595198,4,0,0
11,3,8,31.520544563794314,3,0,1
12,1,3,4.777594529081718,2,0,0
15,3,0,0.9095196053388328,4,0,0
9,3,7,9.37014283713505,5,1,1
5,1,0,0.0,7,0,0
8,0,1,6.541182084017036,2,1,0
8,2,4,4.474435301112557,3,0,0
6,3,0,15.860462504909826,2,0,0
10,0,0,29.45483440566715,4,1,0
10,2,5,9.107418678202006,3,0,0
18,2,10,23.651015621637136,4,0,0
12,4,0,22.512626194558734,2,0,0
6,0,4,0.0,3,0,0
6,2,9,9.480778704465477,1,0,0
13,2,10,11.239878067042397,1,0,0
8,2,4,18.814577598459113,2,0,0
14,2,1,20.700656562386712,3,1,0
13,1,10,18.30826683248566,3,1,0
9,0,2,6.050069731917461,4,0,0
4,1,2,8.666799453218552,3,1,0
7,2,2,0.0,2,1,0
12,0,2,15.66385401444752,2,0,0
16,1,10,11.328144417229106,4,0,0
18,3,3,20.326676368060895,4,0,1
9,2,9,21.968797220834915,3,0,0
7,1,0,11.662284899022167,4,0,0
11,2,3,17.820986741387426,3,1,0
11,0,3,12.841808777931176,1,0,0
13,5,7,3.865122299133102,2,0,0
9,2,10,6.998377089553152,3,1,0
7,1,3,0.0,3,1,0
15,2,4,11.042546109064853,4,0,0
10,1,3,9.064559499075422,2,1,0
12,3,4,4.048632346183352,4,1,1
6,5,2,23.191790519640577,1,1,1
11,5,2,20.26281034698444,1,0,1
10,5,7,20.53747409148325,4,0,1
10,1,0,21.916242358233948,2,1,0
4,5,2,14.982077840480347,4,1,1
13,2,1,14.879235057711952,1,0,0
10,3,9,23.302081488945305,2,1,1
9,2,10,21.67273017184803,4,0,0
14,2,5,25.274156392003537,5,1,1
18,1,7,14.563920272091657,2,1,0
11,1,5,5.136203355060168,1,0,0
9,2,3,17.371032172407443,3,1,0
16,0,2,9.217474238012416,1,0,0
13,6,3,21.53535588575478,4,0,1
10,4,7,17.878004259897086,1,1,1
7,0,8,15.514409965795506,3,0,0
12,1,7,11.079733181155175,3,1,0
11,0,8,25.00676427539577,2,1,0
10,0,7,24.2390016683693,5,1,1
16,3,4,9.39511519278499,2,0,0
11,4,4,2.7161705966048046,6,0,1
8,3,0,16.79445389493747,1,0,0
12,0,7,26.85902529997717,3,0,0
9,1,10,2.382111873247627,6,0,0
10,1,1,19.70362206446896,3,0,0
5,2,5,6.790254319376745,4,0,0
9,4,5,4.83095768565641,1,1,1
13,0,9,24.311845218433305,3,0,0
9,1,3,21.503416630300002,4,0,0
11,1,8,13.477095733487339,2,0,0
13,1,2,22.894998470034118,4,0,0
11,0,7,21.835196770941096,3,1,1
11,4,1,0.13752057330802536,4,0,0
5,3,4,15.842714181447601,3,0,1
7,2,5,29.128052547382456,2,0,0
2,2,1,19.738140394623798,6,1,0
14,3,6,0.0,2,0,0
17,2,10,4.293507957509327,4,0,0
9,2,10,24.957739687929635,3,0,0
10,5,4,9.428349074821032,3,1,1
8,2,9,26.213391406617987,2,0,0
15,2,3,35.461024836345075,5,0,0
13,3,3,12.620521856762489,1,0,0
10,1,1,8.821604663446362,5,1,0
11,1,8,4.938484162605146,2,0,0
8,3,0,22.58243369180457,6,0,1
7,0,0,8.97319919402446,2,0,0
10,1,3,10.977634634144746,1,0,0
8,4,2,3.9142878834958754,6,0,1
13,3,8,10.674354897678521,1,0,0
10,2,6,7.9328381277191005,4,0,0
9,4,10,0.0,4,0,1
6,2,1,6.613246946477567,2,1,0
10,1,3,22.461896239780383,5,0,0
20,2,4,28.489956526924054,5,0,0
8,2,9,13.933302467339601,1,0,0
7,1,3,15.336951650054989,4,0,0
7,6,3,17.85982462780254,5,0,1
9,2,3,34.62610833134305,8,0,0
8,4,7,4.901496210053809,3,1,1
13,3,6,2.3785730924700506,0,0,0
9,4,3,14.484051466560526,1,0,0
13,1,10,18.94209415168112,4,0,0
11,4,0,14.666326603417463,1,0,0
12,1,5,1.354582536090863,3,1,0
13,1,4,23.84807447917132,1,1,0
17,0,10,13.618621263052104,4,0,0
8,1,4,20.5437726605742,1,1,0
8,3,10,30.527916499984237,1,0,1
13,0,5,0.3671224277527241,3,0,0
10,3,7,0.0,2,1,1
9,0,5,20.65564596447079,2,0,0
13,2,5,0.0,2,0,0
12,3,6,11.001221144402525,1,1,1
15,5,10,9.287031705985148,3,0,1
8,2,7,18.598523154132195,3,1,0
7,1,3,8.338916635141022,3,0,0
12,5,6,19.919661790016573,7,0,1
17,1,7,4.3301080966425225,1,0,0
9,5,5,2.579208138600766,3,0,1
9,3,8,15.192829453607551,1,0,0
14,0,5,16.05281476593862,7,1,0
9,0,3,17.952070903861653,4,0,0
10,2,5,29.79576536990475,3,0,0
6,3,1,27.806099760825887,4,0,1
6,2,10,19.516171990459632,5,0,0
8,0,7,23.093932288309283,6,0,0
7,1,10,17.62139042793593,3,0,0
11,3,5,26.795023683772616,0,0,1
15,2,3,18.638825835156062,7,0,0
12,5,6,9.477575138274313,3,0,1
10,4,7,7.475349566078812,4,1,1
8,1,2,26.50981263088819,3,0,0
11,2,9,13.169147421312424,1,0,0
12,2,2,34.16797203833531,1,0,0
8,3,9,3.95559978506612,7,0,1
12,1,2,27.51439877344758,3,0,0
12,2,2,10.735138356648058,3,0,0
7,3,1,19.072658247182723,4,0,0
12,0,4,1.9826913920758376,1,1,0
8,2,5,0.0,3,0,0
4,2,0,29.799856409588024,1,1,0
5,2,5,10.613156948175735,4,0,0
12,1,6,24.85371206719632,4,0,0
9,1,1,8.435546730662242,3,0,0
9,4,0,24.867281974785598,4,0,1
7,1,6,10.713767764653095,4,0,0
8,2,5,2.895222305807197,3,0,0
11,0,2,21.464848909504227,4,0,0
8,1,1,24.44600521062347,1,1,0
11,1,1,21.404319058797807,1,0,0
11,1,1,13.552470809673071,0,0,0
7,0,7,0.0,2,0,0
12,1,0,4.310530878089509,6,0,0
8,2,2,7.979894921570648,4,1,0
17,0,7,12.41738592378737,3,0,0
7,1,5,26.30799132231126,1,0,0
12,2,6,13.826354524961639,2,0,0
9,2,1,0.0,1,0,0
11,1,8,0.0,4,0,0
9,4,6,8.052441448596763,3,0,1
7,2,2,9.86675752920938,4,0,0
21,4,8,18.556476441358303,2,0,0
5,1,2,0.4750263622418984,7,1,0
15,2,9,1.1732529532084541,4,1,0
7,4,7,19.535899936263714,1,0,0
12,2,6,28.342061072926285,3,0,0
11,5,2,0.0,2,1,1
11,2,4,7.310609592362809,3,1,0
12,1,6,26.112396321422437,8,0,0
7,1,2,24.330758289028058,2,0,0
12,1,1,5.743085473950787,3,0,0
7,2,8,26.59878085690391,4,0,0
8,1,1,15.449070420008953,2,1,0
4,2,2,21.60051433213311,7,0,0
12,4,0,7.959664659224107,3,0,0
12,2,0,17.924166046857973,2,0,0
16,5,0,3.3419177286828567,0,0,0
7,3,9,9.526533640054527,4,0,1
12,4,2,12.03121891687534,5,1,1
10,1,5,16.40127241201643,1,0,0
9,1,9,39.065301396281015,1,1,0
11,2,2,40.59859742537153,5,0,0
8,1,3,11.120949737139084,7,0,0
13,3,1,29.79599206019573,1,0,0
11,2,6,3.908474104714827,2,0,0
12,0,3,18.992771260817058,2,0,0
9,0,10,8.143478767861096,4,0,0
16,0,0,10.490367470274904,3,1,0
13,2,3,41.60759550945195,2,0,0
9,2,3,11.130166470748303,5,0,0
8,1,10,8.501578080334495,2,0,0
16,3,2,4.996793023028779,3,0,0
13,1,7,7.307332699918665,0,0,0
11,2,6,0.7822057198385952,2,0,0
6,1,9,17.228513235600133,1,1,0
4,2,9,17.048675004523076,1,0,0
13,2,2,18.37717253144785,6,0,0
5,1,3,14.885737851215078,2,0,0
8,2,7,9.326205082668206,3,1,0
10,0,9,8.431552986792356,2,0,0
9,3,2,16.59003654922962,6,0,1
13,1,4,14.484854879131666,4,1,0
17,3,4,8.642337867933376,3,0,1
8,4,4,12.13400872308398,3,0,1
16,1,4,30.394487651505017,3,1,1
5,5,8,34.701725983514386,1,0,1
10,0,9,12.797687222396277,5,0,0
7,3,4,7.662215684068227,4,1,1
9,3,10,14.569005058889093,3,0,1
6,2,10,26.358817032136646,3,0,0
7,1,8,14.563278174155943,3,1,0
6,0,8,18.550904592825756,3,1,0
12,5,10,8.424662891745161,4,0,1
10,0,9,3.3331019444369225,4,0,0
5,0,3,22.615535310712026,4,0,0
7,1,8,16.948446623693798,5,0,0
5,2,10,21.558358607636762,1,0,0
10,1,1,0.0,7,1,0
7,5,2,33.326429084687554,1,1,1
9,1,0,17.522802193740027,1,0,0
11,2,10,0.0,3,0,0
9,3,6,24.869080458346353,3,0,1
10,1,9,11.266112640119623,0,1,0
12,1,10,15.305079297583715,7,1,0
10,1,8,10.222774468441687,3,0,0
14,2,2,14.021037317133802,3,0,0
10,1,7,14.524797602980406,2,0,0
11,2,0,0.0,1,0,0
8,2,5,23.65762179102272,5,1,1
12,4,5,16.128683857547195,2,0,0
9,1,4,19.461895118397862,1,0,0
7,3,3,23.159509509216093,2,0,1
9,3,2,16.208595361334222,1,0,0
13,3,3,18.310935820855622,1,1,1
10,3,6,0.2957765861648234,5,0,1
11,0,6,6.696271332532975,4,1,0
7,0,2,15.850125612169224,2,1,0
12,2,10,16.85704744544557,3,1,0
14,2,9,19.007074664329604,3,0,0
8,0,2,29.060461929644717,5,0,0
9,1,2,14.05791069849417,1,0,0
10,0,4,18.62893068869461,6,0,0
9,1,0,15.589908421693014,3,1,0
15,1,9,12.50279314202579,4,1,0
9,0,10,12.891684201073279,5,0,0
19,1,6,7.157144077822943,3,0,0
11,2,7,13.8298961715035,2,0,0
9,5,6,12.811208869343357,3,0,1
11,0,7,13.483089038691544,5,0,0
7,0,8,0.0,3,0,0
9,3,3,14.010587897611885,2,1,1
9,6,2,6.229465745732183,1,0,0
12,2,6,14.381478657086461,2,0,0
12,1,8,4.0523035451552545,8,0,0
7,1,8,15.499268867180762,6,1,0
10,1,7,12.030321458801406,2,0,0
10,2,2,8.737185853708224,5,0,0
13,2,5,17.89337123731633,0,1,0
13,1,1,18.754760465441677,2,0,0
6,0,5,14.506904667141404,2,1,0
11,2,4,20.68788163266553,4,0,0
6,5,3,10.867030120485863,2,0,0
11,4,2,18.99952061024813,5,0,1
15,1,7,14.577762309919342,2,1,0
11,3,9,5.006683471114041,4,0,1
10,2,5,6.986477186530548,2,1,0
8,2,8,26.65401774667189,2,0,0
8,3,2,30.76339121165457,1,0,1
7,1,4,22.132537137226365,4,0,0
15,6,3,9.168114131769391,4,0,1
7,5,5,29.277235047826203,3,1,1
12,2,1,21.12549001710599,2,0,0
13,3,5,18.356466338526197,2,0,0
13,2,2,33.423095896527514,5,0,0
12,0,7,6.4002451995025815,1,0,0
16,0,9,22.729859093999956,3,0,0
8,1,9,6.85399142773916,5,0,0
7,3,10,8.93370032828794,5,0,1
7,2,5,41.02061583522535,5,0,0
8,2,7,20.02363502483159,4,0,0
13,4,6,33.491872621459166,1,0,1
5,0,5,20.43580764289212,3,0,0
9,2,8,19.02419894586281,4,1,0
7,0,10,8.73902349396176,5,1,0
15,7,8,24.777422591396544,3,1,1
7,1,9,15.253100982407608,4,1,0
4,1,9,15.804763085018827,7,1,0
12,4,3,12.388723182079588,4,1,1
7,3,7,13.992219883970192,5,1,1
9,2,2,15.249282444785537,3,0,0
13,1,10,16.22881306072842,3,0,0
8,1,4,14.49280980950718,2,0,0
7,2,2,0.0,3,1,0
13,1,9,20.419419850930225,1,0,0
13,3,3,13.769796372768203,4,1,1
11,2,4,0.0,7,0,0
14,0,7,0.0,0,0,0
13,2,9,10.265437629131029,3,1,0
12,2,7,27.785962933196792,3,0,0
7,3,2,21.07715463059328,4,1,1
8,1,7,8.128487912924452,4,0,0
13,5,9,13.093004406510765,3,0,1
11,2,3,26.045431757992894,3,1,1
9,1,10,8.836672792917366,4,1,0
12,2,1,4.140445387027686,3,1,0
16,2,2,23.805485624351125,2,1,0
10,2,7,26.160687151430707,1,1,0
12,1,4,8.951035938867872,3,0,0
8,1,1,19.876128007552758,6,0,0
11,2,6,14.59400101470027,5,0,0
9,3,4,9.093329253296172,0,0,0
14,4,5,26.687322713423228,1,1,1
11,1,1,8.360296728580959,4,1,0
18,1,10,22.560032022570304,6,1,1
10,2,6,15.680762865012257,1,1,0
6,0,0,13.275033811921936,1,0,0
8,3,9,9.447740916216365,3,1,1
11,4,9,5.1338473228525245,5,0,1
9,2,4,12.500977574678394,3,0,0
5,2,8,9.875819265624727,4,0,0
12,4,6,15.925164511448008,3,1,1
7,0,8,3.0254979045634283,6,1,0
8,2,8,13.48325050181284,1,0,0
15,1,0,19.059629389459204,1,1,0
14,1,7,8.267260015209565,2,0,0
8,0,6,22.40982434074148,2,1,0
5,2,10,23.495651345599075,2,0,0
4,4,1,2.9285054861564657,2,1,0
7,2,2,7.415942976210754,1,0,0
8,2,5,1.59571662095596,4,0,0
6,0,10,19.23079443869673,5,0,0
19,3,10,16.27878024176863,3,0,1
8,1,2,0.0,1,0,0
8,3,7,8.4795475326681,4,0,1
7,6,3,18.083218385149383,1,1,1
7,4,6,16.12951968385265,0,0,0
12,0,3,27.10153713537796,2,1,0
7,1,1,3.4808043458159243,2,1,0
6,1,6,14.911032316356296,0,1,0
14,2,7,4.98240013538825,4,1,0
5,3,0,16.101535175075036,4,0,0
8,0,4,13.189461226466928,3,1,0
13,5,9,17.717579068957082,6,0,1
11,0,7,10.908479449656767,3,0,0
6,6,0,22.623277769347435,1,0,0
8,0,2,7.853199110726149,3,0,0
5,2,1,4.8472805252099285,3,0,0
8,4,2,17.252249899058054,0,0,0
10,3,2,33.53869844466338,5,0,1
11,1,2,0.0,4,0,0
8,3,0,3.554475833207441,6,1,1
15,3,2,17.31553623978106,2,0,0
7,2,1,26.272250905510404,7,0,0
12,3,8,18.06434451038662,2,0,0
10,1,9,8.920032935148292,1,0,0
9,1,7,19.20295494068255,1,0,0
9,2,5,20.163320184727407,6,0,0
9,0,6,8.19810348186153,5,0,0
6,3,0,23.24845545396372,3,0,1
17,1,6,14.654832562910034,5,0,0
11,4,7,0.0,8,0,1
10,2,7,13.651698160890675,4,0,0
7,4,5,9.309372421332535,6,0,1
9,1,6,28.048918780469805,2,0,0
6,0,10,1.7104872767639137,2,0,0
7,1,1,10.168765910947622,3,0,0
7,3,3,17.572067956866338,4,0,1
13,2,7,39.19038270928051,4,0,0
11,3,10,34.54924458632138,5,0,1
9,2,3,14.547624856200812,4,1,0
9,0,7,18.492926815833943,5,0,0
10,2,9,21.01984854377598,1,0,0
13,1,3,4.875645087145266,2,0,0
12,1,8,15.101423861959649,3,1,0
7,2,0,28.562175598836298,4,1,0
13,2,5,16.416134226933465,2,1,0
12,0,0,34.498047974870694,2,1,0
10,3,5,10.54361326629845,0,0,0
5,1,3,14.11347520832185,8,1,0
15,2,7,14.192985201306165,3,0,0
8,2,7,1.9865601213849402,5,0,0
10,2,8,26.059712530470875,1,0,0
13,1,6,11.66253017611698,4,0,0
10,2,10,17.581158643355188,7,1,0
13,4,7,9.01623765940311,4,0,1
13,2,10,32.25163322253001,6,0,0
8,5,2,27.326559839500913,3,0,1
10,3,9,15.583509604513955,5,0,1
3,2,3,2.7580588332258884,4,0,0
10,2,3,22.439519130567582,4,0,0
14,2,5,25.829756958641056,1,0,0
7,5,6,5.726860338856827,4,0,1
12,2,8,13.566059811811622,0,1,0
11,0,9,15.768474661217095,5,1,0
6,7,5,25.86977491259521,2,0,1
13,4,1,13.486551832506748,3,0,0
12,1,9,24.620431221530247,4,0,0
13,5,9,7.271036999839966,0,0,0
12,0,6,4.445722152225679,3,0,0
16,3,9,33.31521141573898,3,1,1
4,0,8,1.8755800043957898,3,1,0
13,4,7,7.4876633031698745,1,0,0
13,2,3,22.849529239195554,5,1,1
8,4,1,9.693467827470272,9,0,0
16,0,7,9.426895573874802,2,0,0
11,1,5,13.024782947258903,0,0,0
8,1,7,0.0,2,0,0
12,1,10,26.205984632596184,6,0,0
12,2,8,16.758842576326355,1,0,0
8,4,2,6.885595087857304,3,0,1
9,4,7,0.0,1,1,1
8,0,9,1.3464321908932355,3,1,0
16,2,7,0.0,1,1,0
9,3,4,17.272606374752627,3,0,1
4,1,5,17.37242065605919,3,1,0
6,0,4,21.12158701696437,3,1,1
9,0,5,22.325869375516078,4,1,1
7,0,0,21.281638804783892,4,0,0
13,2,9,30.378426661583756,3,0,0
13,1,9,26.952414579113775,3,0,0
12,1,9,24.583941484353367,1,1,0
9,1,1,17.367795967263472,3,0,0
8,1,7,22.20738843313029,2,1,0
8,4,0,10.893948214544652,5,0,0
7,1,8,12.790007240040316,3,1,0
9,1,6,32.21414774616645,8,0,0
6,1,0,9.42884951787128,3,1,0
10,1,4,8.692811199213798,5,1,0
10,3,1,11.379273096520818,3,0,0
11,2,10,9.50694510428375,5,1,0
6,2,0,10.354520757030617,3,0,0
10,3,0,17.422984381660477,3,1,1
8,2,4,17.750329705692938,2,1,0
13,1,3,24.110925256511905,4,1,1
9,3,4,36.88077215576925,2,0,1
13,0,5,11.316596758002548,2,0,0
11,4,0,14.344379218635808,1,0,0
7,3,1,0.0,4,0,0
11,3,1,2.0769240870900667,8,0,0
10,1,4,13.53788823151908,2,0,0
6,2,9,19.63582313524092,3,1,0
9,4,8,19.913827762438295,2,0,0
3,3,6,21.170802261915846,3,0,1
12,1,9,27.574666073228364,1,1,0
7,0,3,32.056878108667405,4,1,1
7,1,4,12.566035909897682,6,1,0
9,0,10,6.978738709177884,2,0,0
13,5,6,21.54887759813992,2,0,1
8,2,9,24.338238955856326,3,0,0
13,2,8,16.358315818215534,3,0,0
7,2,9,13.210044651892632,4,0,0
10,0,6,9.958338438445951,9,0,0
14,1,10,14.577645558599677,3,0,0
9,0,1,21.900683837835267,1,0,0
13,2,3,8.317380809329165,4,0,0
10,5,9,6.990451945233733,2,0,0
16,1,3,20.995931989011893,3,0,0
16,1,10,6.519553052889016,5,0,0
10,3,8,16.511637533711628,1,0,0
10,1,7,15.98211882690989,2,1,0
6,1,5,15.004107633759242,5,0,0
19,1,7,8.573419075426644,3,1,0
12,2,6,32.33905949596211,2,0,0
9,3,7,18.98330988352964,4,0,1
12,2,6,9.855926546485438,1,0,0
8,2,1,18.30936915139814,3,0,0
9,3,10,33.32225086451969,4,1,1
13,2,5,15.895127577650115,2,1,0
9,2,3,30.333518852479916,4,0,0
5,4,3,3.522460641061272,2,1,1
9,1,9,6.488508323397173,1,1,0
11,3,5,0.0,1,0,0
9,4,7,34.757636572268126,3,1,1
10,2,4,0.0,1,1,0
10,3,2,16.742034755127985,1,0,0
18,2,0,32.37638298245112,9,1,0
15,2,4,24.711631316600425,0,1,0
11,3,2,18.76292664656569,6,0,1
13,3,2,27.831236236556794,3,0,1
12,4,3,8.316122310953569,3,0,1
10,2,8,20.176860125043472,4,0,0
9,1,3,13.87352030380837,4,0,0
15,3,4,13.667540787247102,3,0,1
14,1,9,16.905883876262212,4,1,0
10,1,4,26.753204865314082,3,0,0
11,1,0,30.66539715897582,7,0,0
19,3,6,12.329851298301133,3,1,1
12,2,1,4.113076518627352,2,1,0
17,1,5,6.804200664254292,1,1,0
13,0,10,34.47794859997333,1,0,0
11,0,3,29.807764473607516,3,0,0
12,2,4,4.087190058419949,3,0,0
16,1,4,31.610091258336478,5,0,0
11,2,3,7.883408074178018,5,0,0
8,2,1,21.646052608576078,1,0,0
9,1,7,7.875921999210126,6,0,0
6,5,0,36.628700027563795,2,0,0
5,0,8,9.298590779315084,4,0,0
5,4,5,4.501900423450579,7,0,1
12,3,3,10.434755314155362,2,0,0
6,3,5,41.26877290594415,2,0,1
20,0,10,17.60554399652238,3,0,0
16,5,8,4.7178515961110215,3,1,1
3,2,8,7.11619332713195,3,1,0
11,0,2,0.0,5,0,0
8,1,7,20.401323582297273,3,1,1
11,4,0,2.494571187481915,3,1,1
8,2,8,26.056586981252625,1,0,0
8,5,6,22.90085564618376,2,0,1
9,5,9,13.999809898353037,4,0,1
7,2,6,27.361211972804327,6,0,0
5,2,5,24.255893970236805,4,1,1
8,2,0,16.569105230599614,1,0,0
5,3,1,7.318508357078199,4,0,0
13,2,10,19.13534003163406,1,1,0
10,0,2,19.076981816545533,5,0,0
8,1,0,19.91454929960899,0,0,0
10,2,4,15.790324111582665,3,0,0
11,2,10,18.271541849488358,1,0,0
13,1,4,18.0214981540359,4,0,0
6,5,5,28.620911644077957,4,0,1
9,0,6,2.2589969662189304,4,0,0
12,2,9,4.984115297600022,2,0,0
12,1,8,15.75130000250363,4,0,0
11,2,6,7.4001164310268415,3,0,0
8,1,5,17.108726639775007,1,1,0
9,3,8,3.8684514742218656,4,0,1
9,3,1,5.446197634573593,4,0,0
12,0,5,35.60495991643126,0,0,0
12,1,4,12.706673820680482,2,0,0
12,1,5,3.287583360078459,2,0,0
14,2,9,13.85177277219928,4,1,0
10,7,0,25.36420964059355,3,0,1
9,2,10,27.05530502058515,5,0,1
8,3,4,0.3892839122237124,7,0,1
14,3,7,7.32956706978586,2,0,0
16,1,2,17.22706834452382,4,0,0
13,0,2,14.660258111121912,4,0,0
13,1,10,0.0,3,1,0
13,1,6,0.6200999705208066,1,0,0
8,1,6,4.323967795912296,1,0,0
13,1,1,0.0,3,0,0
14,5,7,10.415288856190418,1,0,0
8,5,4,26.94496702448913,2,0,1
11,2,8,8.341567655456137,5,0,0
12,3,0,25.822556104197773,5,0,1
9,3,10,15.296965840747138,1,1,1
13,2,3,13.16617893155106,4,0,0
12,0,7,0.0,1,1,0
11,2,8,26.698170175670377,1,0,0
7,2,8,16.16427360824493,5,0,0
6,2,9,0.0,0,0,0
14,2,10,18.818546308281153,2,0,0
12,3,0,9.121646112148346,2,1,0
8,2,0,15.613215330654548,4,0,0
7,3,6,17.401341536696968,5,1,1
11,1,10,27.157356840420462,3,0,0
10,2,5,3.727213352483103,3,0,0
8,5,6,20.718821500549204,1,1,1
18,0,7,28.282974411150843,2,0,0
15,1,10,40.20486771467695,4,1,1
11,3,5,25.495599520722628,4,0,1
4,1,9,18.614064611719364,4,0,0
11,2,9,17.75021818797201,1,1,0
15,3,9,30.521016695097888,5,1,1
6,1,6,12.135630075746707,1,1,0
8,2,10,22.959025461513022,2,0,0
13,5,6,36.94102660639664,4,1,1
8,3,6,13.906255263427013,4,0,1
8,1,1,0.0,4,0,0
12,3,2,6.3918661419501035,3,1,1
11,4,9,17.93445409243126,2,0,0
12,3,8,6.630495619831233,4,0,1
12,2,0,11.527860232202913,4,0,0
8,4,7,12.049541546095288,5,0,1
15,3,6,20.6094930325347,2,1,1
5,0,5,5.540341494841973,3,0,0
12,2,0,9.162353046468333,2,1,0
5,1,8,29.07047189700894,0,1,0
12,3,1,10.180379087925921,2,0,0
7,1,9,22.25785529314349,3,0,0
10,1,4,15.139381005455157,2,0,0
10,1,8,14.76882250951536,5,0,0
10,0,7,22.381415664370124,5,0,0
11,0,9,0.0,3,0,0
7,2,3,19.433444078844854,1,0,0
8,3,7,20.527623360908272,1,0,1
9,1,8,23.48443603550969,4,1,1
11,3,10,11.245292608909732,4,0,1
8,3,4,15.005256308357241,2,1,1
9,1,0,0.0,6,0,0
12,3,10,8.301587030365312,3,0,1
6,1,5,16.75585300479033,2,0,0
6,2,3,29.706614734541446,2,1,0
12,3,5,33.457789132615744,3,1,1
10,1,0,11.57552101100503,1,0,0
11,6,3,23.74031592863276,6,0,1
9,5,4,13.527933018631822,4,0,1
14,2,5,0.0,2,0,0
5,1,4,21.050552797729225,7,0,0
11,1,1,33.312852463674474,4,0,0
5,1,2,11.185629797929227,3,1,0
5,0,4,5.927430964583211,2,0,0
10,2,10,15.67368851617863,2,0,0
11,1,6,13.772084366890603,4,1,0
12,1,3,41.10041869978511,4,0,0
8,3,10,25.058621207158716,5,1,1
11,1,5,16.29390097684222,0,0,0
9,4,8,0.0,3,1,1
10,2,9,13.56701509490679,3,0,0
12,1,6,33.52226629713971,3,0,0
9,0,2,15.800475104117618,2,0,0
12,2,10,23.218494602328846,0,0,0
12,0,4,18.91959329959318,1,1,0
13,2,8,10.13337940756104,1,0,0
7,1,4,31.91315723890615,3,1,1
9,0,2,16.88905919572647,3,0,0
8,1,7,7.931297215493265,2,0,0
6,1,6,15.21525044289525,3,0,0
8,2,4,29.275466659917704,2,0,0
9,2,4,0.2054837641582079,2,0,0
12,0,0,17.70266256648486,2,0,0
11,1,7,15.736347616527867,6,0,0
6,4,5,0.0,1,0,0
11,1,4,22.66767790955258,1,0,0
9,0,6,17.564517151751954,0,0,0
6,2,1,23.785280433803052,3,0,0
7,3,2,26.38078240123472,3,0,1
10,5,8,14.444399592373562,1,1,1
14,3,4,9.443962781743554,6,0,1
8,2,5,0.7547055375516543,4,1,0
10,4,7,8.55661536713102,3,0,1
9,0,2,15.109478752624808,3,0,0
6,0,0,5.3642318381837715,4,1,0
9,0,3,20.834519319014163,4,0,0
13,1,1,5.9657417700076145,5,0,0
13,0,8,0.0,1,0,0
10,4,3,9.220646672938308,2,0,0
13,2,8,16.842280155680942,6,0,0
6,4,6,2.405547628957203,6,0,1
19,4,6,6.117378561894466,0,0,0
12,0,0,8.698272326857499,1,0,0
9,1,1,10.011218506069007,4,0,0
12,1,6,17.978822127217285,4,0,0
5,3,4,21.3789888100945,4,0,1
8,1,6,10.255689455908323,3,1,0
9,3,2,4.610615680365209,3,0,1
9,2,7,16.367357115572176,0,0,0
9,2,3,20.177245995477566,5,1,1
9,1,7,31.137738879407873,2,0,0
11,0,5,26.461712407458464,3,0,0
13,1,8,2.411522116498732,3,1,0
13,1,5,13.590081897386215,3,1,0
13,1,3,19.561616624655215,1,1,0
10,7,2,6.498075753992072,4,1,1
7,2,3,11.492960847510155,0,0,0
11,3,10,21.739592631722367,3,0,1
4,4,6,17.49971402593425,1,0,0
13,2,7,15.017284228485353,3,1,0
7,1,1,8.464507843516156,1,0,0
4,0,8,0.5439667738915759,4,1,0
6,2,6,11.875649255244303,4,0,0
7,2,6,14.087733243909092,3,1,0
3,2,9,0.31572404981157476,5,1,0
10,6,3,15.479709111385556,0,0,0
9,1,6,18.920441416270407,2,1,0
6,4,1,8.080082470490142,3,1,1
4,2,10,19.034448674475616,7,0,0
11,0,9,17.75705890647069,4,0,0
14,4,2,11.954682512157246,2,0,0
18,2,1,10.840291163780236,2,0,0
5,2,4,11.67803635196592,5,0,0
7,3,0,6.437997397839309,2,0,0
11,1,1,18.446430031583617,3,0,0
8,0,10,6.54727993253897,3,0,0
6,0,5,7.189191458925971,3,0,0
6,4,5,19.972655275411142,9,0,1
7,3,7,12.579291204027404,5,0,1
17,1,8,15.616967879985594,4,0,0
9,0,8,0.0,2,0,0
4,0,6,9.766965108036082,1,0,0
12,1,9,31.80770131166838,3,0,0
9,0,0,0.0,5,0,0
9,2,3,32.496286587581835,0,0,0
8,1,6,17.61213778783425,3,0,0
11,3,1,9.67012966743619,4,0,0
8,3,8,12.95579063103465,5,0,1
7,0,0,27.3051345127412,3,0,0
12,3,8,0.0,2,0,0
4,2,6,29.154288282374374,3,1,1
8,2,9,17.65643979800027,3,1,0
7,2,5,25.122430499150695,1,0,0
7,5,6,0.0,2,0,0
8,4,1,12.72533915319599,2,0,0
9,2,9,0.0,4,1,0
14,5,1,26.975832303713922,2,1,1
12,1,2,5.172912142569903,3,1,0
9,1,5,5.0259576673521735,3,0,0
9,2,0,0.0,1,0,0
12,2,10,19.443694460517065,4,1,0
6,0,3,15.718904258356078,4,0,0
7,2,7,7.521297108431375,2,1,0
12,1,7,17.631032330728285,2,0,0
9,2,4,7.200677467735317,5,1,0
11,0,6,0.0,1,0,0
6,3,4,11.362019888822358,1,0,0
10,3,3,31.44718411663979,4,0,1
7,2,5,24.716663645045116,2,0,0
13,0,7,19.553714484617398,2,0,0
7,1,9,17.44024689611563,2,0,0
11,3,0,11.366691091146718,2,1,0
12,1,2,22.359767184009847,0,0,0
10,4,3,20.653237890158838,3,1,1
8,1,4,14.168864139324022,8,0,0
11,1,0,16.99080444976759,3,0,0
8,2,8,0.0,1,0,0
10,2,7,10.197027526978943,3,0,0
12,2,1,3.068934175317356,4,1,0
6,3,4,2.878209081361705,2,1,1
5,3,8,19.702734468679623,3,0,1
10,2,2,2.35390651410734,3,0,0
10,2,4,22.68089050270164,4,0,0
7,1,8,25.320004488167683,6,1,1
14,1,5,14.382956621337526,5,0,0
13,1,4,8.944838639314996,6,1,0
11,0,7,25.310231389791216,3,1,1
8,2,4,20.52369285173602,1,1,0
7,3,8,26.951796319108205,2,0,1
10,3,10,4.18491086804908,4,0,1
9,4,2,12.396513825855848,2,0,0
5,4,0,12.814351143130482,2,0,0
6,1,3,17.09424660090206,0,1,0
7,6,6,21.24886769541421,2,0,1
9,3,2,16.378313300917963,3,0,1
16,1,9,28.354026841055706,3,0,0
10,2,7,11.252548857047511,3,1,0
12,4,1,4.5098966607351105,1,0,0
12,2,8,8.343314880499147,0,1,0
14,2,2,7.099228156206934,3,0,0
7,1,10,10.440749524249263,3,0,0
10,0,5,12.308107105577648,2,0,0
7,1,6,12.732233821734571,1,1,0
13,1,4,17.31927497144195,1,0,0
9,5,9,10.389045652553529,5,0,1
16,1,4,25.48801011907539,4,0,0
9,2,0,0.0,3,0,0
12,1,3,0.0,3,0,0
11,4,0,25.013092712316265,6,0,1
10,2,8,24.227325764490136,6,0,0
9,1,8,27.39023550437549,4,1,1
12,1,4,21.367269809196806,2,0,0
9,1,4,15.025282918362063,0,0,0
7,4,4,12.415713879089836,4,0,1
15,3,6,0.0,8,0,1
14,0,5,16.47670609683949,1,0,0
17,0,1,0.6320061760193063,2,0,0
8,0,10,39.66114474870729,1,0,0
10,1,9,4.67951476753905,0,0,0
7,1,2,14.245669226046601,7,0,0
8,3,4,30.064108791500324,1,1,1
6,3,6,11.339715875768706,3,0,1
8,2,1,11.407190711129473,2,1,0
11,4,10,0.0,4,0,1
6,1,3,1.9022118590277408,5,0,0
8,2,0,20.61536970488119,2,1,0
17,0,6,31.72835142345993,2,1,0
14,1,10,6.088487957003027,4,0,0
12,1,1,16.96739883180806,2,0,0
12,2,7,42.084535221185064,1,0,0
14,2,9,20.668017425834755,1,0,0
10,3,10,24.76074805929292,2,0,1
9,2,0,7.339257523142972,4,1,0
14,1,1,30.52373367183563,4,0,0
7,2,7,8.076892212177576,1,0,0
10,2,4,6.319950099968363,2,0,0
10,2,4,29.79378409942896,1,0,0
12,2,10,8.63061634484248,6,0,0
9,1,6,14.9632506058475,3,0,0
12,0,3,31.261853889807224,1,0,0
9,0,8,5.858790489921477,1,0,0
12,2,2,12.631914338751576,0,1,0
8,3,7,8.897889453695447,3,1,1
16,2,2,11.712713840591533,3,0,0
13,2,7,15.392419490237335,1,1,0
6,5,0,28.40097816244559,2,1,1
9,2,9,31.42290933251728,0,1,0
8,2,9,16.55839749679543,1,1,0
9,2,6,7.734173159093266,5,0,0
10,3,0,21.780375962423157,2,0,0
7,2,1,15.052651987374935,3,0,0
12,2,10,15.378976890472872,1,1,0
9,4,10,4.681768359914091,6,0,1
13,2,0,0.0,3,0,0
13,1,9,14.81080023025736,3,1,0
9,3,2,4.305412435975873,4,0,1
7,1,8,9.69732635158488,3,1,0
10,2,0,29.826630850938106,6,0,0
9,1,2,14.298430412715414,3,0,0
8,2,1,26.070924490726384,1,0,0
7,1,4,17.96142992748377,3,0,0
7,3,6,20.838365855346236,3,0,1
12,2,5,9.499631358006535,2,0,0
6,2,9,26.52911466187623,2,0,0
9,2,4,18.108282652635243,3,0,0
10,1,2,12.355981400792945,1,0,0
9,3,6,18.102999296018655,2,0,0
12,2,8,7.847575122461708,2,0,0
7,2,1,12.063178849609297,1,1,0
7,2,5,14.44728566448309,3,0,0
9,0,4,9.743111013075396,0,0,0
8,2,8,30.58720109918989,1,1,0
12,3,7,10.848170864569395,2,1,1
13,2,8,35.8251981418874,1,1,0
14,4,6,15.672671511788025,7,1,1
12,2,4,12.656703987898803,5,0,0
8,2,3,9.955721069293068,1,0,0
7,4,7,19.224093060221115,2,0,0
4,1,1,23.941929324374684,3,1,0
10,2,0,0.0,5,0,0
9,1,2,15.048833314841321,4,0,0
10,2,6,0.0,6,0,0
4,3,0,24.818256871812025,3,0,1
8,2,4,24.996862343948507,0,1,0
6,2,4,15.40973771726905,2,0,0
6,2,2,17.08394367080508,4,0,0
15,2,10,0.7023444836100978,4,0,0
13,2,0,9.52713836525243,0,0,0
15,0,4,8.878199378023108,6,0,0
8,4,7,10.509950665122162,3,0,1
9,0,8,23.721741337044584,7,0,0
10,2,5,27.817046637016663,2,0,0
12,1,0,21.105742404026273,4,0,0
8,0,4,11.765934941501403,5,0,0
11,1,1,7.538366283331399,7,0,0
10,3,0,15.90524079610574,2,1,0
9,1,2,17.965222482159007,4,1,0
8,1,10,12.79017595648795,2,0,0
6,4,9,8.409339920020471,4,1,1
17,1,4,21.152554923398377,2,0,0
13,3,8,22.1352428887432,2,1,1
13,3,6,1.8806631102591194,4,0,1
11,3,5,11.162641423029651,2,0,0
11,3,8,22.77901692947178,4,0,1
4,1,5,24.88581213177767,3,0,0
8,1,10,15.645668114457322,3,0,0
9,0,3,18.653343155392232,2,0,0
11,1,6,17.525381426746744,3,0,0
9,1,1,24.543085960412565,6,0,0
7,1,1,3.9079017947936716,1,1,0
8,4,5,17.676054876641057,3,0,1
11,0,4,6.111414507024529,2,0,0
9,2,5,25.880809225346596,2,0,0
7,6,1,4.416530562281444,1,0,0
13,3,1,19.084889699654987,3,0,0
8,0,0,6.164992807507524,4,0,0
8,2,1,22.52424118337614,3,1,0
11,2,10,19.392889603298624,6,0,0
9,2,9,17.39663223795582,2,0,0
6,3,6,34.60935372668476,2,0,1
6,0,1,7.974719419676177,1,1,0
16,5,2,24.260707463709757,2,0,1
19,5,10,26.72012534862065,4,1,1
12,0,5,24.263575093978076,1,1,0
14,2,5,8.226511862848433,1,0,0
10,1,9,12.654021914346693,2,0,0
8,5,10,8.940362848290242,2,0,0
13,5,8,12.026998595227028,5,1,1
17,3,10,6.588299023701875,0,1,1
3,4,1,11.367570879608198,4,1,1
10,1,6,29.676270013957556,4,0,0
9,0,0,11.807622403713385,7,0,0
18,3,5,16.05836891991149,5,0,1
10,4,8,7.745684075511139,2,0,0
15,1,7,14.850075751944214,0,0,0
8,2,5,23.266708117804292,1,0,0
14,3,5,19.89449031601626,4,1,1
11,0,5,29.182930341051325,1,1,0
9,1,7,2.9019216552070777,4,0,0
9,1,1,7.436321829492871,1,0,0
9,1,10,10.87099216724307,1,1,0
9,3,8,30.24917838642037,4,1,1
7,4,9,17.987853116391285,0,0,0
10,2,7,0.8293919592168049,6,1,0
8,1,1,25.922366838799412,1,1,0
10,4,10,16.09592658815508,1,0,0
17,5,7,23.90320161649477,3,0,1
10,2,0,30.835510236380305,0,0,0
10,1,5,5.224009391934871,3,1,0
7,2,5,30.832333960401662,4,1,1
6,1,8,14.257990288900215,1,1,0
10,1,8,10.860801166320591,4,1,0
12,0,4,16.54663275178364,5,0,0
12,2,0,3.074993204136616,6,0,0
8,2,10,14.800716639384358,3,0,0
5,1,0,12.573080954612859,2,0,0
13,2,6,5.618487717227563,6,0,0
9,2,10,8.53608396821872,5,0,0
14,4,10,26.381203005859863,3,0,1
14,2,3,13.223221855188608,8,0,0
7,6,8,5.192693319189862,5,0,1
10,2,2,19.48159359776942,6,0,0
7,0,5,22.666542635504157,3,0,0
12,1,8,14.979985355575181,3,0,0
17,3,3,2.6587331505793053,5,0,1
16,0,4,0.0,5,1,0
7,0,4,5.991557113627055,0,1,0
12,2,4,25.54258393607595,3,0,0
8,1,1,24.628433958991284,2,1,0
11,2,10,7.039529544713514,2,0,0
6,3,1,12.640817691296318,2,0,0
13,2,0,21.978027833306488,3,1,0
7,0,0,13.615470427439273,4,0,0
11,2,3,24.363200617326395,3,0,0
10,2,2,14.027747427906826,5,0,0
8,1,3,19.81597654944425,4,0,0
7,0,10,11.772228965831939,5,0,0
7,1,5,7.160742056277457,4,1,0
9,1,10,26.656975107446048,3,0,0
9,0,0,0.0,3,0,0
10,1,7,9.003037872911257,3,0,0
10,4,7,14.05656916850861,7,0,0
12,4,6,23.58659599769826,4,0,1
10,2,10,6.2111542541730085,4,0,0
15,5,10,16.268440651857595,2,0,0
10,1,3,1.1348051010336526,4,1,0
10,3,7,19.403827220078625,2,0,0
11,3,8,33.237137593863416,3,1,1
10,3,4,0.0,2,0,0
4,1,5,7.726138718172967,4,0,0
14,0,9,23.369356604361332,1,1,0
7,3,7,44.43647693574264,4,0,1
13,2,4,20.880646009801147,6,0,0
11,2,3,7.70561943419607,6,0,0
2,2,7,13.51422422130126,6,0,0
14,3,2,2.731466096369706,3,0,1
3,0,5,23.051318603817975,3,0,0
14,2,8,25.4610501714267,4,0,0
9,2,5,29.062797102653604,2,0,0
9,3,8,11.699242721716878,3,0,1
11,2,7,6.924748396288958,1,0,0
8,3,8,29.949660104551903,3,0,1
9,0,9,28.80822593897886,3,0,0
11,2,8,5.121257327326868,1,1,0
8,3,7,11.244351015929904,3,0,1
10,3,8,22.895221788800804,1,1,1
13,1,6,12.47763871934801,4,0,0
15,2,6,15.316444153892643,4,1,0
10,1,10,0.3089600414895557,2,0,0
8,2,3,3.776779799081229,5,0,0
11,2,0,14.08564078095242,2,0,0
5,1,6,8.012236993093612,4,0,0
18,0,7,3.5198382675725455,4,1,0
11,1,8,11.858559883818044,4,0,0
11,3,0,6.224580106607595,3,1,1
11,2,8,15.280682764383432,3,1,0
9,3,6,24.924946555454426,0,1,1
11,0,6,11.98734204116655,3,1,0
8,3,2,10.739168712834825,3,0,1
12,2,0,25.736982406670172,3,1,0
7,2,6,22.335233648275544,2,1,0
10,0,9,22.980073049569924,1,0,0
11,0,7,0.0,1,1,0
8,1,5,10.516947538753758,2,1,0
7,2,6,9.282600771106683,3,0,0
7,3,8,6.744161190160856,0,0,0
9,2,7,25.535905838036527,3,1,1
9,0,4,9.565421346973103,5,0,0
14,2,10,1.096095921619387,1,1,0
9,1,3,17.46168095987866,5,0,0
12,3,10,14.923859800596944,2,0,0
16,1,3,5.775726661877712,1,0,0
8,4,3,25.178766927530738,6,1,1
7,3,1,20.308826964650514,2,0,0
12,2,9,20.27658047208756,2,0,0
9,1,9,19.83966404897112,1,0,0
11,0,6,25.895945663757725,5,0,0
13,6,7,13.445943460357622,3,0,1
14,5,6,2.584436516644427,3,0,1
17,1,10,12.927797846103328,5,1,0
8,2,9,0.0,1,0,0
9,3,7,4.3794295262311085,1,0,0
9,3,10,31.190757808103072,3,1,1
7,8,10,3.994156572367004,5,0,1
8,2,8,3.2605055869027506,4,0,0
6,3,7,21.696222271874156,0,0,1
9,2,4,23.632117280574747,6,0,0
6,1,3,0.0,2,1,0
12,2,4,17.487838558222904,3,0,0
12,1,10,9.516069970395229,3,0,0
10,0,0,18.30577130038767,4,1,0
12,2,4,11.973268060105111,2,0,0
12,4,5,1.3439730177916616,3,0,1
10,1,8,10.186426059560027,3,0,0
12,1,8,21.2578764133481,2,0,0
14,1,9,34.43704824687018,5,1,1
4,6,2,18.89849483388168,3,1,1
9,1,10,11.090740946991435,7,0,0
7,1,7,3.2035248497229567,6,0,0
10,1,7,13.41548200421518,4,1,0
8,3,8,11.215567407708086,2,1,1
14,3,0,18.05779072213538,0,1,0
7,5,4,14.403749155800437,2,0,0
8,2,4,19.79579708787955,3,0,0
10,1,6,11.402946325261878,2,1,0
6,2,10,32.09117097561347,0,0,0
16,5,7,20.83821882701478,0,1,1
10,5,10,7.933055586795023,1,0,0
5,3,6,25.011106838643748,0,1,1
8,2,5,3.43989466147738,3,0,0
2,6,3,6.453194768798982,4,0,1
13,3,8,6.990133546953739,2,0,0
10,1,1,28.283793275385527,4,1,0
9,3,5,13.212481812269207,2,0,0
13,1,9,8.713138939423096,6,1,0
9,3,5,16.64103861031502,7,0,1
10,1,10,20.4206809668366,3,1,1
8,4,3,30.89181392175157,7,0,1
10,1,2,0.030082267237400373,3,0,0
6,0,10,27.633127861235334,2,0,0
8,3,2,0.0,1,1,1
5,1,1,24.062862263735937,4,0,0
9,0,2,26.63281932005404,2,1,0
7,3,3,27.150696452682176,5,0,1
5,1,9,20.688380174644642,3,0,0
8,1,3,4.348971722483125,3,0,0
15,2,9,22.470794776549866,6,0,0
5,2,6,4.324939046945689,5,1,0
18,3,3,5.613022212954256,1,1,1
9,1,8,10.437347307533198,2,1,0
8,1,7,11.33848962042494,1,0,0
10,3,0,17.4070322503222,3,1,1
14,3,9,8.045994908775551,3,1,1
11,1,0,18.296955453164095,2,0,0
10,2,5,1.2768127431599456,2,1,0
11,2,3,15.388135226360095,6,0,0
13,0,9,12.275427417610182,7,0,0
9,1,5,25.138291255499905,2,1,0
9,2,8,26.144716658908237,3,1,1
10,2,9,13.300411555086907,5,0,0
11,1,4,0.0,2,0,0
13,3,7,0.2572801900256749,1,0,0
7,4,1,26.23744180433104,4,1,1
7,0,7,13.566433063577584,5,1,0
11,3,7,32.49154662717868,5,0,1
6,2,1,23.96692950608478,4,0,0
14,2,6,17.551712270905586,1,1,0
12,4,7,16.285497620078605,3,1,1
5,0,6,3.511095341802008,3,1,0
9,3,5,8.686860469117587,4,0,1
18,1,2,19.16276789130983,1,1,0
8,1,10,11.549142406082385,1,0,0
12,2,10,19.682804260245675,2,0,0
12,2,2,25.292383746134686,5,0,0
3,1,7,13.203435884579322,1,1,0
8,0,3,10.68456126635474,3,1,0
10,3,9,6.036923541017751,8,1,1
7,5,7,23.348859766738624,4,0,1
9,0,9,22.53500286521925,3,0,0
12,1,5,36.870790830925365,2,1,0
11,0,2,16.768595912752108,2,1,0
12,1,9,14.03361750659051,2,0,0
11,3,1,19.673257161127033,3,0,0
7,0,0,12.12044972321217,6,1,0
10,1,3,6.146843382714774,1,0,0
4,3,7,15.887803922157664,2,1,1
8,1,3,19.57811640591724,5,0,0
10,1,7,20.240923213961356,1,0,0
8,3,7,19.44066526774419,3,0,1
7,1,10,25.638889417910768,4,0,0
12,2,0,20.205197966586848,3,0,0
9,3,5,17.70600573264487,2,0,0
13,3,10,2.344139593352061,3,0,1
4,2,9,17.45878675890731,4,0,0
8,4,7,13.291493622601726,3,0,1
14,1,7,3.7838568401435086,2,0,0
12,0,0,20.008699932979646,0,0,0
4,3,7,20.181971766885034,4,0,1
8,2,8,19.254036467314855,0,0,0
13,4,10,20.555949527594322,2,0,1
13,1,5,16.239136487998177,3,0,0
9,1,6,12.532722316513272,4,0,0
7,2,5,32.70042776606843,5,0,0
11,1,4,16.482353562898197,2,0,0
10,3,0,0.0,1,0,0
11,2,1,0.0,0,0,0
10,4,9,27.049437284139632,5,0,1
7,1,1,0.0,1,0,0
8,1,10,9.556637938637895,3,0,0
10,3,8,2.8419565323908085,4,0,1
7,3,5,11.974273932130846,2,0,0
14,0,2,18.861099581723124,0,0,0
14,2,2,8.35343365818992,3,0,0
11,3,9,6.843919491958024,1,0,0
10,2,9,22.292810161188186,3,0,0
11,0,1,41.31879947978774,2,1,0
9,2,6,20.404251538550024,4,1,1
10,2,0,5.85976704681309,3,1,0
6,4,0,23.711381850617794,7,0,1
10,1,9,32.4413839333054,3,0,0
5,2,2,25.633429853010398,3,0,0
11,1,0,0.0,8,0,0
5,6,10,20.284482531356787,2,0,1
7,0,2,10.409614536891183,4,0,0
7,2,8,15.5251602034959,6,0,0
16,3,6,11.258513863513441,6,1,1
8,1,8,22.427490308607595,6,0,0
8,3,6,11.470511060797474,2,0,0
16,1,10,29.17832092735451,5,0,0
12,1,8,14.970295502854624,6,0,0
21,2,10,12.765216771982944,5,0,0
13,1,2,20.717742431334827,3,1,1
11,3,6,18.572099017546453,3,0,1
15,2,5,21.004177162015015,5,0,0
13,2,1,13.667632915764422,3,1,0
10,0,5,28.344961142186186,1,0,0
9,2,2,24.90264036928017,3,0,0
16,4,1,14.877250997211373,1,0,0
8,2,4,23.226771572290122,2,0,0
9,2,4,12.369949442359225,2,1,0
9,2,10,20.702672658956548,2,0,0
12,3,1,23.253175771900032,3,0,1
8,4,2,17.49716495673972,2,1,1
6,4,7,6.798695424321135,2,0,0
9,1,4,3.0656341234067863,3,0,0
13,2,7,17.93493960688576,0,0,0
9,6,9,7.7613304142680875,1,1,1
14,6,3,25.543248076737623,5,1,1
10,2,3,0.0,6,0,0
13,4,5,28.172397286111135,3,1,1
9,2,9,15.50966004178556,1,1,0
10,0,10,6.457226387917014,2,1,0
13,0,4,10.486563793084775,2,0,0
7,5,4,12.964239924108742,8,0,1
7,1,8,19.83026080536154,1,0,0
11,2,5,2.7474978650404385,4,0,0
11,0,2,5.409070936223069,2,0,0
8,1,10,11.757398615861687,1,0,0
11,2,3,14.69272244157917,4,1,0
11,0,8,22.164944878925752,5,1,1
12,4,5,17.692330649950115,2,0,0
7,1,10,11.10516539023634,3,0,0
6,2,7,17.364503134976363,6,0,0
18,1,10,16.65483961858362,4,0,0
7,2,6,12.48269470509151,3,0,0
13,2,0,16.16262365763367,3,1,0
11,3,0,0.0,4,1,1
14,1,9,24.334848801515314,2,1,0
11,2,6,20.479501910965922,5,1,1
18,0,1,29.97982175869968,5,0,0
11,1,8,6.890503187656634,5,1,0
12,0,9,20.71499967500953,4,0,0
7,4,8,0.0,10,0,1
15,2,1,0.0,3,0,0
6,1,8,12.630520990709005,4,0,0
6,5,8,9.213333163733301,3,0,1
7,1,9,25.473397765652052,3,0,0
12,3,5,26.783439937527916,7,1,1
13,2,4,27.83631793503312,2,0,0
9,1,9,20.978910991187497,3,0,0
8,1,1,21.410094770282846,2,1,0
11,3,5,2.1830164968395938,2,0,0
15,2,10,28.997018978687407,3,1,1
15,0,8,27.518921361203788,4,0,0
12,1,2,1.2005948115164315,2,1,0
7,0,2,19.68047084708487,3,1,0
5,2,10,9.532860911744487,4,0,0
5,2,3,33.49615239128895,2,0,0
13,2,9,5.249876886030373,2,0,0
6,3,10,15.925914865271261,5,0,1
7,4,3,16.85969124472739,3,0,1
13,2,0,14.466450067804823,4,0,0
11,2,1,36.48355755732958,4,1,0
12,3,5,31.910531332380373,3,0,1
11,3,4,0.0,1,0,0
15,1,9,19.871240850662588,4,1,0
6,0,3,14.886499867039086,2,1,0
15,2,9,23.342919821936878,2,0,0
11,3,8,17.128960275818457,1,0,0
9,1,1,6.873926231808438,1,0,0
16,2,7,4.625055930185303,0,0,0
14,5,10,10.980934037952409,3,0,1
7,5,3,13.794616785396313,4,1,1
8,3,8,16.93907721447002,3,1,1
11,4,3,9.2944375623442,4,0,1
7,3,1,32.05973794045675,2,0,0
11,4,5,20.35254518275628,2,1,1
13,4,8,23.739572792667403,3,0,1
11,7,6,13.612695769388859,2,0,0
11,1,0,4.624733425293497,4,1,0
8,2,8,23.833408069575494,1,0,0
8,3,5,5.065355879032538,1,0,0
10,0,8,0.0,4,0,0
18,3,1,20.65623021409492,1,1,1
8,2,10,7.443868432981317,6,0,0
8,2,6,11.657384983532774,3,1,0
9,1,7,21.93989062218003,2,0,0
11,0,7,5.696209835287199,1,0,0
13,2,4,0.0,2,0,0
4,2,6,27.194236421819046,2,0,0
6,2,6,14.416914405351342,1,1,0
16,2,2,27.573445427732835,2,1,0
14,2,10,21.26132901246116,3,0,0
12,4,10,21.556469602840004,5,0,1
6,2,1,16.634350114854897,0,0,0
11,3,4,16.626066697880134,2,0,0
9,2,3,26.345107672105115,1,1,0
13,3,7,23.14471978487392,5,1,1
13,1,4,9.109770606544414,4,0,0
14,5,8,19.930008307672704,5,0,0
11,2,6,8.806565773062617,4,1,0
9,1,10,11.873939511328157,3,1,0
5,5,0,20.683828776407825,2,0,0
14,3,1,8.65562031847022,4,0,0
7,2,7,16.476129205258573,7,0,0
8,2,9,18.801025112238023,4,0,0
9,2,7,11.606656793794421,4,1,0
6,2,1,22.19683817395888,3,1,0
9,3,6,10.60534285365119,3,1,1
12,1,7,24.426305489867072,2,0,0
12,1,3,16.306959439123688,5,0,0
13,2,2,16.72845869904674,2,1,0
7,2,9,6.01245121512013,9,0,0
11,0,8,12.653761942732288,7,1,0
9,3,1,16.948564152511086,7,1,1
14,0,2,25.24420807164978,5,1,1
9,0,7,11.783156628701533,5,0,0
7,2,1,25.207089483240924,5,1,0
10,3,4,7.443784148931227,1,1,1
13,0,9,18.34162967401705,3,1,0
12,1,7,9.932240216751318,3,0,0
10,3,6,30.441691911469874,2,1,1
10,1,3,28.63675109773257,2,1,0
15,3,9,17.857067558437265,3,0,1
17,1,8,9.649278961827731,4,0,0
11,1,1,0.0,3,0,0
6,2,6,18.78290914649329,1,0,0
5,3,6,17.075374915352647,5,0,1
9,0,6,23.5815981215132,2,1,0
7,1,6,0.3363755108202149,2,0,0
9,3,4,16.415192720691394,4,1,1
12,1,0,19.289857704924373,2,0,0
10,5,3,5.980294479361758,3,1,1
8,1,4,16.16525543031984,1,1,0
6,1,9,7.730510130924805,1,0,0
7,5,3,6.746463639221053,1,1,1
4,2,6,9.693948157758877,3,0,0
9,1,1,12.339016501646153,3,0,0
12,2,1,27.387348772505632,3,0,0
7,1,10,11.78228644958988,2,0,0
9,1,1,6.54148685905319,5,1,0
18,3,9,23.128903294492634,2,0,1
8,3,2,25.276887380577858,6,0,1
6,3,4,23.194478915998445,5,1,1
13,1,9,28.69267305475437,5,0,0
8,2,8,16.92259641290402,2,1,0
9,3,2,16.55606147591922,1,0,0
10,2,5,7.961251585788274,3,0,0
15,0,5,28.990186615558347,4,1,1
13,1,10,14.078360170785555,5,0,0
3,1,5,11.96427077758685,2,1,0
10,1,4,11.069919548199751,0,0,0
11,3,1,21.365735753401008,0,0,0
18,1,0,15.835449665353803,2,1,0
6,0,4,16.895017428930554,4,0,0
10,3,7,11.754650719249756,3,1,1
10,2,9,13.016995985904511,3,0,0
10,3,4,13.519343837301177,2,1,1
11,2,2,29.215705120079875,3,0,0
14,2,2,0.0,4,1,0
10,2,1,19.481913122318485,1,1,0
11,5,6,25.881623451755576,4,0,1
9,0,1,0.0,1,1,0
6,2,5,14.285214197417549,4,0,0
10,2,7,24.821107859826178,2,1,0
9,2,7,7.470312675673157,7,0,0
14,2,1,17.685409907371888,5,0,0
5,0,5,5.680221696824818,4,1,0
14,3,2,15.330852161133446,3,0,1
12,1,8,27.775889773935383,7,0,0
11,0,2,31.95611216631911,4,0,0
13,3,0,17.55236684736787,1,1,0
11,1,8,2.210346522119469,3,0,0
6,1,7,11.895287129966494,2,0,0
11,4,1,0.0,1,1,0
9,1,9,12.060136786175391,4,1,0
12,4,9,24.6469837253932,3,1,1
5,2,2,1.3711737672487878,7,0,0
10,2,6,12.929261571875408,4,0,0
14,1,5,6.838121683832474,2,0,0
10,2,7,32.93689186926937,2,0,0
9,0,9,18.98686489854476,1,0,0
10,1,4,23.503738461456805,3,0,0
7,7,4,17.925956259441197,5,0,1
10,4,1,22.609838385960295,1,1,1
5,2,5,25.806408688661577,2,0,0
17,0,10,15.383024575596576,3,0,0
6,4,10,9.688137643952413,2,0,0
8,2,4,5.647568853782049,2,0,0
8,2,8,32.587317808639305,5,0,0
10,1,2,23.206786520216443,0,0,0
9,3,4,0.0,1,1,1
7,3,2,12.553762395464574,0,0,0
13,1,8,19.16083604834217,0,1,0
12,2,8,31.72256155014476,2,0,0
9,1,9,3.9732434950402524,2,0,0
8,0,6,19.263507397567928,4,0,0
7,4,0,11.002699141502001,5,0,0
7,1,8,3.03068696819661,1,0,0
8,4,8,28.45429855199683,3,1,1
6,3,9,5.3582970942456445,1,0,0
10,1,4,24.707838844686023,0,1,0
16,3,10,0.0,4,0,1
8,1,1,10.099866153657773,5,1,0
8,0,0,20.72033894079476,6,1,0
3,2,1,22.167772939802788,4,1,0
10,0,3,19.36881954215606,3,0,0
6,3,3,24.854187797952548,1,1,1
9,2,0,12.113986534560341,3,1,0
10,2,7,28.92387477731943,4,1,1
11,2,9,18.566171228019527,4,1,0
10,4,7,22.348066869560107,1,0,1
13,0,7,18.635921830049384,3,0,0
10,0,4,19.91436043509161,1,0,0
11,2,9,4.988542701026278,2,0,0
3,3,1,5.583467335308086,0,0,0
7,3,3,9.588173025344688,5,0,1
12,1,0,20.143166806835875,5,0,0
6,1,9,9.113866262450772,3,0,0
6,0,0,12.039241321109659,5,1,0
7,2,9,14.27358844024902,1,0,0
7,2,2,29.178712889635698,4,1,1
3,4,3,21.027854507148103,7,0,1
10,3,10,0.38694324639592637,2,1,1
11,0,10,16.59689522202347,2,0,0
7,2,2,11.965777591595842,4,1,0
11,2,10,12.71673311638117,2,1,0
13,1,2,15.00644486542064,5,1,0
6,5,7,26.25841517757893,4,0,1
12,0,3,6.8649464733944825,2,1,0
12,0,2,17.038833664144292,3,1,0
7,3,8,17.90635618960042,5,0,1
12,2,0,12.786247670393404,2,1,0
15,3,7,8.616774060141335,5,0,1
7,3,4,7.446631504902708,3,0,1
9,1,7,10.793608402805608,2,0,0
10,4,9,22.376249175335946,3,1,1
9,4,2,11.416623277155377,2,0,0
6,0,5,14.008610773601054,1,0,0
9,3,10,3.4302901822372363,2,0,0
13,5,6,10.256512415180456,3,0,1
7,2,7,17.293559683588146,4,0,0
5,0,6,0.0,2,1,0
13,1,6,25.44892934419987,0,0,0
10,1,1,9.071387115281041,2,0,0
9,3,2,32.629875603233955,2,1,1
11,1,5,19.199846085148668,2,0,0
15,0,2,0.0,4,0,0
10,2,8,17.775278526978415,0,0,0
13,2,8,11.819759862529244,6,0,0
12,0,5,17.899837583835353,5,0,0
10,2,0,31.167357756595898,3,0,0
8,3,0,22.049721939951183,3,0,1
9,0,3,12.74274215829361,1,0,0
11,1,10,1.03124060973731,4,0,0
14,2,9,23.72777970828122,2,1,0
6,1,7,20.097333240450254,2,1,0
14,0,2,26.579021180919288,1,1,0
8,1,3,13.571367718584558,2,1,0
4,1,10,17.9510906685342,7,0,0
11,2,5,12.537362969658425,3,0,0
7,1,10,15.868480847747573,1,1,0
14,5,8,0.0,0,0,0
13,3,3,18.182690899049682,1,1,1
7,1,2,18.82395011334218,3,0,0
14,2,9,9.961479270329102,4,1,0
6,3,9,21.06656218603098,4,0,1
17,2,8,23.72561816684449,2,0,0
8,3,6,29.00164687536534,0,1,1
12,3,8,4.799481446416296,3,0,1
13,3,10,21.693848092591843,4,0,1
10,2,9,28.378996749050373,0,0,0
9,1,5,11.492048419823325,1,0,0
9,2,3,28.949191353710248,2,1,0
10,0,4,7.7409297299099356,2,0,0
9,2,9,15.69708742104523,0,1,0
12,2,1,0.0,4,0,0
8,1,2,0.0,2,0,0
12,2,4,0.0,3,0,0
11,2,2,29.187335795677416,6,1,1
11,2,2,7.2441098856297925,1,1,0
10,4,8,7.269490493580416,2,0,0
5,2,3,19.082495447477033,1,0,0
17,3,3,7.564458583456397,1,0,0
10,1,0,27.049902582143023,5,0,0
10,3,6,33.6364484970699,7,0,1
7,1,9,0.0,0,1,0
6,2,8,20.20261651904621,2,0,0
10,0,7,0.0,2,1,0
7,2,1,1.398711740440227,1,0,0
11,2,5,19.776479818904917,4,0,0
9,0,9,5.563023306879231,2,1,0
11,2,9,17.609202567109435,2,0,0
10,0,4,15.310604723591373,6,0,0
4,2,7,0.0,3,0,0
7,5,0,21.57412873167329,4,0,1
10,1,8,17.989976582278725,3,0,0
9,2,8,15.388266877689531,1,0,0
10,3,10,8.51950478115915,3,0,1
12,2,6,18.89669936845351,4,0,0
7,1,7,2.06105178195803,2,0,0
11,1,8,4.919725964506075,6,0,0
10,1,4,18.20927739005368,5,0,0
10,0,10,25.301521642169014,6,0,0
8,3,1,10.2286961803422,1,1,0
5,0,0,19.57010904361103,4,1,0
12,1,4,17.049581821672668,1,0,0
10,0,7,19.143045784544057,1,0,0
9,2,9,8.082166294834627,6,0,0
8,2,3,13.50752844827655,3,0,0
3,1,3,14.617653540822866,8,0,0
14,2,3,29.98387532351159,5,0,0
7,1,7,3.955038713363919,3,1,0
9,4,6,0.9620981499715633,8,0,1
13,1,10,44.99389572375037,5,0,0
4,1,0,18.089697466873798,2,0,0
9,3,9,20.48506637665676,1,0,1
8,3,5,21.42167453307036,3,1,1
14,4,3,22.718852223230602,3,1,1
13,2,1,23.989989872368334,2,0,0
10,1,2,22.76457227037776,1,0,0
6,2,3,26.2702023858672,2,0,0
8,4,9,16.673912716412577,3,0,1
12,0,6,25.722247312981583,3,0,0
11,1,0,33.9198647230296,3,0,0
19,1,0,16.95915772720408,6,0,0
4,2,2,19.807855095085433,4,1,0
9,2,1,9.201895840179036,2,0,0
15,4,2,13.351729744238245,3,1,1
11,2,2,18.528529395795612,5,1,0
8,1,10,11.10766059127443,2,0,0
17,1,0,15.924787084410559,3,0,0
13,2,5,18.41327982846318,3,0,0
10,1,7,30.206227485396553,4,0,0
11,5,4,6.362075007500657,2,0,0
10,2,0,19.201630524330238,2,0,0
10,2,10,8.958354327655123,2,0,0
11,1,9,22.660363141508395,7,0,0
11,3,10,23.454994359756412,4,0,1
7,1,6,31.774612721436792,3,0,0
17,2,10,10.743119307725909,5,0,0
9,0,9,16.45559384639029,5,0,0
11,0,8,23.04060070989182,4,0,0
9,4,6,21.58636970264524,1,0,1
19,0,8,0.0,4,0,0
9,0,9,8.12553327510902,3,0,0
7,1,8,20.70116422488869,2,0,0
7,2,1,12.90204145762559,7,0,0
10,3,7,23.114511513486978,8,1,1
5,1,6,25.420740860519977,2,0,0
10,2,6,12.865095346215929,1,1,0
7,4,1,21.00823210325953,7,1,1
13,2,0,29.561419042844683,4,0,0
9,1,3,25.185034301847104,3,0,0
10,1,6,7.293528741978879,4,0,0
16,1,5,13.148665467891156,3,0,0
4,2,9,15.274806530520959,5,0,0
10,2,1,5.647740198302753,2,0,0
7,1,6,25.699944146699465,1,0,0
19,0,9,8.55044452750144,2,0,0
10,2,10,13.985757166023792,3,0,0
11,2,8,25.718405085358164,5,1,1
6,2,1,10.490068135192686,4,0,0
8,2,9,11.633918216659305,1,1,0
11,2,10,18.380502147783393,0,0,0
9,1,4,10.910861668820381,4,0,0
7,1,10,30.326109495925355,4,1,1
7,3,1,5.845551218361326,3,0,0
6,1,0,0.0,1,0,0
12,2,10,23.429965420314616,1,0,0
9,2,6,11.424313281665775,5,1,0
11,2,1,6.923693252320751,4,1,0
15,5,5,18.83914015656866,5,1,1
9,0,6,19.193911406487867,3,0,0
12,2,0,7.381166714266893,4,0,0
12,4,10,26.86889319151419,5,1,1
10,1,8,23.618770130974323,3,0,0
7,2,5,34.745732859958245,4,0,0
9,1,1,10.413659427371348,0,1,0
9,1,0,16.562686776924203,1,0,0
12,1,0,17.33331765220592,1,1,0
5,0,1,11.73052698790697,8,0,0
15,0,8,19.032189172410437,2,0,0
10,2,1,19.78424375397197,3,0,0
9,0,0,19.788797428436443,4,0,0
10,2,3,11.735069142368848,3,0,0
6,1,8,12.906779996553684,6,0,0
16,0,7,9.329049542711294,1,1,0
7,6,6,7.491778280470766,3,0,1
7,0,7,14.360509343236174,3,1,0
10,2,1,30.16532101164189,3,1,0
5,2,4,35.39049225933212,3,0,0
10,2,6,28.138582287632445,3,0,0
13,1,0,10.361216937157007,3,0,0
13,2,5,19.07671755521197,3,0,0
10,1,6,0.0,5,0,0
9,2,7,13.449962516840323,3,1,0
12,2,4,11.11446256468815,2,0,0
11,3,7,33.74337155238003,1,0,1
15,1,9,17.604092890601525,3,0,0
5,2,10,15.50721605646137,2,1,0
10,1,0,14.315659190353264,2,1,0
8,2,3,12.09137430947909,2,0,0
8,3,10,20.31557198667627,3,1,1
7,3,5,8.375977307332992,0,0,0
7,0,3,20.49868129488616,5,0,0
6,5,4,29.317566935737915,1,0,1
11,4,10,16.12640616868184,4,0,1
8,0,10,11.856687823382927,6,1,0
8,2,1,14.246797009278229,1,1,0
6,3,6,27.006854606277365,1,0,1
8,1,8,16.392174761054928,1,1,0
7,5,6,8.906659418360803,5,0,1
6,3,0,23.086535638794032,3,0,1
11,1,1,7.893084281090426,3,0,0
10,1,10,12.665724206066244,1,1,0
11,2,7,17.291628891182178,1,0,0
14,4,0,6.929697065495024,5,0,0
12,2,1,0.0,4,0,0
9,1,4,19.494432858954,5,0,0
10,2,5,0.0,5,0,0
13,3,0,5.734381245290331,7,1,1
11,1,0,22.78186039278166,6,0,0
12,2,1,19.1919927442617,3,0,0
13,5,2,13.420695270102435,4,0,1
11,0,8,6.045054113920116,2,0,0
9,2,2,10.689842437630231,2,0,0
10,0,7,20.764865767378822,4,0,0
16,0,5,13.676335818628386,3,1,0
5,0,9,2.6484135372071034,2,1,0
14,2,4,6.200732397040731,3,0,0
5,1,8,10.653777253489581,4,0,0
7,3,7,18.669814534979537,4,0,1
13,2,10,16.04561452109458,3,0,0
13,2,2,2.5354623867553236,2,1,0
11,2,6,28.47056325080313,3,0,0
8,5,3,7.570990716033455,1,0,0
10,4,7,19.41046507579932,4,1,1
16,4,6,5.526365160265476,2,0,0
6,1,2,39.819316431777395,3,1,1
16,0,6,28.250170623899525,3,0,0
6,2,5,7.2558648447762195,2,1,0
12,7,5,15.884605950269327,4,1,1
8,1,10,4.707726518429926,2,0,0
8,1,9,11.440137574974402,1,1,0
14,2,2,19.22946255267179,4,0,0
8,1,3,23.450473214046465,2,0,0
6,1,3,2.6161341467464148,5,0,0
20,0,5,7.514424449465141,5,1,0
14,1,8,24.41765368086791,2,0,0
11,0,4,28.239129336376745,5,0,0
9,2,7,7.26872915103735,4,0,0
12,6,4,24.568552020485985,1,0,1
9,1,5,2.6440751316525777,3,0,0
10,7,5,12.024989448225512,4,0,1
16,1,3,3.5559197804282228,5,0,0
14,2,9,10.942640873484496,3,0,0
13,1,9,34.092722873518746,4,0,0
9,4,4,14.450990563095933,6,0,1
10,3,3,12.180685329500262,1,0,0
18,2,1,9.352255964019047,2,0,0
5,1,1,12.001819213928243,2,0,0
3,3,7,6.91492206392698,3,0,1
7,3,3,16.368036742293544,2,0,0
9,2,8,14.67406017958632,8,0,0
12,2,5,10.425923053655355,2,1,0
8,3,4,9.547311236828339,3,0,1
13,4,6,16.828361590454364,2,0,0
10,3,5,7.706747667847228,6,0,1
10,3,3,12.598647401592528,5,0,1
7,4,9,10.487814019064551,7,0,1
7,3,8,0.0,2,0,0
12,2,5,23.600916985626313,2,0,0
16,2,2,0.0,1,0,0
15,3,3,0.0,2,0,0
9,2,3,23.953369224215272,7,0,0
15,1,7,3.9153535036841234,1,0,0
6,2,4,0.0,4,0,0
15,1,7,28.373755472474443,3,0,0
9,0,10,8.619807413181231,2,0,0
11,1,7,27.147325173243374,2,0,0
11,1,5,5.847289938105863,2,0,0
15,2,4,0.0,1,0,0
18,5,1,11.783560340518955,3,1,1
10,1,0,2.9199506825163564,4,1,0
9,2,6,19.04253691193979,2,0,0
10,1,9,21.761561796919985,2,1,0
11,4,9,24.2970718335958,4,0,1
14,0,10,11.8838123753977,2,0,0
7,1,6,28.803370555887973,3,0,0
13,3,1,5.723209676325165,5,1,1
13,1,2,16.34101690609656,3,0,0
8,1,10,13.616415208512185,2,0,0
16,2,7,34.72626102194499,1,1,0
7,0,3,27.07796582145901,2,0,0
6,1,4,15.321563172107368,5,0,0
10,3,6,16.98445411272256,1,0,0
16,3,7,30.355775067363773,3,1,1
10,3,0,7.484129271089185,8,1,1
13,1,6,0.0,2,0,0
8,3,2,5.323481670886817,6,0,1
7,0,4,10.855021461126386,4,1,0
8,3,0,28.60761009191927,3,1,1
7,3,10,25.35774012142254,6,1,1
14,1,2,14.561396894941963,2,0,0
7,1,4,19.665802877240708,6,1,0
8,4,0,7.910962460268042,3,0,0
9,0,1,35.88529918330076,1,0,0
11,4,2,27.130835022352937,1,0,1
16,1,7,15.53550559183377,5,0,0
7,3,4,14.26394678153328,1,0,0
11,1,4,22.015071835050385,3,0,0
9,2,2,14.42825443912361,2,1,0
12,1,8,0.0,3,0,0
8,1,8,30.332634124018966,4,1,1
9,2,1,26.68638766695731,2,1,0
17,2,7,18.720041332960665,3,0,0
8,1,0,10.803944205189486,3,0,0
10,1,4,15.098171423742352,7,1,0
12,4,6,0.0,1,1,1
11,1,7,3.9260983718014586,4,0,0
6,2,7,32.6709832118064,2,1,0
14,2,5,20.172696012898548,5,0,0
13,0,6,0.0,2,0,0
9,2,3,6.722789513865807,3,0,0
13,0,9,0.0,0,0,0
10,1,6,7.195413167816154,2,0,0
10,2,6,13.34836478111298,4,0,0
17,3,8,31.016048466031805,3,0,1
8,0,10,22.851100587616028,3,1,1
14,1,1,11.978540240160024,4,1,0
12,2,10,12.469778478931508,1,0,0
7,0,7,6.994668133969489,1,1,0
4,3,8,25.903197268407254,3,1,1
10,1,2,27.095424075104205,2,0,0
13,3,7,1.6173057441530112,4,0,1
7,4,0,0.0,3,1,1
14,3,9,11.814835335111047,2,1,1
9,1,4,13.040878697718359,1,0,0
6,3,0,17.586653913604348,1,1,0
17,1,0,0.0,3,0,0
7,1,5,7.84382520921374,5,0,0
16,1,4,14.1759719658009,2,0,0
8,3,4,7.211989030127737,5,1,1
2,0,1,23.578609401937886,3,0,0
8,2,9,33.68532745287793,2,0,0
10,0,8,9.613596052444294,1,0,0
7,3,4,23.891989989248287,2,0,1
8,5,2,11.428265118919049,3,0,1
10,2,10,5.698284694825006,6,0,0
7,1,6,7.8775909125948544,4,0,0
9,3,5,22.686287772914202,5,0,1
10,2,10,8.583760843594781,4,0,0
11,2,5,10.539430130550167,4,0,0
9,2,4,3.5616784622943847,1,0,0
12,3,3,21.33929109402459,2,1,1
11,4,5,19.581600212718644,3,0,1
9,1,6,29.55027607651572,7,0,0
8,1,7,20.96301098192911,4,0,0
10,3,1,19.129086697629614,3,0,0
13,0,3,20.832804636097016,0,1,0
11,3,10,12.440641122216798,1,0,0
16,1,6,16.101157020552936,4,0,0
12,0,2,24.31191674499799,2,0,0
7,1,4,6.7978377047350875,0,1,0
14,0,9,32.01681514453733,7,0,0
16,0,6,21.379838728311036,4,0,0
10,2,8,35.211628780826814,2,0,0
13,2,5,3.2454468320630134,1,1,0
16,1,1,3.2442079813609297,0,0,0
6,0,8,18.720122151005942,3,0,0
6,4,5,16.23561473237167,1,1,1
9,1,9,10.42941315475282,2,0,0
11,3,1,2.306374315609858,6,0,0
10,1,0,12.3224946472656,1,0,0
11,0,3,17.17125440003955,5,1,0
10,0,1,1.9150411296369025,2,0,0
8,1,6,10.896208797958444,3,1,0
9,2,10,18.824352876342246,3,1,0
11,1,6,22.87697091284126,4,0,0
11,2,2,12.137648174900853,0,0,0
8,2,10,6.989484331198625,1,0,0
12,2,9,16.152168672030122,2,0,0
9,1,0,12.932347474186537,1,0,0
14,3,1,0.34949779691250527,2,0,0
8,1,7,10.494904958373247,2,0,0
14,2,3,9.102183116488142,0,0,0
9,0,2,15.227829625339806,2,0,0
13,5,9,7.6628350978081325,0,1,1
12,3,6,9.515575734977151,3,1,1
15,6,9,13.178231230856342,4,0,1
10,1,3,21.38389300501682,3,0,0
9,1,1,15.928106568159839,4,0,0
4,1,2,41.64895486173769,2,1,0
8,0,3,2.351087421188087,5,1,1
12,4,0,24.116861404451946,3,0,1
10,0,7,14.219204323027272,7,0,0
14,2,10,1.0577698168407323,2,0,0
12,4,7,11.216043394285213,2,0,0
17,3,4,0.0,5,0,1
13,2,5,15.826467752460594,3,0,0
16,1,3,11.95011436112129,3,0,0
13,2,10,8.148463573003271,2,1,0
9,2,2,4.398753509937578,1,0,0
13,1,2,25.167029512665852,1,0,0
8,2,3,13.402979953406279,4,0,0
10,2,5,17.094997595430602,6,1,0
8,0,1,16.768675019666702,2,1,0
12,0,5,16.08069877766651,2,0,0
11,5,7,11.734528471263662,6,0,1
12,1,8,30.176132688505547,4,0,0
14,7,3,37.36321394046596,7,0,1
8,1,4,29.47899474979251,2,0,0
10,4,7,15.214461001654124,0,0,0
9,2,9,14.52509018010974,5,1,0
5,0,1,25.927575269016586,3,0,0
7,4,9,7.423686805845888,3,0,1
7,2,1,32.10314578413098,2,1,0
11,2,8,22.914225375241227,2,1,0
10,1,10,12.202684099673686,4,1,0
11,0,5,17.819046602221913,6,0,0
10,1,9,21.268841034966112,3,1,1
13,3,8,10.724779259637922,4,0,1
6,2,9,25.343659186663743,8,0,0
9,4,6,27.728291241581577,3,1,1
10,0,4,12.37360995279936,4,0,0
16,0,8,10.243493186233533,0,0,0
7,3,8,13.945890426841855,5,0,1
9,1,1,3.4317129511118054,3,0,0
10,4,7,0.0,3,1,1
8,3,7,10.66736492810826,1,1,1
6,3,1,5.40045904264603,4,0,0
11,1,9,32.707182525314465,4,1,1
17,5,6,10.437913883751477,6,0,1
6,1,0,19.557071019577172,2,0,0
14,1,4,8.71792100255415,2,0,0
17,2,4,32.822353936577336,1,0,0
8,0,9,13.060943220903395,2,0,0
12,1,4,2.5634241702989833,0,1,0
6,1,1,21.702540848343297,3,0,0
8,0,2,17.594428752515384,2,1,0
8,5,5,27.030674123988938,0,1,1
8,4,0,13.458837711850085,4,0,0
3,0,5,16.07876749888368,2,0,0
12,1,5,0.0,2,0,0
7,2,6,23.35486948833798,3,0,0
12,3,8,15.627132927980274,1,0,0
13,3,8,13.758018913591847,1,0,0
7,4,3,12.70709053118107,6,0,1
10,4,1,12.177209462927545,2,0,0
11,2,4,23.490199508739835,0,0,0
9,1,0,5.744109597785396,6,0,0
8,5,4,22.434936169783832,2,1,1
13,1,9,0.0,4,1,0
11,6,2,0.0,1,0,0
6,3,6,29.107281357932443,3,1,1
7,1,6,4.771189837301421,5,0,0
10,1,2,16.0579429004194,2,1,0
12,2,4,12.319951468336118,4,0,0
5,4,8,18.441737285903816,1,0,0
6,1,3,15.51399174900729,2,0,0
9,1,1,25.43009891231602,5,1,0
6,4,2,0.708020773771425,4,0,1
8,0,10,21.709311214103884,1,0,0
14,1,0,14.486965262675657,1,0,0
13,3,4,0.0,1,1,1
8,2,8,9.700988701196806,2,1,0
7,0,1,0.0,5,1,0
10,1,2,0.0,3,0,0
4,2,2,10.633643026227439,3,0,0
7,1,6,26.863373033827397,0,1,0
7,0,9,18.126223539008027,2,0,0
16,1,6,27.993782552200354,1,0,0
8,3,10,15.759511053322138,1,0,0
3,0,0,30.49767453028705,1,0,0
11,3,2,29.46594777339857,3,1,1
16,3,0,5.500021218994545,3,1,1
12,2,8,15.710006557034962,1,0,0
10,1,6,7.7757194755631875,6,0,0
9,4,4,13.5518199137862,4,0,1
8,1,6,31.582122432121487,2,0,0
10,3,2,8.58386931083509,2,1,1
7,1,2,3.1384143153558934,7,0,0
12,3,0,3.799974256728122,4,0,0
10,2,4,11.045324313643377,0,0,0
10,2,6,52.45379227975829,3,0,0
10,3,2,29.728223057094986,1,0,1
7,0,4,0.0,5,1,0
12,2,9,14.64195322500353,2,1,0
5,3,0,8.710410563949598,4,1,1
6,2,6,24.863226884752347,4,1,1
10,4,10,3.209967394391313,5,0,1
11,5,7,4.6356211325613135,1,1,1
9,3,7,9.285137617027257,4,1,1
12,0,0,8.082936396316708,2,0,0
8,0,3,21.515446617795533,5,0,0
11,1,8,11.654488646934572,3,0,0
13,3,1,25.032472533242693,3,1,1
8,1,0,6.896563906268492,3,0,0
12,1,5,23.65758753055153,1,1,0
11,3,10,3.4295087022479613,1,1,1
9,3,10,21.147536482221852,5,0,1
6,0,0,10.00114893365497,1,0,0
9,2,5,23.916354122447448,1,0,0
10,2,0,0.0,2,1,0
8,3,5,7.167438672761386,5,0,1
5,1,8,26.683250014392314,3,1,1
7,1,4,12.98156649967138,4,0,0
9,1,3,0.0,3,0,0
10,1,7,7.930121099975951,1,0,0
5,4,3,18.835845555016135,6,0,1
12,2,3,6.890879932728305,0,0,0
8,2,10,26.610525291266086,6,0,0
7,4,8,25.851007829136574,2,1,1
7,2,0,21.677144145929542,3,0,0
8,1,2,25.30840399254909,2,0,0
11,1,10,9.848194712476115,2,1,0
6,8,3,29.871232718552022,3,0,1
8,0,7,25.756306268511363,3,0,0
10,3,0,13.711226696671073,0,0,0
11,4,2,0.0,0,0,0
10,4,1,0.0,1,1,0
8,2,5,24.896704358130247,2,0,0
11,2,8,0.0,4,0,0
7,2,9,5.786979748774142,4,1,0
10,4,8,19.770816658879085,3,0,1
15,2,9,2.002382947131805,4,0,0
9,1,4,39.34334985043971,1,1,0
11,2,2,17.374486387582763,2,0,0
13,2,7,29.780929924207403,3,0,0
14,2,8,25.425870684349956,1,1,0
9,0,8,0.0,5,1,0
12,1,10,22.444551035462574,1,1,0
14,7,0,14.838639114344392,4,0,0
8,1,9,14.375312632040906,2,1,0
9,3,4,14.746004359236435,2,0,0
9,1,9,25.547142873898366,2,0,0
11,3,8,31.45369378270871,0,0,1
5,5,10,3.0787845714652455,2,0,0
8,1,2,15.773026764664255,1,0,0
14,1,6,29.01924164057507,3,0,0
7,3,8,12.925886636091654,1,0,0
10,3,1,17.029809608411053,3,0,0
6,3,1,17.172853552420182,2,0,0
9,1,4,36.147704433127856,3,0,0
11,2,7,22.48359572557518,4,1,1
8,4,9,35.706202712419,1,0,1
13,3,4,32.43597925993224,5,0,1
9,4,7,12.729583635965913,3,0,1
11,4,3,18.007813390947515,2,0,0
9,2,8,35.52155416509727,5,0,0
11,1,3,3.582711609928051,6,1,0
11,2,4,22.611123699415213,2,0,0
5,2,6,22.71174981368892,2,1,0
7,1,8,12.23598879455361,4,0,0
13,2,4,11.195729069304173,3,0,0
9,9,6,12.567905215046316,3,0,1
7,2,3,22.024468738757072,4,0,0
6,3,1,29.729643913233154,4,0,1
13,2,1,22.39014140955409,1,1,0
17,1,4,2.422301689797999,7,0,0
12,1,1,30.058541780730906,1,0,0
11,1,1,26.92927359560084,1,0,0
7,2,1,12.543984617308178,4,0,0
10,2,3,8.455233446444256,2,1,0
12,1,7,5.918193016572799,3,0,0
10,4,6,25.74337165526628,1,0,1
15,0,4,0.0,4,0,0
13,1,6,25.988702374959516,3,0,0
9,4,5,10.486702940101392,2,1,1
6,2,7,17.849055649108593,5,0,0
11,2,7,0.0,2,0,0
15,2,6,0.0,6,1,0
12,4,4,8.206297570746505,4,0,1
10,3,5,5.876072867270304,4,0,1
9,4,10,22.584242554795566,3,0,1
10,3,10,18.032014049630586,3,1,1
7,1,9,34.340634404267966,2,1,0
7,1,7,20.133308513349398,2,0,0
12,4,6,8.49918736715247,1,1,1
8,1,4,27.233465484700815,1,1,0
7,0,9,10.36936531876465,3,0,0
8,0,7,9.795118010708773,4,0,0
8,4,3,15.02122947458436,4,0,1
15,1,5,31.19192164554701,3,0,0
7,1,3,25.510506799495328,4,0,0
8,2,4,25.198798389629758,3,0,0
19,3,9,34.60512635691916,7,0,1
14,3,2,24.96178666531106,5,1,1
6,2,1,2.7154618809967133,3,1,0
10,3,10,20.38322808530502,4,0,1
15,0,0,31.231581634048094,2,0,0
10,1,2,0.0,4,0,0
12,2,10,14.846298200932688,2,0,0
8,2,0,4.321486286332931,4,0,0
3,2,5,16.284698854252593,5,0,0
9,3,10,26.352355746888605,1,1,1
9,4,1,28.427363319465293,2,1,1
6,1,2,13.158131990502662,3,0,0
10,2,7,21.613878428127244,2,0,0
8,1,4,0.0,3,1,0
4,5,1,0.0,4,0,0
12,1,1,26.195953365722445,2,0,0
10,2,2,0.0,5,1,0
13,0,2,8.126740986078463,5,0,0
9,2,7,21.769069176447402,4,1,1
11,0,4,17.206214525138567,4,0,0
14,3,7,0.0,2,0,0
13,3,3,20.256581166236163,2,1,1
14,1,8,6.387113164600448,4,0,0
10,4,2,16.20815470717138,1,1,1
4,3,1,8.760004627319816,2,1,0
16,1,5,8.078124877341667,5,0,0
11,1,10,0.0,2,1,0
5,2,3,11.40971498643248,3,0,0
12,3,1,27.361887668844325,1,0,0
8,4,5,10.773639374374113,6,1,1
7,4,3,11.228094703539709,1,0,0
16,6,9,7.954912013740798,1,1,1
9,3,10,2.1388268340708514,3,0,1
8,1,3,5.0221753457285185,2,0,0
11,1,9,17.21578474801729,3,1,0
3,3,3,39.59247123087438,2,0,1
10,2,3,24.75538968093572,2,1,0
10,3,7,21.20038336021515,2,0,1
7,1,0,34.91496006737131,4,0,0
15,3,8,19.679283421391535,8,0,1
5,1,2,25.746279149991352,0,0,0
16,1,4,17.13924970049001,4,0,0
10,4,4,19.520223170345,6,0,1
5,2,3,0.9149387286378321,0,0,0
15,0,3,11.900297246943461,5,0,0
12,0,6,9.380763126484348,2,0,0
11,3,3,8.850353239226205,2,1,1
12,0,9,8.263402769907632,6,1,0
10,1,2,29.310104949224552,5,0,0
8,1,10,11.31458472593568,3,0,0
6,4,8,13.555411079931046,4,0,1
6,4,3,37.64740194933959,1,0,1
7,4,3,22.754579814771304,2,0,1
8,1,9,15.079606826171434,1,0,0
15,2,7,25.583894395808738,1,1,0
11,2,10,8.308882954073175,5,0,0
9,0,6,10.753412252859686,7,0,0
12,2,3,11.383376690436098,3,0,0
8,3,7,17.49555056206454,3,0,1
10,1,9,19.667135858902235,2,1,0
7,3,1,5.507856610198711,5,0,0
8,0,8,19.069886349575,2,0,0
8,1,1,21.044539198908183,3,1,0
15,2,9,10.323000595966892,3,0,0
10,1,2,13.344725866025454,5,0,0
14,3,5,3.630490607048607,2,0,0
17,1,6,0.0,7,1,0
10,5,8,3.5287834553672344,1,0,0
9,1,7,22.206369714055676,2,1,0
12,0,10,20.230190290854495,3,1,1
16,0,5,34.27544264929958,4,1,1
7,3,7,15.382765092701804,0,1,1
2,0,10,15.5170993402227,4,0,0
5,5,10,18.371442026810985,5,0,1
7,0,4,4.330406074734157,4,0,0
7,0,9,24.03404875093937,2,0,0
5,1,9,18.82084611267946,3,0,0
7,2,8,5.526397710341566,3,0,0
15,4,3,18.71673017550436,3,0,1
8,1,0,22.584624667506482,2,0,0
9,3,7,1.6854224739115846,2,0,0
9,3,4,25.573044125909146,1,0,1
16,1,8,10.497576901249454,2,0,0
11,0,2,0.0,4,0,0
7,1,8,24.719635780432064,1,0,0
6,3,7,28.427346255746524,6,1,1
11,0,5,3.764541806787511,3,1,0
9,0,10,0.0,2,0,0
11,1,9,28.27858493099867,2,0,0
4,3,9,8.826386048307718,2,0,0
13,2,10,28.448824875027373,3,0,0
14,1,7,0.0,2,0,0
5,0,7,29.05156120266492,4,1,1
8,0,6,25.733522953771846,3,0,0
13,2,6,20.405635765509608,4,0,0
10,2,2,0.0,2,0,0
9,1,6,11.375934031650159,1,0,0
6,1,2,25.0751269295768,3,1,1
3,0,10,0.0,3,0,0
7,2,8,9.776526235753238,2,0,0
9,1,10,18.9644893822381,4,1,0
14,0,4,3.410270129658713,4,0,0
10,1,10,28.005022765450057,2,0,0
11,3,7,26.02607418785671,2,1,1
11,3,2,17.42190993726863,2,1,1
10,4,2,19.34025758089192,1,0,0
7,0,2,9.595260453705771,2,1,0
8,1,7,20.89707997782794,4,0,0
6,2,8,9.022804899959606,5,0,0
13,3,6,13.032187511272179,6,0,1
10,4,0,10.075911288967168,1,0,0
12,3,5,29.355255703164822,2,1,1
11,2,2,27.070586802886268,1,0,0
8,6,0,4.965546074258825,2,0,0
6,2,9,28.37624603779738,1,0,0
9,3,1,7.019820537661657,6,1,1
14,1,2,33.52869992053925,5,1,1
10,1,6,30.709505877366546,2,1,0
12,3,5,36.92772324310873,2,1,1
5,1,1,17.929450915054076,1,0,0
11,2,4,12.195115827539706,4,0,0
6,2,0,11.972367228635896,4,0,0
16,2,2,18.75181812679384,7,0,0
13,5,0,4.859824777682466,5,0,0
13,1,2,0.0,6,1,0
11,0,1,11.003356594281072,2,1,0
8,2,3,15.409279136763196,4,0,0
10,2,4,20.555265359780684,0,0,0
9,1,2,18.972244101759507,2,1,0
9,6,9,16.408273517641376,2,0,0
15,3,4,26.69470868965692,1,0,1
9,2,10,6.273778178527973,2,0,0
11,3,6,8.27975495393645,2,0,0
16,1,9,36.09174567680532,4,0,0
17,2,8,0.0,4,1,0
11,3,7,26.19031821951109,2,0,1
15,3,5,20.634098438427504,3,0,1
6,3,8,14.986164557726923,2,0,0
14,0,7,23.961706650043787,2,0,0
6,2,3,22.18492679587117,2,0,0
11,3,10,0.4070059971678841,2,0,0
8,1,1,5.260788981147801,5,0,0
9,2,8,10.193181031505619,1,0,0
10,1,5,0.0,1,0,0
15,2,9,14.913592936201416,4,0,0
12,2,7,21.375129739336753,1,0,0
7,3,7,26.65732278332288,2,1,1
12,1,3,15.779696948279588,2,1,0
9,1,9,7.504298496506449,4,0,0
13,0,4,17.240047667354496,2,0,0
11,2,0,14.212717796612495,4,0,0
8,2,8,22.850813130675053,1,0,0
5,0,6,14.546186492311946,1,1,0
7,0,0,23.89455402301403,1,1,0
15,0,10,12.385789751706726,4,1,0
12,3,9,27.902264861784573,4,0,1
11,5,9,16.775444915238776,4,1,1
13,2,2,9.021125376881223,3,0,0
12,4,8,11.668648129819132,4,1,1
14,2,10,22.270427689468313,4,0,0
11,1,10,2.2927526239662974,4,0,0
10,1,0,13.704556100205618,4,0,0
10,2,5,25.69206294137163,4,0,0
10,1,4,20.168851162889265,0,0,0
13,1,3,3.4918815564427845,1,0,0
7,2,0,18.112405172362788,2,1,0
13,3,6,1.5799528906405857,1,1,1
10,2,0,16.86541693170212,2,0,0
8,2,0,28.798477183550304,6,0,0
7,1,1,15.734001324737559,2,0,0
13,2,8,3.6808820226048553,5,0,0
8,0,0,13.090105796239047,1,1,0
9,2,7,16.94467287269808,3,0,0
12,6,0,25.92105399084367,2,0,0
14,0,10,25.83128313540104,5,0,0
6,1,0,4.1076332898139185,1,1,0
13,2,8,11.759118051258897,5,1,0
8,2,7,18.936686108664464,1,0,0
10,1,0,8.952309573047831,3,0,0
11,6,6,19.983832147046584,4,1,1
17,0,7,1.5196892859201778,3,0,0
19,1,1,17.614042357322234,6,0,0
10,1,3,25.273209612054018,2,0,0
9,3,1,15.539504223829239,5,0,0
9,1,5,16.757397652960012,3,0,0
12,4,4,23.443085363628036,5,0,1
14,1,10,10.558959374735998,6,1,0
11,2,10,21.220347333007304,2,1,0
9,1,4,14.694393972180574,1,1,0
8,0,7,5.919089731443979,3,1,0
7,3,0,24.023123560677842,3,1,1
12,1,9,29.00925026983262,2,1,0
14,3,1,26.58521947451183,3,1,1
10,2,0,24.022555488660686,1,0,0
5,3,3,20.10647191329042,0,1,1
9,2,1,18.62946678194648,2,1,0
9,2,9,14.061800046171372,5,0,0
13,0,10,8.373780576108063,2,1,0
7,2,6,0.0,3,0,0
12,4,4,0.0,2,0,0
10,2,4,15.145775219407989,2,0,0
9,1,0,2.236070044052788,4,0,0
12,3,1,19.140924892123973,4,0,0
6,3,4,32.47388537546078,2,1,1
8,2,6,0.0,4,1,0
8,2,0,5.275046510176335,2,0,0
14,2,6,36.85878608855743,3,0,0
13,3,10,23.342249512035416,5,0,1
19,2,1,13.883342994733674,3,1,0
12,1,1,9.68110305446945,4,1,0
10,1,8,20.85814382688813,0,0,0
6,2,7,24.792048960022193,8,0,0
11,3,9,2.3061254154322484,1,0,0
17,1,3,29.917946923253734,2,0,0
8,2,4,18.98462597535497,1,0,0
10,3,8,24.381426057423905,2,0,1
13,0,3,25.23997674548785,3,1,1
12,4,9,18.12270878209742,4,0,1
9,1,7,19.454308860726407,3,0,0
18,1,4,20.177488217108838,2,1,0
9,1,0,11.42899201224397,4,1,0
9,2,6,21.48464457175129,0,1,0
9,0,9,12.404406158958846,6,0,0
10,0,10,15.006578567221704,3,0,0
11,2,10,30.639106603480762,5,1,1
7,2,2,14.63962177914267,1,0,0
2,2,6,19.13508050214034,2,0,0
8,2,7,13.252251801233939,2,0,0
10,2,3,11.341734236662571,1,0,0
14,1,10,34.28712048148441,1,0,0
8,2,5,0.3558175369395471,0,0,0
9,3,9,15.521037212320287,1,0,0
12,2,6,2.9818131632288036,1,1,0
11,5,7,27.543929804996743,1,0,1
7,2,2,14.384202354452958,3,1,0
16,1,6,10.311870295406568,2,1,0
12,4,4,0.0,3,1,1
6,4,6,30.762788585993377,5,1,1
8,2,5,1.7219478708552671,2,0,0
9,1,4,19.86758397156061,2,1,0
11,3,2,24.31778617485587,3,0,1
8,3,9,36.73897279628209,5,0,1
14,0,1,9.487407586249281,3,0,0
8,3,2,6.445164193989262,3,0,1
9,1,1,10.727246305591827,2,0,0
11,3,2,9.116589292615929,1,1,1
7,1,1,0.0,2,0,0
13,3,0,31.35451734964988,1,0,0
5,2,8,10.819497000169328,2,0,0
11,1,9,13.403255078226445,3,0,0
12,4,4,21.274572142343658,2,1,1
8,1,8,28.86095817929748,5,0,0
7,0,7,3.3943332743374803,3,1,0
15,2,6,18.576191376989833,5,0,0
9,0,5,2.8421550137925937,2,0,0
11,1,10,18.33648345547148,1,0,0
5,1,3,17.922141264321255,3,1,0
13,0,9,10.269879709051414,2,1,0
13,4,9,17.33455524486194,2,0,0
11,3,6,17.517873586721812,2,0,0
11,1,6,14.183211405795367,3,0,0
8,1,0,12.954009468568602,8,1,0
4,2,8,1.356269583142879,7,0,0
10,1,3,4.092848420382522,0,0,0
10,3,6,8.85775054926967,3,0,1
9,3,8,4.913220396672331,8,0,1
14,3,1,9.267118687032358,3,0,0
9,1,7,14.238432894834972,5,0,0
4,4,10,15.882499824033175,4,0,1
4,1,3,20.61677708723301,2,1,0
11,9,3,16.56883463798683,4,0,1
13,0,2,16.190079254872924,3,0,0
12,2,9,20.36406320230448,3,1,1
6,2,3,5.8311212984412535,3,0,0
9,3,8,6.667555523579322,4,0,1
10,2,0,11.2678906554612,1,0,0
9,5,8,8.027960221352645,3,0,1
14,2,10,0.0,0,0,0
6,4,9,20.759867954943182,3,1,1
7,0,8,5.016817340638704,5,0,0
6,3,0,33.11606304935066,1,0,0
14,1,8,16.653676477225442,1,0,0
12,1,5,0.0,2,1,0
13,2,7,21.66933319485492,0,1,0
13,1,7,15.33277763324765,3,0,0
16,0,7,17.909812581947246,2,1,0
10,1,10,10.024335686115528,4,0,0
13,0,7,5.68754216737123,4,0,0
6,3,0,0.387293472543341,2,0,0
13,1,0,2.1799888602843804,3,0,0
10,2,6,1.3190016459100242,2,0,0
14,0,10,11.425989737590982,2,0,0
14,1,8,14.483926741269459,3,0,0
7,0,10,0.0,3,0,0
8,1,9,24.026778771499252,5,1,1
3,1,7,16.416447455076902,2,0,0
13,2,10,39.27116970862814,3,1,1
7,3,4,10.949012130804228,0,0,0
10,0,7,37.32971379198432,2,0,0
9,2,8,22.459851353123952,1,0,0
11,3,6,0.0,2,0,0
6,2,10,3.0932894464687095,2,0,0
9,2,9,18.179507611957746,2,0,0
11,1,10,0.0,3,0,0
6,0,2,6.037433059033054,3,0,0
11,1,8,0.0,2,0,0
10,0,4,36.38711795891986,3,0,0
7,4,10,25.986279567904873,2,0,1
11,0,7,11.610171403488385,3,1,0
11,3,10,30.124022949455544,5,0,1
11,1,0,27.57908170311175,2,1,0
11,2,0,28.10339857876604,1,0,0
9,4,2,9.406690219473713,1,1,1
10,3,1,11.911141066411467,0,0,0
8,1,4,4.034077421314308,5,1,0
6,0,10,13.862856540517038,2,0,0
13,5,8,6.874424481903311,2,0,1
13,4,8,4.258705205247066,2,0,0
11,5,7,26.315973674556364,4,0,1
7,1,4,21.716112165149575,5,0,0
6,2,2,6.175861270924587,4,1,0
8,2,5,24.45453689705102,4,0,0
7,3,7,18.088180481494177,3,1,1
18,3,5,11.846359478004128,6,0,1
9,4,6,30.90760816042761,1,0,1
11,3,6,18.053826984932797,2,0,0
8,1,6,32.77521008908539,1,1,0
11,1,8,20.659046088201052,4,0,0
12,4,8,21.518722780133892,3,0,1
12,3,0,4.241477711042796,3,0,0
17,3,2,9.42896425723734,2,0,1
11,1,4,29.57464072478596,0,0,0
17,3,10,26.6193658807588,5,1,1
8,0,3,11.41666943827116,5,0,0
9,1,0,1.4706258108699188,6,0,0
8,1,0,31.597739498876184,5,0,0
7,4,3,25.66642739039137,4,0,1
9,2,4,3.5557488870661302,1,1,0
14,4,3,3.5545180281982596,5,0,1
5,2,1,33.335521549324724,3,0,0
12,3,4,9.923831306213666,4,1,1
5,1,9,10.101652253154747,2,1,0
7,1,2,8.194754040631665,1,0,0
13,3,6,18.554699579779697,3,0,1
6,1,3,0.9972461312345242,1,1,0
9,1,1,17.37595992746035,7,0,0
6,3,10,0.9326274029613799,2,0,0
15,0,7,1.00296594273396,5,1,0
7,1,9,1.343651034466058,2,0,0
12,0,1,1.7282536297572921,5,1,0
8,4,10,22.22364177037173,3,1,1
10,0,6,22.226911322164593,2,0,0
9,0,7,13.372973674325609,6,0,0
6,2,9,8.68438207795019,5,0,0
10,2,2,28.81797534671681,6,0,0
9,3,5,21.94839617446264,2,0,1
12,2,3,3.213142538853697,3,0,0
15,1,1,18.50560080589575,3,1,0
10,4,7,17.98986365847842,4,1,1
10,3,1,22.184507987763,2,0,0
10,2,8,42.49007734762665,5,0,0
11,4,8,6.815679246551197,4,0,1
13,0,10,20.544231899879243,4,0,0
9,1,7,29.960195543932873,2,0,0
13,4,9,32.18243503804437,1,1,1
9,4,2,16.805495769098698,2,0,0
15,1,7,1.9235706583994414,3,1,0
11,1,4,0.0,7,0,0
9,3,9,23.264678634197104,6,1,1
4,3,4,18.42528944328894,5,0,1
11,2,1,16.281285700136216,2,1,0
10,1,2,17.826456645996753,2,0,0
9,2,7,24.78515912237696,3,1,1
9,4,0,20.463434058917432,2,0,0
8,2,3,18.866553607653294,1,0,0
14,2,5,9.06417278750169,2,0,0
12,3,8,25.39479085040552,2,0,1
8,2,7,9.226995605022914,3,1,0
8,4,9,24.67746404678485,4,0,1
14,7,4,11.073452175777817,0,1,1
10,2,6,20.894291571491408,4,0,0
10,1,7,32.636121435220645,3,0,0
14,2,8,21.605728891235522,2,1,0
9,1,2,29.163497890126024,6,0,0
12,3,10,11.285661092813218,4,0,1
10,2,7,15.961607363050565,2,1,0
10,1,2,11.45385956741234,1,0,0
9,2,0,0.0,6,0,0
14,4,3,25.687102267964452,1,0,1
9,5,6,20.688778356091227,4,0,1
12,5,8,19.9792203113933,0,0,0
9,2,9,27.31765874000786,3,0,0
18,0,6,3.6458842784714243,1,0,0
10,3,9,1.2463465104166112,2,0,0
8,2,10,27.413672129977638,1,0,0
8,5,4,14.296585804322756,2,0,0
12,1,0,17.14850508074053,2,0,0
8,4,0,0.3289828937484707,4,0,0
13,3,8,29.721249296157566,2,0,1
11,2,3,21.712554506877744,1,0,0
13,4,2,9.243996379338995,2,0,0
8,1,10,35.857020865164635,0,0,0
10,4,4,1.3653279242109218,0,1,1
9,3,6,11.705831593024595,4,0,1
12,0,6,24.869613585536165,3,0,0
7,2,4,26.532772467815352,5,1,1
7,1,7,0.06865551783444701,3,0,0
9,0,4,12.166313910305126,2,0,0
10,3,9,22.457982506599713,2,0,1
9,2,3,29.730599963569716,5,0,0
10,1,5,28.88923932583282,0,1,0
12,1,2,22.004346631592917,4,0,0
17,3,3,15.896863922925919,2,0,0
10,1,7,13.20624344652309,6,0,0
4,2,9,19.981197608562887,5,1,1
6,1,9,29.34019320064357,3,1,1
10,1,2,12.859790083548928,2,0,0
6,1,10,12.268293274751631,4,0,0
8,4,9,26.452534426368043,2,1,1
8,1,2,25.616091834626708,2,0,0
7,1,5,10.001045157920082,4,0,0
9,3,7,1.812424044667928,1,1,1
8,3,9,0.0,5,0,1
10,4,1,16.30165892259546,4,1,1
18,2,0,3.954025772862952,5,1,0
10,0,9,23.962607129457155,2,1,0
8,2,0,0.0,3,1,0
8,2,6,31.13630092588345,2,1,0
12,0,1,11.632038422233975,6,1,0
13,1,8,7.012686479185149,5,0,0
12,2,9,9.58842879583641,3,0,0
10,1,3,6.352324197525336,3,0,0
14,1,6,30.14704275508301,3,1,1
8,4,4,21.716298383466594,3,0,1
7,2,4,15.968512509333818,4,0,0
9,3,6,2.971205108386778,2,0,0
9,2,8,14.449570344376312,4,0,0
7,1,3,7.293773474203441,2,0,0
9,1,8,0.0,2,1,0
5,5,8,8.063941520436414,5,0,1
11,1,10,21.052397407313094,5,0,0
9,1,7,10.738606127146955,2,0,0
10,2,0,13.550104597791396,1,1,0
6,0,9,25.40994062201691,0,1,0
6,1,10,23.619514080437668,2,1,0
11,1,10,34.609172124279176,2,1,0
7,2,8,0.0,2,1,0
7,4,2,6.577122602014953,1,0,0
7,1,7,24.081417015434887,3,0,0
10,2,4,19.313953877011514,4,0,0
13,0,5,15.994662783682724,3,0,0
9,1,2,8.952085863086234,2,1,0
7,2,10,17.264514711797222,3,0,0
10,3,6,16.68886840709354,8,1,1
17,1,1,0.0,3,0,0
20,1,2,17.136337870756968,4,0,0
13,0,1,9.829695888066166,2,0,0
8,1,10,23.41064255117504,2,0,0
11,3,8,18.44656400173534,2,0,0
10,2,10,34.559052852458976,2,0,0
5,2,2,14.999265858552894,6,1,0
15,5,7,4.0868888020301934,3,0,1
6,2,5,0.0,2,1,0
9,1,0,5.6172427362385395,5,0,0
6,0,10,18.77351361228973,5,0,0
6,0,5,21.32870781266365,1,0,0
13,1,7,8.947971417845881,2,1,0
9,4,9,10.698704965602058,3,0,1
2,3,2,15.69936329275982,4,0,1
7,3,6,18.800532093206098,4,1,1
14,2,5,25.200816888505173,2,1,0
11,1,0,9.124228289253452,3,1,0
11,1,1,7.573688351948409,2,0,0
11,1,10,35.24792435676716,5,0,0
6,1,4,32.8322847915437,4,0,0
14,3,6,9.705738253061433,2,1,1
11,3,3,26.425391113428454,3,0,1
9,3,5,37.04708758989548,4,0,1
8,3,1,28.169583387898992,2,0,0
12,1,4,7.37090299383334,5,0,0
16,3,9,16.048125051505277,3,0,1
10,3,2,0.0,2,0,0
15,1,0,5.350531376737662,5,0,0
16,2,5,14.84698704610857,1,0,0
9,3,8,17.197558072292157,5,1,1
15,0,9,8.070092183560316,5,0,0
10,1,7,0.0,3,0,0
7,2,3,16.935628573236063,3,0,0
11,2,7,22.281716263489564,1,1,0
10,1,10,22.661231188818505,0,1,0
14,4,4,12.941481660498667,5,0,1
9,0,2,13.648384437898756,2,0,0
11,1,3,17.46505642247673,3,0,0
15,2,6,19.08899154184648,2,0,0
12,1,4,14.065506752259612,4,1,0
16,0,3,0.0,0,0,0
5,3,2,28.97047572453216,2,0,1
9,0,2,10.356619819984328,2,0,0
11,3,9,2.76100429678422,6,0,1
13,1,5,11.074154932403308,5,0,0
12,0,7,16.116862081552245,3,0,0
8,1,3,8.909182743548259,0,0,0
8,1,0,9.599610876104006,2,0,0
8,0,3,11.753645221370991,0,1,0
9,3,4,18.61811868422687,1,0,0
11,2,7,7.0101113809120275,3,0,0
11,2,6,18.37442490809883,6,0,0
12,3,1,1.197208404619687,5,1,1
14,2,8,35.058854515989154,1,0,0
5,2,2,25.72315978745864,2,1,0
10,1,8,12.253306063148347,0,1,0
9,4,0,18.347500006750728,2,0,0
10,2,8,3.3183091617161757,3,0,0
11,2,6,20.618216788714424,2,0,0
6,2,1,23.454085579191972,5,0,0
11,4,9,17.6632730340403,2,0,0
9,3,6,24.022843194974183,3,0,1
6,2,0,14.929683400627214,2,0,0
11,2,10,13.986164294851879,3,0,0
9,1,2,8.401316790424724,5,1,0
10,4,6,20.55903656682947,5,0,1
8,3,2,6.634414776738655,5,1,1
7,0,1,19.143589284418486,1,0,0
8,2,4,18.032225570375765,4,1,0
8,0,2,28.43983310861173,4,0,0
11,3,8,20.83502861391101,1,0,1
11,4,6,0.0,1,1,1
8,4,10,8.364811002244487,3,1,1
9,1,0,8.105137800007652,2,0,0
10,2,0,7.681159813061842,4,0,0
11,4,5,24.666011814964648,2,0,1
11,7,3,0.0,2,0,0
8,1,0,29.2445332609971,2,0,0
9,1,8,24.98534872222612,6,0,0
8,1,1,16.857545379376933,2,0,0
11,4,0,18.491990606712818,3,0,0
11,2,2,15.750105842989072,1,0,0
9,1,9,16.58582653247221,3,0,0
13,2,0,26.26343440160244,3,1,0
7,2,3,12.76296157896229,4,1,0
8,0,3,21.003392772719227,2,0,0
8,2,5,6.2874806781267125,2,1,0
15,1,2,20.325374601935692,7,1,1
12,3,8,12.272624668519013,2,1,1
11,0,5,19.27985377163941,2,0,0
8,3,6,6.354292844313269,2,0,0
10,1,5,19.492459712580203,2,0,0
8,1,8,14.532293230709737,5,0,0
5,1,1,30.64853816884021,4,0,0
7,3,10,17.58950411198663,0,0,0
8,3,7,19.93232394771696,4,0,1
10,0,4,10.584792495624637,1,0,0
10,0,1,18.1209107228004,3,0,0
11,1,6,19.740092333845723,7,1,0
8,0,4,11.45759297689331,2,1,0
9,1,7,10.677650994508504,3,0,0
9,2,9,6.933775745155504,2,0,0
12,0,10,14.239483590700019,0,0,0
6,1,5,8.468409979201331,4,0,0
10,1,6,17.922568645881828,4,0,0
9,3,10,7.095948480495058,2,1,1
17,2,0,13.775081318911681,0,1,0
13,4,1,5.542482969858263,3,1,1
14,2,8,26.443924077754446,4,0,0
7,0,6,15.248500520610358,1,0,0
15,5,6,15.159235470357281,5,1,1
13,3,3,20.954799474109358,3,0,1
10,0,3,32.75244939330254,2,0,0
7,3,2,15.8109562039102,0,0,0
14,1,9,0.0910921751476792,3,0,0
9,2,3,26.819351908455083,3,1,1
9,2,9,1.4268587806205701,3,0,0
12,1,5,10.035603778813059,4,0,0
8,1,10,26.925196005556074,3,0,0
8,2,2,11.647771374492775,5,0,0
8,1,9,9.277297503689038,2,0,0
7,1,7,17.813015615621882,3,0,0
9,2,0,15.096859527544446,2,0,0
10,0,5,8.066173802707842,2,0,0
10,1,1,23.775969919572603,0,1,0
8,0,10,27.27975635255818,4,0,0
16,2,0,28.879220491938995,3,0,0
11,3,3,20.51760864043966,1,0,1
8,4,5,7.989331942013775,1,0,0
6,1,6,2.4472007534965012,5,0,0
7,2,10,0.0,3,0,0
16,0,0,25.331148015483773,3,1,0
10,1,2,16.94568989505952,3,0,0
8,3,5,10.810842521408029,1,0,0
15,0,5,0.0,2,1,0
9,1,9,3.1689867307384354,1,1,0
7,3,5,0.0,4,0,1
10,0,6,29.419052711993594,1,0,0
13,0,10,21.356970617386562,2,0,0
12,0,6,1.9405703580441305,1,0,0
10,2,9,31.350695829475793,2,0,0
9,2,7,7.778574110319435,2,0,0
18,3,10,18.492797594794492,4,0,1
12,3,1,18.516193321452498,3,1,1
9,1,9,14.060926481946845,4,0,0
9,1,0,11.96908100307751,3,1,0
10,1,9,15.339946059773373,4,0,0
6,2,6,12.200207625063332,4,0,0
6,0,0,17.49099485194906,3,1,0
16,2,1,17.887857394807817,3,1,0
12,3,0,9.757747237383967,7,1,1
15,1,0,26.012451800493096,4,0,0
13,7,2,6.629631623067995,5,0,1
14,2,3,18.902011300250052,1,1,0
8,2,4,11.606222593365139,3,0,0
8,5,4,6.310068694361439,2,0,0
8,1,1,12.225817948350175,3,0,0
7,2,10,8.391719096548538,4,0,0
11,1,2,21.587309325269125,2,1,0
9,0,7,14.054479055222433,2,0,0
12,1,1,28.69218906765478,4,1,0
12,1,3,5.485888454240776,4,0,0
17,2,6,0.0,2,0,0
15,3,8,18.947588157624626,4,0,1
14,1,2,32.22639519831539,0,1,0
12,0,2,19.887957376626737,3,0,0
17,1,6,5.5759090295669225,0,0,0
11,2,7,4.7707975376267875,1,1,0
16,1,3,35.25833224222961,2,0,0
10,4,0,11.20619554497365,7,0,0
13,3,4,4.850942182371256,3,0,1
4,1,10,26.904197203597814,4,0,0
10,4,3,13.527668517770831,1,0,0
14,3,10,0.0,3,0,1
5,4,7,35.828971381367396,4,0,1
10,2,6,20.844064903220275,3,0,0
9,2,1,0.0,1,0,0
9,2,5,28.95791905263941,0,0,0
10,1,3,4.521668398337493,4,1,0
16,3,6,3.919716980750964,2,0,0
12,4,8,6.082539770850024,5,1,1
10,1,6,34.39507429157319,7,1,1
8,3,1,35.4541645402205,2,0,0
12,3,7,9.520583891068144,5,0,1
10,2,5,32.05619037784466,2,1,0
7,1,8,0.0,3,0,0
7,0,6,24.14056753502016,1,0,0
13,0,4,28.641722703986254,4,0,0
7,1,7,30.064412946916782,4,0,0
13,0,6,15.76897424481867,2,0,0
9,5,0,20.66077780811286,2,0,0
12,0,10,7.828856557535305,1,0,0
13,2,4,15.2514783657666,3,0,0
8,2,6,13.357841737229911,3,0,0
6,1,9,12.782812287602555,0,1,0
8,5,6,26.34656609125006,1,1,1
12,1,10,17.149494354984867,5,0,0
12,6,2,31.93172293792695,2,1,1
8,2,4,17.479759057771478,2,0,0
12,1,7,36.913125827691765,0,0,0
11,2,8,27.272100264567666,1,0,0
9,2,8,14.131994033675312,2,0,0
10,2,9,16.745973177674433,1,0,0
10,2,4,6.600133755347153,4,0,0
16,1,1,16.602067774364233,0,0,0
8,2,7,5.174809377373268,1,0,0
14,1,6,28.303696369401607,2,1,0
12,3,3,11.563917988849479,1,0,0
7,3,4,18.556482133676262,1,1,1
6,2,9,0.0,4,0,0
8,2,10,12.328703492366781,4,1,0
12,4,10,11.283386188943457,3,0,1
10,3,9,24.209234013269402,4,0,1
13,1,1,20.224888532728087,6,1,0
11,0,8,25.183077919918134,6,0,0
11,1,5,19.426488565572527,5,1,0
13,1,8,27.305563648678444,2,0,0
8,4,7,19.19129684456891,3,0,1
9,1,0,1.2377051584589065,1,0,0
9,5,8,14.096868213352534,8,0,1
8,1,8,14.611935652999039,3,1,0
12,0,3,0.0,6,0,0
11,1,0,4.834630836003273,2,1,0
5,0,3,35.41735883180489,1,0,0
14,6,5,12.254501098219315,3,0,1
14,1,3,13.946544575998477,4,1,0
10,6,8,0.0,1,0,0
9,1,3,1.527658182666089,3,1,0
8,0,9,19.843343978792866,3,0,0
10,2,7,10.35251564487828,6,1,0
13,3,1,3.911038163554821,1,1,0
13,3,6,27.97381950738203,1,0,1
4,2,7,7.98857807779397,2,1,0
12,2,5,1.9906563266489208,1,0,0
14,0,9,15.404599150433588,1,1,0
11,0,5,6.850404206258457,5,0,0
10,1,7,6.837664831718538,5,0,0
15,2,2,14.388936760591763,6,0,0
10,3,1,8.564320950573133,3,1,1
7,3,8,0.0,2,0,0
9,2,7,20.585663426637048,0,1,0
10,0,9,23.65922879965917,2,0,0
12,3,4,12.49406612451417,3,0,1
11,1,4,21.201647490776523,3,1,1
6,2,5,11.310948909731762,3,0,0
7,0,5,0.0,2,1,0
7,1,1,23.96423561144143,4,0,0
6,0,6,14.008140497621955,0,0,0
13,3,2,16.50997504044006,1,1,1
10,2,7,13.936728812403949,3,0,0
11,5,8,13.184243786433097,2,0,0
10,1,2,16.42049166111566,4,0,0
16,0,5,16.612206657822,3,0,0
11,4,7,27.635312913995215,1,0,1
8,1,5,19.38149345142306,7,1,0
9,4,9,26.76540438429862,5,0,1
13,4,2,30.070419749931844,4,0,1
12,3,3,0.0,1,0,0
8,1,8,27.766753688727494,1,1,0
12,0,10,21.530976046044795,1,1,0
6,0,0,19.884089000944517,2,0,0
7,1,3,24.89567134789494,3,1,1
10,2,9,12.352010576536202,3,0,0
8,4,0,21.025857208413644,1,1,1
9,1,7,4.422246546425523,8,1,0
6,3,6,0.8794756048495387,1,1,1
14,4,6,20.31687347900129,1,0,1
9,2,1,14.305329933623359,4,1,0
12,1,9,14.970889454737913,2,0,0
12,2,5,7.023530731867424,2,0,0
12,1,7,18.911770161149942,3,0,0
10,1,7,10.736601972407609,3,0,0
10,1,4,14.534385978292145,2,0,0
14,0,7,10.13315822729944,4,0,0
15,2,1,6.979398409537122,4,0,0
8,1,3,12.929865214155068,5,0,0
5,0,9,26.855860119030922,7,0,0
11,2,1,10.270360400144723,5,1,0
15,4,4,13.733766100396624,2,0,0
5,4,10,12.348945338025686,5,1,1
10,1,2,8.628909875319813,6,1,0
8,1,5,27.292411573561054,4,0,0
11,1,6,1.3833863056551028,3,0,0
10,3,5,14.146238353431324,6,0,1
17,4,10,6.564896341834444,1,0,0
10,2,1,20.672281260618877,5,1,0
9,3,1,16.3391335486402,4,0,0
5,4,3,26.82285791038686,3,0,1
8,3,6,22.34554989727693,5,0,1
10,5,7,15.815983693320643,3,1,1
11,4,4,22.443442448402394,3,1,1
10,2,9,23.35757573163416,3,1,1
10,2,0,5.874991784786719,1,1,0
8,1,8,22.73132626563847,5,0,0
16,2,7,17.972625898484278,3,0,0
4,1,0,19.8946973259224,5,0,0
15,0,8,10.92434937607929,2,1,0
9,0,4,6.456491186655258,2,0,0
9,3,7,4.657851863061897,3,0,1
11,1,9,0.0,5,0,0
7,4,9,7.906614751270723,2,0,0
8,6,1,39.39255003568363,2,0,0
8,1,6,23.22412668865782,5,1,1
6,1,8,18.184607739216485,1,0,0
12,3,6,24.61039674876535,5,1,1
11,3,8,12.399695274293144,4,0,1
5,3,3,11.08086673179389,4,0,1
12,2,4,12.097647307776079,2,0,0
14,3,6,7.639994107209928,2,1,1
12,2,0,8.462985758664363,7,0,0
9,1,1,14.841929448724228,2,0,0
10,1,1,15.644633209948381,2,0,0
9,4,9,28.262069648801216,1,0,1
4,3,8,25.246477218863294,3,0,1
9,3,2,0.14452090622802416,1,1,1
12,2,8,12.055466962067126,1,1,0
3,0,0,3.9437988148082077,3,0,0
8,2,10,0.0,4,0,0
6,0,2,15.872475879727537,5,0,0
16,3,9,20.772214695462296,3,0,1
7,5,1,15.713303960298248,1,1,0
9,5,1,19.369057704132786,5,0,0
10,1,0,11.652672566167038,2,1,0
12,2,5,4.722597032472374,2,0,0
8,1,4,11.329883642366715,3,0,0
10,1,4,28.68786631089256,4,1,1
7,2,10,18.746195694112156,2,0,0
6,5,8,0.0,1,0,0
11,2,5,16.30068274341084,3,0,0
13,1,8,27.737818664442255,2,0,0
7,0,3,22.61339541547852,4,1,1
12,1,6,27.868104614717687,9,0,0
15,3,10,0.11467476774857666,3,1,1
12,2,3,16.257833730372685,2,0,0
9,2,0,11.517376030304831,4,1,0
9,2,3,20.949726034591368,4,1,1
9,2,1,6.508820903302286,0,0,0
3,2,4,6.334311896873221,1,0,0
6,1,10,14.969314943056869,1,1,0
5,0,1,5.782472451990381,3,1,0
8,4,1,17.594252019400926,2,1,0
16,4,10,0.0,1,0,0
9,2,3,26.757398224158155,3,0,0
10,2,6,0.0,2,1,0
8,2,2,24.04721966275693,9,1,1
9,0,10,9.190881718763425,7,0,0
13,2,6,0.5046231592486787,1,0,0
11,0,10,16.69992924683126,4,0,0
8,2,8,23.8561423948846,1,1,0
7,1,2,26.585023723784065,1,0,0
10,2,3,26.2578919056266,2,0,0
17,3,0,6.415617734094052,3,0,1
11,1,6,17.048491445073044,2,0,0
11,3,0,0.0,0,0,0
8,2,2,15.792950033100102,2,0,0
8,6,8,18.381017268498482,1,0,0
3,4,4,11.248653890585144,4,0,1
9,2,9,0.0,3,0,0
9,1,9,9.061498554175312,2,0,0
9,2,10,34.073153881223774,4,0,0
17,7,1,18.910192187033456,2,0,0
10,3,8,10.153240144317673,4,0,1
10,4,5,13.408283402849543,4,1,1
8,1,8,18.846153961791828,1,0,0
10,5,10,0.0,5,0,1
8,2,3,0.02764333775966854,3,0,0
9,3,5,7.638130750129618,3,0,1
19,2,6,9.886962763445947,2,1,0
9,2,10,32.93958944591129,4,0,0
9,0,5,15.706546317015908,4,0,0
7,4,3,9.830927740973234,1,0,0
10,1,7,15.565202634230225,1,0,0
13,0,5,0.0,4,0,0
8,3,1,5.959101567480715,3,1,1
8,1,5,7.515139766911765,3,0,0
7,2,0,4.794538770022632,3,0,0
7,0,8,27.34483104097295,3,1,1
10,1,9,21.60079820352433,2,0,0
7,1,6,2.8946376595190344,2,0,0
13,1,7,2.331612670652607,3,0,0
12,2,10,2.4057164835015694,3,0,0
13,2,3,13.13265910260916,3,0,0
7,3,7,17.00130417284671,1,0,0
6,1,0,19.161344739577544,5,1,0
10,2,10,4.855894137653431,0,1,0
12,6,3,13.216341791889878,5,0,1
12,1,5,14.441182994619398,4,0,0
8,0,9,26.969407922586665,2,0,0
8,2,6,22.74209169029911,4,1,1
13,2,2,0.6473620230691886,4,0,0
8,8,9,0.0,2,0,0
10,4,9,13.889877258987898,2,1,1
7,1,1,8.627719937223514,3,1,0
7,4,8,5.390464601195848,2,0,0
16,4,0,7.435985082811318,0,0,0
14,2,9,20.79545192137724,2,1,0
11,3,0,0.0,2,0,0
13,1,9,33.48341748966877,3,0,0
6,1,1,7.824739987970434,2,0,0
13,3,4,21.325343549424126,3,0,1
9,2,0,8.309594135736232,4,0,0
9,3,5,0.0,3,0,1
10,1,7,13.540526215839963,3,1,0
5,3,9,2.4598298995141654,4,1,1
10,4,1,16.470992732299287,2,1,0
7,3,4,14.74802633431117,3,0,1
10,1,2,8.053875621203662,3,1,0
13,1,1,16.51435886570292,7,0,0
6,3,5,25.38839232773281,0,0,1
11,3,0,13.900554296891201,2,1,0
12,1,7,7.714377082823077,3,0,0
7,3,5,18.999408653259085,5,0,1
17,1,3,19.41571417093601,2,1,0
11,2,4,12.15098278227072,4,0,0
9,1,1,28.734721083738307,9,0,0
11,0,7,12.004594199975683,2,1,0
12,3,5,29.879410817272298,3,0,1
10,2,5,8.45271388564483,2,0,0
10,6,2,23.503801697744098,2,1,1
9,0,0,12.802056965624631,3,1,0
5,3,7,17.685461316537136,2,0,0
15,3,6,0.0,3,0,1
8,5,0,36.68729979139651,2,1,1
5,2,7,18.169359332171986,4,1,0
14,1,9,25.167661819128774,2,1,0
11,2,1,1.2231768678371537,2,0,0
14,5,10,16.7158942446948,2,0,0
8,2,7,13.20578973589084,7,0,0
14,1,4,4.4239642167212185,3,0,0
12,4,7,27.852848844044164,4,1,1
9,3,10,16.462720797739053,1,0,0
15,3,5,14.458385023428097,2,0,0
8,1,1,21.24750561988691,6,0,0
8,1,6,6.453172826766169,3,0,0
11,0,10,16.612897462143447,2,0,0
4,2,10,15.901822460808525,1,1,0
12,2,5,16.341316819498335,5,0,0
9,2,3,25.273030703230994,1,0,0
9,3,8,10.755282908022217,0,0,0
7,4,3,9.700271169523203,1,0,0
12,1,0,8.856301711828372,4,0,0
13,5,2,8.442377707704718,4,0,1
12,3,10,26.023343584229778,2,0,1
12,2,7,14.293095172859195,2,0,0
14,2,2,25.228049633575626,3,0,0
6,1,6,17.710216414112242,3,0,0
15,2,10,6.2587639076589365,2,0,0
14,1,0,0.0,3,0,0
6,2,3,0.4797125092113639,2,0,0
5,2,3,6.091405789683451,2,0,0
6,2,8,25.19721548173873,6,1,1
8,1,10,28.0079193451347,6,0,0
11,1,0,15.92953341659703,1,0,0
10,3,10,24.269120280539198,2,0,1
13,1,8,9.450109285967725,8,1,0
7,2,9,8.721718966784671,2,0,0
8,1,7,22.70772529022669,2,0,0
10,1,9,16.66265416510464,2,1,0
14,3,5,22.334840095895277,3,0,1
16,4,10,15.512267824627175,1,0,0
8,1,3,11.246358588649668,7,1,0
8,1,10,12.842569257785552,5,0,0
10,2,5,18.07130577422381,3,1,0
10,1,5,17.39862365788398,3,0,0
9,2,1,5.680893929899332,4,0,0
6,6,6,13.782972608093273,4,0,1
12,1,8,0.0,2,0,0
12,0,7,11.508852927322343,4,0,0
11,1,2,5.792419621750305,2,0,0
10,3,7,0.0,2,1,1
10,1,3,37.100177426513035,4,0,0
12,1,9,7.2770445672796225,2,0,0
12,2,0,5.587022410271212,3,1,0
17,1,2,31.22920795410234,3,0,0
9,2,0,3.2798674186280863,2,1,0
10,3,4,0.48610499900193815,0,0,1
17,3,9,12.945922374651929,4,0,1
8,0,10,10.05026501829619,2,0,0
14,2,8,8.606421121346923,3,1,0
8,3,6,5.826956657565432,1,0,0
9,3,2,13.114106914349925,4,1,1
10,3,6,31.364902099368997,3,0,1
6,0,7,0.0,4,0,0
9,2,3,23.406032269270867,4,0,0
9,5,2,30.336911725070056,1,0,1
6,3,1,8.73802971346458,2,0,0
10,0,7,18.763963994689668,2,1,0
14,0,2,13.780379885103018,2,0,0
16,3,6,0.0,3,1,1
10,1,10,27.189867012857338,2,1,0
5,1,10,15.35221102973992,5,0,0
6,0,10,9.790148235887273,3,1,0
15,1,1,0.0,4,0,0
12,2,4,20.20902237894074,3,0,0
11,0,4,16.521181678548547,4,0,0
12,2,8,21.05804752327974,4,0,0
15,0,7,20.5526470102038,2,0,0
11,2,7,6.8680059946777,2,0,0
15,2,9,0.0,3,0,0
7,1,1,13.900601261095051,3,0,0
13,0,1,13.228206980030725,3,1,0
7,2,9,16.63817193573678,2,0,0
13,2,6,30.178779582826557,1,0,0
15,0,3,14.51271966750078,1,1,0
10,3,2,21.925793921077045,2,0,1
9,2,2,18.770924938741945,2,0,0
10,1,6,1.1519127336000228,2,1,0
7,2,0,2.0981790580668047,1,0,0
11,3,3,26.53583891194548,5,0,1
6,2,5,6.205332746776248,2,0,0
10,5,8,18.6916116165191,2,0,0
11,1,0,4.760545397586068,5,1,0
7,1,0,22.4643588943907,2,0,0
11,2,1,17.474232924412345,4,0,0
11,2,6,12.021590703195297,1,0,0
12,3,6,21.665843866716095,3,1,1
13,0,4,17.596990079418532,4,0,0
7,1,3,7.777340691068356,2,0,0
9,2,9,15.119516322834878,0,0,0
13,0,5,21.691098787362378,8,0,0
11,3,7,26.076952227376225,3,0,1
7,4,6,13.712803353976284,4,0,1
12,3,1,32.864532604538965,1,0,0
7,4,10,7.554829317243664,6,1,1
8,3,1,0.0,7,0,0
8,2,5,0.8893831150487674,4,1,0
12,1,0,14.900477119744792,4,0,0
5,1,4,15.120246811885803,2,1,0
5,0,0,16.256025445660185,6,1,0
5,1,6,8.31943312161371,7,0,0
10,1,2,37.25714806370687,4,1,1
11,0,8,30.109301184897987,4,0,0
11,2,4,3.5571283626098946,3,1,0
2,4,0,13.980707274845605,4,0,0
11,2,9,15.492843894086517,5,0,0
16,3,3,21.856300342260212,5,0,1
11,3,7,0.0,4,1,1
13,1,6,0.0,3,0,0
14,3,5,2.8108952448373596,6,0,1
15,0,8,30.04108010679812,2,0,0
8,2,3,8.452951027419422,2,1,0
13,1,9,23.085293733288566,3,0,0
7,3,0,20.888306716363537,0,0,0
10,2,9,13.203161652646713,4,0,0
10,1,5,23.274366039556575,0,0,0
15,1,3,2.7247912253896907,5,1,0
9,3,0,10.285653602083027,5,0,0
10,2,9,0.0,6,0,0
10,2,2,15.976820734854275,3,0,0
10,5,10,7.0767834275412,4,0,1
7,2,0,36.89927821967486,1,0,0
13,2,4,15.586841260903162,1,0,0
11,0,7,23.19360834786626,5,1,1
12,2,1,21.528153417028992,2,0,0
9,2,5,14.22350230294693,3,1,0
11,1,5,24.920874420017526,4,0,0
6,0,4,15.330715442346417,4,0,0
11,3,6,19.755881117336457,0,0,0
12,1,0,38.579966524293376,3,0,0
7,0,9,16.922641171040578,0,0,0
10,2,3,9.72211626900245,3,1,0
8,1,10,7.921835712572999,4,1,0
6,3,5,14.169302168191779,5,1,1
13,4,3,16.17182851739499,1,0,0
5,5,5,15.591504477752524,3,0,1
11,1,1,0.0,2,0,0
10,5,10,0.0,3,0,1
12,1,8,5.312784906831023,5,0,0
18,0,3,15.587094794818189,3,0,0
7,3,4,15.631894982027086,2,0,0
10,1,6,19.545334718860644,3,0,0
14,1,7,18.63003094066542,1,0,0
13,2,0,10.00476031896521,3,1,0
13,4,6,4.793213432753149,4,1,1
14,0,9,20.2106258743894,1,0,0
10,0,8,17.261159047163062,3,0,0
10,3,1,4.0679045576300314,2,0,0
24,1,10,21.247751122666475,3,1,1
12,3,1,24.57036489607699,1,0,0
16,2,10,22.89466865099576,2,0,0
11,2,3,24.644712272535013,1,1,0
14,2,0,7.493917159748121,3,0,0
12,1,8,23.51798910433775,2,1,0
13,7,4,13.421592710782157,2,1,0
10,0,2,35.44821259458818,4,0,0
8,1,5,23.94127592191222,1,0,0
9,2,6,19.293997997510974,4,1,0
22,3,3,32.16258552372123,4,1,1
15,4,1,9.93704362753313,1,0,0
11,2,4,20.506858954402947,1,0,0
9,0,6,37.35582512793222,1,1,0
9,1,9,23.13188827008545,6,0,0
5,0,9,16.51443210940099,3,0,0
9,5,2,12.301852993920336,3,1,1
11,1,1,5.317268703984276,3,0,0
10,3,1,12.104449051197655,1,0,0
8,1,10,6.811704004944129,2,0,0
14,3,10,12.697910941770688,3,0,1
7,2,3,13.898091191698233,1,1,0
15,2,3,24.88749048130383,3,0,0
15,3,4,10.913845083962666,2,0,0
17,3,2,9.033692514315472,3,0,1
12,3,10,23.872348736570736,5,0,1
10,4,0,21.966961297644055,4,0,1
12,0,3,12.565512211739751,3,1,0
10,3,0,21.00902610478159,4,0,1
17,3,7,12.379696824216092,1,0,0
7,1,4,12.868150381606586,6,1,0
9,3,1,30.538689053571613,5,0,1
10,0,4,13.621709801153978,1,0,0
12,3,4,10.941577814832307,2,0,0
5,0,0,15.178802650096491,3,0,0
7,0,4,0.0,4,0,0
8,1,7,13.320487265708792,2,0,0
6,2,9,17.54733441090275,2,0,0
6,1,1,34.8138620437453,0,0,0
15,6,7,15.923797144636275,2,1,1
10,3,7,19.379166047120037,2,0,0
11,5,0,18.46431556365801,2,0,0
9,2,3,37.68602710517013,3,1,1
13,3,4,25.027007743979404,2,1,1
5,4,9,0.49001821460092465,5,1,1
13,1,7,27.291584438097658,4,0,0
11,4,2,5.550732587208973,3,0,1
9,0,0,8.463680503280505,3,0,0
10,1,6,2.0026179012351477,3,0,0
6,0,3,33.22334303012057,5,0,0
15,3,9,26.86342868955609,3,0,1
14,2,4,27.306615698782792,3,1,1
11,2,5,25.35887712429448,1,0,0
10,2,3,21.90742093779192,2,0,0
10,4,0,11.803082636093166,2,0,0
6,1,10,17.060484896749067,4,0,0
6,3,7,9.836574665557727,4,0,1
20,2,10,6.486647247873536,0,0,0
8,0,8,8.59517983950202,3,0,0
11,1,2,38.54172286574148,2,1,0
7,0,9,11.176983416701281,1,0,0
16,0,3,25.007762754280932,3,1,1
12,2,4,35.771697645522735,3,0,0
9,3,9,22.807057459044078,6,0,1
7,2,8,7.1198096082406,2,0,0
11,2,4,7.633897108956784,6,0,0
8,8,6,16.188528771277873,2,0,0
6,1,2,37.56778525987524,1,0,0
11,0,0,29.23542664568354,2,0,0
15,2,5,20.366500089864672,2,0,0
8,3,9,12.95825242241252,3,0,1
10,1,0,18.794446423064702,4,0,0
12,0,5,16.892446892304104,5,0,0
8,2,7,16.829081398137696,8,0,0
9,1,8,6.245927375821049,3,0,0
13,2,7,6.058060022142943,3,0,0
7,1,4,18.28807074341824,5,0,0
10,1,6,3.4034932516453775,4,1,0
6,2,5,8.74889103182505,2,1,0
9,3,8,15.296443881184201,3,0,1
13,1,3,18.307941187991016,2,1,0
13,2,7,26.157492396103365,1,0,0
12,2,10,2.4695020654176965,4,0,0
8,4,8,2.499995871180822,3,1,1
10,1,6,28.063148130291196,3,0,0
7,1,6,31.764903667527577,3,1,1
13,2,1,4.559145775853695,1,0,0
11,0,8,6.547764869235248,3,0,0
7,1,4,20.455611650869397,1,1,0
7,1,9,15.487234453619198,6,0,0
11,0,2,15.565125184925424,2,0,0
10,4,3,7.193649796849787,2,0,0
8,1,9,22.19695549846243,4,1,1
2,5,1,12.628371706983355,5,0,0
12,2,2,12.299498964312889,1,0,0
13,2,5,3.6876136528735053,6,0,0
9,2,0,22.913416988960034,3,0,0
12,4,1,11.386346962149414,2,0,0
6,0,3,14.548483851164477,5,0,0
8,0,0,26.89796766771314,4,0,0
11,4,5,4.531590470653317,4,0,1
11,1,3,14.133228746264834,3,1,0
12,4,1,0.0,2,0,0
10,2,9,9.763587819929587,4,1,0
14,2,3,27.88218243816838,4,0,0
9,0,7,0.0,2,0,0
11,2,5,17.356811467697796,7,1,0
15,2,10,31.035417334447104,0,0,0
12,2,0,20.487531156634446,1,0,0
17,3,4,9.161966594562795,1,1,1
11,3,10,3.8826747047597294,1,0,0
8,3,5,0.0,7,0,1
11,4,3,30.623269429455856,0,0,1
5,2,3,10.791175095049793,3,0,0
12,3,2,0.0,5,1,1
15,2,9,4.78835026607271,4,0,0
8,1,9,4.2190369563098695,2,1,0
9,4,5,10.048859573650855,2,0,0
11,4,8,38.88355616518678,3,0,1
12,5,6,24.22939793161568,4,0,1
5,3,8,19.84307080815006,1,0,0
14,4,5,26.974715490104742,2,0,1
16,1,1,33.338615884161044,0,0,0
11,2,5,20.281304277470078,5,0,0
8,3,6,29.41197455628865,2,0,1
6,1,1,8.592377196237457,0,0,0
10,1,0,6.372686623349434,1,1,0
10,2,5,4.684018783784644,3,1,0
13,2,7,17.939484342094325,1,0,0
13,3,10,0.0,2,0,0
9,2,5,28.247030953106865,3,1,1
10,3,7,10.063321947559025,3,0,1
5,1,5,23.262886879976932,4,0,0
7,1,5,1.0819167518228756,5,0,0
9,0,7,26.11247412546822,4,0,0
11,2,2,28.828520701458196,4,0,0
10,5,2,16.029108545710944,4,0,1
6,0,5,20.277770126481933,2,0,0
9,1,3,4.73765650558726,3,0,0
6,1,6,15.45548855117995,2,0,0
9,1,10,24.722869750919873,4,1,1
18,2,6,11.969935966619879,3,1,0
14,3,8,30.263784790289524,2,0,1
7,2,1,0.0,2,0,0
10,0,10,11.71348411880193,1,0,0
7,2,1,0.0,1,0,0
9,1,5,18.16162612757043,3,0,0
12,2,8,12.869767313639464,3,0,0
7,3,6,13.241281751206268,3,0,1
14,2,5,22.40002224839005,4,1,1
9,2,4,12.162450896911452,2,0,0
9,1,7,43.06699958160355,1,0,0
9,0,1,23.085275152515333,4,0,0
10,1,2,15.300456815480873,3,0,0
14,1,5,8.25290126217591,8,0,0
11,0,0,5.892802109222984,8,0,0
12,5,7,19.37028287661355,3,0,1
15,3,10,9.734609292937275,4,1,1
7,3,10,24.9088434994393,2,0,1
14,0,8,14.177209998956062,4,0,0
7,1,1,14.210838838184582,3,1,0
7,4,8,16.146505073692193,4,0,1
9,0,4,13.479801933369057,3,0,0
10,3,7,17.771440378300326,1,0,0
13,2,0,35.69512967117579,2,0,0
12,2,0,20.4081933800736,3,0,0
17,2,3,19.233422350764492,3,0,0
14,4,0,22.870073183310303,3,0,1
12,1,0,13.914906047782392,4,0,0
7,2,4,5.363474262019878,0,0,0
5,0,1,0.0,3,0,0
11,4,3,0.0,0,0,0
12,2,7,22.479432532445664,2,0,0
10,4,10,18.68799264559337,2,0,0
16,3,5,13.520135512956166,5,0,1
20,4,1,38.622878422893436,2,0,0
8,0,2,14.657408956021492,2,1,0
12,4,1,0.0,5,0,0
10,3,3,22.504944015861767,2,1,1
12,1,4,26.609483947331753,3,0,0
9,1,8,22.20084733835357,3,0,0
6,5,6,26.75725870747125,4,0,1
9,1,7,0.0,3,1,0
13,0,6,15.946872996518989,4,0,0
9,2,10,6.699740470064469,3,1,0
13,3,9,20.230980887566773,3,0,1
7,2,7,30.203134780442568,1,0,0
7,3,10,11.318717282770995,3,1,1
9,2,4,21.51603520743442,3,0,0
9,2,2,6.235367669765685,3,0,0
9,3,6,14.824844836755192,6,0,1
10,2,0,9.857915743782485,1,0,0
6,3,2,33.01000891996485,6,1,1
7,3,6,4.201818890561327,3,0,1
8,0,3,15.882365941563307,1,0,0
3,3,6,28.693123982498356,5,1,1
12,0,9,0.0,7,1,0
13,2,9,19.3125069923009,2,0,0
11,4,5,16.111124639984148,5,0,1
10,1,3,8.188196907734177,9,1,0
10,3,6,27.161056882959542,2,1,1
9,0,7,32.15962342506012,2,0,0
7,2,7,21.579861347823886,3,0,0
8,3,6,12.032305496970885,3,0,1
13,3,1,0.5307276315955285,6,0,0
18,4,7,16.79983186489517,3,0,1
15,2,4,13.463484321678882,5,0,0
12,1,8,14.070515443715271,4,1,0
7,6,5,10.03113568567792,1,0,0
12,2,3,9.151723114866943,6,0,0
13,2,8,15.29062170422354,2,0,0
13,2,0,2.6870918649429694,2,0,0
6,2,3,25.364118456990795,3,0,0
9,1,10,7.3669270286682575,1,0,0
13,4,4,16.120377938348682,3,0,1
8,1,3,11.757143066995019,7,0,0
8,4,8,21.501998846849915,4,1,1
13,7,0,20.954363938092456,1,1,0
11,3,2,20.070378896355002,4,0,1
12,3,8,3.311077864184025,3,0,0
7,1,6,13.075431694017475,1,0,0
10,3,4,31.022596782172872,2,0,1
17,4,10,11.5811394480155,2,1,1
12,3,5,25.49281225776312,4,0,1
14,1,3,14.898585251401714,3,0,0
7,2,4,11.902363592339865,2,1,0
9,3,7,16.865605911145853,1,0,1
11,2,4,6.677953281892906,5,0,0
14,2,9,23.998737776117945,3,1,1
14,1,1,6.460777165760689,3,1,0
6,1,7,20.536619714053884,2,1,0
16,0,2,25.78608866315222,6,1,1
10,1,4,19.257304312950524,2,1,0
11,1,10,9.309832743242652,3,0,0
8,4,5,16.85706624887206,4,0,1
12,0,0,7.657835508522196,2,0,0
13,0,2,12.886690899303435,3,1,0
17,0,0,9.76716715938731,5,0,0
5,0,6,7.387529474177278,8,0,0
10,2,1,21.305751241185813,3,0,0
4,3,9,24.839413003318896,4,0,1
11,5,6,25.532733822999447,4,0,1
15,0,2,17.421179684823958,3,0,0
9,0,2,29.691447463776907,5,0,0
9,1,0,8.231015629789802,3,0,0
9,0,6,27.851491899263138,1,0,0
10,1,7,24.095612185192927,2,0,0
3,2,10,15.398315968040944,2,0,0
13,0,3,17.23065653476448,2,0,0
14,4,8,25.36305811010694,4,1,1
14,2,3,21.61869326750042,3,1,1
11,1,9,17.614821268721904,2,0,0
4,1,4,10.497619515050879,6,0,0
6,4,10,5.75705898708693,5,0,1
10,5,5,16.08314724157278,1,1,1
13,1,8,3.55655802622649,3,0,0
11,2,8,22.32223303321727,4,0,0
10,1,7,0.0,1,0,0
14,2,9,18.06988230404964,5,0,0
14,1,1,12.231764733066743,3,1,0
5,1,9,10.605861129107101,4,1,0
11,2,9,12.234633493752627,4,1,0
12,2,0,0.0,1,0,0
8,1,1,10.58102986765299,0,1,0
12,2,5,6.3230902579403985,2,1,0
14,4,10,6.449854512404137,4,0,1
14,3,6,46.20976620705856,3,0,1
7,0,5,1.1108175576408659,3,0,0
9,2,0,18.961405701408406,1,1,0
15,0,0,7.044117557721247,1,1,0
11,2,0,5.877883266477124,5,1,0
8,0,0,1.5319652372368253,5,0,0
8,2,9,26.283003295422027,2,0,0
7,4,9,27.044149757654562,5,0,1
9,3,0,8.797359209602988,0,0,0
10,3,1,24.121377777460033,4,1,1
8,1,1,4.641716841067334,2,1,0
10,2,3,10.989002058556483,4,0,0
15,3,2,21.789637548164805,7,0,1
6,5,3,4.987884925968938,5,0,1
11,0,4,7.6068841355413745,3,0,0
7,1,3,15.245025036956656,5,0,0
12,1,2,15.372929639696078,3,0,0
16,2,2,4.216834546940454,4,1,0
10,2,3,37.32972736191925,6,0,0
12,2,5,6.561704743642057,2,0,0
14,4,6,24.527717331687928,3,1,1
8,0,3,20.958552007712925,8,0,0
2,1,7,6.946304080573208,3,0,0
14,0,5,19.632591391543443,6,1,0
12,1,4,6.59415834219284,6,0,0
14,4,7,15.70850169134504,4,1,1
14,1,5,23.240604399301077,5,1,1
7,0,0,9.417819936116798,1,0,0
10,5,10,19.114807364867147,2,0,0
11,3,0,9.239879701811008,5,0,0
12,2,9,16.756416013616494,2,0,0
10,2,9,16.06137505703253,4,1,0
18,3,5,11.3336149921831,5,0,1
12,2,7,0.0,4,1,0
15,5,8,22.808904710490076,3,0,1
10,3,3,34.904760823206026,3,0,1
6,3,10,16.396119065658844,1,0,0
14,2,6,8.86961380032356,3,0,0
8,3,8,17.080921834365594,3,1,1
9,1,7,26.460266103693968,1,0,0
11,1,7,27.79543296955547,4,0,1
11,3,0,24.116861236604663,1,0,0
9,2,9,19.45179993365266,2,0,0
9,1,5,21.753009256345788,6,0,0
11,1,10,16.182855996656265,2,0,0
13,1,8,5.43963738790589,4,0,0
3,2,7,11.214492351968929,4,0,0
10,2,1,11.77078501011362,3,0,0
8,1,4,17.925566571351414,4,0,0
9,3,10,0.0,3,1,1
8,3,3,20.110376862446127,2,0,1
9,2,7,0.0,4,0,0
6,2,8,19.113346218929266,2,1,0
9,2,2,26.698459166997615,4,0,0
12,2,8,23.948395506330936,4,1,1
15,3,0,6.042933186499342,1,1,0
9,5,6,21.236034910038352,1,0,1
10,2,7,22.04355808019308,4,1,1
8,2,5,32.05775977545961,3,0,0
13,1,3,18.657136395430783,7,1,0
12,0,3,25.261191541502008,4,0,0
13,2,6,10.628739011965008,2,0,0
8,0,9,6.479362510259769,0,0,0
11,3,5,23.642585044451454,3,0,1
16,3,3,23.781460506922798,2,0,1
13,2,4,8.645222131149978,2,0,0
12,0,9,2.881671720205084,4,0,0
9,3,3,16.23243575668348,2,0,0
14,3,0,15.437776827648092,3,1,1
9,3,3,17.33875336822963,2,0,0
13,2,5,23.858290793691022,4,0,0
8,2,10,25.288609927937703,2,0,0
11,2,1,15.078524763926275,4,1,0
8,0,6,5.047014306381531,2,0,0
7,2,8,7.743203891017334,7,0,0
10,0,10,9.033253503923769,0,0,0
9,2,9,13.798391698902936,2,1,0
14,2,1,9.854326636951413,3,0,0
16,4,6,12.552389735537002,0,0,0
12,2,1,15.738040042665755,2,0,0
7,2,8,8.569237914282173,2,1,0
8,2,0,18.219943930618175,1,0,0
4,0,3,33.27645758839921,1,0,0
10,3,1,13.332745897444534,2,0,0
16,3,0,8.183355181686053,2,0,0
16,2,1,18.066804116692232,2,0,0
11,1,9,7.0491352860389505,3,0,0
13,4,5,13.52691011845417,2,0,0
5,2,4,8.215545128989598,7,0,0
8,1,0,4.30152280152463,4,0,0
11,3,2,6.214194643644916,3,0,1
7,1,9,8.391892123851799,1,0,0
6,2,5,4.58281774984054,5,0,0
14,1,4,27.788138073425387,3,0,0
7,1,5,19.313737745173164,6,0,0
11,3,7,24.418123107176385,3,0,1
13,0,5,1.4167039993904034,1,0,0
6,1,10,12.060590596224946,4,1,0
12,1,4,19.19181486666747,4,1,0
14,2,10,31.527093886292565,4,0,0
9,3,3,7.472881159402292,1,0,0
9,2,4,2.1369608645262073,7,1,0
4,3,10,16.906254295618915,2,1,1
9,2,8,8.262502584820009,3,0,0
8,3,9,32.058126014937784,3,0,1
13,1,10,20.420138823641217,1,0,0
5,1,5,12.143190246206665,2,1,0
7,1,4,12.172220100772595,1,0,0
10,3,10,13.733822212328695,4,0,1
10,3,10,0.0,4,1,1
6,2,7,15.41972083540811,2,1,0
7,0,4,10.130161153628844,4,1,0
10,1,4,21.327563272065923,0,0,0
9,2,7,6.0237222163559565,1,1,0
10,2,8,21.825302008661808,5,0,0
15,2,7,20.42979186581475,3,0,0
8,0,8,16.597256417893856,5,0,0
11,3,8,27.537003081538955,2,0,1
12,3,7,0.0,3,0,1
16,2,6,19.438813891368657,4,1,0
6,1,6,14.552532347787484,3,1,0
11,4,0,14.259289310347159,3,1,1
6,2,6,5.181910849621616,3,1,0
8,4,9,0.8034345560949951,2,0,0
8,1,5,23.923201442038838,3,1,1
19,2,0,22.881143586730545,2,0,0
14,2,9,32.986186313988696,4,1,1
17,0,9,34.62904071753323,2,1,0
9,1,7,0.0,6,0,0
11,2,8,13.453974058037563,2,0,0
10,5,10,17.507296719691304,4,0,1
2,4,10,24.620362616778607,1,0,1
10,4,1,29.268386455029905,5,0,1
12,2,3,4.709090591090579,2,0,0
9,3,10,9.590043243675058,0,0,0
10,1,6,28.708391331195497,2,0,0
17,4,10,0.0,3,1,1
12,3,0,4.234864752834053,1,0,0
5,2,7,19.37779305600847,1,1,0
11,1,8,35.54329069330137,1,0,0
9,2,7,0.0,4,0,0
11,4,1,15.59570679487526,4,0,0
7,3,7,20.544001775167995,5,1,1
17,2,7,29.698271907820043,5,1,1
9,2,1,19.467279765623474,2,0,0
14,1,10,0.0,4,0,0
14,5,8,2.140840566336932,7,0,0
14,3,0,28.720267260396554,2,0,0
6,2,6,19.40262707038293,0,0,0
8,2,1,3.7417271008841357,1,0,0
14,4,7,19.934967284517352,5,0,1
9,3,7,18.07159053529206,5,0,1
9,1,3,0.0,3,0,0
9,2,7,0.0,0,0,0
17,3,4,18.107771977535098,3,1,1
9,1,8,35.354269840199166,3,0,0
8,0,0,17.637564055439086,0,0,0
13,0,4,0.0,6,0,0
13,1,8,0.0,2,0,0
13,0,5,21.25761276335814,5,1,1
13,2,3,22.347776907849244,4,0,0
7,1,0,13.057826362709742,6,1,0
16,1,9,10.161103501898264,1,0,0
13,0,5,22.938785172553153,4,0,0
15,1,10,26.0487314570044,4,1,1
12,1,6,21.939617094105863,1,0,0
7,1,6,5.460887606436863,3,1,0
9,5,8,23.992439014738846,2,0,1
11,2,3,11.469864731755505,3,0,0
8,2,3,8.984285044479801,1,0,0
11,2,4,8.593289866438997,1,1,0
13,3,8,15.210749426766881,1,0,0
8,1,1,20.70314065644888,2,0,0
6,1,3,0.0,0,1,0
14,2,8,7.692480228491064,2,1,0
14,0,5,10.391184376088646,5,0,0
7,5,5,25.3637180045394,1,0,1
10,2,6,6.3329351385136885,2,0,0
5,2,4,11.690178130658989,2,0,0
4,1,3,23.096360933769077,3,1,1
9,0,10,15.396007769657846,0,0,0
16,4,2,30.331212426720437,2,0,1
13,0,1,13.498402725590292,4,0,0
12,2,6,33.829747808811504,2,0,0
16,4,4,35.62681917697947,6,1,1
14,3,0,19.580442762154973,2,0,0
5,2,3,19.182751125847847,2,0,0
7,1,8,20.59025863218772,1,0,0
13,3,7,23.165942591073552,1,0,1
8,3,10,16.237130948900454,3,1,1
7,0,6,26.687387712265775,1,0,0
10,0,4,20.003886784111245,2,0,0
15,1,0,28.861059553900333,4,0,0
6,2,4,0.4723010916169219,2,0,0
9,7,7,17.16262597936761,5,0,1
7,1,3,25.154467974169396,4,1,1
11,2,4,3.584744694406197,4,1,0
12,2,7,19.305681351264003,1,0,0
6,1,4,21.086267303739138,3,1,1
4,2,3,32.27892303053494,1,0,0
12,2,10,11.604436120058788,4,0,0
11,0,3,17.111405945772255,8,0,0
8,0,5,9.441819576727895,3,0,0
11,2,9,13.591814019575152,3,0,0
10,2,0,31.194553023256592,2,0,0
6,0,3,14.707919915446269,4,1,0
8,3,0,7.907670565351537,4,1,1
13,3,5,13.172711797964897,2,0,0
16,4,7,9.810771618757048,1,1,1
9,2,3,10.586266253032605,1,0,0
10,2,7,9.611127180678821,2,0,0
8,3,1,10.000455083577462,4,0,0
12,4,4,3.1321934962997453,2,0,0
10,1,2,15.692264564816464,2,1,0
14,2,6,5.213917820346641,3,0,0
8,1,8,26.413975968551924,2,0,0
14,6,0,11.880094563868306,3,0,0
12,1,7,19.085803633021968,5,1,0
9,7,3,19.106559249573188,2,0,0
12,2,9,0.0,3,1,0
7,2,10,12.335025688408756,3,0,0
11,5,4,32.18433543973918,1,0,1
10,2,0,7.241237158544296,5,1,0
20,2,4,37.71471027788007,3,0,0
15,2,8,20.4430097651311,3,0,0
9,3,7,20.169435946392433,3,1,1
15,2,7,17.393640774803686,6,0,0
11,0,5,25.460619681742926,2,1,0
14,1,8,26.014426343626063,2,0,0
13,2,3,14.814114444676525,2,0,0
9,3,5,10.69672958058911,2,0,0
13,2,2,0.7518439836995121,3,0,0
11,1,1,23.137534250056284,4,0,0
6,3,8,15.656896741614904,3,1,1
9,4,4,6.562045420939471,1,0,0
14,0,10,9.195435567341601,2,0,0
13,1,1,14.316246449638152,2,0,0
8,1,4,5.185511180870252,2,1,0
5,1,5,15.485819198372212,3,0,0
13,2,7,0.0,2,0,0
5,3,4,9.675859141165985,3,0,1
11,4,1,3.3812235357540548,4,1,1
9,1,6,17.003554378759034,1,0,0
13,1,4,5.221629750953419,4,0,0
10,2,10,9.409950920139433,1,0,0
8,1,1,37.5978781165663,3,1,0
10,0,5,23.649988349038622,4,0,1
7,4,10,21.006353396699858,2,1,1
9,0,6,27.975797250160824,3,0,0
9,2,7,20.124705186570296,5,1,1
8,3,2,0.9569197637869706,3,0,1
15,1,10,1.8350295427509593,1,0,0
8,0,3,0.0,2,0,0
15,3,5,17.019422118954218,4,0,1
10,1,2,4.398475519837881,4,0,0
4,2,10,9.295785520990965,2,0,0
5,1,5,11.801264560194607,4,0,0
13,3,8,8.915085060080962,3,0,1
8,4,4,14.655037000759847,2,0,0
8,2,1,12.170217826513124,3,0,0
11,2,9,11.17397611487548,3,0,0
10,3,1,0.0,1,1,0
9,0,10,17.41712375667592,5,0,0
8,5,6,36.75866502785619,4,1,1
8,1,3,17.762950166901113,2,1,0
9,3,8,37.69044070569134,4,0,1
4,0,8,9.316850096055624,6,0,0
9,3,5,12.472247801148637,4,0,1
11,3,9,14.801397665613006,2,1,1
13,3,4,13.302057835012212,5,0,1
11,1,6,26.649307042647408,3,0,0
12,3,4,0.0,1,0,0
8,0,8,10.453028674586694,6,0,0
8,1,8,31.633738956887708,4,0,0
10,2,6,10.033601506115614,3,1,0
6,2,3,24.28584903434465,1,0,0
10,1,0,21.04116659779288,1,0,0
17,1,3,14.274083547654165,4,1,0
4,2,2,18.16597942816906,4,0,0
8,1,0,14.145069972107933,4,1,0
8,2,9,0.0,2,1,0
7,2,3,19.5997255878236,1,0,0
15,2,6,8.83902816272812,5,0,0
6,1,1,1.2319589854071928,1,1,0
5,2,6,18.869996159642586,1,0,0
6,0,5,18.209805256329958,4,1,0
9,1,8,24.814017450945165,2,1,0
14,1,10,12.38802063174166,1,0,0
12,6,1,23.587557461429135,3,0,1
7,1,5,15.212084376278273,5,0,0
7,1,10,18.45262211584907,0,0,0
6,1,5,19.27751814747274,6,0,0
10,7,5,1.6936033189806885,4,0,1
11,1,2,18.770835534071786,3,0,0
7,1,5,16.03905143952842,3,0,0
6,2,8,12.288464441680429,5,0,0
12,2,10,16.143361297616583,2,0,0
8,3,2,40.49581156431418,6,0,1
9,2,1,0.0,5,0,0
11,2,7,13.684504206267341,1,0,0
12,2,2,23.118480412706127,2,1,0
8,2,4,2.5392045721487477,3,0,0
13,0,4,18.710479704776663,4,0,0
7,2,1,18.02323850906135,4,0,0
10,2,1,0.0,2,1,0
12,2,5,9.156876006716846,6,0,0
9,2,1,32.83417618854833,6,1,0
15,3,5,0.0,4,0,1
12,2,6,10.61066924768063,4,0,0
11,2,3,13.348350151720538,1,0,0
9,1,9,15.042481518065815,5,1,0
7,1,3,10.869815213846255,6,0,0
7,1,2,15.822948372200637,2,1,0
6,1,0,14.64418661162075,1,1,0
8,1,3,22.10242538357195,3,1,1
12,3,2,23.4453576499345,4,0,1
14,1,7,19.395204996637176,5,0,0
9,2,4,17.366956961502215,2,1,0
13,1,6,0.0,1,1,0
10,0,2,16.157780812011982,2,0,0
7,0,2,26.139919561430442,6,0,0
6,1,10,0.0,2,0,0
6,5,5,1.828222867967991,1,0,0
12,4,9,29.919234151003387,1,1,1
7,3,3,0.02126644452537718,5,1,1
7,2,7,13.972611382101856,0,0,0
11,2,2,9.483592234324481,2,0,0
13,0,4,29.317172179516866,2,1,0
15,0,0,18.029061398457515,2,1,0
9,0,0,22.91246034818934,0,0,0
13,4,7,15.556873547419503,2,0,0
6,2,6,34.95225517456474,2,1,0
9,1,0,7.560350681207858,1,0,0
10,2,5,18.435603514234803,4,0,0
11,1,1,27.57073217581837,4,1,0
5,2,0,29.8381894367272,2,1,0
14,3,9,12.320175779236187,3,0,1
23,0,4,0.0,6,0,0
8,5,4,11.158855993848892,4,0,1
14,1,1,32.43596502562753,5,1,0
11,5,4,7.367408961522485,1,1,1
10,2,6,17.91198402511991,4,0,0
15,2,3,11.928872817419956,3,1,0
13,1,1,14.277458331683695,0,0,0
5,1,4,28.12138882961175,2,0,0
11,2,10,17.544800142505533,2,0,0
8,2,5,35.41936731504387,6,1,1
13,2,7,24.762750490452717,2,0,0
11,2,8,16.312390914832115,3,0,0
10,0,10,14.058516745500791,5,1,0
6,3,9,18.31765913884187,2,1,1
12,1,7,2.6682030978949722,3,1,0
7,1,6,4.423488479640307,4,1,0
11,0,8,22.570116900030243,3,0,0
12,1,8,24.195599286969617,2,0,0
6,3,5,1.7701782181730774,3,0,1
8,3,2,23.595151749379117,5,0,1
12,3,10,13.242854676350158,2,0,0
12,2,7,6.687704524984529,3,1,0
12,0,2,11.854097089498627,2,0,0
13,1,0,23.882789840799738,5,1,0
9,1,3,21.087844465909395,3,0,0
16,2,8,17.973140202812235,2,0,0
13,4,7,18.78485167962419,2,1,1
8,2,5,3.590873466712136,3,0,0
10,0,2,20.468312408461358,4,0,0
12,1,2,10.427566084939679,3,0,0
4,3,6,35.2123837971798,1,0,1
9,1,4,11.199655356076546,4,0,0
13,2,2,37.26179284338912,4,1,1
5,2,0,13.388033184929094,3,0,0
5,3,10,14.050996667454001,1,0,0
8,3,8,12.056886866349817,2,0,0
10,2,10,2.4188310749539,5,0,0
8,0,4,28.263468675323153,3,0,0
10,3,10,15.970962202952833,3,0,1
14,2,6,21.270907031279034,2,1,0
7,1,9,31.150898519261702,2,0,0
5,3,8,13.688691554111646,2,0,0
9,1,3,14.072507444378617,6,0,0
9,2,10,16.449097919545565,4,0,0
10,4,4,2.1712924959028417,0,1,1
6,5,2,0.0,4,0,1
10,4,6,0.0,2,0,0
9,3,0,27.41258526886655,4,0,1
8,3,7,11.740340251940893,2,0,0
5,0,2,22.843778585054686,2,1,0
18,2,3,12.414705314643175,4,1,0
21,1,9,0.0,1,0,0
14,1,3,23.660606387802083,0,0,0
16,2,10,6.110216690340373,3,1,0
11,4,6,20.798712699120394,4,0,1
7,3,6,24.235036801650807,2,0,1
9,3,3,14.556935200747494,4,1,1
18,0,5,19.74084474905646,0,1,0
7,2,7,0.7688617882979223,1,0,0
6,3,9,44.25024115440914,3,0,1
9,2,3,19.4012799664497,3,0,0
9,3,0,22.81226175195501,5,0,1
12,0,6,24.342512255698658,5,0,0
9,3,1,13.608239140768065,5,0,0
10,5,10,15.777428373438122,5,1,1
13,1,2,25.84959567595373,0,0,0
14,4,7,11.322714726675187,3,1,1
10,1,1,18.911352276874563,1,0,0
11,4,1,19.677804572632056,2,0,0
14,0,3,7.654888076870881,4,0,0
12,3,5,19.43793889385521,2,0,0
13,2,9,0.0,3,0,0
8,3,10,24.179624139531075,3,0,1
11,4,1,30.698711926021026,3,0,1
12,1,8,24.057361435316913,3,0,0
13,0,1,29.972938606452146,2,0,0
6,1,8,7.378009066706152,2,0,0
11,3,6,12.750250336475858,1,0,0
16,1,10,16.25428088514848,5,0,0
14,1,2,16.288127278757564,3,0,0
10,1,8,10.62703162856351,3,1,0
9,1,8,5.868501363004208,1,0,0
7,3,5,32.269666376835815,1,0,1
11,2,1,6.669359365434545,2,1,0
3,4,6,31.563896778723453,3,1,1
4,2,3,19.95094507460917,2,0,0
11,4,3,17.03017067016228,3,0,1
11,0,6,20.429872511382325,1,0,0
8,1,4,30.23443929883193,2,0,0
11,5,0,0.0,0,0,0
12,2,2,18.591393761845524,9,0,0
9,1,6,16.490052351801822,4,0,0
8,1,8,16.859426387951935,2,0,0
13,4,8,24.40503948737394,0,0,1
9,1,6,8.896043771564724,4,0,0
8,1,4,3.4910902714819674,0,1,0
10,1,3,1.157498601869742,3,0,0
8,0,8,5.926497647756923,1,1,0
12,3,5,21.874395064024604,4,1,1
11,4,9,20.048479816515222,4,0,1
8,0,1,23.83330305049835,2,1,0
5,3,2,10.401997035970863,2,0,0
13,4,6,10.846354047458934,4,0,1
12,3,3,31.537224410494385,6,0,1
10,1,6,25.197824864765778,0,0,0
6,2,4,22.52188122244757,3,0,0
9,3,0,0.0,6,0,0
6,0,9,34.57697679307296,7,0,0
11,3,2,14.080562371073908,3,0,1
9,0,8,16.729027917874312,4,1,0
9,1,3,19.475672619199635,4,0,0
10,4,4,16.64530226499403,1,0,0
8,1,1,13.280245865347794,8,0,0
10,0,9,16.45033863898941,1,0,0
9,2,10,21.364837028241617,4,1,1
12,3,7,23.487995228535127,3,1,1
10,4,0,27.197788654862762,3,1,1
8,1,10,4.024481289573041,2,0,0
10,0,3,9.540822209738618,5,1,0
12,2,5,23.52954543191376,3,1,1
10,0,7,0.0,0,0,0
11,2,3,16.61590482137444,1,0,0
16,3,1,7.140444354404002,4,0,0
8,6,3,20.511761680824353,5,0,1
13,2,0,6.549216436851603,3,0,0
8,3,7,11.404217667745211,3,1,1
8,0,8,12.095756365788699,2,0,0
6,6,2,17.463460093546185,1,1,1
4,1,7,24.583219748200207,4,1,1
15,5,8,25.319493452376545,1,0,1
8,2,7,17.049424510711717,3,1,0
11,4,1,3.903451182938868,5,0,0
11,3,1,40.79613135263129,0,0,0
10,0,9,14.148173304347367,1,0,0
5,2,3,17.73711212925693,5,0,0
4,6,0,17.422636206269708,3,1,1
7,1,2,18.53818960904796,2,0,0
13,4,3,6.5293969594794525,3,0,1
8,2,1,19.385728061678996,3,0,0
10,2,6,33.21501696335194,2,0,0
5,1,9,0.0,3,0,0
5,1,2,15.323130979861775,5,0,0
5,2,6,3.7843386866197513,2,0,0
13,4,6,24.888747887507797,7,1,1
13,2,10,26.41134575210248,2,0,0
8,2,8,13.723479033707346,3,0,0
10,0,3,15.60889924980312,4,0,0
13,3,3,6.190464775571256,2,1,1
13,2,0,0.0,4,0,0
11,2,10,12.298017973062066,5,0,0
16,7,5,12.862929165194322,4,0,1
8,4,5,15.430304017099537,6,0,1
12,3,6,0.0,5,0,1
12,3,8,0.0,0,0,0
7,1,9,0.16916968212149897,2,1,0
8,0,9,15.830987885574041,4,0,0
13,0,9,20.85266868411714,1,1,0
5,0,8,3.3742454992920923,4,0,0
9,2,4,12.241366752066128,3,0,0
10,2,1,9.211025054692133,1,1,0
5,2,0,35.320048523610545,3,1,0
16,2,1,11.151943495513912,4,0,0
8,4,1,10.72966901741597,4,1,1
15,2,0,6.84003114891784,3,0,0
11,4,7,0.0,3,1,1
8,0,2,21.46482680541019,1,0,0
12,3,9,12.335662296852707,1,0,0
9,1,9,11.116284777958567,0,1,0
6,2,7,16.823658849391766,3,0,0
7,4,5,0.0,4,1,1
13,5,0,32.705707820409245,2,0,0
15,6,6,0.0,2,0,0
8,5,2,32.76349482179525,0,0,1
7,2,8,14.850729672562727,3,1,0
13,2,8,11.13699994750911,0,1,0
12,0,3,21.711451288781735,3,0,0
8,7,1,11.536173685802593,3,0,0
10,2,9,24.31801478035193,4,1,1
4,4,8,18.07908187026143,1,0,0
11,2,4,22.127570740718824,3,0,0
7,3,10,25.4010577948341,6,0,1
10,3,7,13.256954266828757,1,0,0
6,2,8,24.645860728527985,2,0,0
13,3,10,20.17918933571501,4,0,1
11,1,0,28.33965517185674,3,1,0
11,1,10,11.327419091636024,2,0,0
14,0,2,28.656998997467056,2,1,0
8,2,6,7.269075547853702,3,0,0
3,0,1,0.0,3,0,0
9,0,3,1.3517757019468117,4,0,0
15,1,3,11.681218603062682,2,1,0
10,2,6,17.6254839514314,1,1,0
8,2,1,15.159483031125294,3,0,0
10,3,7,22.867086588292217,1,0,1
10,1,7,2.9939682901458085,4,0,0
13,2,5,32.24445102105179,4,0,0
18,1,3,28.453138241441575,3,0,0
13,2,1,24.351719166793742,3,0,0
11,2,2,27.651607971815015,3,0,0
10,3,2,0.0,3,1,1
12,0,2,21.98930323384022,5,0,0
9,2,3,22.403964277016264,4,1,1
11,1,6,24.673969246784445,0,0,0
6,2,8,23.46890575244386,3,1,1
5,2,9,19.445367034167788,3,0,0
13,2,3,19.04482631569266,3,0,0
6,2,6,26.923348771223775,5,0,0
10,0,9,8.766459739623041,4,1,0
8,3,5,18.66887008679747,4,0,1
14,0,9,9.470032920322845,3,0,0
10,1,8,13.479037509399815,1,1,0
7,2,7,0.0,2,0,0
15,1,1,6.294395099381775,2,0,0
6,1,2,10.63674705818459,7,0,0
12,2,5,10.768560378689847,3,0,0
8,1,4,11.665168885620924,2,1,0
7,2,1,3.1499496633392514,4,0,0
9,1,1,11.675713346914028,5,0,0
8,1,4,25.85415755803877,3,1,1
7,1,4,12.014419706056863,3,1,0
10,2,0,27.98202150895031,4,0,0
12,2,9,27.325058486516188,5,0,0
8,0,10,9.12953190496499,4,0,0
12,1,2,20.69375998307011,3,0,0
7,0,8,1.8695832573815778,1,0,0
8,2,9,4.460962133083656,3,0,0
7,4,2,16.11743704076037,2,1,1
12,1,5,20.085546865458166,0,0,0
9,0,5,31.133685275522815,2,0,0
7,2,1,13.371063186621916,1,0,0
13,2,6,16.755581935476275,5,0,0
8,1,8,15.978104952055999,3,1,0
11,3,8,32.935500805828056,2,0,1
13,4,7,28.42308894416494,5,0,1
7,1,4,18.84675719390981,0,0,0
7,2,7,22.938748548636326,4,0,0
6,4,8,18.496998583836472,3,1,1
13,1,0,25.747740108432822,2,0,0
9,2,0,23.617892445427188,3,0,0
11,1,10,11.97938269333169,4,0,0
11,5,4,15.994438195016615,4,0,1
7,4,6,16.618514965576786,3,1,1
3,2,8,16.518519094134692,3,1,0
6,1,8,9.92196897907717,2,0,0
12,3,2,18.36903058314306,3,0,1
7,1,0,9.909498364076809,3,1,0
4,0,2,9.14784140748364,5,1,0
17,2,7,13.81257513144516,1,1,0
7,1,6,17.69437699683875,2,0,0
11,2,4,27.256700947814895,3,1,1
11,5,10,22.100554852628527,5,1,1
10,2,9,26.101277843440688,3,0,0
8,2,8,32.7264525874984,1,1,0
11,0,3,9.146354138638806,4,0,0
12,2,5,22.11229866761133,2,0,0
14,1,4,22.512210195272246,1,0,0
13,2,5,17.559094705546407,2,0,0
9,4,3,23.92802570790089,1,1,1
12,3,2,15.875472879850278,2,0,0
11,1,4,21.707962327028543,7,1,1
5,1,4,0.8354219587152514,4,1,0
11,3,10,15.021238990086948,3,0,1
9,1,1,22.083530572716008,4,1,0
7,0,9,25.2841589074725,3,0,0
7,1,3,6.391746346234804,1,0,0
14,1,2,14.18191054403811,5,0,0
9,3,6,4.368155649507434,3,1,1
4,1,4,11.121636898827404,2,0,0
12,2,5,18.159408853018636,2,1,0
10,4,10,25.354875556989718,0,1,1
8,5,6,24.037687892369583,2,0,1
10,4,1,17.22761924451344,1,0,0
13,1,9,8.491029506480569,6,0,0
8,1,3,13.606581738878798,1,1,0
7,5,5,40.371902298982484,3,0,1
15,2,2,1.0142346898904364,7,1,0
5,2,5,2.9225591509912103,4,0,0
6,1,9,16.751502935866153,1,0,0
16,1,0,22.06795842190821,2,0,0
8,1,7,23.63550373632586,6,0,0
9,3,9,17.881498097244908,3,0,1
11,1,4,0.0,4,0,0
10,2,10,12.804084748902893,3,0,0
4,1,0,0.0,2,0,0
12,0,9,18.949447026496017,1,0,0
9,3,9,19.55797060374539,3,0,1
9,2,10,13.737114048468237,2,0,0
8,2,0,3.1701813968893493,3,0,0
6,1,10,6.810520766075957,3,0,0
9,0,9,0.0,1,0,0
8,3,2,14.485720444308342,3,0,1
8,3,5,46.68239987562611,4,1,1
12,0,1,13.979116979883305,2,0,0
10,2,7,10.798715507481695,4,1,0
8,1,10,17.16908614091733,4,0,0
12,2,9,3.4955111991213865,2,0,0
9,2,6,3.841083570626866,4,0,0
8,3,10,8.810748842466957,4,0,1
4,0,1,23.850211687785297,1,0,0
11,2,0,18.33572152537534,2,0,0
8,1,6,13.406614862039397,1,0,0
8,3,6,22.488652693493364,2,0,1
12,2,2,32.08618783246052,4,0,0
12,2,9,22.361703441949743,1,0,0
9,3,7,4.820609627297181,2,0,0
11,1,7,0.0,4,0,0
12,1,4,0.0,1,0,0
11,3,6,23.690248237376917,0,0,1
10,2,2,7.422025145409288,2,0,0
12,1,5,23.183770982271568,1,0,0
16,2,2,10.452190120762427,6,0,0
10,2,10,18.880533288018484,5,0,0
7,3,8,22.010786711387635,2,1,1
10,1,6,7.171631998966453,1,0,0
6,3,0,23.227759652151022,2,0,0
12,0,7,8.402666792687794,3,0,0
6,2,8,7.979933232640409,2,0,0
12,6,9,23.210945632325576,3,0,1
11,1,1,21.320942329633127,2,0,0
11,1,0,19.600096664610476,2,1,0
7,1,10,3.972246729310136,4,0,0
11,2,3,11.159299332051587,2,0,0
7,3,8,21.89033630741873,3,0,1
7,0,5,37.837253567850524,0,1,0
12,2,10,33.11164104568185,4,0,0
10,2,9,10.32070037780222,4,1,0
15,2,7,8.40887579661537,2,0,0
5,3,6,32.29934625047028,2,1,1
6,2,4,21.006937797933524,2,0,0
6,3,4,10.321864163526236,0,1,1
11,2,5,16.266813001340683,2,0,0
9,3,5,2.506413269347881,1,0,0
7,2,4,25.089894918610014,1,0,0
6,2,7,28.99844516666026,4,0,0
9,4,2,30.40078971905931,3,1,1
13,2,8,26.25819543537975,2,0,0
8,0,4,11.79603284859606,2,0,0
12,2,8,23.941453094163435,5,0,0
6,3,4,29.607373878971444,1,0,1
10,2,2,24.450901498472682,2,0,0
13,2,8,23.53261689329006,4,0,0
6,1,1,16.912448693992218,4,1,0
10,4,4,5.941352183692221,3,0,1
9,1,2,33.553251068582696,2,0,0
8,1,6,14.633476859954689,2,0,0
13,0,3,27.14202845938845,2,0,0
12,1,7,39.78006076409514,4,0,0
10,0,0,24.084252136380325,5,1,0
12,3,4,26.749044606593856,7,0,1
7,6,7,5.643874440326609,4,0,1
10,0,1,7.725952171395145,4,0,0
8,2,5,27.649740918490153,3,0,0
8,2,6,9.504170070710174,2,0,0
9,6,5,1.5863567855279292,2,0,0
6,4,9,0.0,3,1,1
6,0,2,12.833541334857202,5,1,0
16,2,5,12.707020864619537,4,0,0
13,0,6,24.978777186019055,2,1,0
9,3,2,5.108754069842336,4,0,1
8,2,9,28.774508010330713,4,0,0
9,2,1,2.873856407640538,2,0,0
8,2,2,3.140352815619723,3,1,0
15,3,0,16.384568508593812,3,1,1
7,5,6,15.531394280570451,3,1,1
14,3,3,20.79664773805126,3,0,1
9,4,2,3.243450057426232,1,0,0
9,2,5,18.530661194954252,3,0,0
16,2,2,0.0,2,1,0
5,2,10,0.0,5,0,0
7,2,9,33.28021251294607,3,1,1
14,1,2,25.465541680604524,2,0,0
8,2,8,14.962681303469925,3,0,0
13,4,1,0.0,3,1,1
10,2,4,10.419364599791098,2,0,0
10,0,9,19.48752046768726,4,0,0
10,0,9,10.397762630826474,5,0,0
8,2,1,30.612502134815927,3,0,0
11,1,5,21.292304324842995,4,0,1
9,0,3,5.7684031829495,2,1,0
18,2,6,0.0,3,1,0
11,2,0,23.746353492674153,1,0,0
10,2,7,23.410287424321055,2,0,0
10,5,1,22.560638784929623,2,0,0
5,3,3,31.853472662184693,4,0,1
8,1,10,19.57669800587091,1,1,0
17,2,6,15.938210632308536,2,1,0
12,1,7,22.644639931071325,1,0,0
9,1,8,27.347832320992453,3,0,0
10,2,4,21.874234349630623,3,0,0
15,1,8,15.31439535689866,4,0,0
14,3,8,24.682759544843485,2,0,1
14,1,2,15.961551416701578,5,0,0
11,1,6,10.120774603517175,1,1,0
14,2,7,16.2146976681833,5,0,0
9,4,0,11.8090625415797,5,0,0
14,1,10,14.141518567090989,3,0,0
9,3,9,6.539052835750031,3,1,1
9,2,4,24.990157800026523,1,0,0
11,2,0,17.13822623905127,3,1,0
9,4,2,22.105273184838467,3,0,1
10,4,1,19.822851926849815,4,0,0
11,2,1,5.978416679884603,3,1,0
10,0,3,28.231784267979993,3,0,0
6,2,4,12.74816832244828,3,0,0
8,2,10,11.388655395329366,3,0,0
8,2,0,17.144846180572134,1,0,0
10,1,10,17.3402757190145,4,1,0
14,0,5,41.006737392208166,3,0,0
9,1,10,20.964903426417514,3,1,1
11,2,10,10.144392016942293,1,1,0
9,3,4,33.98057258756518,2,0,1
13,2,3,0.0,4,0,0
4,0,5,10.179918146222075,0,1,0
9,1,1,9.443285157951324,5,0,0
11,3,7,14.957189014330266,4,0,0
13,1,5,18.461973787327736,2,0,0
4,3,2,19.356700671986466,1,1,1
7,0,3,19.171889727769944,4,0,0
17,3,1,21.299042583161803,4,1,1
10,1,3,14.397896103922665,5,1,0
15,3,8,27.89585711171827,2,1,1
4,3,3,0.0,2,0,0
9,2,7,0.0,4,0,0
9,1,2,22.407425137707456,2,0,0
20,1,4,11.687919196852246,1,0,0
17,2,1,32.17332651165223,5,0,0
6,2,8,25.426478089675726,5,0,0
11,4,8,20.888141047635038,1,0,1
12,1,9,10.132496876089398,3,0,0
14,0,6,21.758375825206855,3,1,1
17,3,1,11.035913606436925,5,0,0
10,1,3,15.596392841551529,3,1,0
7,6,5,11.73707908276069,6,0,1
8,1,8,17.591470957751547,1,0,0
9,2,5,12.491038481946802,4,0,0
10,6,3,25.006847887374427,5,1,1
11,4,0,19.526907361038013,2,0,0
9,1,6,9.90814827430186,4,1,0
9,1,6,10.525857905201331,3,1,0
6,1,5,2.29973814703129,1,1,0
16,0,2,0.0,2,0,0
8,1,4,24.32779612395406,1,0,0
13,1,6,11.438438430661282,4,0,0
13,7,5,2.8265881544399463,5,1,1
9,0,6,19.444385193072367,7,1,0
11,2,4,7.785418017944652,3,0,0
15,4,0,14.3069786775816,2,1,1
9,2,9,2.077931941746911,3,1,0
7,3,10,21.49081404847822,2,0,1
17,0,4,15.88055072765932,2,0,0
13,0,1,19.997349345642434,3,0,0
8,4,9,10.72326275165576,1,0,0
10,2,9,17.471268212190004,3,1,0
7,2,1,0.4463201000182604,1,1,0
12,0,3,37.745117760454995,3,1,0
7,2,5,19.14753210337864,5,1,0
6,4,4,32.074934932451725,3,0,1
6,1,6,12.338957742211376,3,1,0
8,5,9,4.5013338274331325,3,1,1
7,3,7,10.08456624323016,3,1,1
7,3,9,14.56182324374813,1,0,0
12,1,0,13.834207165571382,2,0,0
9,4,7,33.61562287803281,4,0,1
19,1,2,6.442716575580317,1,0,0
7,7,9,8.952278448833347,3,1,1
5,3,9,22.130040105790194,3,0,1
11,1,1,0.0,2,0,0
8,1,1,14.594945376511937,3,0,0
18,2,4,16.41720433324527,1,0,0
11,0,1,19.333497400914126,2,0,0
4,1,3,18.488733594531855,2,0,0
5,1,2,34.87737359410754,2,0,0
6,0,7,6.152374722922735,3,0,0
12,2,8,8.556471997734043,6,0,0
12,1,10,21.094503307635723,4,1,1
11,2,5,17.263837652488235,2,0,0
16,1,3,18.512280716555267,3,1,0
14,1,10,0.9484806714588423,3,0,0
17,1,10,36.81078603127853,1,0,0
9,2,1,19.515260882800096,2,0,0
16,2,10,0.0,5,0,0
12,0,7,21.113053450891147,2,0,0
8,1,2,3.966417700370439,4,0,0
7,1,1,24.291307848531186,4,0,0
6,2,3,1.8440575866150883,1,1,0
15,0,1,25.06052768818762,6,0,0
10,2,2,2.7922006997396096,0,0,0
10,2,8,5.256744914194908,2,1,0
8,5,6,16.37675464333035,2,0,0
9,2,10,8.883424913259303,3,0,0
11,2,0,9.45572593634798,2,1,0
10,0,9,0.0,1,0,0
9,0,4,11.702428282607213,2,0,0
7,0,4,23.838471546581722,4,0,0
13,2,8,33.783710419486184,1,0,0
8,1,0,23.275593086025935,1,1,0
5,2,0,21.847956370583454,1,0,0
5,1,9,0.0,4,1,0
10,4,6,14.712480850450865,1,0,0
14,2,6,8.483833648186856,3,0,0
10,0,10,0.0,6,1,0
8,2,7,2.2789250434754322,2,0,0
10,1,3,21.679803593175244,4,0,0
11,0,6,9.426589385322389,3,0,0
12,5,5,0.24966833800595545,3,1,1
8,5,0,8.63700089226335,3,1,1
14,4,1,17.89466242300396,1,0,0
9,4,7,8.257487610515703,3,0,1
9,3,5,2.8990669134418408,1,1,1
5,2,6,5.797948584590005,5,1,0
3,3,7,23.844602777885676,2,0,1
13,1,4,0.0,3,0,0
7,2,4,12.31972490331902,4,1,0
7,3,1,13.848498670302572,2,0,0
6,1,3,7.441133947072823,8,1,0
12,1,10,5.418614711778659,1,0,0
8,4,1,24.834290602012203,2,0,0
11,1,6,24.800116147520892,3,1,1
12,1,10,16.053192021243184,1,0,0
8,1,8,9.56629361621673,8,0,0
7,2,10,16.126221085461733,4,1,0
5,2,1,19.04383662357967,4,0,0
2,2,3,13.881304469991662,3,0,0
12,0,10,19.313533369795895,1,0,0
12,2,7,11.463755341970131,2,0,0
6,2,8,0.0,5,0,0
6,4,3,13.065801368310765,3,1,1
12,0,7,21.849357683193176,3,0,0
10,2,6,15.306588839184025,2,1,0
9,0,4,18.436687100227996,3,0,0
13,2,3,12.286690586647527,2,0,0
11,2,5,13.070142234491835,3,0,0
14,3,5,16.70839734242745,3,0,1
8,2,1,34.43556706664249,4,0,0
10,3,2,23.422820033876633,4,0,1
10,2,10,22.099748690550324,3,1,1
8,2,5,17.048058118511506,4,0,0
8,3,3,1.6827999088500043,4,1,1
10,4,2,27.256445559497905,1,0,1
10,0,3,24.07255561779287,2,0,0
11,5,5,18.659252446933866,4,1,1
16,5,2,14.56153302834926,3,1,1
8,2,0,20.45915988122523,1,0,0
7,1,5,12.688977190647847,5,1,0
10,0,1,22.279454954522603,7,1,0
7,1,8,6.620987391250274,2,1,0
15,3,5,0.0,2,0,0
12,1,0,2.9882518339023,4,1,0
11,2,10,16.410220657003507,4,0,0
12,0,3,11.982610943170535,4,0,0
10,1,4,13.52258481846138,5,0,0
7,6,7,2.0391833849635077,3,0,1
10,2,2,18.01936015997626,3,0,0
9,4,10,4.633971984222834,3,0,1
14,2,8,19.965760208922312,1,0,0
9,0,8,0.8523887741818399,3,0,0
14,1,9,6.612640577461635,4,0,0
8,1,10,5.268343224514416,1,0,0
11,5,4,20.73797204965002,2,0,1
10,1,3,10.381149515657919,1,0,0
9,1,6,19.246939236436543,4,0,0
15,1,8,26.404234521147423,5,0,0
14,2,5,32.80014409972755,3,1,1
14,1,6,17.311590071397312,8,1,0
7,2,0,3.9805446568537697,6,0,0
9,1,3,27.51228643196258,2,0,0
8,2,1,30.11355438511122,4,0,0
13,4,0,14.401570882318419,3,0,0
14,0,10,28.1863762648098,6,1,0
10,1,6,18.332984877926815,2,1,0
11,1,10,0.0,5,1,0
5,3,9,8.689982695608684,1,1,1
12,3,3,9.94834644199183,4,0,1
9,4,1,11.363174599325559,5,0,0
11,2,4,5.665426263077876,5,0,0
11,3,6,5.353114484789703,5,0,1
4,3,1,28.45933976033742,7,1,1
3,0,6,0.0,2,1,0
10,2,2,7.759724391796315,2,1,0
3,1,7,21.210490247883847,5,0,0
9,2,6,9.425171497288732,5,0,0
8,1,0,19.00338559526532,3,0,0
7,2,8,10.986150062860546,4,0,0
6,1,5,19.374354270262295,1,0,0
2,0,3,4.620459340872916,1,0,0
15,4,5,0.0,3,0,1
14,2,1,10.989077994986783,4,1,0
16,3,1,0.0,1,0,0
8,0,7,14.331327965995253,4,0,0
8,3,9,3.63297587090133,2,1,1
8,3,4,3.753001498336687,2,0,0
8,1,6,29.720312558077744,2,0,0
14,1,0,17.737181746977306,3,0,0
9,2,5,0.0,6,1,0
15,3,10,14.516926796031946,6,1,1
9,0,10,13.570482850624261,1,0,0
14,2,9,0.0,2,1,0
13,1,6,18.476517616975066,4,0,0
15,1,9,24.528221181378605,5,0,0
9,0,6,10.7715254901334,5,0,0
21,2,9,12.07937128217902,2,0,0
9,2,2,9.427980285871671,3,1,0
11,4,8,18.854541221428242,4,0,1
10,1,8,12.505373547133704,2,1,0
7,2,4,12.903747533784179,2,1,0
6,1,8,6.905814524554458,7,0,0
7,1,10,35.4133438956063,2,0,0
10,1,6,12.403886749952642,4,0,0
5,0,6,22.0058551715083,4,0,0
9,3,8,17.654652749533515,4,1,1
12,1,1,0.0,0,1,0
11,2,9,11.293001966474415,2,0,0
10,2,4,3.4702483710268694,6,0,0
7,1,7,24.767350698833578,5,1,1
14,2,7,2.3361959430242436,4,1,0
8,4,2,19.948201656952726,3,1,1
12,1,4,24.96492324856178,5,0,0
16,0,3,17.804073175725563,3,0,0
9,2,3,15.03776933707786,5,1,0
7,2,1,11.040896532810262,2,0,0
6,2,5,13.76498380713307,6,0,0
6,1,0,1.5990141277973429,5,0,0
10,0,7,16.778764943390932,2,0,0
8,5,9,25.51487842772273,3,0,1
12,0,8,6.27610318047099,3,0,0
7,2,10,15.183846616973334,2,1,0
9,1,4,13.96537250343393,1,0,0
6,3,5,18.12644370557465,3,1,1
10,2,0,9.63568957562123,4,1,0
14,2,5,0.0,4,1,0
10,3,0,3.7976329041445034,6,1,1
15,2,4,0.0,3,0,0
9,0,8,22.76058414034427,4,0,0
10,5,4,18.97657351408971,1,1,1
9,6,2,14.854639914993541,4,0,1
14,2,3,8.02935729355772,3,0,0
10,4,2,13.37932572771175,2,0,0
7,7,3,14.714970820851667,1,0,0
11,0,9,9.787321051143039,2,0,0
14,3,5,10.16805533874215,2,0,0
8,1,2,28.094894261415906,0,0,0
13,1,4,2.491832368857242,3,0,0
13,2,6,24.9286755142118,7,0,0
7,3,0,0.0,0,0,0
5,1,2,31.07777215905253,0,0,0
4,2,10,0.0,7,1,0
11,1,5,19.65388775482794,4,1,0
9,2,9,8.413033769562798,1,0,0
7,0,1,13.329778250889621,6,0,0
6,2,7,13.647855770845817,3,0,0
16,0,6,21.056179096040722,2,0,0
10,5,1,0.0,1,0,0
8,3,4,14.692067701141788,5,1,1
6,3,3,16.852125381335668,3,0,1
7,1,1,8.386973161848513,3,0,0
8,2,3,13.889437600294512,2,1,0
16,3,8,8.358725096995387,2,1,1
7,1,9,20.54772854499393,3,0,0
15,1,1,18.639525137436436,3,0,0
10,1,9,17.169829773736012,5,0,0
10,0,9,21.62387790736803,3,0,0
7,3,5,27.47187729977484,7,0,1
10,1,3,5.084918374748831,10,1,0
9,1,7,37.22132467643055,4,1,1
7,3,3,18.93123817609314,3,1,1
10,1,8,9.98854433634217,5,0,0
8,1,9,37.99604396866642,5,0,0
10,0,2,10.84945958292267,1,0,0
5,3,6,2.8891153449509037,1,0,0
10,0,4,9.90176123863181,2,1,0
14,2,10,9.421481916048508,2,0,0
9,2,0,25.84937118480263,7,0,0
10,4,2,13.872115132090322,3,1,1
7,3,8,16.00087965898992,1,0,0
6,2,8,15.635860010497849,5,0,0
13,5,4,26.661291864015283,4,0,1
11,1,4,11.774280692968464,5,0,0
10,4,10,12.949745699823549,6,0,1
11,3,3,8.113200700566054,3,1,1
11,1,3,10.792961333496622,4,0,0
12,2,3,20.251574987613306,2,1,0
10,1,1,22.286563500907874,6,0,0
9,3,6,31.998310045082402,3,1,1
9,3,2,13.959392686355615,2,1,1
7,1,0,12.36231867277971,1,0,0
13,3,10,18.971625964734244,2,1,0
11,3,9,10.311410499505403,3,0,1
10,4,2,8.592712091179955,3,0,1
9,3,8,18.235923910014947,4,0,1
6,4,8,11.081766477292481,1,0,0
5,2,9,12.10475456934249,1,0,0
9,1,6,21.05689221150398,0,1,0
9,1,0,18.101153981771446,1,0,0
16,2,5,35.00530098677949,1,0,0
14,0,9,24.21818873596209,4,0,0
13,1,0,7.326569602835713,2,0,0
8,3,1,11.00238792595918,2,0,0
10,1,2,1.2717205998364456,4,0,0
13,1,10,5.270096124064054,2,1,0
11,2,10,27.62223098964039,2,1,0
17,3,5,12.222377700641644,8,1,1
7,0,10,1.138936714810061,3,0,0
12,1,6,0.0,5,0,0
10,3,7,0.28311187228239376,2,0,0
11,0,8,6.9746695176529485,2,0,0
9,6,6,15.037184699485735,1,0,0
13,2,5,11.034569581393495,4,0,0
7,1,4,21.984820238187975,4,0,0
10,0,9,5.641697145333888,8,0,0
8,1,1,27.26453524306475,5,0,0
10,3,7,13.636553474516347,7,0,1
7,1,4,19.582997225425522,1,0,0
7,3,9,9.798075016315803,7,0,1
8,0,1,25.169367365348428,2,0,0
17,3,2,1.727699463261505,2,1,1
12,2,9,2.6604980980627797,3,1,0
8,1,9,5.304828225348265,5,0,0
11,1,6,26.759347313377756,3,1,1
5,6,9,12.629199817578394,0,0,0
12,8,7,5.516096558980674,6,0,1
4,5,4,13.035947642917353,3,0,1
7,0,9,16.71999558830277,4,1,0
7,1,7,4.229498424550497,2,1,0
8,1,9,16.59564952025274,4,0,0
7,1,9,13.639015539035944,1,1,0
13,2,5,9.94142965098015,3,0,0
5,2,1,2.3366131177412868,2,0,0
13,0,1,23.88544429673449,4,1,0
11,1,7,10.3120190853844,3,0,0
9,2,3,0.0,4,0,0
9,0,7,18.560202629038262,3,0,0
8,2,8,18.80922180781938,6,0,0
12,2,5,24.329264713762417,2,0,0
12,0,8,19.132322307244955,1,0,0
7,2,5,16.384178885851153,0,0,0
11,2,10,10.131272117802574,5,1,0
18,0,2,10.160150903923425,2,0,0
15,4,7,21.75851650001226,2,0,1
13,2,0,13.432216850658918,1,0,0
9,0,5,0.6272051243034049,4,0,0
8,1,2,11.558062903704313,2,1,0
13,2,9,14.457529659889136,2,0,0
8,0,9,0.0,2,1,0
11,4,2,22.467751882935243,3,1,1
7,3,8,15.006421949539673,0,0,0
11,1,6,1.3720383577834419,1,1,0
6,0,1,12.025596670466411,2,0,0
11,4,5,13.97720080817379,3,0,1
10,0,3,24.459442845903425,4,1,1
9,2,9,24.17161634281874,0,0,0
9,1,10,25.780835352515172,2,0,0
10,0,6,18.758875177920117,3,0,0
6,3,3,8.465308701462904,3,1,1
8,2,6,5.927824791324966,4,0,0
9,0,5,7.992911686818442,2,0,0
12,2,7,14.341322794723538,3,0,0
10,1,6,14.74858692458822,2,0,0
6,6,8,25.289658476135944,3,0,1
8,0,3,12.456525442365836,2,0,0
10,5,8,0.0,2,0,0
8,1,4,3.0735082924935764,2,0,0
8,1,10,5.24225177002949,2,1,0
12,2,8,5.232937199764162,2,1,0
13,4,10,0.0,1,0,0
11,4,3,30.694606797741685,4,0,1
13,1,2,0.0,4,1,0
9,2,6,9.262561357462687,2,0,0
10,3,3,21.583962388296566,2,0,1
10,1,4,20.896736349093253,4,0,0
11,2,2,0.3031636699911484,4,1,0
12,2,5,27.067399641035678,4,0,0
7,3,3,25.61097950802798,2,0,1
10,2,0,13.185834427579977,3,0,0
11,2,1,15.272514498661346,3,0,0
18,5,7,5.862837259840722,2,0,0
11,3,3,17.524175227871137,5,0,1
10,2,9,17.261659048633756,2,0,0
15,3,1,10.132819981208527,1,1,0
14,1,3,21.45544680258381,3,1,1
14,2,6,18.315117151525822,2,1,0
10,5,10,47.13307397633548,0,1,1
16,3,1,5.983395742337237,1,0,0
6,2,5,28.329045430141633,4,0,0
7,0,0,6.476840899783266,4,0,0
10,4,2,20.274471700035292,4,0,1
2,1,8,0.0,5,1,0
9,0,4,9.876463913045189,2,0,0
11,4,10,19.720671513221752,4,0,1
9,0,7,17.399111102598997,1,0,0
6,3,0,0.0,4,0,0
5,2,3,10.881111511921956,1,0,0
4,2,2,29.76717715605647,1,1,0
10,2,9,25.28944543636571,2,0,0
4,0,8,24.60461863180878,3,0,0
11,4,6,38.5220342378795,3,0,1
8,1,2,0.0,7,1,0
16,2,0,11.055858286772908,5,1,0
13,2,4,15.310730418785296,2,0,0
7,1,9,7.688137270314952,7,0,0
13,2,2,16.248673979495567,3,0,0
11,3,10,28.009801403784078,1,0,1
7,1,1,16.10323849954983,4,0,0
18,1,2,0.0,4,0,0
5,5,4,21.769080664742113,3,0,1
7,1,4,14.85007279473655,4,1,0
14,3,9,0.0,2,0,0
15,1,7,8.84497756224034,2,0,0
9,1,3,0.0,2,0,0
4,1,1,12.121729072244651,7,1,0
11,0,7,9.960674881102882,3,0,0
9,4,7,0.0,4,0,1
7,2,9,17.510361368185315,1,0,0
8,0,7,4.173136048118932,3,1,0
16,3,10,28.240345412611465,4,0,1
18,2,0,16.681954397921096,2,0,0
13,1,8,12.391833358922426,1,0,0
8,0,3,27.54069391458814,7,0,0
11,2,3,17.60242282189943,3,0,0
11,0,7,18.4660340994091,2,1,0
4,2,7,14.349853275394272,5,0,0
9,1,5,11.863230364086075,10,1,0
15,3,3,19.041817967680064,2,0,0
11,0,2,30.240208837730123,2,0,0
8,5,4,0.0,4,0,1
10,1,7,33.68281803982073,3,1,1
11,1,6,4.919488425646632,5,0,0
7,3,10,16.924215306734325,1,0,0
4,4,7,0.0,2,0,0
15,3,10,29.91437597073115,2,0,1
11,3,0,1.172354028191391,2,1,0
12,2,10,26.223301964319432,7,0,0
10,2,3,12.588216282869269,2,0,0
10,2,8,13.372885763075166,3,0,0
18,5,5,2.4079977620970396,3,0,1
13,1,9,27.19167686736443,3,0,0
10,1,7,13.52531393826161,2,0,0
6,1,7,22.176724443657392,1,0,0
11,0,4,0.0,4,1,0
8,0,10,6.087586453007951,4,1,0
7,0,7,17.507057347492037,1,0,0
20,3,3,0.0,3,1,1
7,1,5,18.612568395919595,4,0,0
12,2,6,8.38135415522584,2,0,0
17,0,5,7.222987052860262,5,1,0
12,1,5,20.127439836009763,6,0,0
12,1,7,16.70767475428623,2,0,0
8,5,4,3.7599340563602404,4,0,1
13,1,7,26.23141712308122,0,0,0
11,4,8,20.054650273685365,3,1,1
13,1,3,0.0,2,1,0
7,1,2,11.96822177173786,4,0,0
8,2,4,18.7324831541061,6,1,0
8,1,9,13.888323795840538,2,1,0
12,1,9,0.0,4,0,0
11,4,4,15.635114522516073,4,0,1
12,3,6,22.5755070930147,4,0,1
12,2,2,14.185761151851041,1,0,0
11,3,10,15.554795480876368,3,0,1
9,2,9,25.19903464142667,3,1,1
12,2,8,0.0,2,1,0
8,2,5,22.3641737390117,0,1,0
12,0,9,18.395938032970506,1,1,0
8,2,8,0.0,1,0,0
10,1,0,21.977291838802458,0,1,0
10,1,1,33.06197601931417,2,1,0
12,5,9,18.338236811763522,1,0,0
6,4,1,20.544700069151652,0,1,1
9,1,10,4.346160917742406,4,0,0
14,3,7,8.8140188525077,0,1,1
14,1,3,4.820962525451694,3,0,0
5,5,6,18.958260233567266,3,0,1
12,2,3,9.820280284555624,2,0,0
10,2,3,9.203064826755263,0,1,0
8,5,7,22.037458422643166,2,0,1
6,1,10,31.697292991776376,1,0,0
13,2,9,14.123440306823554,1,0,0
8,5,3,0.0,4,0,1
4,0,2,15.401676022047074,2,0,0
5,0,10,16.91560903547316,5,0,0
14,0,9,23.314091825891786,6,1,1
11,1,8,11.764837234741027,3,0,0
8,5,2,23.8100832637542,4,0,1
9,3,4,22.276396568778686,4,0,1
10,10,10,12.019197396159997,1,1,1
5,2,0,23.203055881861538,2,0,0
12,2,8,24.30180784947357,2,0,0
10,5,5,4.088783478077305,1,1,1
13,3,4,24.60354941916439,4,0,1
10,2,3,13.800236151773747,5,1,0
16,1,7,12.525455026162597,4,0,0
8,2,10,13.920513754031711,7,0,0
9,6,1,27.412076779175813,4,0,1
4,1,9,27.38450899185154,4,0,0
7,3,4,19.76328312343366,2,0,0
9,3,7,17.695895242558585,4,0,1
10,4,0,13.95701689684295,4,0,0
10,4,2,41.98463905125422,1,0,1
16,3,6,8.152131856593728,1,1,1
10,2,10,10.528178129645315,1,0,0
14,4,10,18.024395369679446,3,0,1
13,3,9,5.933158184196611,2,0,0
10,1,4,25.487550252765992,3,0,0
6,2,9,0.2865279286110489,2,0,0
9,0,8,7.861343364277381,0,0,0
10,1,0,10.982572150558813,3,1,0
12,2,10,4.953301762653002,2,0,0
17,2,6,25.40975763063204,2,1,0
15,3,9,1.850106045284253,3,1,1
10,1,5,5.368151404715729,3,1,0
6,3,9,8.23116147487726,3,0,1
7,2,3,23.42995204520431,4,1,1
7,1,10,29.524706462732873,5,0,0
13,3,10,20.22392829432943,1,1,1
12,1,9,1.8630666884165148,1,0,0
9,1,9,8.798111766283135,4,0,0
13,1,5,30.720814659343855,3,1,1
13,1,9,15.288622220878707,0,1,0
7,0,10,0.5419476209435548,2,0,0
13,2,8,36.940342713739724,3,0,0
10,1,8,9.30213496301659,3,0,0
6,2,1,14.284680843297831,3,0,0
5,5,8,8.152563400453117,4,0,1
10,4,1,5.444279765149963,4,0,0
6,2,5,27.959821768350874,3,0,0
7,2,6,16.962276049222826,2,0,0
7,5,8,18.153077285644468,4,0,1
11,0,10,2.204791799547346,2,0,0
6,0,5,12.00724415846513,4,1,0
14,2,7,8.779734589717549,2,0,0
6,1,9,6.743455913359453,2,0,0
11,0,2,19.673124841500922,3,0,0
9,3,9,11.621360188690076,2,0,0
8,3,5,21.926337582110612,3,0,1
6,2,1,22.207369412686813,0,0,0
5,1,0,10.649871327879062,2,0,0
9,2,5,19.539581831305163,4,0,0
8,4,2,10.378025770412144,4,0,1
6,3,10,7.120898959701877,3,0,1
7,2,4,4.3973518153309055,2,1,0
6,2,5,15.85972416944157,3,0,0
8,3,9,7.580078330557125,4,1,1
5,3,5,28.78145615636977,4,1,1
4,2,9,31.259846743634093,3,0,0
14,3,6,19.749236972735343,6,0,1
13,1,6,17.435113019033377,1,0,0
8,2,10,15.185760366264802,3,0,0
16,5,5,38.737306291034216,6,1,1
8,2,0,34.62429414102819,3,0,0
13,0,7,12.954156976129592,1,0,0
9,5,9,13.011043583083408,2,0,0
5,2,3,18.269319335764443,4,1,0
10,3,0,3.204032238921563,3,0,0
16,2,9,0.0,6,1,0
13,1,1,1.6204165089411582,7,0,0
10,2,2,11.983009378667058,2,0,0
13,2,5,5.550373058113301,4,0,0
10,5,1,29.548568772956187,0,0,0
11,0,1,0.30743788005765715,4,0,0
11,2,5,1.645353185563538,1,0,0
12,3,3,0.0,2,0,0
19,1,4,8.546898841576217,3,0,0
17,2,10,11.016773744342212,3,1,0
12,2,7,14.20439887070714,2,0,0
9,5,2,14.65201333289756,3,1,1
12,2,4,8.782106466500759,5,0,0
10,1,0,4.475431669108843,5,0,0
15,2,9,19.188567557692398,3,0,0
12,3,3,6.002985110126515,2,0,0
11,2,4,22.81166799156293,4,0,0
8,5,3,0.17591293309997624,1,0,0
8,4,8,7.518367431793816,1,0,0
15,2,7,35.42238900961113,3,0,0
14,0,10,36.785979238382275,2,0,0
9,1,1,1.3893743596571522,3,1,0
7,0,8,27.074526338788974,2,0,0
12,3,1,31.135426256767108,2,0,0
7,0,5,25.63117471820778,1,1,0
11,3,1,14.331772191925733,1,1,0
5,1,5,0.0,0,1,0
9,4,5,15.847069502273952,1,0,0
8,2,10,19.11500154805354,2,1,0
4,2,6,17.38415564333982,7,0,0
7,2,9,19.769562599271303,3,0,0
7,0,4,6.879005797634193,2,0,0
12,1,2,10.161803945942735,5,0,0
13,2,1,0.0,5,0,0
8,3,3,23.90221495705678,4,0,1
14,2,0,6.023353723416893,2,0,0
16,1,10,12.509115000426775,3,0,0
16,1,1,17.531659490620257,1,0,0
5,1,7,9.39425976065391,5,0,0
9,0,4,4.27483878042726,1,0,0
10,2,4,17.55850290515,5,1,0
17,3,2,0.0,3,0,1
14,0,10,22.668501248154378,2,0,0
10,1,0,21.60442458456778,5,0,0
9,1,5,9.502782716290259,6,0,0
13,2,0,10.05972327368654,4,0,0
4,6,3,5.1223786300837535,6,1,1
13,3,3,11.178064371399907,4,1,1
11,2,10,12.99168770699244,2,0,0
14,3,2,11.815306023334815,5,0,0
8,1,3,29.486654798178503,2,1,0
7,3,5,0.0,2,1,1
9,1,5,5.919776503718131,5,1,0
10,1,10,22.31423362989669,3,0,0
11,2,5,35.549041035487576,8,1,1
8,0,5,6.359851570916339,0,1,0
7,0,3,25.121302491797586,1,0,0
10,2,10,3.4987885818127022,3,1,0
12,1,6,11.106544307645017,2,0,0
12,3,6,15.101621881231345,1,0,0
10,1,1,8.094842368543436,2,0,0
9,1,5,10.80764759021758,1,0,0
13,2,4,1.364020020553987,1,0,0
10,3,9,21.742942084074393,2,1,1
8,2,0,6.019533391698257,2,0,0
6,2,2,8.361524921051384,2,0,0
10,0,8,7.180561481969115,4,1,0
10,0,10,7.712277163143225,1,1,0
13,1,8,16.445257272843005,4,1,0
11,4,9,15.627398948650958,3,0,1
13,3,8,40.18602056224531,2,0,1
10,5,10,12.549188809115957,1,1,1
6,0,9,13.995745553013496,3,0,0
5,0,4,28.3699458364769,2,1,0
13,0,5,17.24884705090043,1,0,0
10,0,8,14.012767685560478,2,0,0
9,1,3,13.664414043830034,3,0,0
12,1,10,16.939838818882507,3,0,0
10,1,3,24.747746264198366,5,1,1
7,4,8,28.453472307181933,2,0,1
13,3,6,25.31537168700497,3,0,1
15,2,5,19.668797235042593,1,0,0
9,1,9,17.107610835005865,3,0,0
10,0,5,35.381587034684514,2,1,0
8,0,4,10.25535087014601,3,0,0
11,4,10,21.9823456163462,0,0,1
14,1,3,26.7421321409223,2,1,0
7,2,2,25.44306694400632,2,0,0
11,4,6,7.376065808252913,2,1,1
8,1,4,43.15124275450133,2,0,0
12,1,1,31.705403470535515,4,0,0
10,0,2,25.599819000174534,5,0,0
13,1,4,4.935697982151391,3,0,0
13,1,8,24.797710333250294,4,0,0
14,2,5,0.0,6,1,1
13,3,10,12.677883810998177,3,0,1
7,2,1,16.066686087692126,1,1,0
9,1,7,10.507955752815715,3,0,0
10,2,5,30.8330283414996,1,1,0
12,4,5,16.0375524302211,0,1,1
8,1,7,5.387808216090317,5,0,0
6,2,6,22.531304902772458,2,1,0
6,2,4,18.984166998709526,2,0,0
11,1,10,0.0,3,0,0
10,3,8,28.379552816347445,2,1,1
6,3,0,16.012887779843837,3,1,1
7,1,3,24.852559107759728,1,1,0
9,6,9,19.105259838833085,3,0,1
10,0,10,11.63139892373112,3,1,0
12,4,8,19.242472621769586,2,0,0
13,1,1,13.992431562985978,2,0,0
8,1,2,17.907946715368233,6,0,0
17,2,2,21.012598448519054,3,0,0
14,3,5,16.46912359009469,4,0,1
13,2,2,19.651102081175637,4,0,0
7,3,2,11.279176318246616,5,0,1
6,2,4,9.285660474987917,3,0,0
7,1,2,22.748363021176406,4,0,0
10,1,4,29.501856993102955,3,0,0
15,1,2,9.825004524076903,1,0,0
10,3,1,18.1516697359564,2,0,0
8,6,7,0.9092559605216,2,1,1
9,2,2,33.047157951651656,5,0,0
10,1,5,26.460252119598337,5,0,0
10,3,10,9.161952672799021,4,0,1
7,1,1,11.47101062241685,3,0,0
11,5,0,27.092629548107922,2,0,0
8,1,7,16.759233467083313,6,0,0
11,2,2,21.327916788432134,6,1,1
19,3,1,5.137945869089142,5,0,0
6,0,1,20.769120950917713,3,0,0
10,4,4,13.51414207385961,2,0,0
14,2,5,17.988490327779314,2,1,0
13,3,10,11.024883566923219,1,0,0
5,4,1,12.89025866631087,2,0,0
10,2,5,16.038773192772325,0,1,0
7,1,0,9.148665714492635,3,1,0
10,3,8,37.683039207404505,2,0,1
9,0,3,4.452166381712084,3,0,0
10,3,4,19.998542536957633,1,0,0
12,0,2,18.027330316112625,3,0,0
16,3,5,22.60919073318726,3,0,1
7,1,0,0.0,5,0,0
10,2,6,0.0,2,1,0
8,2,7,9.515500184290046,3,1,0
10,2,2,24.20244679560519,3,0,0
14,5,1,12.359661158002933,3,1,1
9,1,3,11.951949826926512,1,0,0
12,2,7,15.157874129598737,3,0,0
10,0,10,6.589926931639994,2,0,0
11,2,7,19.700592649890915,3,1,0
7,1,10,16.91992389777104,2,0,0
8,4,7,20.024049838993193,8,0,1
9,3,1,30.1617867225896,4,1,1
16,2,3,12.69821889824046,3,0,0
4,1,9,16.101754073714506,4,1,0
8,0,0,5.145606939910895,2,0,0
7,3,10,2.47325938261255,2,0,0
10,2,6,14.925843734496077,4,0,0
11,4,9,16.02920199982159,2,0,0
9,2,5,21.894011489932176,1,0,0
8,4,10,20.753523197447844,3,1,1
8,4,6,17.54354600464758,1,0,0
9,2,9,31.84873660740756,2,1,0
10,1,4,11.879187103564915,2,1,0
11,2,5,13.103631526309314,1,1,0
9,0,5,17.83249034536113,6,0,0
13,1,5,3.160957112070138,1,0,0
12,4,8,21.87948363586651,2,0,0
9,0,3,15.71445098587504,3,1,0
6,0,1,15.90222126977995,4,0,0
7,2,8,20.427994985104885,2,0,0
7,0,9,18.759071431873068,2,1,0
11,0,6,19.110397189170158,3,1,0
12,3,4,11.103189277472486,6,0,1
10,0,5,30.694742497130033,4,1,1
10,3,10,0.37844925207875413,2,0,0
11,1,6,8.14419618021087,3,1,0
8,1,4,9.474986071650843,1,0,0
6,6,4,7.793236997195679,4,1,1
12,3,5,0.0,3,0,1
12,1,7,31.440553225883225,6,0,0
6,1,1,21.425019330669045,2,1,0
7,0,10,8.686512821648652,7,1,0
9,2,9,21.97175534679047,4,0,1
13,2,8,13.394748394535458,3,0,0
12,2,9,12.090014976910435,1,1,0
13,2,4,5.399142549060237,5,1,0
11,2,3,15.172407690428361,1,1,0
9,0,7,8.676931958058706,6,0,0
9,3,3,5.278151723215313,2,1,1
12,3,1,24.555938901704003,3,1,1
5,5,4,6.777281514194037,2,0,0
4,3,4,29.04538996400204,4,1,1
10,1,3,7.853480111532631,5,0,0
6,1,2,0.0,4,0,0
4,0,10,20.250549321016834,3,0,0
9,2,4,10.532245981725147,2,0,0
7,2,8,0.0,3,0,0
12,2,8,17.547112471526503,4,0,0
9,1,8,1.9409070545812153,1,1,0
13,3,5,0.0,7,0,1
12,3,7,21.770364514253473,1,0,1
15,1,0,29.8899495771636,2,0,0
10,4,0,11.052964232171131,2,1,0
16,3,6,27.11638508414334,3,0,1
6,4,4,23.020426720588056,1,0,1
6,3,1,21.672370252575604,2,1,1
11,2,3,13.302959685651249,5,0,0
9,1,3,9.0386713558322,5,1,0
10,4,5,18.441219914043916,5,0,1
6,5,7,21.480150148481407,3,0,1
9,5,2,2.3937336987304754,3,0,1
11,2,6,11.757086544419018,6,0,0
13,1,1,13.106659546498259,3,0,0
11,2,8,12.178070187246357,5,1,0
11,2,6,8.248933683773886,1,0,0
10,3,0,1.6736958031643816,0,0,0
14,2,3,11.957382301039718,1,0,0
9,1,1,12.222779827649049,3,0,0
9,3,9,10.272391970492361,3,1,1
9,1,4,21.49332304073429,2,0,0
7,1,8,1.3137959967434512,1,0,0
10,0,2,17.803932103027705,4,1,0
12,1,4,0.0,3,0,0
7,2,10,14.337537771804238,1,0,0
13,2,9,0.0,3,1,0
16,2,1,6.101424552723696,4,1,0
7,4,3,14.780519749901321,2,1,1
6,3,1,0.7498822554828415,0,0,0
12,2,7,0.814639456392289,1,0,0
10,1,6,24.818944603023922,3,0,0
11,0,6,0.0,3,0,0
7,2,6,13.81165133882875,0,1,0
7,1,8,29.76041055135268,4,0,0
10,2,1,16.42421950197003,2,0,0
4,1,5,15.28943435521317,3,0,0
10,2,3,7.864534498783053,4,0,0
7,1,9,7.8987193284431,2,0,0
8,2,10,13.32225267825545,4,1,0
5,3,5,0.0,3,0,1
8,1,8,25.1272226728047,1,0,0
10,3,10,17.075702446057907,1,1,1
11,4,0,0.0,4,0,0
9,2,1,25.260242914686316,2,1,0
14,0,5,21.792435089150292,4,0,0
10,3,6,19.390888937288942,4,0,1
6,0,2,37.36263018579183,1,0,0
12,4,0,15.963362256850171,5,0,0
6,1,6,30.30161215879449,1,0,0
9,0,1,15.255114040248463,1,0,0
5,1,5,19.52426096075019,1,0,0
10,1,3,9.466573766807613,2,0,0
6,1,9,0.0,2,0,0
7,1,3,0.0,4,1,0
5,4,8,14.155529110007484,2,0,0
5,1,6,12.627433737763942,1,1,0
16,2,0,3.200298076326913,3,0,0
11,2,3,12.228336669570583,1,0,0
16,4,9,19.501356341668224,0,1,1
4,2,5,27.909191261834522,4,1,1
12,2,1,8.078579799676724,1,0,0
9,2,3,18.929167332889325,4,0,0
7,1,1,32.392289393408646,6,0,0
13,1,0,22.50002824558773,5,1,0
11,0,0,7.305350307350636,1,0,0
7,0,8,16.01397789263083,4,0,0
10,2,10,16.847733411515755,5,0,0
11,2,8,21.374606215141604,2,0,0
8,2,3,15.39062432120251,4,0,0
12,3,7,19.836304089862253,6,0,1
10,1,9,25.19686143394366,2,1,0
7,0,10,4.481791465574453,1,0,0
4,0,6,1.793952902923369,1,1,0
11,2,4,21.088264982078588,6,0,0
15,1,9,13.467235937690937,3,0,0
7,1,1,23.631109666622137,2,0,0
11,1,8,25.876741711576596,6,0,0
10,1,6,0.0,3,0,0
7,2,3,6.629647975434397,0,0,0
11,2,9,13.748569172979547,2,0,0
14,3,1,4.7628980199036,2,0,0
15,2,1,10.270352807727825,1,1,0
13,3,2,2.213214339954124,3,0,1
8,4,5,10.614055406144924,2,0,0
12,2,0,5.339683431682708,2,0,0
12,1,4,18.446239535496993,1,0,0
16,1,9,24.024201663736417,6,1,1
17,3,2,19.087453911826906,2,0,0
10,1,6,40.97745282102447,5,0,0
7,1,6,24.388638007806072,5,0,0
7,2,9,24.01349784270242,5,1,1
9,1,4,14.178974099762879,1,0,0
9,1,8,11.931424368852287,4,0,0
8,1,10,27.73107565030881,3,0,0
3,3,9,12.469700436425486,3,1,1
11,0,7,15.349212392681792,3,1,0
6,0,8,13.278162330509243,4,0,0
12,3,10,20.399579845627578,4,0,1
17,2,5,23.915279757884143,2,0,0
8,4,7,25.643275516492402,3,0,1
10,2,9,11.962477286367033,7,0,0
5,4,1,16.821598572693432,3,1,1
13,1,4,18.313659113993122,4,1,0
9,3,7,29.642026136621304,4,0,1
7,2,1,0.0,0,0,0
22,4,1,15.114454528879845,1,0,0
8,2,2,8.56931341010716,5,0,0
7,1,1,9.67471458885353,3,0,0
7,5,3,6.495102673093859,3,0,1
11,3,3,20.391212844728962,1,1,1
9,2,0,0.0,0,0,0
10,1,5,13.615444504934333,4,0,0
6,2,6,0.0,3,0,0
15,2,6,8.074934242364458,2,0,0
14,4,4,12.86256733304216,3,0,1
10,3,3,10.943582578494475,6,0,1
14,0,1,21.81148061664878,5,0,0
7,0,4,27.496651035571453,4,1,1
6,0,3,34.581594903964906,2,0,0
7,1,7,14.924851856114786,1,0,0
15,0,9,26.610846444235072,2,0,0
5,4,0,29.63946881541158,3,0,1
9,5,6,10.237352335135832,3,1,1
9,1,4,27.330933627116273,1,0,0
6,4,9,0.0,3,1,1
13,0,4,17.977056978004754,2,0,0
13,2,0,31.05461435344296,7,0,0
7,1,8,15.993164002274755,6,0,0
13,1,6,13.096105180895501,3,0,0
13,2,1,13.045742300722262,2,0,0
11,2,10,29.684642286243907,5,1,1
11,2,4,0.0,4,1,0
7,2,7,11.08996893458073,3,0,0
7,5,10,23.423170410777004,2,1,1
9,3,6,18.178910957423508,2,0,0
9,3,1,26.868699375681032,5,0,1
9,1,6,21.822618094816114,5,0,0
15,0,5,10.281232407771496,5,0,0
10,2,7,20.814646688958582,0,0,0
8,0,8,1.8041517978972,4,0,0
12,1,6,0.0,2,0,0
8,1,7,8.884907959079957,3,0,0
15,1,9,15.798950462122127,1,0,0
11,1,6,6.883714080460191,3,0,0
7,1,6,16.743803985825426,3,0,0
11,4,0,15.585274119518076,8,0,0
14,3,4,0.0,5,0,1
6,2,9,9.603208161004332,3,0,0
13,2,4,24.41037822378136,7,0,0
7,2,3,19.86514416004033,2,0,0
11,1,0,8.035458545079782,4,1,0
11,1,6,21.18902332715445,2,0,0
10,4,7,32.55174229674907,5,0,1
10,4,4,10.755428458586824,3,1,1
12,3,3,22.414354316036402,2,0,1
8,2,8,20.8360332226053,3,1,1
9,0,2,10.226156437306805,4,0,0
7,2,2,3.6720219874093463,3,0,0
9,3,3,31.506665294135235,3,0,1
9,0,6,25.886246430172022,6,0,0
15,1,1,12.219576131490191,4,1,0
6,2,7,27.13541660118279,5,0,0
14,1,1,20.548584778201263,3,1,0
14,2,3,27.06212792313898,4,1,1
7,3,1,0.0,3,0,0
12,1,8,10.91708456876508,2,0,0
14,0,3,30.73438582032412,4,0,0
15,0,4,41.51979709898847,2,1,0
16,2,8,11.102260722258794,2,0,0
7,2,1,10.928163000468448,4,0,0
10,2,3,21.83061986246777,2,0,0
8,3,5,18.442604458034065,3,0,1
15,1,0,20.33281585706987,2,0,0
9,2,0,0.0,5,0,0
10,3,6,12.612590752147016,5,0,1
11,1,5,23.053491140457858,3,0,0
14,1,3,0.0,4,0,0
16,1,4,0.0,4,1,0
12,3,4,0.0,3,0,1
8,2,8,21.5072445176272,6,1,1
12,1,4,5.703863340581007,7,1,0
14,3,1,2.9903959786946466,3,0,0
12,1,6,15.549814728194685,4,0,0
6,1,9,2.594280675575151,5,0,0
10,5,8,19.515969666893728,4,0,1
8,3,6,39.13926930562437,0,0,1
7,1,7,11.313013269774743,1,1,0
16,1,9,0.0,5,0,0
11,2,2,10.471043515173672,3,0,0
14,2,10,19.899617001727385,1,0,0
11,1,8,18.900209732629275,1,1,0
9,6,6,23.384381464470238,2,1,1
13,2,9,9.062054693799741,1,0,0
12,5,3,12.199659285386543,2,0,0
14,5,9,0.0,2,0,0
10,3,6,21.140513150672575,1,0,1
10,1,2,1.898304958256647,3,0,0
10,2,10,17.000591285928653,4,0,0
9,1,9,6.2876027107291,2,0,0
11,4,6,14.131327608062668,4,0,1
7,0,2,24.584273663276164,4,0,0
14,2,1,10.62815749870839,4,1,0
12,1,0,7.6034173580296684,2,0,0
9,1,10,15.02580043612054,6,1,0
13,2,5,8.575147302380753,1,0,0
15,3,2,5.581839878702056,7,0,1
11,5,9,33.66589345067723,6,1,1
10,0,10,0.0,3,1,0
12,1,1,21.538581305996082,4,1,0
17,3,10,13.644001310316266,1,1,1
11,1,2,6.741653512288639,4,0,0
11,1,7,18.474008860205792,1,1,0
14,1,2,15.344048889471747,3,0,0
8,2,3,28.205300792923907,1,0,0
10,4,1,3.6549782451059123,3,0,0
10,2,7,9.83860749427561,4,0,0
9,4,5,25.116024143737675,4,1,1
9,1,8,12.950381785871256,1,0,0
9,1,7,20.46753078240231,4,0,0
13,2,3,27.148029439060817,3,0,0
10,1,7,20.621917625985063,4,0,0
8,1,0,8.88867941851603,4,0,0
10,2,10,11.490084217314022,1,0,0
10,0,8,27.23284526781113,2,0,0
9,1,4,16.552120813690657,4,0,0
10,1,3,12.962756257400097,3,1,0
10,0,4,18.836099789018746,3,1,0
5,4,0,2.157719247000456,1,1,0
15,1,1,12.63247158489547,6,0,0
8,1,1,14.214643030161163,2,0,0
8,3,10,14.051170199847778,3,0,1
10,0,8,11.057324805399698,3,1,1
9,0,5,11.911996818465884,1,1,0
12,5,2,13.8603208776577,5,0,1
11,3,3,29.6027775231479,3,0,1
10,1,0,0.0,2,1,0
5,3,6,21.989728574617807,0,1,1
8,4,6,14.132347309041911,1,1,1
10,4,7,14.381985271547862,4,0,1
13,0,0,10.938049431070606,2,1,0
8,3,8,20.018078139084064,4,0,1
10,4,1,24.5020703079443,3,0,1
6,3,0,0.0,3,0,0
14,3,0,35.939394613230675,3,1,1
14,2,7,16.44121699408935,1,1,0
6,2,2,16.09686050601534,3,0,0
10,2,5,1.05784087761133,0,0,0
16,2,5,9.289969751329807,2,1,0
7,5,10,28.59066950424962,2,0,1
5,2,1,15.686765917664552,2,1,0
7,1,1,19.157579824803904,3,1,0
5,2,0,10.388083705878717,3,0,0
11,3,8,34.70767305079007,3,1,1
12,0,0,13.467390517273872,1,0,0
5,0,5,26.30510868463719,2,1,0
6,1,8,13.487293206828605,1,1,0
12,5,5,18.475363991108058,3,0,1
11,3,10,18.52199617381729,6,0,1
8,3,5,24.245677822588206,6,0,1
12,2,3,22.387710469493364,2,0,0
11,1,4,10.259309432257517,0,0,0
8,1,0,26.590385553340024,0,0,0
14,0,2,5.098614956013378,1,1,0
10,3,10,3.1645474860895444,1,0,0
9,1,5,12.08581980969635,3,0,0
10,3,1,18.934012027516705,3,0,0
14,1,0,4.777417679916711,1,0,0
9,1,0,14.22170026097298,6,0,0
9,1,0,1.1523554167409689,4,0,0
11,0,9,12.304384345233562,0,0,0
10,0,9,24.71836793261904,3,0,0
15,2,0,6.564059442283437,3,0,0
7,2,5,2.783338475659157,2,0,0
13,2,9,18.786248408023255,4,1,0
12,1,3,7.1240871907458105,2,0,0
7,2,3,39.228524199210526,5,0,0
8,2,3,16.919872256228274,1,0,0
10,3,7,25.246272018976384,7,1,1
10,3,6,1.8532537280286405,3,0,1
11,1,4,19.57368666816899,5,0,0
11,3,6,4.939055108735053,2,1,1
7,2,7,13.208918089225559,3,0,0
8,3,9,7.477292627176286,0,0,0
15,4,7,25.397050846807122,4,1,1
13,2,10,18.211516136236217,2,0,0
16,5,6,16.174102369515385,2,0,0
10,1,6,28.610618706981004,4,1,1
8,1,8,15.158654210181561,5,0,0
11,3,10,25.303868072499952,2,1,1
8,1,4,33.00596278859432,6,0,0
9,0,7,16.401487789210822,4,0,0
7,1,1,17.595348631096893,1,0,0
9,1,7,24.545466109636237,4,1,1
11,5,0,29.367556855385523,3,1,1
9,2,8,16.282045246270535,2,1,0
9,2,0,8.625657797320956,2,1,0
13,3,7,23.6656792799183,1,0,1
15,4,2,20.71673957875824,5,1,1
10,1,3,23.569541939321844,1,1,0
9,2,10,21.98741506948833,3,0,0
15,2,9,17.06766499644281,3,0,0
10,0,6,17.64592175395736,1,0,0
7,2,9,22.022450677233092,3,1,1
8,3,2,0.5047260768916129,3,1,1
9,2,8,28.296804450618957,2,1,0
15,2,2,19.499788492187392,1,0,0
10,3,7,6.538646163405776,2,0,0
11,1,7,16.851139782497835,2,0,0
5,0,2,28.1859009119738,2,0,0
10,2,2,17.902768015999975,3,0,0
8,1,9,7.679435279398925,5,0,0
12,3,4,2.2550762191759013,2,1,1
5,2,7,39.64893202347331,6,1,1
5,0,5,0.0,3,0,0
10,2,4,18.36913459800275,4,1,0
6,4,4,9.13471057594262,3,0,1
11,2,10,25.424401019257047,4,1,1
10,1,5,2.8369230263241736,1,0,0
9,1,7,31.083705948973723,3,0,0
15,2,5,13.749382302006996,3,0,0
5,1,6,12.798563046961215,3,0,0
7,1,8,11.867353441812298,1,0,0
11,3,6,9.074063876698167,6,1,1
7,2,8,11.312989219839332,5,1,0
13,2,9,22.183539778181476,3,0,0
7,0,0,0.0,2,0,0
6,2,2,7.510176229917467,7,0,0
9,3,5,29.951393408418472,4,0,1
6,5,2,14.095687872107531,5,0,1
10,1,10,9.275679223658525,3,1,0
11,5,1,2.2521446403318297,4,1,1
9,2,4,3.2976738891884327,4,1,0
14,1,0,24.822041512377922,2,0,0
5,1,4,6.773827609008086,3,1,1
11,0,10,23.04533756895532,4,0,0
9,2,7,5.194853721397637,5,0,0
4,3,8,13.742539408212,3,0,1
13,1,9,14.309121155530033,0,1,0
5,2,5,7.463442771768454,1,1,0
8,1,3,15.769569790328216,0,1,0
7,1,2,0.0,1,1,0
12,3,7,14.114876926617281,5,1,1
9,2,1,19.451656164466172,2,0,0
13,1,7,6.650573321996195,1,1,0
15,4,6,17.130015220948447,5,0,1
16,0,1,16.53477476076786,3,1,0
8,2,1,16.936488795770472,1,1,0
12,3,1,1.5518227912544642,4,1,1
6,4,0,15.951709958801887,2,0,0
6,3,6,0.0,5,0,1
7,0,7,8.705586438922095,0,0,0
14,2,6,14.961401047290693,2,0,0
11,1,3,17.08343483911426,5,1,1
11,0,10,2.9069657218464506,3,0,0
14,1,8,12.158297751834649,3,0,0
8,0,1,22.94546840615139,2,1,0
11,3,4,5.203109815760881,3,1,1
10,2,1,0.0,2,0,0
6,1,2,20.295676212387058,1,0,0
4,2,1,5.577923342423292,2,1,0
8,3,7,8.60905504968563,3,0,1
12,4,9,16.306019597744648,5,0,1
12,1,5,15.772586180231137,3,1,0
14,2,4,25.215399955225344,6,0,0
8,1,4,12.58156580198185,4,0,0
2,1,8,15.683053803009406,3,0,0
8,4,1,0.0,6,0,0
8,3,0,21.2821461163212,3,0,1
7,2,5,8.086161019980972,2,0,0
16,2,7,47.310672462120166,1,1,0
7,0,7,12.863951144261568,3,0,0
13,1,5,19.243950839368008,2,1,0
14,1,2,21.37707652562073,2,0,0
8,1,2,14.113264332806995,3,1,0
7,2,1,19.367601735219615,6,0,0
8,1,1,37.55447818369356,7,0,0
15,1,1,7.462471586345111,3,1,0
9,0,6,0.0,3,0,0
9,1,9,1.9710508687251647,1,1,0
9,2,8,24.972614935485428,3,1,1
11,6,9,10.209423844280956,2,1,1
7,0,10,38.3191168582729,4,1,1
7,3,6,22.271132510507897,2,0,1
10,1,7,8.469743711204043,4,0,0
17,1,4,7.2148287606089125,2,0,0
8,0,1,10.53732578560071,2,0,0
13,2,7,0.0,3,0,0
10,4,4,17.777442815702248,5,1,1
10,3,8,21.935231662525013,1,0,1
11,2,5,5.3267056819561205,4,0,0
12,2,6,0.0,1,1,0
10,3,0,5.8944443394761485,2,0,0
9,1,7,24.97227282085761,0,0,0
14,2,6,23.03221067278512,6,1,1
16,2,6,17.153371359084936,2,0,0
10,0,6,31.41869919766132,3,0,0
6,1,6,0.0,2,1,0
11,3,10,12.916217484262022,3,0,0
10,0,0,20.602162069963953,4,0,0
12,3,8,22.897690863096855,2,1,1
11,4,6,23.03754911014967,1,0,1
18,0,6,22.239176436792565,4,0,0
16,1,10,28.194927111410045,2,0,0
11,4,0,22.611684212533017,3,0,1
10,2,5,3.455855128383341,4,0,0
20,1,9,10.451629995731182,5,0,0
10,4,7,0.0,7,0,1
10,1,4,24.96314575735576,3,0,0
3,1,0,26.94583648055499,5,0,0
7,2,4,2.7962955827125118,1,0,0
10,1,1,11.200300407859523,3,0,0
5,2,1,0.0,3,0,0
13,2,3,13.78984968989469,5,1,0
12,1,10,6.7300382704010495,1,0,0
10,3,3,3.3229064766444623,4,0,1
14,0,9,14.752341509133128,7,0,0
12,2,6,33.81848559894782,2,0,0
9,5,8,22.951158997252477,2,0,1
11,1,10,12.482649068327358,3,1,0
9,1,1,14.514281332346174,3,0,0
15,2,7,33.78324113306927,4,1,1
11,3,7,27.586391771941233,1,0,1
13,1,10,11.893366739770745,1,1,0
11,0,7,20.011770062748038,1,0,0
9,2,8,5.014084492788747,2,0,0
9,4,8,15.247583714260447,2,0,0
6,6,9,22.64213550985108,2,0,1
4,3,6,25.203508685720983,2,0,1
5,2,4,8.598658800005351,3,0,0
8,4,6,25.01756607693359,4,0,1
14,0,6,16.48440630383059,5,1,0
8,2,9,12.114706148887365,5,0,0
13,0,9,34.0928068360506,2,1,0
10,1,6,11.396619194616344,2,0,0
8,4,7,3.9203531666104663,3,0,1
12,1,1,8.275665520501523,7,1,0
10,3,3,22.256621561196212,3,0,1
10,4,8,5.132943364007549,2,0,0
11,3,3,23.29363651313129,3,0,1
10,2,1,6.465166143956132,1,0,0
13,2,6,14.249271465544517,6,0,0
10,2,5,37.101470055362554,1,1,0
3,6,3,6.174997665338623,4,1,1
9,7,7,0.0,2,0,0
16,2,5,28.674889926807534,4,0,0
8,2,7,0.9968462023021569,4,0,0
7,1,3,6.875926090563347,1,1,0
10,0,1,22.287327790142903,5,0,0
15,4,5,21.886810011752857,7,0,1
15,2,8,0.0,5,1,0
15,3,8,11.569084604442931,5,0,1
7,2,10,23.521930727156914,1,0,0
9,1,8,35.28515410055944,2,0,0
17,1,2,2.6116285919459425,2,0,0
9,2,2,25.681385275446083,1,1,0
10,1,9,8.380072592439648,9,1,0
11,2,2,25.41625247750542,2,0,0
11,1,4,4.596568692641558,1,0,0
8,3,4,12.699648692069989,6,1,1
7,0,4,18.874064898201595,1,1,0
10,3,7,24.542441726387068,3,0,1
11,2,9,20.703082698237445,6,1,1
9,1,7,10.707698883548131,1,0,0
9,2,7,9.977354755315353,3,0,0
11,3,8,32.789816205872945,6,0,1
11,1,9,17.771973670010077,1,0,0
9,0,5,10.245255796070657,5,0,0
6,2,1,20.380540341392493,1,0,0
12,0,8,21.228303409765346,3,1,1
11,2,5,1.4658075847031071,2,0,0
16,2,0,19.862742598670692,2,1,0
12,2,4,0.0,1,0,0
11,1,6,8.551469215003289,4,0,0
16,0,0,5.13717580907058,2,1,0
12,5,6,13.70824780832847,6,0,1
19,0,10,10.629000199676888,2,0,0
10,4,4,12.998435883087366,5,1,1
8,1,4,0.0,3,0,0
6,3,1,14.23877754360839,1,1,0
14,5,3,3.9871225992210864,2,0,0
8,3,8,37.83512770653843,3,0,1
5,1,1,11.003601024575222,1,1,0
6,3,8,12.421886329584689,3,0,1
12,1,7,21.950468290612218,4,0,0
12,2,3,28.224936773327844,5,0,0
9,2,1,3.223825575794292,3,0,0
10,4,5,20.730465254355956,6,1,1
8,1,6,24.66270031064229,1,1,0
10,3,1,16.846605928506126,1,0,0
9,0,7,16.646253009709483,4,0,0
12,1,8,9.880577599849941,3,0,0
8,3,4,11.77820786153891,1,0,0
5,1,5,13.922273152404637,2,0,0
12,4,5,10.74080882020948,5,1,1
9,4,9,23.880753311408313,4,0,1
16,3,1,6.281525907165518,4,0,0
7,3,10,23.554759812059395,3,0,1
17,3,0,28.27799702326695,3,0,1
12,2,10,18.69828575155192,2,0,0
9,1,4,0.0,0,0,0
16,2,5,21.12197014884913,4,0,0
13,3,0,8.562839990902827,4,1,1
7,0,7,9.723412160419752,1,0,0
6,4,4,18.619603731132415,4,0,1
8,3,4,26.054065716017526,0,0,1
13,0,7,0.0,3,1,0
7,4,7,15.575726208757548,4,1,1
2,5,8,34.917465524318516,2,1,1
8,1,10,4.010190529679425,3,0,0
7,1,3,12.995917365424852,4,1,0
10,1,2,8.840082183456978,0,1,0
9,1,9,22.033249599776067,1,0,0
9,2,10,2.4952256816153824,6,0,0
11,3,1,0.0,0,0,0
8,1,0,23.32036502613882,1,1,0
9,1,9,17.386582940731987,3,0,0
7,0,4,3.1380519053323557,3,1,0
9,1,5,14.315276100629774,3,0,0
7,3,7,2.1816718699003363,3,1,1
15,2,5,24.22283786168862,3,1,1
7,4,1,17.782867953336577,2,1,0
7,2,7,7.85338676761893,3,0,0
8,5,4,9.198457680533668,0,0,1
10,2,2,10.408062454589988,3,0,0
8,4,5,4.249906364939914,3,1,1
9,3,5,28.399848254400872,0,0,1
11,1,2,26.631429912970162,4,1,1
4,3,6,10.98736996561221,2,1,1
8,1,6,11.85491277785339,3,0,0
9,1,6,3.770700243210932,2,0,0
14,2,7,13.393821450488051,2,1,0
11,3,10,19.89245758358814,6,0,1
9,0,6,26.81193058898945,1,1,0
11,1,3,6.038696608940219,4,0,0
9,2,4,0.0,1,0,0
5,2,3,4.92852074577927,6,0,0
6,2,1,20.56214687505399,2,0,0
10,3,6,14.564908573073405,6,1,1
14,4,2,24.923830337793593,3,0,1
8,2,0,15.415884927945859,3,1,0
7,1,0,31.15706069938428,6,0,0
11,5,8,0.0,2,0,0
9,3,10,0.0,6,1,1
11,4,2,28.532224935636464,3,0,1
9,2,6,7.042131843819909,2,0,0
7,1,8,16.375908051676962,3,0,0
10,2,6,16.343900725995844,3,0,0
8,1,10,18.2681745172588,2,0,0
11,2,7,10.26276219027767,3,1,0
12,1,5,5.481335493108308,3,0,0
12,3,10,4.681283991771746,1,0,0
7,1,2,21.036637833287024,5,0,0
10,2,0,22.71498660095248,3,0,0
8,4,9,12.499101636162669,4,0,1
9,5,7,9.032007104627542,2,0,0
8,2,5,20.686709310066977,5,0,0
13,1,1,0.1837756532503647,2,0,0
8,1,9,34.4969810687617,3,0,0
12,1,7,19.523757558874994,4,1,0
12,0,3,13.405249431826427,1,1,0
9,2,9,23.299013776299837,5,0,0
6,0,8,21.306636807700954,3,0,0
15,0,8,17.350544399186937,3,0,0
14,4,8,0.0,2,0,0
7,0,3,19.10950096125958,4,0,0
7,3,5,29.558857980202436,4,1,1
10,1,3,9.447812107113887,3,0,0
12,2,9,24.586490054947152,2,0,0
8,2,9,23.490354321194133,3,0,0
8,0,4,17.940741361458425,3,0,0
13,3,6,16.701648438365837,3,0,1
5,4,6,20.598454897718447,1,0,1
9,2,9,19.15831931853104,6,0,0
9,0,5,33.90860398106628,2,1,0
9,2,9,24.66755222231091,2,0,0
9,3,3,22.071123887743152,3,0,1
5,3,4,25.571934367503992,3,0,1
8,0,4,22.077978471856763,2,0,0
8,1,8,0.0,2,0,0
8,1,10,13.832461148042396,6,1,0
11,1,5,8.804306505518333,7,0,0
7,6,3,18.279695104738003,3,0,1
11,1,5,9.43289012195018,1,0,0
7,3,6,20.911181982572643,1,1,1
14,2,6,10.788817776101043,2,1,0
11,2,9,31.976832365986965,3,0,0
14,2,2,31.500700798527536,2,1,0
12,2,5,0.5326294236027245,4,0,0
14,1,10,18.22871485764577,0,0,0
10,3,6,10.381205195021915,2,0,0
9,1,0,17.520140844434977,1,1,0
12,4,3,20.866894501499765,1,1,1
8,3,6,2.2124826655184986,3,1,1
9,2,9,5.263945979046339,3,1,0
11,1,0,6.508342788618657,5,0,0
11,2,7,9.485820235096336,1,0,0
13,3,5,9.777451574654508,1,1,1
11,4,5,22.9676535870763,3,0,1
10,3,2,17.224914212466135,3,0,1
6,5,5,6.288447163314197,4,0,1
17,2,3,11.803739322868937,3,0,0
11,2,8,0.0,3,0,0
13,3,3,35.197146498318276,4,0,1
12,3,5,15.180690524795034,2,0,0
10,2,10,24.926031534883542,7,0,0
8,3,5,22.931711335063845,4,0,1
12,4,10,14.639322471130775,1,1,1
9,1,0,0.0,3,0,0
6,3,3,9.420700114678427,2,0,0
9,3,8,18.53614655621551,1,0,0
11,1,10,15.605092596876707,1,0,0
11,4,9,25.403747117970383,5,0,1
6,1,5,14.980386607746874,1,0,0
11,1,3,33.42065333849014,5,0,0
9,3,6,4.403553981501263,1,1,1
7,1,9,20.176800358993898,5,0,0
7,0,6,4.710661267195551,2,0,0
8,1,4,24.14082655852012,3,0,0
7,2,3,7.468980555059442,4,0,0
11,4,3,0.0,0,1,1
7,0,6,0.13684124735375747,2,0,0
11,1,5,10.27933257461396,3,1,0
9,3,3,30.58636660065597,2,0,1
10,3,2,22.413911408743438,1,0,1
10,0,1,19.46885183622236,7,1,0
11,0,3,14.349343459148791,2,0,0
6,1,6,3.736842904793356,6,1,0
10,7,1,5.671944448983245,2,0,0
9,3,8,9.48248564136426,0,1,1
13,3,8,8.576403069674239,2,0,0
8,4,5,8.432302776653433,5,0,1
11,4,8,5.4858645400337185,4,0,1
14,3,0,15.060812320512964,6,0,0
17,0,5,7.487438559296931,4,0,0
6,3,2,26.316354053183943,4,1,1
1,1,5,26.215735828438245,4,1,1
14,3,4,21.01020197631439,4,0,1
11,1,4,19.8558117525085,3,0,0
7,3,0,0.0,3,1,1
13,0,4,37.90825417267818,6,0,0
14,1,10,12.184069399241906,4,1,0
7,0,5,22.937136042320482,3,1,1
12,7,0,23.32969970107949,1,0,0
11,1,9,4.587929619569504,3,1,0
11,3,6,8.721521987467966,4,0,1
11,3,0,18.979100930284815,3,1,1
16,5,6,0.0,3,1,1
5,0,10,14.106249214325,3,1,0
8,2,8,0.0,5,0,0
8,1,6,15.101343570338296,4,0,0
10,2,9,28.752016498353953,4,0,0
12,3,4,14.975947446532222,2,0,0
13,2,2,0.36745682937336,7,0,0
13,3,6,9.47136148427473,6,0,1
12,1,5,21.15116340261032,0,0,0
12,2,7,16.667936311855453,3,0,0
14,3,7,19.51932623698023,2,0,0
6,3,9,13.277396324935271,6,0,1
12,0,10,7.342412076469913,4,0,0
11,2,5,16.25421565147237,1,0,0
12,1,6,15.67942630893162,3,0,0
8,3,2,25.271728615793027,3,1,1
8,1,3,10.301279463348717,1,0,0
8,1,6,15.487422730667056,4,1,0
11,2,5,13.547816305324254,3,0,0
1,1,2,37.73963814689651,2,0,0
13,2,9,7.470030688623591,3,0,0
11,2,6,11.15374917577057,3,0,0
7,2,2,5.425678400545191,1,0,0
10,2,9,28.038349908082353,3,0,0
14,2,7,28.77954965571854,9,1,1
10,2,6,12.831019102095942,1,0,0
7,0,3,26.855938178784722,0,0,0
14,0,0,18.281015973317338,1,0,0
13,1,5,22.0202067200559,3,0,0
13,4,4,5.051464476806473,0,0,0
7,2,8,16.613776878288913,5,0,0
12,1,9,33.723707210713954,2,0,0
9,1,5,29.774525893398632,3,0,0
10,1,0,23.05299789114926,5,0,0
6,1,2,24.510632555528247,3,0,0
13,1,1,39.33008453836566,5,0,0
10,1,2,22.85766248952691,4,0,0
13,2,0,8.383168114728921,3,0,0
11,2,10,27.130109857705396,4,1,1
10,2,1,14.256931484630151,3,0,0
9,2,7,19.887757588144154,4,1,0
9,3,2,16.184939228240907,2,1,1
4,1,8,7.912140119746191,0,0,0
10,0,10,18.08500731869465,1,1,0
9,0,10,24.668745544013316,4,1,1
11,1,3,22.38755636541353,2,0,0
8,4,1,19.79930450883928,5,1,1
6,2,6,12.99356421844847,3,0,0
10,1,8,0.0,5,0,0
13,0,4,14.526051316952447,9,0,0
12,2,0,20.54288765006624,2,1,0
12,5,8,0.0,5,0,1
15,1,8,14.329957548092896,1,1,0
11,5,6,14.051820571307088,3,0,1
8,1,0,5.8533324898640124,4,0,0
10,1,3,22.604167196642997,3,1,1
7,3,0,24.441918288660023,4,1,1
7,6,2,33.14139223235878,7,1,1
10,1,6,14.718019101306268,4,0,0
11,5,0,27.91511843896288,3,0,1
5,1,7,6.807456705190434,6,0,0
11,2,9,11.288096253300376,6,1,0
11,4,3,21.794811504453715,5,1,1
12,2,3,8.439654211764134,4,0,0
11,1,0,13.378237455924172,3,0,0
13,3,4,23.39556029845071,6,0,1
11,1,7,14.939526612448999,2,0,0
13,1,7,5.803618888000816,4,0,0
8,1,6,9.10447724486914,5,0,0
15,0,6,12.266032979425148,4,1,0
12,0,7,20.875485174177843,5,0,0
13,1,7,11.750768118414168,0,1,0
9,2,0,0.0,2,1,0
8,1,1,22.86274238071515,4,1,0
9,2,9,21.454440259809328,0,0,0
13,1,7,4.344579721136313,1,0,0
7,1,0,3.6669611763138334,2,0,0
10,0,8,28.51093141262308,6,0,0
5,2,8,12.594033117580073,6,1,0
7,1,9,22.535757145053154,3,0,0
10,1,1,8.060287693975681,3,0,0
12,5,5,21.552755929687155,2,1,1
10,0,3,5.77147031032378,2,0,0
7,3,9,19.222850311189664,0,0,0
11,1,6,18.568953772908145,4,0,0
12,1,1,0.0,3,0,0
4,1,9,16.23977366735747,1,1,0
8,4,0,7.813855570334679,3,0,0
9,2,8,25.930052030854547,0,1,0
9,2,8,17.351957792331604,2,1,0
15,2,8,12.52699773685243,4,0,0
17,4,4,30.18853445466668,4,0,1
16,4,2,0.0,4,1,1
9,2,5,34.27292402416282,1,0,0
12,4,9,33.754506084226676,2,0,1
12,1,0,11.103107672361695,2,0,0
9,1,9,23.88397582935893,7,0,0
6,1,7,19.853643758160455,1,1,0
11,2,9,0.0,2,0,0
6,5,3,13.884773914214003,1,0,0
6,2,1,2.3495261968401593,5,1,0
7,1,10,1.437746228253383,5,0,0
14,3,3,12.135297092373083,2,0,0
12,3,0,12.482143138585819,2,1,0
9,3,9,27.15816687820628,4,0,1
7,0,9,7.47505730908718,0,0,0
4,2,7,11.051836604278629,2,0,0
18,0,5,28.673342861581048,3,1,1
6,5,0,13.162982588544892,4,0,0
11,2,0,9.868566867978037,2,0,0
12,3,1,23.568559796307017,2,0,0
13,6,6,20.306322187641392,0,0,1
10,1,1,15.999290404021723,3,1,0
12,3,2,24.240518053349433,1,0,0
8,5,10,2.5232813501439963,5,0,1
6,1,8,9.181165747878342,3,0,0
5,3,0,34.98336979330371,2,1,1
13,2,8,0.0,2,0,0
8,2,5,8.271810179357644,5,0,0
8,3,8,3.165630795940018,3,0,1
4,1,9,15.710183142752607,2,1,0
10,2,10,21.049389899169373,3,0,0
9,3,7,26.06961945472653,4,0,1
10,1,6,10.896161161840219,2,0,0
12,0,9,5.772138499652762,2,0,0
13,2,6,0.487302450027121,3,0,0
15,1,5,15.479249547677764,7,1,0
9,3,10,36.27298667120222,1,0,1
16,4,7,9.123030263324683,2,0,0
11,1,8,14.282194610520058,1,0,0
8,5,7,16.361918860605435,4,0,1
12,3,8,10.771529566783567,4,0,1
8,0,4,29.232469591806108,4,1,1
10,2,2,27.093221759631287,0,0,0
13,0,3,23.18267139371955,5,0,0
12,2,3,24.605340100134047,4,0,0
10,0,8,8.147653774446628,3,0,0
8,1,8,3.5210030667683707,6,0,0
10,0,0,8.226616842483365,1,1,0
5,1,4,17.804132900111323,2,0,0
10,5,1,11.754259784360022,3,0,0
7,2,4,20.690914471371048,0,1,0
5,3,10,16.08219374142324,1,0,0
10,0,4,1.6067976246599116,1,1,0
11,1,2,27.40777619778496,4,1,1
7,3,3,9.886773562739815,3,1,1
10,4,6,22.86302099039703,1,0,1
12,3,9,6.523936036285194,5,0,1
7,4,3,6.1895514370504365,4,1,1
15,0,2,5.709955230004843,2,1,0
13,4,9,0.6815543558456731,4,0,1
8,1,3,0.9213211042707101,4,1,0
11,3,10,18.80618548919669,6,1,1
11,1,1,5.724924306251022,2,0,0
6,2,0,18.45928791821187,2,0,0
10,2,4,16.01762012270748,3,0,0
11,3,8,23.800595357599192,7,0,1
13,4,8,4.815201728309098,0,0,0
5,0,0,25.60844212888944,2,1,0
18,4,0,5.941480894738353,4,0,0
12,3,7,0.0,3,0,1
8,5,6,16.902554009958752,1,1,1
11,5,6,6.24818647889548,3,0,1
12,2,8,29.998179312207213,3,0,0
9,1,4,18.0098893477394,2,0,0
11,0,7,14.148126310815835,5,0,0
5,1,6,17.015691146497627,3,1,0
10,4,1,10.026289822460717,1,1,0
7,3,1,31.842793956359927,3,1,1
10,3,3,9.51878862674219,4,1,1
6,1,0,19.633041134072577,4,0,0
9,5,9,6.810367832187502,2,1,1
13,3,4,15.016588279830618,2,0,0
11,3,4,2.6298079099270755,1,1,1
11,2,0,17.286043343797047,5,0,0
11,2,4,15.648175120991695,1,0,0
12,0,3,20.488458471258355,4,0,0
9,1,9,19.681310161653712,4,1,0
10,3,10,15.29113405449469,0,0,0
13,0,4,35.39491255434898,6,0,0
12,2,3,14.817118008972116,6,0,0
10,1,8,15.391688520698823,4,0,0
14,0,8,14.14773614886261,0,0,0
9,0,2,17.026019993678467,2,0,0
9,2,2,12.139271846990429,2,1,0
10,2,2,11.31733922856408,4,0,0
7,0,6,22.520616347935224,4,0,0
7,3,0,14.516014392032831,6,0,0
8,1,3,25.540042661495505,6,0,0
6,1,8,0.0,3,0,0
5,3,7,30.228181277563205,2,0,1
11,1,2,23.952492388399417,5,1,1
9,4,7,14.485619898756065,2,0,0
5,3,5,14.22465334967253,1,0,0
10,2,9,21.406825039283714,3,1,1
12,1,10,4.736411487172207,1,0,0
11,2,2,15.384029806791942,4,0,0
12,4,8,16.551611374725468,2,0,0
6,1,9,0.0,1,0,0
11,0,6,18.4796871139068,2,0,0
16,3,7,1.477527321206658,4,1,1
20,1,9,25.829661961670784,3,1,1
11,1,10,28.380596033025235,3,0,0
10,3,1,30.105525639786812,3,0,1
11,0,2,11.775650353653404,1,1,0
12,2,6,11.635735688992352,3,0,0
7,2,1,0.0,4,1,0
8,0,5,21.801969332982274,2,0,0
10,3,6,0.0,2,1,1
7,1,10,0.5086451933618399,6,0,0
9,0,10,11.962622358370211,1,0,0
11,0,5,3.9427112451789963,2,1,0
13,2,4,5.382551826054929,4,0,0
13,2,8,15.470952679398097,2,0,0
15,5,2,23.814704306567315,3,0,1
8,1,4,20.394979676687093,4,1,1
8,2,4,16.89443561980024,2,0,0
10,3,7,26.469109536633425,3,0,1
10,1,7,16.276208220993883,1,1,0
7,2,0,9.73334518073499,4,1,0
10,4,5,7.299299401711097,1,0,0
6,5,5,20.52347993568708,1,0,1
9,1,10,3.9895675781772155,3,0,0
9,2,9,18.488117718848027,4,1,0
8,3,1,10.716342172234107,4,0,0
11,1,4,6.620198153240578,1,0,0
12,1,5,6.4475068837017115,1,0,0
9,2,2,24.65344090753201,4,1,1
11,0,0,6.424372077117585,3,0,0
11,2,8,12.20781452477005,2,1,0
9,0,1,10.313362269183724,5,0,0
4,3,3,25.59152661760093,6,0,1
14,2,8,30.383045283351098,3,0,0
11,2,8,24.088476611837834,1,0,0
13,0,7,11.24353750474393,3,0,0
10,0,3,18.422595000339378,6,0,0
10,2,0,5.903062688537435,2,0,0
15,6,10,17.10422999421087,4,0,1
9,2,10,0.0,5,0,0
11,1,6,17.3528528878698,4,0,0
10,0,1,14.448179739279825,3,0,0
10,1,7,19.40752142622405,2,0,0
13,2,9,14.876801297054056,2,1,0
12,0,9,23.350565091069598,2,0,0
7,2,10,7.365056867044562,3,1,0
12,2,1,22.564726149833735,3,1,0
13,5,9,19.72316276070663,1,0,0
9,2,2,25.894922772116832,2,0,0
9,2,5,26.566948879984658,3,0,0
11,1,3,5.480909290650368,2,0,0
11,1,1,20.170326778564515,4,0,0
8,0,0,3.3431590891026364,2,0,0
8,0,2,26.596676372553873,2,0,0
13,1,3,6.468755129863254,1,0,0
11,3,8,11.199766056329953,2,0,0
15,1,8,17.175540921486146,2,0,0
11,2,4,22.384787813710602,2,0,0
7,1,4,18.713026930258938,1,0,0
8,0,6,22.656355206077315,5,0,0
9,3,7,15.124805713402248,1,1,1
19,2,2,17.440984706766592,0,0,0
12,3,4,0.0,1,0,0
7,2,6,25.260901764058758,2,0,0
8,1,10,12.088289721054668,2,0,0
11,2,1,10.695627817899137,3,0,0
13,1,8,34.36808149679668,4,1,1
9,2,2,0.0,4,0,0
12,0,6,15.952893336643013,4,0,0
8,1,8,0.0,1,0,0
5,2,8,18.395018552402288,2,1,0
7,3,2,8.008788113637515,4,0,1
6,1,1,0.0,5,0,0
10,3,10,25.891298560548705,2,1,1
10,0,4,2.102279907557703,6,0,0
15,3,4,24.48738422588733,1,0,1
9,3,7,5.253338885871106,5,0,1
6,1,5,10.357197396606507,2,1,0
11,3,6,0.0,0,0,0
5,0,10,19.246408619508834,2,1,0
9,2,7,9.260658847709971,4,0,0
10,3,8,11.334405403354321,1,0,0
15,0,3,14.049736408735047,1,0,0
7,5,4,0.0,4,0,1
6,2,3,21.911021961485666,2,1,0
8,2,8,9.364998153439958,0,0,0
10,1,1,37.95196835858992,4,1,0
8,2,7,10.20402851521622,4,1,0
17,1,10,11.104274214627612,2,1,0
4,2,6,1.4341631059620426,1,0,0
6,4,6,0.0,1,0,0
11,4,7,23.776868900979633,2,0,1
10,1,10,25.61144005007958,3,0,0
9,5,10,9.346001991719522,3,0,1
13,3,0,16.213240808613097,4,0,0
10,0,0,27.418658741712896,0,0,0
8,5,6,17.89465574921211,2,1,1
9,0,1,19.848161910826637,4,0,0
12,3,3,15.87266572698358,7,0,1
12,2,5,8.474851647325359,5,1,0
14,0,4,18.854526991572857,3,1,0
9,1,4,33.64749285013105,7,0,0
16,2,10,9.795796257374981,1,0,0
15,1,5,23.674658893700784,6,1,1
8,2,9,16.8136725171762,2,0,0
10,1,6,9.10211468615417,0,1,0
7,0,1,23.952803461186203,4,0,0
15,0,10,22.78994304826578,1,0,0
11,1,3,20.8039400209617,6,1,1
10,3,6,32.48615627476277,3,0,1
6,6,4,33.3554718857732,2,0,1
12,1,10,15.539670909423734,6,0,0
16,2,9,13.938874662042704,6,0,0
11,0,8,0.7262388625943306,2,0,0
9,2,5,30.332032385239096,3,1,1
7,2,3,14.269669936880428,3,0,0
14,3,10,8.911646846462494,5,0,1
11,2,10,5.665786027994086,4,0,0
10,0,9,5.594574726391709,2,0,0
17,1,3,32.587187436009586,6,0,0
10,3,2,23.982783652309845,5,0,1
10,0,5,0.12010699523790258,2,0,0
13,2,7,0.5244468667029984,3,0,0
14,1,0,16.218651710158813,2,0,0
9,3,1,4.835384330280636,4,0,0
9,2,3,12.47941971727947,4,0,0
15,4,6,30.53021917325335,4,0,1
9,0,1,25.694172970033648,2,0,0
11,3,10,0.0,4,0,1
10,2,9,4.88882648918139,2,0,0
12,0,7,17.456953817181592,2,0,0
11,0,2,26.297666871226784,1,0,0
10,1,1,6.781353706647618,3,1,0
10,3,6,18.685259587255434,3,1,1
8,3,10,10.450823133309079,4,1,1
11,1,9,32.52063664691416,0,0,0
9,2,8,21.2241501922946,5,0,0
8,0,3,13.067378561672761,1,0,0
7,1,1,0.05333363468364816,1,0,0
7,3,8,4.385455937681396,2,0,0
8,2,9,0.0,2,0,0
6,2,4,17.72247176676148,5,0,0
4,1,9,21.66035086065647,5,0,0
9,1,6,22.164560887943857,5,1,1
3,3,9,8.860077881847214,2,1,1
13,1,4,27.80075153644215,4,1,1
12,1,4,30.835597429667637,3,0,0
9,1,5,8.346354604938565,4,0,0
17,5,4,26.815118875381863,2,1,1
10,1,7,16.398587488101,4,1,0
11,2,10,9.73237405818632,3,0,0
12,2,10,27.31196199646899,3,1,1
10,3,3,2.9348325896833156,2,0,0
10,0,2,0.1505815450254424,4,0,0
10,4,2,11.037947268658339,1,0,0
8,5,1,12.714651396994164,1,0,0
8,3,7,0.0,0,1,1
8,4,6,19.90664202167636,2,0,1
11,0,5,7.194873632807214,2,0,0
7,4,1,1.9065047142125113,2,1,0
5,3,1,21.49671711144648,3,1,1
10,1,9,10.7059035916593,3,0,0
11,3,0,25.57568697693153,1,0,0
10,2,9,19.592402979560774,6,0,0
10,2,1,13.020479756763315,6,0,0
12,2,8,25.9797414910295,3,0,0
11,2,0,19.203698776960415,3,1,0
12,2,9,14.802733809939125,1,1,0
11,1,3,20.117138648791325,2,0,0
10,1,1,20.442580296732586,1,0,0
12,1,4,4.056086125835874,3,0,0
8,1,9,38.58188548571764,3,0,0
15,2,7,15.676431194272428,2,0,0
4,4,0,15.876443550708316,2,1,0
6,1,8,0.0,3,0,0
13,3,6,16.285355761467123,4,0,1
9,2,4,16.718105013185756,2,0,0
12,0,4,3.501985061291972,3,0,0
14,1,8,4.604371949435812,2,0,0
6,0,8,6.007048297008458,3,0,0
14,4,1,12.049044108723832,1,1,0
8,3,7,17.13299178434494,6,0,1
8,2,4,12.770174483970965,4,0,0
7,2,1,18.027530587010773,6,0,0
15,3,8,21.7527520016641,3,0,1
7,0,3,20.428880413318314,1,0,0
6,2,4,18.64101438811587,4,1,0
10,1,6,17.856869235675546,3,1,0
10,0,1,17.891906241493146,4,0,0
6,1,4,13.532364116283585,4,0,0
11,2,7,8.401679220734607,3,0,0
12,4,10,14.068336427520496,3,1,1
8,2,0,21.531528712426454,2,0,0
9,2,10,21.474843278479423,6,0,0
8,2,7,20.078697235597232,3,0,0
6,4,1,10.247996312276536,2,0,0
12,2,3,12.83538211818057,3,0,0
11,2,10,12.873559757957704,2,0,0
5,1,2,8.929384359790355,3,0,0
12,3,1,23.939471983345086,7,0,1
6,4,9,0.0,3,1,1
11,2,9,35.22007774056071,3,1,1
8,1,1,35.73883951608074,4,0,0
6,1,9,15.50007275697173,2,1,0
9,3,5,19.052014122767247,3,1,1
8,2,2,23.491627766840967,3,0,0
14,0,9,7.420628246779577,3,0,0
8,5,3,20.676026448391326,2,0,1
9,4,3,28.190593187445362,5,1,1
7,1,1,0.0,4,1,0
7,3,3,0.5932838222462387,1,0,0
15,0,1,22.50197901650495,7,0,0
9,0,3,12.299187012771686,1,0,0
15,1,7,11.13378459861358,2,1,0
9,3,8,11.728300371508208,3,0,1
8,1,3,3.7302835257995266,3,0,0
8,0,3,10.898018744927178,2,0,0
18,6,6,1.7964523856801904,3,0,1
7,1,0,28.08722352188515,4,1,0
8,1,6,16.332632217140063,4,0,0
14,1,8,16.06552757295622,7,0,0
4,0,3,21.6664298181298,2,0,0
11,1,1,42.9021295163061,6,0,0
10,3,3,4.475085253038436,3,1,1
14,0,1,0.0,7,1,0
13,0,9,14.693134143196431,6,0,0
12,2,6,0.0,1,0,0
7,1,5,11.613376908057127,3,0,0
9,0,10,23.744883016924373,2,0,0
7,1,1,30.279925554952445,3,0,0
9,1,5,0.0,6,0,0
14,3,8,5.567271507654981,3,0,1
19,1,10,18.634593311336197,2,0,0
10,4,7,22.539616360062553,4,0,1
9,2,8,23.108051947990887,2,1,0
11,5,4,29.751161008430678,1,0,1
10,2,9,22.28598604434257,6,0,0
9,4,1,13.801265087322447,2,0,0
16,4,4,25.61983248956644,3,0,1
8,4,9,15.698075206350957,5,0,1
13,2,2,17.74718078263047,1,1,0
5,2,10,10.057766841478461,4,0,0
10,0,3,16.567552934622938,4,0,0
17,1,6,0.0,2,0,0
12,4,1,25.34729232745675,2,0,0
7,3,5,4.908763183127263,2,0,0
10,1,10,6.119396078390565,1,0,0
8,1,0,0.0,5,0,0
10,3,9,6.774981992162715,4,0,1
7,3,2,5.415851241135503,1,1,1
8,1,10,17.172819711391885,4,0,0
8,1,6,2.0546404823768185,5,0,0
16,1,10,10.559404393105435,3,1,0
6,2,4,8.199125456699555,3,0,0
10,0,7,0.0,7,0,0
15,5,6,17.381147358822165,5,0,1
9,2,6,12.807601446248789,1,1,0
11,3,0,15.399366304245607,2,0,0
6,1,0,23.301926527195945,2,1,0
5,0,5,15.075340465053698,2,0,0
9,3,7,11.670353683326402,3,1,1
8,0,2,24.226153060732653,4,0,0
11,1,7,11.743114405105466,2,0,0
9,3,7,9.95404843347726,3,1,1
6,2,0,21.695617286399717,2,0,0
9,1,10,7.199771389078753,5,0,0
13,1,4,26.67233703380763,2,0,0
11,4,8,16.603992557190907,3,0,1
11,7,10,30.689886651075902,4,0,1
11,1,9,14.400982244118563,1,0,0
11,1,9,24.482609197980523,5,0,0
9,0,10,0.0,8,0,0
9,3,2,27.82093882108782,1,0,1
9,0,8,21.892904733674293,1,0,0
13,1,10,8.545358256081736,3,0,0
4,4,8,23.64929147626841,4,0,1
14,2,0,2.3283111185783074,5,0,0
7,2,1,10.02668568776517,1,0,0
9,5,2,6.489108395965067,0,1,1
10,4,3,24.199962877339985,3,0,1
14,0,4,27.48328962358667,1,0,0
9,1,4,10.510495031768,3,0,0
10,0,9,2.285807446556767,5,1,0
10,1,10,5.231256131211261,3,0,0
9,1,4,15.920726235108571,2,0,0
10,4,2,15.292815410506917,4,0,1
12,2,5,11.599098531023328,2,0,0
12,3,3,6.702971928703752,4,1,1
9,5,8,31.284249476310787,2,0,1
12,2,1,8.799991180136708,5,1,0
8,1,10,6.671496811841335,1,0,0
12,1,0,26.473273634054124,1,0,0
11,2,6,12.175125681342415,1,0,0
10,2,8,20.119180145321867,0,1,0
14,1,9,6.248336952290897,2,0,0
11,2,8,20.060831665115444,3,0,0
13,0,2,22.351939417234135,3,1,1
10,4,10,3.8370459750028285,3,1,1
8,2,0,9.65926212565182,3,0,0
10,3,8,5.951653872341666,3,0,1
9,2,6,9.71974100249358,1,0,0
10,2,7,31.010791951263116,4,0,0
12,1,10,17.568938286817215,1,1,0
10,3,5,34.48029988062346,7,0,1
12,1,9,29.82775141152078,2,0,0
10,2,5,26.308901360773532,3,0,0
9,2,10,29.54380494015099,3,0,0
14,1,3,26.599300426639047,1,1,0
13,0,1,32.04519065912048,1,0,0
6,2,0,20.446605068274025,2,0,0
15,2,5,21.86322430712156,9,0,0
9,4,8,21.57929135166848,4,1,1
5,4,9,10.605356001526456,4,0,1
11,1,9,23.461790303806595,5,0,0
7,3,1,27.578036387555535,4,0,1
11,1,0,8.995877299104109,5,0,0
8,1,0,6.427591425390046,2,0,0
13,2,6,9.489836872715127,1,0,0
9,2,0,28.567388546799588,7,0,0
9,5,8,12.628806151456732,3,0,1
6,2,8,3.9586581445062414,2,0,0
10,1,10,4.614651148817066,1,0,0
8,1,2,5.9617105519152425,2,0,0
6,3,10,7.871277126949843,2,0,0
9,3,1,1.0104975034839185,7,0,0
5,2,8,21.056139047052447,4,0,0
9,1,2,13.106648895783058,1,0,0
10,2,1,20.34451439408078,3,0,0
7,4,3,0.0,1,1,1
9,2,6,25.72424657687685,4,0,0
13,3,3,14.178862189002679,5,0,1
9,1,7,20.000143469887497,3,1,1
10,2,4,30.2132569200881,5,0,0
10,2,1,18.678490674349348,2,0,0
9,4,9,36.116030403969965,7,0,1
9,0,3,0.0,0,0,0
8,3,6,11.824366753797417,3,1,1
12,2,0,0.0,0,0,0
3,3,6,18.143993373329543,5,0,1
12,2,2,15.765020913249076,5,1,0
11,3,6,4.078185187386767,3,0,1
9,1,2,36.73508963295647,0,0,0
8,3,7,11.40568893370273,1,0,0
12,3,3,0.0,1,0,0
8,0,0,21.801850793537515,2,0,0
12,2,0,21.956771613837677,3,0,0
12,1,3,10.205068623783099,5,0,0
7,3,8,22.883637773917908,6,0,1
6,1,4,5.497552932456118,2,0,0
8,3,4,10.828547140824387,3,0,1
12,1,2,18.93705233989624,1,0,0
14,3,4,24.24336119726997,3,0,1
8,1,6,12.757884342161992,2,1,0
9,3,2,10.175881186029425,1,0,0
7,2,4,14.587835911750746,5,1,0
11,1,2,0.0,5,0,0
12,3,0,12.20439406094157,1,1,0
3,1,5,0.0,5,0,0
11,2,2,6.583824165695859,4,0,0
10,2,1,0.776046323692654,3,0,0
8,1,2,20.28256742917209,5,0,0
12,2,4,7.690724636960981,2,0,0
11,1,4,27.379024378641052,4,0,0
5,5,8,0.0,2,1,1
9,2,10,12.564992061511322,1,0,0
6,1,8,15.845482546000325,4,1,0
12,2,1,19.90072484504428,2,0,0
13,4,10,36.53591280203706,2,0,1
7,2,5,0.0,1,1,0
12,1,8,7.424263276911205,5,0,0
8,3,8,34.96986549250818,3,0,1
6,2,10,5.78921456905676,5,0,0
11,0,5,19.417556544070766,1,1,0
8,0,0,5.602348135172374,3,0,0
5,1,0,1.0601995969311595,1,1,0
6,3,8,6.844631474489617,2,1,1
6,1,2,34.776238614533185,3,0,0
12,0,4,3.3344587192320656,4,0,0
14,0,5,12.017843446430017,2,0,0
6,0,0,12.453659199859775,3,0,0
13,2,0,24.163419603607124,3,1,0
9,3,3,26.28886634192348,5,0,1
10,1,5,16.077535313731843,8,0,0
11,2,7,0.0,2,0,0
5,2,6,6.10768184050537,5,0,0
6,1,1,3.0198067812740668,7,1,0
11,5,3,26.586819254809264,2,0,1
12,3,4,5.78945075598984,3,1,1
6,3,7,31.83492465482307,4,0,1
17,1,6,19.08188965902234,2,1,0
5,2,3,26.347978243788248,5,0,0
14,2,7,37.557711182071635,5,0,0
13,4,10,5.561729906060302,5,0,1
15,0,7,0.0,4,0,0
9,1,3,16.86999008990595,2,0,0
6,2,10,24.540763633057892,2,1,0
11,5,1,8.351166718785514,3,0,0
9,2,2,15.363863612206936,3,0,0
10,2,4,27.170382081531645,1,0,0
10,1,0,26.18059898487064,4,1,0
9,1,4,9.182258183321562,2,0,0
10,3,3,17.713431273066096,3,1,1
12,1,4,5.6428357509302565,1,0,0
7,3,0,0.5003837926044401,3,0,0
13,1,9,28.582235788154737,1,0,0
7,0,6,0.0,4,0,0
11,3,9,16.909923093360042,2,0,0
5,0,8,11.297056486459184,4,0,0
13,1,4,20.487601278914305,2,0,0
9,0,2,8.150029883920649,4,0,0
13,2,8,26.416166836683566,0,0,0
9,3,5,12.77776545709736,4,0,1
11,1,5,29.51443396471826,0,0,0
10,2,9,17.188561199772195,1,0,0
17,1,9,4.501824258576539,1,0,0
8,1,2,20.425645279047973,3,1,1
4,1,0,19.17592127338002,5,0,0
6,4,3,13.929893785151311,1,1,1
6,2,3,7.516413479441628,3,0,0
9,1,2,23.606366363871555,1,0,0
8,1,10,5.347784154653192,0,1,0
16,2,4,6.399834730176423,4,0,0
8,1,8,20.274726957311138,0,0,0
11,1,8,12.891808430725034,1,1,0
12,1,7,0.0,1,0,0
4,3,9,5.381119757198018,6,0,1
18,1,5,19.05847559503484,2,0,0
9,2,3,12.302496504670241,6,0,0
10,2,1,13.989017721179408,5,0,0
12,2,9,17.62044315134704,3,0,0
7,4,2,19.563005709116243,1,0,0
5,2,8,16.161107147289584,3,0,0
9,3,0,0.0,2,0,0
13,4,6,14.447771278679573,3,0,1
13,2,9,9.836596186379944,2,0,0
3,1,5,15.30631408448489,5,0,0
8,4,1,25.676930036979055,1,0,0
7,2,4,4.275382938863981,7,1,0
11,2,1,15.702638733737883,3,1,0
11,2,8,19.770435655315296,3,0,0
7,1,4,11.90470381425472,3,0,0
11,1,5,1.9092527534257435,2,1,0
9,1,3,2.9610377221765987,3,0,0
16,5,0,14.654510724097603,3,0,0
12,1,2,8.796425628996749,2,0,0
9,1,4,0.0,2,1,0
9,3,2,7.0187773165019705,3,0,1
9,3,7,1.9942861015681768,2,0,0
12,0,1,22.483962755118267,3,1,0
8,1,1,0.15727464751156894,4,1,0
7,3,0,29.20399624883281,4,1,1
6,3,0,36.5971696781953,5,1,1
12,1,3,7.594133516427027,1,0,0
14,2,7,8.862272050574784,1,0,0
7,1,7,24.437617536774596,5,0,0
10,2,7,25.84008596108855,5,0,0
6,5,10,10.075786135588134,2,0,0
11,0,0,10.602541175293975,7,1,0
9,2,0,10.684036209182892,7,0,0
11,3,6,6.483096306828077,4,0,1
9,1,6,24.11498615726599,1,0,0
10,3,9,16.5542448886139,0,0,0
9,0,4,7.746586346792546,1,0,0
15,2,7,15.646145606887197,4,1,0
11,6,5,11.216769107768245,1,0,0
11,4,0,40.0349073136494,3,1,1
14,1,6,12.511987458273595,2,0,0
10,1,7,22.40195915544753,1,1,0
7,2,7,19.347030674144108,1,0,0
13,3,9,13.49353089234019,0,0,0
14,1,8,19.402613731610483,6,1,0
10,3,2,17.104902636477004,4,0,1
10,5,1,39.86772339262802,5,1,1
6,0,7,14.029086034455641,4,1,0
12,4,10,0.0,7,0,1
12,2,3,36.890407925784174,3,0,0
11,1,1,9.903587595408766,2,1,0
10,4,1,15.864660589126135,4,1,1
5,4,1,9.562232300543972,6,0,0
10,2,4,9.010838108896081,3,1,0
13,4,7,3.813381271918919,1,0,0
12,1,8,0.0,1,1,0
7,3,10,7.8250959300575404,4,1,1
4,2,5,20.14248354370682,2,0,0
7,1,7,0.0,1,0,0
10,2,5,20.05343508502019,1,0,0
3,2,0,38.19747341657209,2,1,0
10,2,10,17.867957055182856,5,0,0
12,1,8,1.105248388865368,1,1,0
8,6,9,19.025131388955757,5,1,1
10,2,6,24.576114265953137,3,0,0
8,2,1,28.042298244319547,3,0,0
10,1,2,16.876992120462653,3,1,0
14,1,1,21.04439154795844,4,0,0
10,1,8,23.502091286116727,2,0,0
5,2,7,21.02267422880988,1,0,0
13,0,4,18.183495751955018,3,0,0
5,3,3,8.611488814909148,4,0,1
12,2,6,24.544214837272257,2,0,0
11,4,8,9.641758263347889,2,0,0
6,3,7,41.02480595093659,1,1,1
6,1,7,8.601775069188324,3,0,0
6,1,10,23.025815098669355,4,1,1
12,4,1,2.2248875830674137,3,1,1
6,0,9,10.232661303099315,3,0,0
8,2,8,9.107809057733157,2,1,0
13,2,1,1.327346805837541,2,1,0
12,2,7,9.255909978231141,4,0,0
12,1,4,18.603758235471535,2,0,0
6,4,10,12.525945329099114,2,0,0
9,5,5,26.92967369994677,3,0,1
4,1,9,5.685867533899733,4,0,0
12,3,8,21.973235588469432,2,0,1
8,2,7,9.074251101516756,3,1,0
5,2,4,26.29177169873183,3,0,0
8,3,5,22.833687398177517,2,1,1
14,2,4,25.130037402901568,5,1,1
16,3,8,13.386322507985547,3,0,1
15,1,10,28.29356944748689,2,0,0
11,1,4,0.0,3,0,0
13,0,5,19.462861887515075,1,0,0
9,2,0,16.3822456261006,3,0,0
11,1,7,23.339871678095236,8,1,1
9,1,7,14.242630341499487,4,0,0
5,2,7,5.159501160485052,4,0,0
15,2,6,4.081533220310918,1,0,0
12,1,6,14.881904309723701,1,1,0
8,2,5,12.398835777527653,3,1,0
11,0,6,23.569247222586707,2,0,0
10,2,8,24.53842269572927,3,0,0
14,0,4,15.478270783760673,4,1,0
7,1,8,15.256675300265535,6,0,0
6,2,8,25.646123744874664,4,1,1
8,1,3,12.550600023116221,1,0,0
17,2,8,12.958485574522614,0,0,0
13,0,7,1.772589768644865,5,0,0
9,1,10,23.785666824603418,2,0,0
6,0,4,14.101866530636737,2,0,0
10,1,9,26.368543019383832,0,0,0
7,1,10,2.929867907583416,2,0,0
11,2,2,10.085861820502044,5,0,0
5,0,8,24.46075106325476,3,0,0
12,0,2,18.261901583033573,3,0,0
10,3,2,3.1687024660782157,4,0,1
10,2,2,24.225592057407695,3,0,0
12,2,0,1.9520555257951262,3,0,0
10,4,5,23.279603107569343,2,0,1
14,2,2,5.203495408238117,3,0,0
7,4,9,27.11475522952091,3,0,1
9,1,2,16.128904254717227,7,0,0
8,2,8,18.440511710949213,6,1,0
3,4,6,14.189574514018663,8,0,1
8,0,7,15.876755343506261,2,0,0
13,2,0,15.82960534892928,4,1,0
10,3,7,22.05661123368551,5,0,1
7,1,7,14.37031725649857,3,1,0
10,2,7,29.623084183233694,4,0,0
9,1,5,7.638619231273074,0,1,0
15,4,9,23.606592087174946,5,0,1
10,3,4,20.641753051990143,3,0,1
8,1,3,27.33400408307044,1,0,0
13,2,10,16.209215639466564,0,1,0
7,4,8,18.294242129238288,4,0,1
11,1,6,18.180952400713743,3,0,0
9,2,0,2.840783798219036,1,0,0
14,2,10,18.93826819629478,2,0,0
11,1,0,47.69906737386942,3,0,0
11,2,0,31.091709136297563,5,0,0
12,1,3,7.201161953612704,5,0,0
8,2,8,0.0,4,0,0
7,0,2,15.521841513553658,1,0,0
10,1,9,25.833278431492715,1,0,0
14,2,0,14.613519925368104,4,0,0
11,7,0,33.891965811098714,3,0,1
5,3,2,7.197517552451028,1,0,0
10,2,10,17.249726272604477,3,1,0
9,3,6,13.913752129832504,3,1,1
7,2,7,22.31413998597793,1,0,0
10,1,3,22.999198246986552,5,0,0
8,5,1,26.886348824592012,3,0,1
7,1,6,13.76065839888681,2,0,0
17,2,8,27.577922875431952,4,0,0
9,1,9,18.449822808298688,0,0,0
12,5,5,28.597197414269758,1,0,1
14,1,1,29.996458939031314,4,1,0
15,0,8,15.183061428139386,4,0,0
8,1,6,8.26098665323548,2,0,0
10,2,8,17.03681528938775,4,1,0
17,1,10,24.906439873956145,1,0,0
14,1,1,0.0,4,1,0
11,0,9,10.051653796281487,7,0,0
13,2,3,21.825956997781088,5,0,0
20,3,5,0.0,2,0,0
6,2,9,4.658381850844517,4,0,0
9,1,6,8.869730697151093,0,1,0
8,1,2,14.165120496940625,1,1,0
8,4,9,11.781898836108498,4,1,1
4,0,10,11.971025752536484,6,0,0
12,2,10,1.6890040189662692,3,0,0
7,0,4,32.69764640909014,3,0,0
5,2,10,8.921259776293896,3,0,0
12,3,3,0.0,3,1,1
8,3,4,26.35252359191148,2,0,1
11,1,5,7.249133699299609,4,0,0
8,3,5,2.879049964598943,3,0,1
16,3,6,21.78007254904349,3,0,1
8,2,5,9.811473269639897,4,0,0
10,3,5,16.684864956542025,1,0,1
8,3,3,8.664426779643808,1,1,1
11,3,1,10.370673324537421,5,0,0
5,4,9,5.074247063818868,4,0,1
9,0,6,2.859837721842741,3,0,0
15,1,6,49.71549476805477,1,1,0
10,5,10,6.7201340199817245,2,0,0
10,4,2,0.37177444323843467,3,1,1
12,2,4,26.304588315211475,1,0,0
8,2,5,17.665166465542057,2,0,0
10,0,9,15.174125536299323,3,0,0
12,1,8,10.120848702278014,4,0,0
7,5,2,10.934758530584563,6,0,1
12,1,2,12.02616912869396,4,0,0
9,2,4,26.365365204001506,0,0,0
10,4,1,12.516352547945045,0,0,0
7,3,2,26.439722006331635,5,0,1
12,2,5,14.463340835488266,4,1,0
11,0,2,12.948546036018568,5,0,0
19,3,0,4.786616250497316,4,0,0
9,3,6,36.44726509762826,2,0,1
9,3,6,15.149780156595941,3,1,1
11,4,1,14.987779607228555,2,0,0
11,6,4,33.5886878435269,6,1,1
9,1,8,19.16506124412398,2,1,0
10,3,2,20.272220475755848,3,0,1
10,2,7,15.59730503182771,3,0,0
12,3,3,7.259018036415931,3,1,1
9,4,2,27.167597673338122,7,0,1
11,3,1,0.8364646370504083,4,1,1
8,0,8,5.232594568228633,3,1,0
6,1,10,7.229531751138117,4,0,0
12,2,4,17.51258542004623,0,0,0
14,0,8,14.841624518849157,2,0,0
9,2,7,0.0,4,0,0
9,1,2,38.173985013531514,4,1,1
15,5,3,22.59833876941616,3,0,1
14,3,5,10.090207593129161,4,0,1
7,4,10,19.33334569350879,7,0,1
9,4,9,19.469875108713957,0,0,0
9,0,4,11.6986157915477,4,1,0
4,6,9,18.938619165057986,0,0,0
13,0,9,19.056056075689533,3,0,0
12,3,2,25.914195464734046,3,0,1
6,1,4,15.690607543662441,6,1,0
9,2,4,18.21636468203303,2,1,0
9,2,8,12.911329051222182,3,0,0
8,0,3,10.665791555838808,1,1,0
7,1,7,7.30488550832197,3,0,0
6,2,3,6.959575695692655,3,0,0
16,4,9,10.351536398510408,0,0,0
16,0,1,12.641356792604821,3,0,0
8,1,2,25.058919227267857,1,0,0
12,1,3,11.20710538978577,3,1,0
16,1,7,11.673892114412194,4,0,0
12,4,8,12.076249589911962,2,1,1
6,4,5,14.520982259657133,6,0,1
10,4,7,31.98181269141064,1,1,1
7,3,9,11.208563504407504,0,0,0
9,3,4,20.61111582218903,1,0,1
6,3,4,18.49700682595759,0,1,1
12,2,7,15.620740987955672,2,1,0
11,2,3,5.4188834097818575,2,1,0
15,2,2,20.236652784254055,2,0,0
3,0,9,0.0,2,0,0
4,1,1,4.794455494649615,4,0,0
9,3,7,9.583990237923668,2,1,1
6,1,4,12.754705538789096,3,1,0
8,1,5,15.840711322408351,3,0,0
9,0,8,28.91228128072523,4,0,0
16,3,2,21.301687190814356,4,1,1
10,1,3,16.688693976401503,1,0,0
7,0,1,11.640753008234809,3,0,0
6,2,5,11.746231036988148,4,0,0
11,1,8,3.654953944362358,2,0,0
12,2,1,0.0,4,0,0
16,1,4,2.247204614206426,3,1,0
11,2,9,26.708439555146697,3,0,0
10,2,0,7.882866415211167,5,1,0
8,6,3,9.75300984621921,3,1,1
10,4,7,25.210474630255312,2,0,1
10,2,2,0.0,1,0,0
9,3,3,9.139880928507718,4,0,1
8,0,1,4.020771901577085,3,0,0
10,0,8,17.93578282084822,3,0,0
6,0,4,20.568997777054747,3,0,0
13,1,2,20.73160222988524,4,0,0
16,3,10,30.082182613801756,3,0,1
7,4,10,20.53995427720993,2,0,1
9,1,9,17.48939776936274,4,0,0
8,2,6,39.33387009629314,0,0,0
8,2,10,0.0,4,1,0
12,3,0,37.0070883356498,4,0,1
6,1,8,32.41934658893736,1,0,0
8,1,6,13.515536168897201,4,0,0
10,1,0,7.929575556177589,1,0,0
5,2,3,8.417064283343683,6,0,0
18,2,6,12.114702978497071,0,0,0
8,1,3,26.963565179490928,2,0,0
6,2,6,0.0,1,0,0
11,3,2,35.09735349684877,2,0,1
10,1,3,14.990677014087064,4,1,0
7,1,2,26.767945942248595,8,0,0
7,1,3,2.7039901820002203,1,1,0
10,3,9,22.236416743079857,3,1,1
12,5,2,18.867353009422605,6,1,1
13,1,9,20.640178028018248,7,0,0
15,4,9,8.081991537593076,6,1,1
13,3,4,11.173435878815443,1,0,0
7,1,3,2.6493797414101845,4,0,0
10,2,2,22.640931252588253,5,0,0
6,5,4,28.425508805850463,3,0,1
10,0,9,17.8231376446074,6,0,0
14,2,8,0.0,0,1,0
9,2,10,28.56712089622753,6,0,0
11,2,0,16.19133558860472,3,0,0
10,2,3,0.0,5,0,0
14,3,6,0.0,3,0,1
11,2,3,4.463331736932709,1,0,0
8,3,7,14.995905506144993,5,0,1
10,2,6,4.785002295172262,3,0,0
9,0,4,6.100508161816553,4,0,0
8,2,9,24.139286213172397,4,0,0
12,2,3,26.873848441700964,6,1,1
10,1,7,24.494828417425012,3,0,0
12,4,0,0.0,3,0,0
10,1,1,24.43001327001184,1,0,0
14,3,4,10.210989352063859,4,0,1
17,4,9,34.62553014131165,4,0,1
13,4,6,17.602770475467,4,0,1
8,0,8,27.163944003337214,2,0,0
6,1,2,20.561470470690658,1,0,0
14,3,4,19.32836704694266,3,1,1
6,1,10,11.319083474125808,3,0,0
6,1,1,27.074589597172317,2,1,0
11,3,5,24.309950372196383,5,0,1
9,2,5,11.689305925844351,2,0,0
15,2,3,10.596427757579907,1,1,0
3,3,1,7.875516010207566,3,0,0
11,0,7,23.175519272845044,1,0,0
12,0,7,17.363448822910343,1,0,0
11,1,0,17.87662670601707,4,0,0
14,2,1,11.39499737824878,3,0,0
17,1,3,29.57796551974053,2,1,0
10,0,0,0.11092955001511307,3,0,0
8,1,5,22.821377710237982,4,0,0
12,0,10,24.819247225503297,2,1,0
8,2,1,11.825739980144744,4,0,0
15,3,2,0.5014529901201588,4,0,1
13,0,10,18.825128746435208,6,1,0
7,2,8,26.96489490827099,4,0,0
9,1,6,32.71976912475878,1,0,0
4,2,3,21.57109237022059,4,0,0
10,1,9,8.862704582929943,8,0,0
11,1,0,21.93305456939243,4,0,0
7,0,3,20.005303152254186,2,0,0
7,1,9,18.21855902140133,4,0,0
4,1,5,6.153638954885514,5,0,0
8,0,7,20.984661809037526,3,0,0
12,0,10,19.69903754492067,2,1,0
8,2,8,39.27664224201159,3,0,0
18,2,3,15.875033152643875,2,1,0
13,4,5,31.953706468911758,1,1,1
8,0,1,28.91306081227208,1,0,0
12,3,1,15.499420564121948,3,1,1
13,3,5,27.371955444479113,1,0,1
8,1,8,7.1661357259851695,1,0,0
11,4,2,13.078257701307955,2,0,0
15,0,3,9.642211156653172,4,0,0
9,1,10,13.424666632680951,4,0,0
9,4,8,0.0,1,1,1
6,2,8,32.99379309458506,5,0,0
8,2,10,11.95493553077112,3,0,0
12,1,4,22.869500194571373,0,0,0
11,4,8,17.453268471997905,5,1,1
13,1,4,12.283725820977143,3,1,0
6,1,4,2.228551927885178,1,0,0
10,2,6,5.859437576603856,5,0,0
11,1,5,12.643287981215256,1,0,0
10,1,9,10.253587152423814,3,0,0
10,4,10,5.26215132799871,2,0,0
8,1,6,8.129072601857885,2,1,0
7,2,9,19.61158075835681,2,0,0
16,2,1,23.768880757786597,1,0,0
14,1,8,3.335273351953397,5,0,0
10,4,5,6.199063562781726,2,0,0
9,0,8,17.150234608719675,4,0,0
16,0,0,13.365416545511465,3,0,0
8,2,1,11.337527076664808,3,1,0
9,2,6,24.223987490915967,7,0,0
9,2,1,16.848131745413575,1,0,0
10,2,5,0.0,3,1,0
6,1,1,7.005082333445949,5,0,0
7,4,9,0.0,4,0,1
16,2,4,13.20814668435534,2,0,0
7,3,5,1.718833242463143,4,0,1
9,3,6,0.0,3,1,1
9,1,0,0.0,4,0,0
11,2,1,34.844022900441985,4,1,0
4,2,1,1.3463348175702006,4,0,0
7,1,0,11.843423961061008,2,0,0
8,2,2,15.594790835499694,5,0,0
12,2,5,16.190441187447508,5,1,0
14,1,10,21.20892164997237,2,1,0
14,2,8,14.489921329048052,5,0,0
9,2,2,10.464002082884932,4,0,0
6,2,2,17.19743061759074,3,0,0
8,0,1,17.094307685260283,1,0,0
6,1,1,15.507087289455713,5,0,0
8,2,6,21.408909303161895,6,1,1
8,2,3,8.74262836509807,1,1,0
7,0,5,12.99203255490183,3,0,0
20,1,7,1.7418086187364672,2,0,0
10,3,4,12.550665148310085,1,0,0
13,1,2,8.618511949536082,2,0,0
9,2,1,25.553590258801695,1,0,0
9,2,5,0.3754360154120011,2,0,0
6,1,10,10.247732695719229,3,0,0
11,2,7,9.758270077801914,1,0,0
9,2,10,21.708069261772007,4,0,0
10,3,9,2.2362249014861355,3,0,1
12,2,3,15.037209821675297,2,0,0
14,1,1,15.786533878751978,5,0,0
7,2,2,24.236785624878628,3,0,0
9,1,2,6.451057516467593,4,0,0
12,1,8,1.9259812373930192,6,0,0
11,0,9,19.750483465209157,4,0,0
16,2,3,1.0518506501235176,2,1,0
13,3,5,9.77260917752706,3,1,1
10,2,8,12.613807434309072,1,1,0
8,0,9,21.157443583591323,5,0,0
16,1,7,0.0,6,0,0
5,2,8,12.038875675105789,3,0,0
11,2,5,15.260428093991273,5,1,0
14,3,1,6.389683520563249,2,0,0
11,2,4,11.423814456771304,3,1,0
14,1,9,23.89049001602938,1,0,0
16,1,2,9.929244703154735,1,0,0
12,2,2,11.36050494413203,4,0,0
12,4,9,23.856092660384654,1,0,1
8,0,0,12.818892561980402,0,0,0
6,1,10,28.383405279267308,4,0,0
9,2,3,0.0,3,0,0
5,2,6,12.266141354141906,2,1,0
14,5,2,22.76290921984887,2,0,1
13,2,6,7.806586951613871,2,0,0
11,2,5,12.656224548448526,5,0,0
8,1,0,27.633084767567013,3,0,0
12,0,4,7.253130206870769,2,0,0
13,1,10,19.82597203180463,2,0,0
5,1,5,22.466522535214697,3,0,0
11,3,10,15.766357459261341,2,0,0
13,0,8,15.400126840137743,1,0,0
6,8,9,4.750841814107279,2,0,0
8,3,5,22.31037366996254,3,0,1
12,2,10,2.4566512473774242,3,0,0
7,1,7,18.912384180989243,0,0,0
10,2,1,9.815984599964604,1,0,0
15,3,0,11.052567259963084,3,1,1
12,2,0,12.987302563350042,1,1,0
3,3,6,19.99497031430492,0,1,1
12,0,7,30.619424324283532,7,0,0
11,1,7,16.11334574692946,3,0,0
13,1,2,7.799703817254758,1,0,0
8,2,4,0.6044574836693215,4,0,0
7,2,6,26.599455500863147,6,1,1
7,4,8,16.75373823477951,4,0,1
12,3,4,12.683865052010267,6,0,1
9,2,3,15.585153599340778,1,0,0
15,2,3,22.666633917623,2,0,0
9,1,5,10.899285563495166,2,1,0
7,0,8,8.339870555441893,4,0,0
9,3,0,1.9006404004256225,1,0,0
10,2,0,4.207802673629743,4,0,0
11,0,0,11.55242622907257,8,0,0
8,2,3,25.746746292580674,3,1,1
12,3,3,9.915165566369957,1,1,1
10,3,10,17.60591283822828,1,0,1
9,2,7,26.245189251670432,2,0,0
14,3,4,18.817636770742375,2,0,0
20,3,9,34.73704165118893,2,1,1
11,1,3,15.677505287517027,4,1,0
10,2,7,13.43019062729931,2,0,0
14,1,6,11.18314511364582,4,0,0
12,1,5,34.92325135289816,4,0,0
7,1,1,27.194495049505633,1,0,0
12,1,4,0.4063108261454538,0,0,0
14,2,1,36.10088372047274,14,0,0
5,0,5,19.979804485259013,7,0,0
10,1,8,16.290456530923596,5,1,0
14,5,8,20.182757962650637,2,0,1
4,2,5,5.412121521996291,2,0,0
12,1,3,16.96894212922014,5,0,0
11,2,9,11.913019338821647,4,0,0
7,1,8,11.396562830859299,2,0,0
12,3,4,24.588662825321926,4,1,1
8,1,7,12.355316560639267,1,0,0
9,1,8,15.996398872686616,2,0,0
8,3,4,18.277395707910184,4,0,1
10,2,5,24.43606597309355,4,0,0
9,2,3,27.68024758553524,5,0,0
15,2,0,15.148231626692324,1,1,0
10,0,0,11.217256769531879,2,0,0
10,0,4,34.037954346653294,3,0,0
8,1,2,0.0,2,1,0
6,3,6,23.673890851014885,4,0,1
10,3,3,13.55947140516809,1,0,0
10,1,3,20.705051112372047,3,1,1
9,1,3,15.40833737285729,3,0,0
10,1,5,27.81484126878557,2,1,0
12,0,8,19.19124246839528,4,0,0
9,3,8,0.7905151225518594,5,0,1
10,1,10,0.34033298655701927,5,0,0
18,4,4,12.849544288384381,6,0,1
7,5,10,21.076316179496075,2,0,1
11,1,7,28.07207924730348,1,1,0
15,4,3,8.305898224944473,4,0,1
8,3,7,0.0,0,1,1
9,3,9,19.31080984777673,6,0,1
13,0,8,15.423623781081863,0,0,0
12,4,7,16.432294294355746,3,0,1
9,6,7,3.9879253570141593,1,1,1
8,1,8,26.92793381851891,8,0,0
5,3,9,6.8368767525499745,5,0,1
8,0,7,18.08053427470373,3,0,0
10,1,3,17.756923828378145,4,0,0
9,3,4,20.498827042303724,4,0,1
5,2,9,7.553946051260753,2,1,0
10,4,5,5.766362959071687,2,1,1
11,1,4,23.530589394947825,1,0,0
12,1,8,20.526348037542903,4,0,0
14,5,1,18.350676482564722,3,0,0
17,1,5,26.257566173963774,4,0,0
10,0,9,18.416974372437636,2,1,0
7,2,1,11.299581252355676,1,0,0
11,1,10,20.179893893896224,5,1,1
11,5,7,19.50469169742339,5,1,1
15,2,7,19.7555502163365,3,0,0
10,5,4,6.169358941840654,4,0,1
9,4,9,5.209334182713599,5,1,1
10,2,7,23.801597293699693,4,1,1
16,1,4,13.515992442132086,1,0,0
10,2,3,0.0,5,0,0
7,2,8,1.2864066161511651,6,0,0
16,4,7,1.81474308731854,3,0,1
13,1,3,25.67324749083391,3,1,1
8,0,1,14.51622940716009,0,0,0
10,4,1,15.353552958994975,8,0,0
12,1,1,11.467502910743024,3,0,0
6,4,10,4.4122916969632335,1,0,0
9,1,9,22.597975403981927,2,0,0
4,5,7,21.523274022894658,7,0,1
8,1,5,7.954927864454858,4,0,0
17,1,0,29.02056523854781,2,0,0
9,0,9,22.449289909148057,3,0,0
11,1,3,6.461650031377461,2,0,0
12,4,2,12.126913676683596,5,0,1
9,3,9,11.320400694633872,2,0,0
7,3,10,18.123933860056567,3,1,1
6,2,6,0.7136638523808436,6,0,0
10,3,9,7.949540141765471,0,0,0
12,2,4,22.943975045608312,2,1,0
11,1,0,0.0,5,1,0
6,5,5,13.022536160787507,3,0,1
12,1,3,2.7373141214876977,4,0,0
8,1,9,24.13203042172794,2,1,0
15,1,5,18.433074811016724,3,0,0
7,0,6,0.32297456597132346,5,1,0
6,2,8,4.5757788382018045,4,0,0
5,6,0,15.139146216723423,2,1,0
8,2,5,0.0,2,0,0
10,2,10,3.998683242371685,4,1,0
12,2,7,6.7602781280731765,3,0,0
5,2,3,27.8483837943839,4,1,1
8,5,9,9.233315444956675,3,0,1
8,0,8,21.593790136212586,3,0,0
11,1,3,10.27061151121971,2,0,0
4,2,3,22.4454220016596,2,1,0
17,3,8,0.0,4,1,1
8,1,3,7.767267843911487,5,0,0
7,1,8,13.906822539155677,1,0,0
13,3,0,16.778369822819194,1,0,0
9,4,7,18.237867908823752,5,0,1
5,1,1,16.92705926152646,7,0,0
9,3,7,20.0595280973564,2,0,1
8,2,4,14.884001460971911,3,0,0
10,0,0,16.740462810638697,1,0,0
11,2,0,4.867969337750422,4,0,0
9,2,5,0.0,3,0,0
10,1,0,3.821418527934826,5,0,0
6,1,1,0.0,1,0,0
12,3,10,17.244377599106905,1,0,0
11,1,2,24.390922413265834,4,0,0
8,2,10,5.521352596826993,3,0,0
10,3,10,25.08506050606779,5,1,1
5,2,1,19.517925846225285,4,0,0
15,0,8,9.462512251766263,1,0,0
14,3,9,11.50610676606501,2,0,0
9,1,5,26.15480430787033,3,0,0
11,1,8,0.0,2,0,0
5,1,4,26.114195246136276,3,0,0
3,2,3,23.960205570532562,5,0,0
9,1,1,9.107731421544681,8,1,0
12,0,3,14.071453279029775,3,0,0
8,3,7,31.267818881752333,4,0,1
10,0,1,1.9011569966276767,0,1,0
18,3,7,13.179595375443409,5,1,1
12,1,1,21.4723336190942,6,0,0
9,2,0,17.09706315711708,2,1,0
6,1,3,15.52055529138911,3,1,0
11,2,6,33.167682022095825,3,0,0
8,2,1,3.9181783664073695,4,0,0
8,4,10,4.366432318644568,3,0,1
10,2,2,0.0,2,0,0
6,4,5,4.213348189144995,0,0,0
7,0,1,8.349201120810662,2,0,0
13,1,8,18.19861572214242,4,0,0
12,2,5,24.597511866820476,1,0,0
11,1,5,5.360784478736477,4,1,0
15,3,7,13.573260186040512,1,0,0
7,2,0,28.959261922793562,7,0,0
12,2,9,13.12503413182123,4,0,0
8,5,2,20.187009943118863,1,0,1
11,1,1,26.208744608943633,11,0,0
7,2,0,5.701142556714352,3,1,0
15,2,10,3.666572053770844,7,0,0
9,1,10,31.210337394012818,4,0,0
12,3,5,20.792134409117985,2,1,1
15,2,3,1.7302571762737387,0,0,0
8,2,5,4.433392701299963,1,0,0
9,2,7,12.99629218505207,4,1,0
9,2,6,28.936468182760606,2,1,0
10,2,2,24.81733437351658,4,1,1
13,1,2,25.670644867840522,3,0,0
6,2,5,10.635750049145877,4,0,0
13,4,0,14.923405495644731,4,0,0
12,1,2,7.016493294523363,3,0,0
5,1,7,10.843435336710114,4,0,0
7,2,2,3.771902187316737,6,0,0
10,3,0,6.280940648062343,0,0,0
12,6,9,7.738486585236409,0,1,1
12,1,8,13.548997917938198,6,1,0
11,5,1,19.20698582645493,3,1,1
9,1,6,31.662878853577705,3,0,0
17,6,7,11.344988568420181,3,0,0
15,1,2,20.87933258253907,1,0,0
8,1,6,13.207800681855925,5,0,0
11,5,9,24.628750112612934,5,0,1
11,3,3,2.4469469056969473,7,0,1
10,0,1,9.644269913166156,4,1,0
11,1,3,21.628466931957533,5,0,0
8,5,7,20.8157132404221,2,1,1
4,2,1,20.999468057192452,3,0,0
18,1,5,29.09242104488149,4,0,0
11,1,9,0.0,1,0,0
12,2,2,2.455549326582272,2,0,0
8,3,2,20.612553669062315,1,0,1
8,4,5,23.134121750021315,6,1,1
14,0,2,21.55092866314984,4,1,1
4,3,1,42.086931792889075,2,0,0
7,0,1,5.841260114604767,3,0,0
13,1,2,18.692071784237474,5,0,0
13,1,1,14.29110031536621,3,0,0
10,1,5,21.213815435423733,2,0,0
11,3,3,18.7582363625106,3,0,1
16,2,0,9.823972924166426,3,0,0
10,2,2,18.878016111642587,3,0,0
4,3,9,15.834689776161557,1,0,0
7,2,10,16.28195636260804,4,0,0
7,3,2,26.337814084065997,5,1,1
10,0,3,39.80681693438875,1,0,0
7,0,5,0.0,1,0,0
9,4,0,27.888413995452943,1,0,0
9,1,1,21.424739901296363,1,0,0
10,4,9,7.583258597288377,2,0,0
3,5,2,11.374203269431217,5,0,1
9,1,4,23.820628361389538,2,1,0
14,2,10,15.505356795499651,4,0,0
8,1,6,14.510036544148068,1,0,0
16,1,0,8.133453571100624,1,0,0
10,1,1,7.409058056781733,1,0,0
7,0,3,5.343044098963254,4,0,0
12,1,9,9.90086557017258,1,0,0
11,2,0,13.714832118068204,3,0,0
9,1,10,18.544573035005257,5,0,0
10,2,0,6.7696002211755975,3,0,0
4,1,10,22.55517115751011,3,0,0
10,6,8,5.9208212986732445,2,0,0
14,2,5,22.688951683178278,2,1,0
13,4,1,6.339894061721704,2,1,0
11,2,9,35.17084834854721,2,0,0
7,0,6,21.483202127193834,3,0,0
7,2,9,23.410267983307072,3,0,0
14,3,5,13.279980313892736,1,0,0
13,1,10,21.071144927849748,4,0,0
11,2,5,2.4784176936754143,1,0,0
11,3,7,5.239469495681332,2,0,0
7,2,9,11.926499492474896,3,0,0
12,1,2,30.178946671222157,4,0,0
13,1,9,25.065707204789334,4,0,0
8,2,1,0.0,2,1,0
14,1,8,5.139344118801754,1,0,0
8,1,4,14.132096707086692,1,1,0
16,2,5,27.56329458723837,4,1,1
11,3,10,17.441890273238023,1,0,0
10,3,6,0.0,5,1,1
13,3,1,3.273454020850604,3,0,0
14,1,10,22.200689227805167,3,0,0
13,0,5,17.040973301522964,1,1,0
9,0,0,16.349198495170985,5,0,0
11,2,8,26.119760104035997,4,0,0
4,5,5,11.538295173588471,5,0,1
11,2,10,21.988013756344593,3,1,1
10,1,6,31.418445582325706,4,1,1
9,5,4,17.244394532059516,3,1,1
13,4,1,6.056223617117789,5,0,0
8,0,3,10.734921395472554,5,1,0
14,2,4,5.967650543289954,4,0,0
11,2,10,0.0,5,0,0
15,3,9,7.094511649579383,4,0,1
9,2,1,21.355035447156542,3,0,0
8,1,8,15.093970704292026,2,1,0
12,1,1,28.58872127858523,4,1,0
14,2,1,16.43923654502925,3,1,0
14,4,1,23.83614431778838,4,0,1
11,1,1,0.0,2,0,0
11,0,4,10.61371686218221,4,0,0
9,3,6,12.310478228867586,2,0,0
10,3,0,6.745542373811853,0,0,0
8,1,8,30.25747436943407,3,1,1
9,3,10,0.0,2,0,0
11,2,5,13.861198515803235,3,1,0
9,0,0,26.32510674465671,0,0,0
7,0,0,22.63357754607992,3,0,0
6,2,8,11.201900140706638,0,0,0
11,2,8,5.999802828433328,6,0,0
7,2,0,25.910010683598525,2,0,0
13,1,0,9.7889734511736,1,0,0
13,3,4,6.694820993831918,0,0,0
13,1,4,25.000810535388574,0,1,0
9,2,6,18.073784612470135,3,0,0
14,2,3,11.479791076694756,0,1,0
9,2,9,18.25217104040628,5,0,0
17,1,0,19.45132430919699,4,0,0
8,2,5,14.462530123751781,4,0,0
8,4,9,16.537260422634777,4,1,1
10,1,2,0.0,5,0,0
9,4,6,13.943994843834542,2,0,0
6,2,0,8.603984125135252,2,1,0
16,1,3,7.006621571771036,0,0,0
5,2,9,8.153217040233933,5,1,0
13,1,8,10.03360519305626,5,0,0
9,2,9,12.028569018841686,3,1,0
8,2,5,16.660686671825275,1,0,0
11,3,1,7.664700967379771,6,0,0
8,4,5,20.180862229933428,2,0,1
11,1,8,22.35864869472654,4,0,0
15,1,10,22.256071367405216,4,1,1
15,0,0,24.35134163991433,4,0,0
8,0,4,9.316433652101633,3,0,0
8,2,7,12.293014158079263,2,0,0
5,2,6,17.465999155380807,4,1,0
12,0,9,10.750517820474052,2,0,0
9,3,1,3.4150503050055097,4,0,0
15,2,7,9.976401900653238,1,0,0
12,1,8,31.346909166361176,4,1,1
7,5,9,7.568378185822508,0,0,0
11,2,7,7.062545953585743,4,0,0
11,1,5,9.530791465202952,2,0,0
15,3,8,20.56918687249687,3,0,1
9,5,7,18.48013410876776,2,0,0
11,2,3,22.062383349397127,2,1,0
16,1,5,40.32531770283299,3,0,0
10,2,4,23.210524265257938,5,1,1
4,3,9,23.995023767951743,5,0,1
15,1,8,43.59652896013486,0,0,0
10,1,10,19.89560507036839,6,0,0
11,0,3,11.081110330459001,2,1,0
8,3,0,11.971329782131004,4,1,1
6,1,10,25.56797461841212,5,1,1
7,2,8,2.48216535147362,3,0,0
8,2,10,0.0,5,0,0
7,2,8,6.789348077936051,3,1,0
5,3,6,23.198580880155546,1,0,1
11,2,4,20.927262492065605,5,1,1
11,2,10,13.400074114480187,1,1,0
6,4,6,25.691885874182116,1,0,1
9,0,8,21.082957098618426,6,0,0
10,2,2,18.439750260519673,2,0,0
9,1,4,14.827295170152079,1,0,0
22,2,2,23.96351873081852,3,1,1
10,3,7,22.553093464485137,4,0,1
9,4,10,12.26944021297125,5,0,1
7,0,0,23.13411254689834,5,0,0
9,1,3,8.462798907334843,3,0,0
11,1,6,17.348789817886534,5,0,0
7,1,8,19.004043376429877,0,0,0
14,4,9,11.649790761325852,5,0,1
14,3,10,16.341060652236557,1,0,0
14,2,1,21.080406995907623,4,0,0
8,3,8,4.175668072362978,3,0,1
13,3,5,16.83998137049336,6,0,1
20,3,6,37.14751672637857,2,0,1
4,4,3,6.736653591871114,5,1,1
9,3,4,25.299696497770665,4,0,1
11,3,0,14.043526014703241,5,0,0
9,3,3,26.82991545915699,1,0,1
4,3,7,7.76558315199898,4,0,1
9,0,5,15.060668713166423,4,0,0
11,3,6,37.10879692016154,3,1,1
7,4,0,13.267965622209578,3,0,0
6,0,6,21.33419797013995,3,1,1
11,2,5,20.945249552960018,5,0,0
19,2,3,0.0,3,0,0
8,4,1,19.462283607064805,4,0,0
6,1,1,2.6246969566001326,5,0,0
13,1,6,21.329023597298786,1,0,0
16,2,2,16.17714425072043,2,0,0
7,2,1,3.8486258025591287,2,0,0
9,1,9,3.0954710844156192,2,0,0
9,0,2,14.272426786821939,3,0,0
4,0,9,39.81027646284474,4,0,0
11,1,1,31.233194708885648,6,0,0
18,2,10,18.595432656342936,0,1,0
11,2,2,20.153181072539045,9,0,0
13,1,4,21.0162252051797,1,0,0
11,1,9,9.655497240380132,3,0,0
9,4,9,8.073789880118271,4,1,1
9,1,9,23.510693087686963,2,1,0
5,3,4,8.983016986996454,5,0,1
6,4,6,29.405522817765416,1,0,1
10,1,9,1.4671815700237207,4,1,0
11,0,10,5.984183664646009,4,0,0
12,2,2,29.15663863597,4,0,0
9,0,10,12.131475243477759,0,0,0
12,0,2,13.774016672392047,4,1,0
16,3,6,21.454318216776826,3,0,1
13,3,5,26.58772259149665,5,1,1
10,0,5,21.09778515513391,3,1,1
13,4,3,17.872636557426905,3,0,1
8,2,10,23.006713436574003,4,0,0
9,1,3,19.09145367112673,4,0,0
8,1,1,25.851150897595723,1,0,0
14,0,10,43.569032869705445,1,1,0
10,2,5,20.05335486689942,4,1,1
10,2,9,6.401559301553656,1,0,0
5,2,10,25.38746238865324,0,0,0
9,4,2,13.537595234106258,2,0,0
14,0,5,18.371447673618864,2,0,0
18,3,2,18.666665723174688,4,0,1
9,2,2,9.18374253596351,3,0,0
9,0,0,11.29193371027203,3,1,0
15,2,4,0.0,3,1,0
9,1,1,13.98569814568173,2,0,0
9,4,9,20.60800421072709,4,0,1
10,0,1,15.146344620290014,1,1,0
11,2,8,10.399760807193768,3,1,1
9,0,1,18.771059934181334,1,0,0
13,2,10,5.574901833539954,2,1,0
14,2,1,4.420370194985217,1,1,0
6,2,5,20.258370839168634,4,0,0
19,4,9,20.80895322615389,4,0,1
14,1,10,20.11052275149071,0,0,0
8,2,0,11.994713442064725,2,0,0
3,2,7,25.935931136019715,2,0,0
7,0,0,3.7624647041625217,4,0,0
4,0,8,12.029949461510663,3,0,0
11,1,3,22.478095083363712,3,0,0
9,4,2,23.595919518882585,1,0,1
6,1,6,7.276161424281241,5,1,0
7,1,7,36.42596147626586,3,0,0
12,1,4,13.694880607123315,3,1,0
7,1,2,15.878202668012147,2,0,0
14,2,3,24.781210633950675,0,1,0
11,3,9,30.519357511745945,2,1,1
4,2,5,15.615348667206561,2,1,0
11,0,4,26.73265735611528,0,0,0
14,1,3,10.43837022729343,1,0,0
9,4,2,31.684316742188827,0,0,1
9,2,5,15.385982543553325,3,1,0
8,2,6,18.14431763474487,3,1,0
10,1,1,11.532254930211762,2,0,0
8,0,5,17.159875031932522,2,1,0
10,1,2,7.6965031515399325,0,0,0
14,1,9,14.375492429111565,5,0,0
12,3,7,15.17125809985426,2,0,0
8,0,1,4.440743298378674,5,1,0
14,3,4,9.288217533738386,7,0,1
9,4,7,0.0,5,0,1
13,3,8,2.593317435934633,2,1,1
10,2,6,14.859403766636156,3,0,0
10,1,8,24.594889185288224,3,0,0
9,0,8,11.430001274308507,4,1,0
5,2,7,14.694339573316377,4,0,0
5,1,6,26.61693598730385,1,0,0
13,1,5,23.332259354645664,5,0,0
14,1,10,23.187447908346392,5,0,0
18,2,2,16.192176904367074,1,0,0
13,1,7,10.098751229609423,2,0,0
17,3,2,18.957616051282713,8,1,1
10,7,10,27.82519750030574,6,0,1
8,2,8,33.074487034194156,5,0,0
9,2,8,39.05985405829733,1,1,0
7,2,9,30.296980799396348,4,0,0
14,3,9,15.436920346066175,3,1,1
8,4,8,2.9757419222687638,2,0,0
9,2,3,21.019893312142464,3,0,0
15,4,8,25.965869774283128,2,0,1
8,4,1,0.0,1,1,0
10,2,0,0.20893885452896832,2,0,0
14,2,7,10.431713602715398,5,0,0
9,1,5,7.311040430361457,4,0,0
10,0,10,0.0,6,1,0
9,4,9,18.800481873216917,5,1,1
11,0,8,27.411894627726703,7,1,1
6,3,8,13.115932276727968,1,0,0
11,1,2,0.0,2,1,0
9,1,1,17.062852737334364,5,0,0
15,1,6,3.900319835148645,3,0,0
12,1,4,4.913796023663499,1,0,0
10,0,9,24.597375590719665,1,0,0
11,3,5,27.00218191312224,1,0,1
12,0,4,12.107074243498552,8,0,0
16,3,3,22.311080508132154,1,0,1
12,5,0,4.257424823271094,3,0,1
10,1,3,20.29084795511338,3,0,0
10,3,9,11.161257481423064,2,0,0
15,2,2,1.7442983434502057,1,1,0
10,0,2,5.9286021836886,4,0,0
9,4,4,19.10056361055229,4,0,1
6,0,0,0.1939763134920529,1,1,0
10,3,10,12.183273864524251,1,0,0
10,2,5,25.68401056194892,2,0,0
16,1,1,10.07174265381649,2,1,0
14,1,0,0.0,6,0,0
11,3,10,12.230017217815139,4,0,1
19,2,7,21.7765276287881,7,0,0
14,2,9,2.0232662257376965,2,0,0
7,1,2,26.870631018545858,4,0,0
8,3,5,22.63332188641386,6,1,1
13,2,1,18.50116832967741,3,0,0
13,0,4,20.773336376000916,2,0,0
10,0,8,16.271702200184528,3,0,0
7,0,6,18.342728840684273,3,0,0
15,1,3,15.71459605748288,3,1,0
10,0,2,23.829224530105922,2,0,0
14,2,8,27.928779341988864,6,0,0
8,2,3,6.791708311165159,2,1,0
6,1,4,7.98167838909778,3,0,0
14,4,5,11.087243105971567,3,1,1
12,2,9,8.912216766916572,1,0,0
4,1,4,26.338165875242368,3,0,0
16,1,8,0.003862303119868571,2,1,0
16,2,0,20.427051282404793,0,0,0
8,3,10,28.867001751005372,5,0,1
13,3,5,9.212621862329353,8,0,1
14,1,3,29.720628066285407,3,0,0
15,0,3,26.573341708724637,3,0,0
14,2,2,11.507619876389132,6,1,0
7,2,4,23.187937289858237,4,0,0
13,0,7,6.733827568696054,3,0,0
7,0,3,3.982640908183267,1,0,0
14,3,6,10.362114254600552,2,0,0
10,2,7,28.5030990610758,6,0,0
13,4,4,10.416938354441541,0,0,0
9,2,9,15.416756307524686,5,1,0
12,1,0,4.956239473803981,4,0,0
10,3,7,23.666522258056833,5,0,1
12,1,9,23.314599392721796,1,0,0
10,2,2,7.957005266960984,3,0,0
16,3,3,0.0,0,0,0
7,0,9,11.382722277323793,3,1,0
15,3,6,19.42532044949717,2,0,0
9,2,8,14.86804813037696,3,1,0
3,3,3,15.8048070886732,3,0,1
11,0,3,18.495277299628423,2,0,0
11,1,5,9.890440069347953,2,1,0
9,4,8,2.446762146250199,3,1,1
13,0,3,22.39004945391095,2,0,0
12,4,9,6.151008049254935,4,0,1
7,1,7,2.983824155206328,3,0,0
13,3,2,20.000647238376693,5,0,1
8,1,1,3.9418589690919976,1,0,0
14,2,3,6.81812941521698,3,0,0
17,4,3,30.805780633287608,3,1,1
16,3,6,30.885633471756293,1,0,1
12,2,6,26.91266249378362,2,0,0
11,4,8,22.593662308700882,3,1,1
8,3,9,26.563979870303125,4,0,1
8,1,1,34.62604358625281,3,0,0
15,3,3,25.94131676083267,3,0,1
6,3,2,17.512783946711185,4,1,1
15,2,2,23.729489920464978,3,0,0
13,4,6,10.35058524802944,1,1,1
12,2,9,16.46320660770531,5,0,0
12,2,5,16.90794350046778,2,0,0
13,3,2,13.61916848564857,3,0,1
9,3,7,11.851563484372162,3,0,1
13,3,7,27.878617364362118,4,0,1
9,2,6,5.470224933167016,1,1,0
13,2,8,16.477736030692054,5,0,0
13,2,2,2.106710546687008,5,0,0
7,4,4,0.0,2,0,1
17,2,5,26.95184548425484,2,0,0
2,1,8,27.858695614121622,3,0,0
11,1,3,10.145930162099559,3,0,0
13,0,4,15.506323997321596,3,1,0
7,3,8,12.107064270074549,7,0,1
11,2,10,12.117554294915795,5,1,0
8,7,3,10.119696693905242,2,0,0
10,2,1,19.60076756574814,0,0,0
9,1,8,11.188395745867776,2,0,0
7,1,10,19.150128391279857,1,0,0
8,2,2,31.677092248420628,5,1,1
7,1,10,18.895567687406675,1,0,0
8,2,5,16.24799519573829,2,0,0
10,3,8,9.285166699643975,3,0,1
13,1,2,14.856121344065436,0,1,0
12,2,7,0.0,1,0,0
9,2,8,30.396730865147678,8,0,0
17,2,2,5.419443974055456,3,0,0
10,2,2,0.0,4,0,0
10,2,3,13.95450449279784,0,0,0
11,3,0,18.542205928588803,4,0,0
18,2,1,28.24505660982185,4,0,0
14,1,0,17.44790181896498,1,1,0
9,1,2,24.2548854274229,5,0,0
8,4,5,24.298323336726302,2,1,1
11,2,7,23.319793737405924,5,0,0
11,2,4,3.66360856859181,1,0,0
8,0,7,20.10938951299243,1,0,0
6,2,5,1.1496157144521675,0,0,0
2,0,0,34.94394051870361,6,1,0
7,1,2,21.976492833493076,0,0,0
7,2,1,8.752051215881227,2,0,0
4,2,5,18.758545185737965,5,1,0
15,3,7,4.894365598490648,4,1,1
8,3,5,0.0,2,1,1
10,1,3,23.767808637837305,2,0,0
12,1,3,5.191460949732662,0,1,0
7,2,8,13.18985529215401,0,0,0
15,5,0,17.055508638729595,2,0,0
13,0,1,13.175798727436158,3,0,0
10,3,3,4.719643426290489,1,0,0
12,1,2,15.607039901306566,5,0,0
9,4,8,16.480249871941556,5,1,1
4,0,4,23.71309024338087,2,0,0
12,2,7,39.44889677054202,4,0,0
6,0,3,0.0,3,1,0
15,1,10,7.01478855184691,2,1,0
11,1,3,17.229419955483646,4,0,0
9,0,9,25.1076903701163,3,1,1
8,2,10,18.463359514753282,2,1,0
9,2,2,26.22992654162445,3,0,0
10,3,8,0.20180372852655282,4,0,1
8,0,9,11.823347692346251,3,1,0
7,2,1,29.616034185652918,3,0,0
17,3,10,6.397503425330273,2,0,0
9,2,10,0.0,3,0,0
12,1,2,6.832286488486481,2,0,0
6,2,2,19.37321818300395,1,1,0
13,2,10,14.291946126276862,3,0,0
6,2,10,2.151261205122637,6,0,0
11,1,2,7.784724331158916,1,1,0
9,3,3,1.694188256157199,4,1,1
20,5,4,2.869875959244313,4,0,0
12,3,5,6.2100525390800385,2,0,0
7,3,4,16.05482570768352,4,0,1
11,1,8,0.0,3,0,0
4,2,6,28.657393709699285,2,1,0
12,3,6,13.96487983772959,2,1,1
11,3,6,3.9334114473690995,3,0,1
10,2,10,5.264641628543416,6,0,0
14,3,6,8.652638268381686,5,1,1
17,3,1,15.062464557126733,2,0,0
6,5,7,16.513416783373092,3,0,1
9,1,9,13.061642689866812,2,0,0
4,6,0,7.445859726760254,2,0,0
8,3,5,14.890372580654445,3,0,1
10,2,10,0.0,4,0,0
8,0,2,2.846428972698707,3,0,0
10,1,5,8.23789179314182,1,0,0
13,3,5,1.5777195947343614,5,0,1
12,2,7,12.812847898062728,5,0,0
14,0,3,1.6193891203360593,0,0,0
7,2,2,32.13032787481064,3,1,1
12,1,1,0.4238294418398816,6,0,0
6,1,5,30.112390994630523,4,0,0
9,1,2,0.0,5,0,0
11,2,3,35.05109011581631,3,0,0
8,1,8,20.839977583619696,5,0,0
9,3,6,22.915899289499947,4,0,1
9,1,0,1.3468679220500608,7,1,0
12,1,3,11.773282843358931,5,1,0
12,4,10,12.425567472586476,2,1,1
12,1,7,13.992336187608743,6,0,0
8,1,9,27.72602776845541,5,0,0
14,1,3,21.9131806183644,2,0,0
16,1,0,13.34278614447133,4,0,0
7,2,9,24.99100519299632,2,1,0
13,3,1,26.831432742993258,4,0,1
6,1,4,9.320530969047239,4,0,0
7,2,5,9.027544494869849,6,0,0
9,3,0,36.61695252258433,5,1,1
6,2,4,12.60152233275836,1,0,0
9,4,7,8.570291447366163,5,0,1
5,1,7,13.454923345154475,4,0,0
10,0,1,25.744621484220904,5,0,0
11,1,8,22.18380842838049,4,0,0
11,1,1,13.744174502816783,0,0,0
10,2,3,21.11588800317688,3,1,1
7,0,9,17.502843388387483,3,0,0
8,0,3,13.577838328710802,4,0,0
11,0,3,11.999712852544816,1,0,0
8,1,6,16.48040831086789,2,0,0
12,3,7,10.838456712313048,1,1,1
5,3,7,15.706375553886406,4,1,1
17,1,3,14.504648721836471,2,1,0
8,2,3,0.493884474893143,6,1,0
13,2,5,9.707135026591546,4,0,0
8,3,8,12.41600685746242,5,0,1
9,3,4,33.59714919995441,0,0,1
10,0,1,13.39978021506838,1,0,0
6,2,8,17.73240556280878,4,0,0
10,2,8,36.513226452558,4,1,1
11,4,10,0.0,1,1,1
7,0,0,0.0,4,1,0
13,2,8,7.216744220363733,5,0,0
6,4,6,11.669305639471029,5,0,1
12,0,0,12.67886668396573,4,0,0
9,1,1,9.8912636405873,3,0,0
7,0,1,2.6633299439163256,1,0,0
10,4,7,24.73988202860955,4,0,1
12,1,0,10.459753236246664,4,1,0
7,1,10,26.84335128004662,5,0,0
10,1,2,4.8296447730765735,2,0,0
8,0,0,34.59689843473557,1,1,0
14,2,4,0.0,1,0,0
7,1,3,14.855084130040908,1,0,0
16,0,2,5.016271769906947,2,0,0
7,1,7,15.35563426460903,4,0,0
12,3,6,5.2048808479433575,4,0,1
10,0,3,0.0,5,0,0
8,4,0,7.193095509428034,0,1,0
10,4,6,30.9610709883288,3,0,1
10,3,2,4.999772339310278,5,1,1
12,1,4,20.084449105084836,2,1,0
10,0,7,15.056957137510476,0,1,0
4,0,8,10.45323290086391,4,0,0
10,4,9,35.43356914994081,4,0,1
7,2,10,11.854755092007352,4,0,0
5,1,9,16.69437564572965,3,0,0
10,1,6,15.85662813488926,1,0,0
14,2,5,30.75001644808793,5,0,0
10,1,4,0.014090424810582647,5,1,0
12,1,4,37.44170951200167,3,0,0
14,8,10,30.194473932300955,3,1,1
11,4,3,18.976666332775256,3,1,1
10,0,6,21.181571345164688,2,0,0
5,3,0,12.719327737284093,2,1,0
16,2,2,16.50085530987011,5,0,0
15,3,5,19.19991617967407,1,1,1
12,6,9,5.913918791399984,1,0,0
6,1,0,30.19400889571453,2,0,0
13,1,6,17.241212313033856,1,0,0
10,1,1,16.416075819881417,4,0,0
8,2,6,6.33307289914641,2,0,0
10,5,3,26.697424633231396,3,0,1
15,2,8,14.540574554621664,6,0,0
10,3,4,9.748265002363414,5,1,1
8,2,0,4.13976613177995,3,0,0
10,4,10,13.384711597435686,8,0,1
8,6,3,3.3029079677478954,4,0,1
10,0,10,18.458313875444347,3,0,0
12,3,3,22.743756726819946,2,0,1
10,0,3,11.069734216795222,4,0,0
15,2,2,17.36106766168226,2,1,0
14,0,2,27.20129726021315,2,0,0
14,1,9,13.271635466904705,4,0,0
12,1,4,13.945832140971817,2,0,0
6,1,4,15.055131210905131,3,0,0
12,4,10,10.594121301167654,1,0,0
13,2,1,11.483466793689626,4,0,0
12,2,9,7.312461207620748,3,1,0
10,6,9,19.29482136378981,3,0,1
8,1,8,14.284385264931732,5,0,0
9,1,2,20.98829647873624,3,1,1
5,3,3,25.217620217118586,4,1,1
11,4,1,4.493328418890323,5,0,0
12,1,7,6.632566248837273,2,1,0
12,4,6,21.91882293927278,3,0,1
8,1,2,12.456311109818976,2,1,0
8,1,10,15.807136149364322,3,0,0
13,4,10,15.835729636771102,6,0,1
14,2,4,5.519817708014896,5,0,0
14,0,0,20.060471083112706,2,0,0
12,3,5,17.489201590148273,1,0,0
6,5,9,4.915243424807933,6,0,1
11,3,5,13.348227391447164,7,0,1
7,1,4,13.909754812461951,6,1,0
6,2,8,22.475581898919298,1,0,0
7,3,3,26.7312527743375,1,0,1
11,2,1,14.916362225226624,2,0,0
11,0,6,0.0,5,0,0
9,3,4,22.261158054689385,0,0,1
10,3,6,36.98072671527723,2,0,1
10,2,6,22.179046742464223,7,1,1
12,2,6,12.271903719895187,1,0,0
14,3,2,19.010369050502653,4,0,1
10,1,4,23.00253099249742,6,0,0
11,6,0,16.130044278772637,6,0,0
11,0,5,28.14934855256565,1,1,0
9,3,3,3.676657811644116,2,0,0
6,2,1,10.9597009721954,5,0,0
14,4,2,19.591194689787514,2,1,1
12,5,2,21.983196952031335,2,1,1
9,0,0,9.528635321093354,3,1,0
6,1,6,10.47302808870669,3,0,0
11,3,9,8.334232107454458,3,0,1
10,0,2,7.553881421506112,3,0,0
6,2,6,20.190084408362576,2,0,0
11,5,9,14.62496306730447,4,0,1
10,0,9,27.97263178720974,3,0,0
11,0,8,4.063687792590072,3,1,0
16,1,5,13.428029262871588,1,0,0
7,7,7,22.358317453607366,3,0,1
6,8,10,18.44265397577446,4,0,1
11,4,10,4.01790285043235,1,0,0
11,3,0,26.521409347562386,7,0,1
11,0,7,15.95876762396803,6,1,0
11,2,7,34.17048096587345,3,0,0
17,3,2,13.678967186431322,2,0,0
12,3,5,26.58007250238189,2,1,1
10,4,5,11.416280787150496,1,0,0
8,2,6,12.639001323376485,6,0,0
13,2,2,19.94027379440227,4,0,0
9,1,9,0.0,4,0,0
5,3,0,0.0,2,0,0
14,1,8,8.229995212610698,2,0,0
11,0,5,2.0044081483108442,4,0,0
12,0,4,0.0,3,1,0
8,1,1,22.425250741908325,2,1,0
14,1,3,7.088967094656724,2,0,0
7,1,4,11.563204973858417,4,0,0
14,1,9,16.39187163911599,2,1,0
5,2,3,20.045206934189316,6,0,0
11,5,9,17.8290023573107,3,0,1
13,2,3,17.020872406283267,7,1,0
10,0,10,19.694683219953095,2,1,0
6,4,5,10.002773576432222,5,0,1
16,3,3,7.873043019991734,5,1,1
7,1,8,0.0,3,0,0
10,4,1,21.383092409788492,3,1,1
12,0,4,8.144317785860009,2,1,0
5,1,2,34.835091328668156,2,0,0
13,1,7,22.378567291720756,3,0,0
12,2,2,24.500858325575074,0,0,0
6,4,7,22.057401278806342,4,1,1
11,3,7,20.306888857073815,2,0,1
8,5,1,19.759880979167306,3,0,0
10,0,10,20.690736428498173,7,1,1
8,2,9,16.749663281501068,3,0,0
15,5,6,8.83553846994195,2,1,1
15,2,10,3.213152363184941,4,1,0
10,1,5,19.22834724199111,2,0,0
13,2,10,27.915297752871723,4,0,0
14,1,0,13.74591841700667,0,0,0
13,1,1,16.51417002062597,3,1,0
8,0,3,1.824438008307574,2,1,0
9,1,1,10.460227290394304,3,0,0
10,2,4,2.7114885984713695,4,1,1
9,0,2,3.4060328056215354,2,0,0
12,2,5,15.987345829359668,1,1,0
10,5,8,14.424144950744438,5,0,1
8,2,9,22.87656775487997,3,1,1
7,3,6,22.66203062723516,4,0,1
9,1,4,6.260277528972104,3,0,0
8,4,0,0.0,3,0,0
5,1,0,5.515329313277618,3,0,0
13,2,0,7.894177728390007,2,0,0
9,0,2,20.52044091483276,4,0,0
4,2,6,21.124185941742535,3,1,1
17,3,8,14.534317580069683,1,0,0
10,3,5,22.4014669630209,4,0,1
9,2,6,40.622692991066984,2,0,0
12,3,10,13.815346029369053,4,0,1
7,4,2,12.668572052525708,4,1,1
12,2,10,6.593612655106435,0,1,0
11,3,7,18.187939067710634,3,0,1
12,2,9,26.37396434216913,1,0,0
12,1,5,10.013550838064742,2,0,0
8,1,2,11.088762778709572,2,0,0
15,0,1,9.784284180665193,2,0,0
12,1,8,3.4920404468073123,2,1,0
11,0,10,16.342064758238212,4,0,0
10,0,6,16.699519740508073,3,1,0
6,3,9,14.586535101038917,3,0,1
6,2,9,33.39040534826638,2,1,0
8,4,8,19.001650393200848,7,1,1
11,1,3,3.835989350963821,3,0,0
5,3,3,21.323179639245307,3,1,1
8,2,5,11.605397504891494,1,0,0
8,2,1,11.711160316050172,1,0,0
10,2,9,13.26514741145078,1,0,0
12,4,0,12.147058960961425,6,0,0
8,2,9,17.699322883577228,2,0,0
12,4,2,36.154112400558915,3,0,1
9,2,10,11.316463494554798,1,0,0
9,4,4,15.890526618814965,4,0,1
10,2,1,17.343134817444287,3,0,0
9,3,8,9.873350329595407,3,0,1
4,3,0,10.985579439806706,3,1,1
3,3,2,24.935040975119495,2,0,1
11,5,4,9.89714815899184,2,0,0
6,1,0,6.119541614609108,2,0,0
10,4,3,32.82926760793235,1,0,1
11,2,9,2.9476688877306305,3,0,0
10,2,0,23.833729871551604,4,0,0
10,4,10,12.985882912574752,1,0,0
11,0,10,2.8475177803832796,7,1,0
10,1,10,11.232219579895904,2,0,0
10,2,6,12.743601868470957,3,0,0
18,1,0,0.0,5,1,0
10,2,2,19.278499494602904,1,0,0
15,4,3,18.2715050029814,6,0,1
6,4,3,11.516627385209944,4,0,1
11,1,6,19.734259796012424,1,0,0
14,2,4,17.04099478665784,3,0,0
17,2,10,27.936729457590054,3,0,0
12,2,7,4.2203530390538475,0,0,0
4,2,2,12.073966491207434,3,1,0
5,1,7,25.011118211972637,4,1,0
10,3,10,20.413307435760565,2,0,1
14,0,10,0.0,1,0,0
12,5,8,0.0,1,1,1
8,2,8,15.00761925687411,2,1,0
8,2,8,31.398175418389656,1,0,0
11,1,0,10.682660347480136,0,0,0
13,4,8,21.48937513546876,1,0,1
12,3,7,15.826016474241591,4,0,1
12,2,1,20.78894723705065,2,1,0
10,1,2,25.707356904044083,3,0,1
12,1,6,24.44195902004066,3,0,0
10,2,2,24.090207582722332,4,0,0
13,1,1,8.850580200885869,0,0,0
10,1,3,13.487733839564584,2,1,0
13,1,8,20.185097405118228,3,1,1
12,3,1,19.824410915213058,4,0,0
16,4,0,20.94715614986327,2,0,0
11,1,9,0.0,0,0,0
11,3,6,26.970639124022735,2,0,1
15,1,10,0.0,3,0,0
4,3,0,7.491051363232993,3,0,0
7,0,5,16.953165002308044,5,1,0
9,5,4,14.70588643880901,7,0,1
15,0,10,29.187215922460123,3,0,0
7,4,7,3.292145255096205,3,0,1
7,1,2,11.359066563595135,2,0,0
17,4,2,0.0,1,1,1
7,5,0,16.316003795232795,4,0,0
11,2,3,12.919134660053283,3,0,0
15,2,9,2.600021762929037,2,0,0
9,1,9,28.091825381393058,3,1,1
12,1,5,25.799932377458738,2,0,0
9,4,4,15.720862833228416,2,1,1
7,3,6,26.384913398303794,1,0,1
12,1,10,14.075659667676035,3,0,0
13,3,9,22.13748780853522,1,0,1
13,4,0,23.630997485584352,2,0,0
10,1,2,4.313970347096669,3,1,0
11,1,10,19.324612072958065,2,0,0
11,2,3,16.683891058260276,2,1,0
11,2,5,4.759034698942436,1,1,0
9,1,3,2.2253531066122996,5,1,0
13,1,6,19.97898710257804,6,1,0
18,1,9,12.18085830248943,6,0,0
12,4,9,0.3510444789440097,3,0,1
10,2,2,20.79480491220317,0,0,0
8,1,7,24.348359295602435,3,0,0
10,3,6,3.2893889532822165,3,0,1
16,0,2,14.984556656448092,8,0,0
10,1,8,30.18425247654903,3,0,0
9,1,9,5.885989192747376,4,0,0
12,4,4,32.07175364682126,2,0,1
12,2,1,11.761880024158032,1,0,0
12,0,8,14.298233440990684,5,1,0
6,0,7,1.053366791799423,1,0,0
15,1,7,1.4184015651722426,2,0,0
13,1,0,8.440376461678815,2,0,0
11,2,3,23.85663132931465,3,0,1
8,2,6,38.40585385958953,2,1,0
9,4,5,41.05920553783361,3,1,1
10,0,8,13.767511074377882,4,0,0
7,0,7,11.43571289396759,1,0,0
12,2,8,5.1575390278102144,1,0,0
15,2,3,26.146941793317843,2,0,0
8,1,7,7.739509188413962,3,1,0
7,1,5,12.628052906792075,4,1,0
14,1,8,19.969572742194117,2,0,0
9,5,9,19.513381636405313,6,1,1
14,7,0,8.89493444794633,2,0,0
10,3,5,14.048628628532299,2,0,0
7,2,9,9.16168273501058,1,0,0
9,1,9,6.675216868025265,4,0,0
10,3,1,4.747895021523679,3,0,0
9,1,2,0.2842117438708307,3,0,0
9,2,8,18.61915764946157,4,0,0
14,4,4,12.593451136816476,3,0,1
11,2,4,3.6447091580195305,3,1,0
12,1,0,2.7211291240652784,3,1,0
6,1,9,2.564564123190344,3,1,0
5,2,1,8.878483769667401,3,1,0
4,3,8,26.25671663737768,3,0,1
11,0,6,8.18717701183248,4,0,0
9,3,3,20.57636925487367,2,0,1
9,1,6,30.60544212961993,4,1,1
15,0,9,16.68475418589968,1,0,0
14,2,1,7.351534160083943,3,0,0
17,2,4,14.10507503665869,3,0,0
13,0,8,14.566565053457081,4,0,0
10,3,10,32.276293452559706,5,0,1
14,0,1,0.0,2,1,0
9,3,2,26.156158687348626,1,1,1
8,2,4,0.0,3,0,0
7,0,4,23.116637964760926,4,1,1
10,2,7,10.906843480538553,1,1,0
8,2,6,33.25863406789895,3,1,1
13,4,2,21.736995542024474,1,1,1
11,3,4,20.734884202198153,2,1,1
18,1,7,5.582016363795956,2,1,0
12,1,4,33.05288484539223,5,0,0
10,3,1,43.15068155677659,3,0,1
9,2,9,35.11449426924128,4,0,0
10,3,1,4.968969141731739,3,0,0
7,0,0,13.101256520314427,2,0,0
6,3,5,3.1144594103899372,1,0,0
8,2,0,8.904793923780217,0,0,0
7,5,7,17.835200198850554,1,1,1
13,1,0,22.29637707174896,2,0,0
8,2,7,20.330812000707574,1,1,0
14,3,5,0.0,4,1,1
16,3,8,14.636449313633051,1,0,0
8,7,2,20.17572214145619,1,1,1
14,0,6,24.486564101482088,2,0,0
9,4,1,19.28167727511461,2,0,0
15,3,4,19.886577963341296,3,0,1
7,4,0,12.618690430226263,2,0,0
7,2,4,17.71868195441037,1,1,0
7,1,7,40.846049346615004,2,1,0
5,2,9,27.06928661550169,5,0,0
11,1,2,18.64740332189053,2,0,0
4,0,5,22.287220903769942,1,0,0
6,2,3,15.758608978302782,3,0,0
11,2,7,15.709893809021056,3,0,0
9,2,1,24.504338832348708,5,0,0
11,5,4,9.010512105426063,2,0,0
10,4,5,13.705385894690883,2,0,0
6,2,10,1.2989767630806508,0,0,0
4,0,7,22.762610170386477,3,1,1
7,4,1,25.69603378187046,2,0,0
8,2,8,21.030807870655178,3,1,1
14,3,6,12.657142335529793,2,0,0
10,1,9,14.558399321564476,4,0,0
9,4,3,16.469055805900535,3,0,1
7,4,9,25.948976495261125,7,1,1
6,3,1,25.36446476003286,3,1,1
13,2,7,0.6528822389940991,5,0,0
13,0,1,6.217693203382529,4,0,0
15,4,1,19.34450518492168,3,0,0
13,2,8,1.6150870728162587,3,0,0
11,2,3,24.18636724535778,2,0,0
14,2,6,12.246391045318237,1,0,0
16,4,9,22.07184163621674,4,1,1
11,2,3,15.342097790903686,2,0,0
5,3,4,14.01250453351453,0,0,0
13,2,0,4.129466127912263,2,0,0
14,2,9,9.525510948967204,2,0,0
6,5,0,13.84704367147808,4,0,0
12,1,9,13.515305172909509,2,1,0
11,3,9,22.24237138732726,3,0,1
9,1,2,8.572688697679151,3,1,0
16,2,5,14.703908403215229,1,0,0
16,1,0,30.044693572213394,3,0,0
12,2,3,23.215552892294973,2,0,0
11,3,8,16.048538728901633,2,1,1
15,6,1,0.41943837065007017,2,0,0
13,0,1,1.2630826823301806,1,0,0
14,2,1,21.373841539603117,3,0,0
10,1,9,22.39804049017873,3,0,0
5,6,9,0.0,5,0,1
12,2,6,21.997876350774046,0,0,0
7,2,6,9.378847742209917,4,1,0
8,1,5,10.94634670170734,2,0,0
10,4,1,23.889025402882417,6,1,1
9,0,4,22.3236340982415,1,0,0
14,3,5,14.012849091430127,3,0,1
9,2,5,21.882149908441622,1,0,0
6,3,9,11.364859351089805,2,0,0
12,2,5,7.101812991681652,2,0,0
11,4,5,27.599466808979262,4,1,1
7,1,0,28.257699440065522,5,0,0
11,0,3,8.564401026499832,3,0,0
11,3,0,9.662321083157309,1,1,0
13,2,2,23.913227193483802,5,0,0
9,0,10,8.06528436112832,4,0,0
15,1,10,23.00812579574211,7,0,0
9,1,10,4.755517487355787,2,0,0
10,3,10,12.133594138607936,3,1,1
7,2,1,24.785864438298766,6,0,0
6,2,1,5.309374249378482,5,0,0
8,1,5,9.120748554848273,5,0,0
12,1,0,18.76251426151503,1,0,0
9,2,3,0.0,2,0,0
11,1,8,15.72858191624305,5,0,0
15,0,2,26.612378851687307,2,0,0
12,4,7,23.647994903147556,2,1,1
11,4,8,14.503704270444498,2,0,0
14,4,1,15.206276103805296,1,0,0
10,2,4,29.918104332045573,5,0,0
4,2,5,28.70580212987706,2,0,0
10,1,4,14.054099307131123,1,0,0
7,4,5,8.703659624704798,6,1,1
12,2,4,23.572939692167928,5,0,0
16,4,6,26.305620326182343,4,0,1
10,2,4,28.78733910891001,2,1,0
10,1,4,20.8360662234032,2,0,0
15,6,6,11.438824510744027,2,0,0
6,3,2,0.0,2,1,1
10,4,9,34.38268982440503,5,0,1
8,0,6,31.02833287487116,4,0,0
11,5,7,7.330095938105358,4,0,1
13,2,4,16.906894750527375,2,0,0
15,1,3,12.792206900637746,6,0,0
17,5,1,15.662222469856047,3,0,0
11,2,4,10.996257409265693,4,0,0
11,0,5,21.915237579169574,3,0,0
11,2,10,3.659383116611451,2,1,0
10,0,8,11.061409817888709,4,0,0
10,3,5,23.735165303215325,3,0,1
8,1,5,0.0,4,0,0
11,0,5,18.085314861648833,3,0,0
7,2,7,9.522115320943705,4,1,0
15,0,5,31.15356398969254,3,0,0
8,0,10,18.290978991024783,3,0,0
9,2,10,7.129628492772282,6,0,0
13,0,0,29.520355551290912,5,0,0
8,4,0,15.217776457973109,4,0,0
11,2,9,16.312572507984008,2,1,0
13,3,1,23.872885743768684,8,0,1
18,4,0,8.942246200206137,2,0,0
8,4,2,29.47286394814131,1,1,1
11,4,2,20.770651574248824,7,1,1
14,1,3,8.587359330383125,4,0,0
13,2,5,10.675586779804345,4,1,0
7,0,9,2.4361324556811876,2,0,0
12,1,6,18.07724229616403,3,0,0
12,3,8,13.22222828861795,4,1,1
13,0,7,18.127038565997143,4,1,0
12,1,5,0.0,3,0,0
16,3,8,9.7608934024082,4,1,1
12,2,3,5.178884444868544,3,1,0
9,1,10,19.929874818292845,1,0,0
17,1,5,8.98190263113066,4,0,0
9,1,6,19.703382386072832,3,0,0
9,0,1,9.669265448820653,7,0,0
7,1,0,31.260935580289857,5,0,0
9,2,9,15.515987166209033,3,0,0
10,0,7,24.158458666475923,2,0,0
8,2,7,13.866354915672092,7,0,0
7,2,10,24.22858521943283,1,0,0
10,1,6,7.2700021671402935,1,1,0
8,2,8,14.580243546740705,1,0,0
12,4,8,10.349578336155778,3,0,1
12,0,2,33.68624420236146,2,0,0
11,3,0,3.1139116033634657,2,1,0
6,2,8,35.7025259451903,5,0,0
16,2,0,1.2570588098790836,1,1,0
11,4,0,22.359989597742427,2,0,0
8,3,4,8.78154159883388,3,1,1
15,2,1,17.54864835433217,2,0,0
14,5,1,13.291476704100926,3,1,1
10,1,4,6.69532706142248,2,0,0
16,0,6,15.810562013733461,5,0,0
11,1,5,10.828946584676464,7,0,0
8,3,4,20.713787310089607,3,0,1
12,0,2,4.945167066890807,0,1,0
13,0,8,19.724735988645698,2,0,0
9,1,7,23.641157225166687,5,1,1
13,1,10,13.917570100782253,4,0,0
14,1,2,1.771835970569418,6,0,0
10,0,6,32.32308655193479,7,1,1
2,1,2,19.669886776335574,2,1,0
5,1,10,7.789288740538504,4,0,0
10,3,5,19.938548689161095,1,1,1
8,1,2,0.0,3,0,0
8,3,7,26.763676003646587,4,0,1
10,1,2,36.24486702517634,4,1,1
11,0,4,23.24089302162848,2,0,0
5,0,2,4.969368118766816,5,1,0
11,3,7,0.0,4,0,1
8,1,9,28.640200392946618,4,1,1
10,3,8,13.52527516535605,5,0,1
10,2,5,11.0857021899629,4,0,0
12,3,9,26.64984109268876,4,0,1
8,2,3,9.09622469290694,3,0,0
11,1,9,22.62319485401247,1,0,0
10,1,3,15.237225503126757,6,0,0
13,4,4,17.469577965609133,3,1,1
10,2,10,31.292663831677025,2,1,1
14,6,2,10.110827741926247,3,0,1
12,3,10,9.196892450024075,3,0,1
9,4,3,12.977642814020687,5,0,1
7,2,3,2.9711327940153893,6,0,0
4,5,0,24.36424350345966,4,0,1
11,2,0,23.03539422535272,3,1,0
12,3,8,14.906429469047422,2,0,0
9,4,2,5.758907565502838,4,0,1
12,2,4,0.0,1,0,0
8,0,1,6.6631959008214245,2,0,0
9,0,0,12.688753343080876,1,0,0
7,2,6,0.0,4,0,0
12,2,9,39.94500221226051,3,1,1
20,1,8,19.155173599674328,9,0,0
12,3,3,20.44420161099944,1,0,0
4,2,3,13.500004941038853,3,0,0
10,1,2,22.375368640461293,4,0,0
12,4,2,11.991212454712539,2,0,0
7,0,1,13.380296002007425,0,1,0
5,0,2,29.0498549317653,1,0,0
12,1,4,25.9799742198949,1,0,0
14,4,7,14.890526679818075,3,1,1
6,1,7,35.2247401112424,2,0,0
8,3,4,14.179757003502843,2,0,0
9,0,10,9.942137139812118,5,0,0
9,4,0,16.26957408423178,4,0,0
14,0,9,18.008800498251254,3,0,0
13,3,1,3.075937433674113,5,1,1
9,2,7,19.87482612571332,1,1,0
9,1,9,36.146786122750385,3,0,0
6,0,8,24.50066672795088,3,0,0
9,1,10,21.64069074153986,3,0,0
13,2,6,19.80402501806911,2,0,0
10,2,8,5.021523713967293,2,0,0
7,5,8,5.035417651590718,4,0,1
7,3,10,16.631126687786427,4,0,1
3,3,5,10.718021214280053,3,0,1
7,1,5,0.5334791859982744,6,0,0
5,1,6,11.494064465277463,2,0,0
11,0,0,19.506819137953364,3,0,0
10,5,10,20.803022189531934,4,0,1
8,2,8,6.6723853307419,6,0,0
8,1,0,14.540843844842474,3,1,0
10,1,7,19.147676201167414,1,1,0
10,5,9,2.317375680151061,3,1,1
12,2,1,7.275652734368405,3,0,0
10,3,9,14.868098008614814,6,1,1
12,1,10,5.907881719257926,1,0,0
12,3,6,11.720625695937866,3,0,1
10,6,4,39.95783411119007,5,0,1
15,5,7,0.0,0,0,0
9,2,10,29.246576832364752,4,1,1
17,3,9,18.41665378676413,3,0,1
10,1,6,2.7598152654482444,3,1,0
9,3,7,21.785898673650287,2,0,1
15,4,1,15.428999623174834,0,1,0
10,2,9,27.053372683900268,5,0,0
8,0,10,21.604936491740467,2,0,0
8,2,8,16.96323834327328,8,1,0
8,0,5,11.935568329945667,1,0,0
9,2,10,26.68917569020138,2,1,0
9,1,5,11.079601789608086,6,0,0
13,3,5,0.9981650324202427,5,0,1
10,1,0,0.0,4,0,0
15,6,6,2.640004332549699,3,1,1
10,1,1,23.029650433951282,3,0,0
8,3,1,11.367770303172797,3,0,0
9,5,4,7.279927357342451,1,0,0
5,1,5,10.66430269223179,0,1,0
10,0,0,23.29443515985811,2,1,0
10,1,0,21.333199557301064,3,1,0
6,1,0,16.6200427031309,6,0,0
11,2,6,9.00204527669592,3,1,0
11,0,0,11.094472834110784,3,1,0
7,2,8,13.676699506233454,3,1,0
13,1,2,6.053583594513444,4,0,0
9,1,9,13.894825226339941,4,0,0
5,3,1,5.532208787096703,2,1,0
12,1,5,18.658064800320364,3,1,0
11,1,1,19.781691520422957,1,0,0
15,2,4,26.17210900165992,3,0,0
14,1,4,17.60477230837779,6,1,0
9,1,8,17.287622899771527,6,0,0
12,3,3,6.642746778779458,1,0,0
8,3,7,14.524847640275034,1,0,0
9,2,6,4.774754218249113,5,0,0
11,1,6,0.0,2,0,0
6,0,0,12.348435040404112,2,0,0
9,2,5,9.962355907915375,2,1,0
8,1,5,21.114273079567646,1,0,0
5,2,9,5.382858771225177,1,0,0
13,3,7,43.134844266562254,1,1,1
13,6,5,10.200710174282241,2,0,0
9,0,7,14.29678352327555,8,0,0
12,1,5,9.331454583174443,7,0,0
12,2,7,22.77822893740396,2,0,0
5,1,4,12.862080156737367,5,0,0
12,1,8,5.207274087083592,6,0,0
10,5,3,0.0,1,0,0
11,1,5,20.7391837976486,2,0,0
12,3,10,21.49809881689726,3,1,1
13,2,1,18.427215113985046,2,0,0
11,2,2,12.847564935133057,5,0,0
13,1,3,11.80786831105806,1,0,0
12,2,2,22.775131566329048,6,1,1
13,0,6,13.989487553724071,6,1,0
9,0,8,26.245294720603596,3,0,0
13,2,5,14.009527429999912,4,1,0
12,2,2,13.646731218934438,4,0,0
9,2,8,18.708547624212034,8,0,0
4,2,0,28.917409771200997,2,0,0
8,0,4,26.767416046945947,3,0,0
6,2,10,14.517632047988222,2,0,0
12,2,10,11.262684687793703,3,0,0
12,1,9,2.916815005994115,4,0,0
6,2,9,21.920766766887596,3,0,0
5,3,4,0.0,4,0,1
8,5,1,32.05219016869627,0,0,0
8,5,4,23.431323467296824,3,0,1
9,3,0,7.540390180117813,2,0,0
11,1,0,27.30892244416094,2,0,0
8,2,10,20.481813432080095,0,1,0
9,1,3,19.676910505207214,5,0,0
11,3,5,12.330743330161873,0,0,0
8,1,10,20.526557008577065,2,0,0
7,2,1,0.832229061835168,6,0,0
4,0,4,15.628532583717138,2,0,0
11,3,10,8.201242134832759,2,0,0
3,1,9,12.119451207202033,4,1,0
13,1,4,8.110849754593987,5,0,0
7,1,2,8.622991282039985,2,0,0
10,1,3,27.88445892681903,3,1,1
4,1,10,0.6713133402694353,3,0,0
13,3,1,19.08662533517615,2,0,0
12,3,6,3.693108785487702,3,0,1
15,3,2,28.215038243636833,3,0,1
7,1,5,19.278007279672597,4,0,0
9,0,8,0.9531012753220676,1,0,0
6,4,6,18.346674188590057,3,0,1
8,1,3,8.041356830524903,4,0,0
13,4,1,17.26877588937378,3,0,0
10,2,6,1.7157468892614869,2,0,0
8,1,7,27.309605826310055,5,0,0
12,4,2,0.0,3,1,1
8,4,10,6.924257068336059,1,0,0
6,4,6,4.180215895561485,6,1,1
13,4,0,18.79253711594293,2,0,0
7,1,10,10.074856315496518,5,1,0
12,1,7,13.156003676770949,2,1,0
8,4,6,8.58468240499198,4,0,1
9,1,5,1.315559426981796,4,0,0
12,1,10,12.714579547327505,3,0,0
7,1,2,1.9710410887955732,3,1,0
6,1,3,0.0,3,0,0
13,4,7,21.259198087705556,6,0,1
18,2,0,2.6093390198845263,1,0,0
10,2,1,29.57112291106364,8,1,0
10,0,0,29.17664814634619,2,0,0
9,6,3,23.856917471464214,5,1,1
12,2,5,3.642128204611277,4,0,0
11,3,4,36.21606157467215,5,0,1
6,2,5,0.0,2,1,0
15,2,1,6.169995874837404,3,1,0
7,3,4,23.332191263977798,6,0,1
10,4,0,22.546951342859224,5,0,1
8,1,5,7.748591099946176,4,0,0
4,2,3,7.143487086380427,2,0,0
10,1,9,12.84609694132843,1,0,0
14,2,8,14.130217443999154,0,0,0
12,1,2,10.305574208144355,2,0,0
9,3,2,31.579956013530193,1,0,1
10,3,8,8.163688445740267,3,1,1
10,2,3,29.664672455400055,3,0,0
13,3,6,19.059311738581215,3,1,1
11,2,9,25.191894162747424,2,1,0
17,2,1,0.05088229768491459,3,0,0
11,1,0,25.27991172995823,5,0,0
9,3,9,24.926030260879024,4,0,1
14,1,0,8.339681942944686,6,0,0
12,3,5,23.479378759578687,0,0,1
10,0,3,0.20087610702467984,3,0,0
7,3,1,10.253717479466083,2,1,0
9,4,6,26.67100393420346,6,1,1
9,1,7,13.180267286776317,1,0,0
12,0,6,12.3576886236275,3,0,0
13,1,9,29.045585620311375,1,1,0
9,3,8,0.0,2,0,0
13,4,0,13.223541676309994,1,1,0
12,2,9,14.339651286881027,5,0,0
6,0,5,7.032586931505213,4,0,0
17,4,7,28.741481709382175,1,0,1
10,3,8,5.899329567040347,1,1,1
12,2,10,6.024718172425793,1,0,0
13,3,7,0.0,6,0,1
6,1,5,26.107494663392956,0,0,0
5,1,7,11.706793155590876,2,0,0
14,1,7,11.72439276691852,6,0,0
6,2,0,12.867821316561944,0,0,0
19,3,7,26.932583925928967,2,1,1
7,2,6,31.128619591615863,2,1,0
9,2,7,0.0,5,1,0
7,3,7,10.370789286262916,5,0,1
10,3,9,3.6483598046352235,1,0,0
14,3,10,12.76336274822888,1,0,0
7,4,9,14.089410734279081,3,0,1
13,1,5,0.0,3,1,0
10,1,8,18.686649577916857,5,0,0
10,2,2,10.508159958311477,2,0,0
8,1,9,22.8048820965322,3,0,0
16,0,0,15.302980185911167,5,0,0
6,0,8,0.0,3,0,0
13,3,9,21.14636973272726,6,1,1
12,0,9,1.5993759787116382,1,0,0
14,1,1,2.6851274715337485,3,1,0
12,2,2,11.832163642008828,6,0,0
12,2,10,12.148996963846674,4,1,0
11,2,3,0.0,2,0,0
6,2,7,13.522010361446897,2,0,0
14,1,10,14.110039697152576,0,0,0
4,1,8,13.718813756488908,2,0,0
12,5,2,0.0,3,0,1
8,2,1,16.439077463386596,0,0,0
9,2,1,21.19526008179169,4,0,0
8,4,10,1.5340413032749858,4,0,1
11,2,8,4.244451790123488,1,0,0
11,0,7,22.873408614220168,3,0,0
16,1,1,30.799762652243764,3,0,0
12,1,7,13.336294921165175,3,0,0
10,1,3,10.504270042718964,4,0,0
6,0,5,16.982214718477877,0,0,0
11,3,4,28.563417778135545,2,0,1
10,2,4,6.499665146595797,5,0,0
11,2,9,10.159738811065935,4,0,0
9,2,9,9.897254260323823,3,1,0
5,3,6,0.8329799043306245,2,0,0
9,1,7,23.527876680020555,1,0,0
6,6,4,17.61137526951481,2,0,0
11,2,3,0.0,4,1,0
10,2,1,14.886489906130738,2,0,0
13,0,4,31.62253746006988,3,0,0
10,3,7,17.754099496057126,3,0,1
9,1,0,31.039900039275995,3,1,0
12,2,5,9.39860833869817,3,0,0
6,2,1,24.661855683785106,7,1,0
15,1,1,28.14925429630403,2,1,0
19,1,7,14.272699987861364,4,0,0
15,4,5,10.888616320863783,5,0,1
7,4,5,25.999804336637762,5,0,1
6,5,5,20.400713229828565,4,0,1
21,5,8,24.54003921639943,3,1,1
10,0,2,19.130990290471388,5,0,0
12,2,1,14.203446060150817,3,1,0
7,1,4,14.112573496242636,3,0,0
10,2,5,11.452130036487585,3,1,0
10,3,8,19.002714370197133,3,0,1
11,2,8,13.226747231906433,2,0,0
6,4,1,17.533660292500628,5,1,1
7,1,8,7.0730029997058175,2,0,0
11,1,8,6.4836299186069475,2,0,0
7,1,5,20.84149211576086,3,0,0
19,4,0,18.88473530048827,4,0,0
15,2,10,10.700470792575972,3,0,0
6,2,7,28.76893903508271,5,0,0
17,4,7,6.789237977362005,1,1,1
14,3,7,19.37335915990045,4,0,1
15,1,7,19.57710673300845,5,0,0
11,0,9,15.53484412195989,7,0,0
7,3,4,27.661849354928687,5,0,1
5,1,1,31.272656947507368,2,0,0
12,4,8,3.4921293623975185,5,0,1
10,0,10,0.0,1,0,0
5,3,5,10.108156799887393,1,1,1
12,2,2,5.170646094007859,3,1,0
10,3,0,10.629010528678096,4,0,0
11,1,4,33.19524208651312,1,0,0
6,3,3,41.96587271509991,4,1,1
6,2,3,5.518242808280991,2,0,0
13,2,8,17.242594789503514,4,1,0
11,1,5,17.0170580142697,3,1,0
9,1,7,18.4575607774229,1,0,0
12,2,8,1.295199872316692,2,0,0
9,0,0,27.357936015385533,2,1,0
10,1,6,24.01946522351373,5,1,1
13,1,6,10.199622978040992,1,0,0
9,2,8,27.30761093388349,2,1,0
8,3,0,0.5811159340468404,0,0,0
9,1,1,0.0,1,0,0
9,1,5,17.64845836767358,3,1,0
12,1,3,19.312463750512528,2,1,0
13,2,4,13.361783082752362,6,0,0
7,2,4,26.07350997445502,3,0,0
7,1,9,8.425099956899075,6,0,0
6,5,0,27.043815821672144,2,1,1
11,2,0,22.880960383792132,5,0,0
14,2,6,33.6284650085674,3,0,0
15,4,2,0.0,3,1,1
15,1,4,10.136583741022497,4,1,0
10,4,7,5.937994059601246,2,0,0
13,0,4,22.769552207735856,3,0,0
13,4,9,30.730329710778264,3,1,1
9,2,8,11.279651278955052,5,0,0
10,1,3,20.9939661061714,0,0,0
9,3,6,29.43618992609271,2,1,1
10,1,7,18.26235390299895,3,0,0
10,1,6,22.014575129833617,2,0,0
8,1,3,0.0,3,0,0
6,0,7,30.65845889759489,5,0,0
11,2,9,12.012336204301075,0,0,0
10,2,10,41.69751873580362,1,0,0
9,0,9,6.4916221278634865,0,0,0
9,2,9,19.745704914117926,6,0,0
5,0,3,23.25548303134682,1,0,0
15,4,9,0.0,5,1,1
13,3,7,32.7740125236851,4,0,1
9,2,7,22.43099634303198,1,0,0
6,2,3,0.05554399921085462,4,0,0
4,1,4,18.697465344248894,5,0,0
14,2,4,18.639571404503904,4,0,0
10,0,4,13.65639803082082,2,0,0
13,1,2,9.039465583468735,4,0,0
12,1,1,14.319782381957982,2,1,0
7,2,0,23.613315176748063,8,0,0
13,2,10,23.208783137554683,4,1,1
7,2,2,15.084872264572054,1,1,0
12,5,8,17.286513116156073,5,1,1
14,0,6,13.729618861725031,5,0,0
9,3,1,5.270243302448716,2,1,0
14,1,10,14.427136426031174,3,0,0
9,1,7,7.654197006631533,2,0,0
8,0,10,5.04465601354409,5,0,0
9,2,7,0.0,2,1,0
8,0,6,10.911644972073821,6,1,0
9,4,10,22.854724690035653,5,0,1
12,1,5,27.231179532312996,2,1,0
15,2,1,19.46179699323822,2,0,0
12,4,3,2.044892059454881,3,1,1
13,2,0,13.452869004787495,1,1,0
12,1,6,3.4511433578876733,4,0,0
4,2,10,34.09412239325912,1,0,0
11,0,1,11.12740308336458,2,0,0
3,0,5,10.057148173324226,4,0,0
10,3,8,24.22842723395957,3,1,1
6,1,4,14.609049629255251,0,0,0
11,1,4,25.71641050126724,3,1,1
10,3,3,3.7687242989143463,4,0,1
16,1,0,15.890205466925305,4,0,0
5,2,3,20.07277130815764,3,0,0
11,0,8,0.0,7,0,0
8,2,8,8.173458345456613,2,1,0
5,3,6,8.861715860793447,3,0,1
14,2,3,15.552348363961954,4,0,0
15,1,8,11.898610949182519,3,0,0
14,4,4,17.960562084915473,3,0,1
9,1,9,12.655220270891027,3,0,0
7,1,1,26.474111194940974,5,0,0
10,4,8,36.10711368715053,2,0,1
9,1,5,0.0,7,1,0
9,1,4,15.246921913263328,3,0,0
8,1,10,25.86340990188337,3,0,0
19,0,9,7.970757168856312,2,0,0
12,3,7,17.798434710255084,1,0,0
8,0,1,11.201763054416336,0,0,0
7,3,4,4.965725351742416,6,0,1
11,1,9,4.832363170968044,2,0,0
13,4,7,0.0,2,0,0
11,2,3,16.659970997549834,4,0,0
15,0,9,17.318197441916872,3,0,0
10,0,9,5.481628046907566,3,0,0
8,0,10,12.201748241114391,0,0,0
10,2,8,0.577549185114064,0,0,0
7,2,6,20.32532210005423,2,1,0
10,0,6,10.994088817518607,1,0,0
8,0,8,22.7059009372787,3,0,0
6,3,2,11.778791063263512,5,1,1
17,3,2,5.123001505464945,3,0,1
12,2,9,9.640806327217245,1,0,0
11,3,6,30.081011744691786,3,0,1
7,1,1,35.960728285166184,5,0,0
10,3,9,0.0,4,0,1
13,3,2,24.057187988908645,2,0,1
9,1,5,3.9173248052805594,1,0,0
8,4,8,7.401162870274649,3,0,1
9,0,3,17.089803025089353,1,0,0
10,3,4,19.893389432923172,2,0,0
10,1,5,7.717981477775297,2,0,0
17,2,2,21.10148531410602,1,0,0
7,2,1,26.842230701904192,4,0,0
6,3,3,22.284763369473882,2,1,1
13,2,5,5.337747496027511,4,0,0
10,2,3,10.553035356312963,3,0,0
15,3,7,23.7524548614272,2,1,1
10,1,8,30.513902059570267,1,1,0
10,2,7,2.290538365308791,5,1,0
7,2,6,18.027618904092506,1,0,0
13,0,1,22.342987867469077,6,0,0
9,3,9,1.034957975507556,4,0,1
11,1,1,25.188814557111193,3,1,0
10,1,9,36.14855718920461,4,1,1
10,1,4,21.63827906971983,4,0,0
10,2,3,20.65689885012908,3,0,0
8,4,3,7.487625321373636,2,0,0
14,5,3,10.096534340917861,3,0,1
11,1,6,8.527640904296732,2,0,0
7,1,2,6.155796965411495,1,1,0
9,1,1,12.578567538687382,2,0,0
12,3,4,18.091961141069692,2,1,1
15,4,5,6.424042144802353,0,1,1
14,2,7,11.525987142607399,1,0,0
16,1,10,18.189405904199493,4,0,0
5,3,2,0.0,5,1,1
10,1,3,24.49273160803702,3,0,0
13,1,3,17.13042163812249,4,0,0
8,3,3,17.267051181786094,2,0,0
11,1,6,26.563554860472635,5,1,1
8,4,3,24.381447931539817,2,0,1
9,0,6,21.07283198809735,5,0,0
9,3,3,17.79640150407802,1,1,1
15,3,9,14.902298174425123,1,1,1
9,0,7,9.191027625398265,4,1,0
17,4,4,5.392351060185327,2,0,1
9,2,1,18.873201326899537,4,1,0
10,4,8,18.9410243483902,1,0,0
8,4,8,16.41143866498603,3,0,1
6,0,0,1.5599822499965903,4,0,0
16,3,4,0.0,4,0,1
14,1,2,15.555969949310311,0,0,0
15,3,9,0.0,4,0,1
4,4,10,18.179104685734437,4,0,1
8,0,4,34.48641922517536,5,0,0
8,2,3,18.3122483849792,3,0,0
7,3,2,10.6347140828825,5,1,1
7,1,6,4.541649925383435,2,0,0
14,0,4,9.233186787767087,3,0,0
14,3,0,14.630978709877455,4,1,1
7,1,3,25.729162304324085,4,0,0
11,3,0,16.40248317483726,0,0,0
12,3,2,12.08282245946592,3,0,1
12,1,10,21.73063766762661,4,0,0
10,0,9,29.76047651409695,4,0,0
12,2,9,18.13538299984754,3,1,0
12,4,4,16.912288532402385,4,0,1
6,2,5,0.0,2,1,0
6,3,10,1.3821135788070826,2,1,1
9,1,0,0.10183035105304583,6,0,0
7,1,9,13.087178440457391,0,1,0
8,1,8,6.662126138561197,2,0,0
13,1,8,10.039536095345374,5,0,0
8,1,0,6.535264835280817,1,0,0
8,2,6,7.418244715835519,8,0,0
8,3,3,0.0,3,0,1
11,4,1,17.19993089249383,2,0,0
8,3,10,22.001540601329744,4,1,1
9,2,10,15.697146607442182,0,0,0
10,4,1,18.648803838512325,1,0,0
8,0,5,19.650794829096295,4,1,0
9,1,5,19.251878731991695,2,0,0
14,2,4,23.46510812007182,7,0,0
9,3,2,26.90709104253274,2,0,0
10,3,10,30.783355296165382,3,1,1
8,1,6,0.0,3,0,0
8,2,2,19.6717130105243,6,0,0
13,2,10,2.899294868321796,1,0,0
15,3,6,29.06154890295653,3,1,1
8,0,1,15.660580220998105,4,0,0
8,0,7,17.763319362132535,6,1,0
14,3,1,16.172188761764275,5,0,0
11,3,1,17.103765490146255,2,1,0
6,3,3,31.47355028237939,3,0,1
11,2,9,27.396405173556584,2,1,0
13,3,0,31.044673211905348,2,0,0
6,2,10,13.053038829782905,7,0,0
5,1,6,0.0,5,1,0
9,2,1,22.47294869094673,1,0,0
13,1,5,3.8352295879141423,1,0,0
12,1,4,11.379518784249074,2,0,0
8,5,4,14.378721728036428,3,0,1
12,0,3,15.020267212564978,1,0,0
11,2,4,21.437736052662267,1,1,0
9,2,10,5.766015718326869,3,0,0
8,0,8,21.265285087285566,4,0,0
11,1,0,13.097280153500524,3,0,0
13,3,1,41.021323964072074,2,1,1
12,2,6,0.0,4,1,0
7,2,8,16.274922769025988,2,0,0
11,0,2,21.14850408990224,3,1,1
5,2,5,10.8879421439195,1,0,0
8,2,4,9.261861919597411,2,1,0
10,0,8,28.24550257895607,2,0,0
11,2,8,23.409649202664866,6,0,0
5,1,9,7.0121695128273664,1,0,0
7,3,2,0.17078159234471713,4,0,1
10,2,9,20.88434852246695,4,0,0
7,0,9,18.227766844853786,3,0,0
12,2,1,20.7093582095771,3,1,0
9,1,9,13.687964461269422,0,0,0
10,4,3,23.587730302821498,2,1,1
7,2,8,31.003716140771434,3,1,1
5,2,2,30.30455447388161,2,0,0
11,3,3,6.810825085481696,2,0,0
8,5,1,39.99601554401062,3,1,1
8,0,0,21.58179304491788,1,1,0
10,2,4,0.7350118239012495,0,0,0
14,2,3,19.373227376568057,4,0,0
10,1,9,17.29507897468593,3,0,0
10,0,1,13.834123835666674,1,1,0
11,4,5,12.96639961506323,2,0,0
11,1,4,22.02206099095738,4,0,0
11,2,0,22.061237772390363,3,1,0
9,6,9,9.13324472894093,3,0,1
14,0,2,9.641554676934984,3,0,0
7,0,3,9.249973341814837,4,0,0
12,0,0,13.252175259587153,2,1,0
8,3,10,23.864458975294596,4,1,1
8,2,7,27.025434686248882,1,1,0
11,4,2,12.857108002751662,5,0,1
4,0,4,25.9892868951291,4,0,0
12,3,2,19.41693904563892,2,0,0
7,0,3,16.33044453667486,4,0,0
8,4,8,33.67531588062712,1,0,1
8,1,2,18.291152279980768,4,0,0
7,1,7,13.64607005026054,1,0,0
9,2,5,23.35700948685808,2,0,0
7,4,5,2.691472399622935,5,0,1
12,2,0,12.806515635915114,6,0,0
11,2,10,17.617657595127554,2,0,0
8,5,6,22.193713674706164,4,0,1
10,3,3,17.410623281981174,5,0,1
14,1,7,2.109476039325136,4,0,0
7,2,8,6.150461505043314,4,1,0
7,5,1,10.689931602388873,1,0,0
9,3,7,17.415739590192,2,0,0
14,0,10,2.0307554533820955,1,0,0
9,1,7,29.09093491189336,1,0,0
17,3,5,18.129080443990098,5,1,1
18,5,2,17.857234729022164,4,0,1
6,5,4,13.268373617451298,2,0,0
4,0,1,0.5667729945884687,4,0,0
9,1,5,15.908113132631367,6,0,0
9,4,2,22.48234023608491,2,0,1
7,2,3,13.467343740258391,7,0,0
9,2,8,25.69158135881814,3,1,1
6,0,9,14.376750249547733,1,0,0
10,1,4,21.96026117331489,1,0,0
10,2,6,13.892727813762281,3,1,0
12,1,8,18.793472188110517,4,0,0
12,1,4,23.68125738041445,6,1,1
11,5,0,4.1958550464551365,6,1,1
5,1,1,21.473169671902134,5,0,0
6,1,2,25.543102992021012,1,1,0
16,0,2,36.90387762774449,6,1,1
19,0,0,15.711518118556313,1,0,0
10,3,8,0.0,2,0,0
11,0,8,0.0,1,0,0
6,3,3,6.128436998094514,1,0,0
12,2,8,27.824220994520488,3,1,1
14,1,3,36.96753120135991,3,0,0
22,0,7,10.935467812282347,1,0,0
8,3,2,15.53251740269973,3,0,1
7,1,8,0.0,4,1,0
8,1,10,21.513677068194117,1,1,0
8,3,10,16.34414583837694,4,0,1
11,2,3,12.499691148238938,5,0,0
9,1,7,5.364311499807805,3,0,0
13,1,1,11.475952593125584,1,1,0
12,1,6,1.5476505666203373,3,0,0
8,1,1,6.392407651527268,2,0,0
7,0,4,2.2937537919241002,4,0,0
17,1,8,4.830625696698178,7,0,0
8,2,4,3.4485463916153574,2,0,0
11,1,3,20.77066143860093,1,0,0
6,3,7,3.501720169827305,2,1,1
9,2,4,14.476964989622838,4,1,0
5,3,8,4.080445987042747,2,0,0
5,1,8,4.47261252363619,1,1,0
11,1,1,4.078867145857767,5,1,0
13,2,9,24.77613595580405,3,0,0
9,1,8,13.174559393504454,4,0,0
6,0,10,7.52829225209381,2,0,0
12,2,7,4.958838572392221,2,0,0
6,2,9,1.5566678103247007,5,0,0
11,1,6,7.816400241237814,2,0,0
6,2,5,0.634341075445441,1,0,0
13,3,3,10.653782515028023,4,1,1
11,5,10,7.921800523530154,1,1,1
16,1,6,7.207756981632477,1,1,0
13,3,5,27.382264245170248,3,1,1
10,3,7,12.559734268489517,6,0,1
10,0,0,13.179160686538337,3,0,0
9,1,2,27.819804614611563,2,1,0
14,1,7,1.4125966296372017,4,1,0
8,4,1,10.129629837484215,3,0,0
9,2,8,0.0,4,0,0
11,1,1,15.702738365946617,3,0,0
9,1,8,21.071438578254647,3,0,0
18,2,6,0.0,5,0,0
12,2,3,23.599913552724225,1,0,0
13,1,2,18.110384788604453,1,1,0
10,2,7,15.364849648767416,3,0,0
5,5,9,2.5815369019260537,4,0,1
4,1,10,22.719435319830293,3,1,1
10,3,6,31.82892036833682,5,0,1
12,1,9,10.92511205051682,2,0,0
15,1,0,11.825477781179924,3,0,0
11,3,10,15.227465250228583,1,1,1
8,1,6,11.00542920611393,4,0,0
10,1,0,13.218356992120675,3,0,0
12,1,0,25.284959804685442,6,0,0
8,2,10,14.336877097734023,1,0,0
7,1,4,17.90049159899556,3,1,0
6,2,9,35.33185916710873,4,0,0
13,3,4,29.6430689786938,2,0,1
17,1,1,4.533188384569387,0,0,0
10,1,6,32.44315249863067,1,0,0
9,3,2,28.76898263013181,4,0,1
9,1,10,29.943870022207967,1,0,0
10,2,10,8.745035402679417,1,0,0
9,3,0,17.115544409216287,1,0,0
9,2,6,11.083781264176107,2,0,0
13,6,10,16.210310302272603,3,0,1
11,1,3,32.517773883390085,3,1,1
17,2,3,16.400582141551922,6,0,0
11,1,2,0.0,9,1,0
9,2,6,11.268904345148579,1,0,0
15,2,1,8.454685809807254,4,1,0
6,4,6,32.89817578957508,2,0,1
12,2,9,6.868857407570058,3,0,0
10,0,7,10.92815222302623,1,0,0
9,4,1,11.27414647709099,1,0,0
10,3,7,30.996065174987727,3,0,1
7,3,6,24.603789797449572,3,1,1
4,4,9,20.67977245202266,0,1,1
11,1,7,17.32894833942737,3,0,0
9,3,2,17.150810562962707,5,0,1
8,2,5,15.761483190764478,1,0,0
8,1,0,35.55297657496595,3,0,0
13,2,6,2.3293317438634276,0,0,0
11,3,10,0.0,8,0,1
8,1,3,19.430209996413357,1,1,0
10,3,3,29.02726038491471,1,0,1
14,4,8,16.855532382819256,3,0,1
10,0,6,0.0,1,1,0
5,2,7,22.45818393649124,4,0,0
12,2,5,4.351150994680598,3,1,0
12,1,1,2.1637308663343706,1,1,0
9,3,2,5.222260642641146,1,0,0
9,1,3,0.0,3,0,0
11,1,1,17.03337857262021,5,1,0
5,0,10,8.521614445850824,1,1,0
10,1,0,1.6950572325430269,7,0,0
6,1,8,38.79878604025703,1,1,0
12,2,9,9.686169220116359,5,1,0
12,2,1,15.517201368913916,3,0,0
8,2,10,30.540299703203807,1,0,0
13,2,4,21.77492888724367,3,1,1
11,1,6,34.08455781158294,2,1,0
7,1,10,8.038866517059372,2,1,0
11,4,1,25.474282967294144,7,1,1
13,5,5,19.905383258889913,4,0,1
13,3,9,24.95037235117528,2,0,1
12,3,10,23.443731849550936,4,1,1
17,0,7,7.280360320075724,2,0,0
12,1,6,43.23426902909802,1,0,0
6,3,5,0.0,1,0,0
13,1,10,6.357638538192788,4,0,0
12,1,7,21.811304976041875,0,1,0
11,1,1,17.90647711159244,4,0,0
14,1,3,16.33912126685426,2,0,0
11,2,3,22.15561041132172,6,0,0
14,4,6,6.57224481302689,4,0,1
11,2,6,23.399139433239174,4,0,0
10,1,2,13.708075162208742,5,1,0
13,1,3,29.009592777291008,3,1,1
12,3,0,11.953786750740022,0,0,0
8,2,7,19.678060286160864,5,0,0
6,2,3,21.37464710491812,3,0,0
13,4,10,24.051796505669557,3,0,1
9,2,4,15.3737245430874,0,0,0
13,2,4,12.134816898775023,1,0,0
13,2,0,7.249904184341773,2,0,0
13,1,0,19.861652376045146,4,0,0
10,1,6,0.0,1,0,0
16,1,0,18.08910511410489,2,0,0
16,3,8,18.83294533146988,2,0,0
12,1,5,33.74016444417839,4,0,0
11,3,0,8.393431530937718,2,1,0
7,0,0,16.877182076040143,4,1,0
12,1,4,16.590628019719713,3,0,0
11,2,10,3.9394843373848936,4,0,0
6,1,2,14.944927299524636,5,0,0
8,3,7,1.584440616109715,3,0,1
10,3,7,24.62964635833071,2,0,1
3,0,9,20.907301712119466,4,0,0
7,1,7,19.315694623863312,7,0,0
6,2,5,8.630391831438875,4,0,0
7,2,4,29.18764717499385,0,1,0
9,2,4,4.151984887103561,1,0,0
5,2,5,15.50019555941783,6,0,0
13,4,5,3.308077308510855,8,0,1
6,3,9,13.16791273874287,3,0,1
10,4,8,27.710551596550346,5,1,1
11,4,6,19.72407876631366,4,0,1
12,2,5,5.789760673911923,1,0,0
8,0,10,9.779270873583682,3,0,0
9,0,9,11.20522463150994,4,0,0
11,3,6,6.657002811949637,5,1,1
11,1,2,17.725888067724963,0,0,0
9,3,1,36.83821228448316,4,0,1
14,2,9,9.405704113609044,1,0,0
15,1,6,34.29816307352405,6,0,0
10,3,2,14.963838746881727,8,0,1
15,3,3,18.2216898398367,1,0,0
7,4,10,17.60863752670562,5,1,1
11,1,1,0.0,3,0,0
7,3,4,19.546925310550414,4,0,1
11,2,4,0.0,2,0,0
17,2,10,17.092221711567007,1,1,0
14,2,9,16.627874439465888,4,0,0
9,4,9,0.0,5,0,1
8,2,0,15.647709108830124,1,1,0
10,2,3,12.071178061627158,0,0,0
13,4,2,13.463128127955487,2,0,0
7,5,6,13.564286505778028,2,0,0
10,1,4,9.10941925537048,2,1,0
10,1,5,15.75699572744025,0,0,0
9,1,1,23.65663105571437,3,1,0
9,5,0,12.610467152322066,5,0,0
5,2,2,14.497481611915564,0,1,0
8,3,9,21.491600408693508,2,0,1
9,1,2,37.69592912045961,4,0,0
16,3,9,13.071946031151624,1,0,0
11,3,6,0.0,3,1,1
10,8,10,6.033124644835281,1,0,0
7,4,6,21.02443663333677,0,0,1
14,3,9,30.126242730428014,4,1,1
8,3,5,5.5429469099825734,1,1,1
14,3,3,14.56580177252453,5,0,1
4,3,7,15.192860895987192,1,1,1
9,3,9,7.311789085359227,2,0,0
8,5,10,30.35233340539224,3,0,1
5,0,1,26.64075622208248,3,1,0
10,2,6,18.44153339570082,3,0,0
9,1,0,10.800955318172207,6,0,0
7,2,7,24.562271738291997,6,1,1
8,4,4,20.139359951346922,3,0,1
10,2,5,10.629585520747437,2,0,0
9,2,5,24.714682517482665,5,1,1
7,2,0,18.692328476698584,3,0,0
10,3,6,0.0,5,0,1
10,2,2,5.07773712919783,4,0,0
11,3,1,1.7061039838346463,6,0,0
10,3,6,25.312005083827863,2,0,1
15,1,9,7.97851460504549,2,0,0
10,0,8,21.27171917481879,3,0,0
11,0,3,36.718728112645046,2,0,0
10,1,6,22.941346906606704,3,1,1
11,2,4,10.81030889517912,3,0,0
6,1,9,7.563237121806365,1,0,0
8,2,9,11.936525313244145,1,0,0
6,1,10,4.722383114595798,5,0,0
10,0,6,3.5551798395690604,1,0,0
16,2,0,6.950353179785836,7,0,0
9,1,10,20.322098006988625,3,0,0
9,2,9,9.791419645902046,1,0,0
8,1,8,12.747161124728116,2,0,0
7,1,5,19.69186511886521,1,0,0
3,1,7,22.272374348353672,3,0,0
8,4,8,0.0,9,0,1
9,3,0,0.0,2,0,0
12,0,4,11.139680374898573,0,0,0
11,1,6,3.851845104549824,3,0,0
7,3,10,23.5453582853768,2,0,1
6,2,7,10.361511842915139,2,0,0
11,2,2,32.9761228306721,4,1,1
5,4,7,10.120826200725787,4,0,1
9,0,4,18.08622701708561,4,0,0
10,3,0,8.32939787400197,3,0,0
9,1,3,19.875970033081096,0,1,0
10,2,1,20.096007147206663,4,0,0
8,7,4,23.877502281240627,1,0,1
10,2,3,13.657192290366384,2,0,0
14,3,1,27.703469762079628,7,1,1
7,3,6,17.996310171771526,3,0,1
9,1,1,8.56848145982384,5,0,0
8,4,1,8.639926078009717,2,0,0
8,2,3,22.288225628321428,3,0,0
12,1,4,27.642598838462163,1,1,1
12,4,9,3.779375330262404,3,1,1
13,4,10,22.50980986445438,1,0,1
12,1,2,0.1364400555035754,1,0,0
12,2,10,8.825167287762799,0,0,0
11,1,8,19.89733707981705,1,0,0
9,0,9,6.524873030665113,4,0,0
11,1,5,29.657539975652252,4,0,0
9,1,10,21.08579932347221,5,0,0
9,2,7,3.184769286852001,2,1,0
10,3,4,21.554656279314667,5,0,1
10,3,7,1.7963158342279328,1,0,0
10,0,9,15.03699650994337,3,0,0
16,1,5,23.77319699505042,4,0,0
18,1,6,22.092985012765045,3,0,0
10,3,1,14.136485265027938,1,0,0
10,2,5,11.557101856634864,5,0,0
14,0,4,3.421998325519997,5,0,0
10,0,7,16.82593249883984,4,0,0
8,2,4,23.04488103797728,2,0,0
6,2,6,35.64726344691238,2,0,0
12,1,3,10.438673638463793,2,0,0
11,2,1,23.466643625065032,1,0,0
9,1,10,22.644760727268093,7,0,0
12,0,2,10.235086828219792,2,0,0
7,1,10,22.20966030121658,1,0,0
7,1,9,6.836458104636849,3,1,0
8,1,3,17.57020987733567,1,0,0
7,3,2,12.887065046875387,1,1,1
8,5,6,19.435497690412674,3,0,1
10,0,4,20.231683035202984,2,0,0
12,0,2,9.712778652073123,1,1,0
12,2,2,14.903266783516793,0,0,0
11,2,8,13.713671435930637,4,0,0
12,3,8,4.105389429728989,0,0,0
8,1,4,11.302193063354533,5,0,0
9,4,1,9.209511253123448,3,1,1
9,2,9,3.728941622122374,3,0,0
7,0,4,6.96176174090207,3,0,0
12,4,3,12.417431378456886,4,1,1
12,3,5,15.550241087487597,1,1,1
11,3,9,2.56324531238427,2,1,1
10,0,5,27.00299314049616,3,0,0
9,4,5,21.133477661718985,1,0,1
11,5,6,14.147998427037528,3,0,1
10,2,1,2.810756557803737,4,0,0
8,1,3,12.874517481013898,5,0,0
10,3,8,12.26741902099046,2,0,0
12,3,4,4.195219494098366,6,1,1
9,4,0,3.3824429196100496,3,0,0
12,2,5,22.664579247448888,4,1,1
11,2,4,11.7600094091474,4,1,0
8,2,1,23.8556983054883,0,1,0
14,0,2,14.868302340899948,6,1,0
14,3,2,22.51679577391078,2,1,1
10,5,6,22.183267886410583,1,1,1
8,2,4,19.66659126247468,2,0,0
13,4,8,26.826227297896885,2,1,1
10,1,0,16.003284236181198,7,1,0
5,1,2,0.052645726047384045,3,1,0
11,2,9,1.6478487205747232,1,0,0
7,4,7,8.472007912887392,4,0,1
5,1,2,22.419477609884126,1,0,0
11,4,2,10.999446020683301,0,0,0
12,3,7,17.053079738244485,4,1,1
6,0,9,20.356769578069557,5,0,0
13,2,2,16.644028612764068,5,1,0
7,1,10,0.0,3,0,0
12,4,1,3.130869763131832,1,1,0
6,1,2,32.65915186981222,4,1,1
6,2,1,18.260600478933984,3,0,0
11,2,7,0.0,4,0,0
5,3,4,15.697211960795581,3,0,1
5,5,2,33.02635639760081,1,1,1
10,3,10,17.73796293225632,3,1,1
11,1,7,15.44396105893885,5,0,0
6,3,7,0.0,4,0,1
12,1,10,12.291182057152412,3,0,0
12,1,3,0.0,1,0,0
8,3,8,2.775436178340078,1,1,1
10,1,0,0.4882369516876768,5,0,0
10,3,6,32.39440023816081,3,1,1
8,0,4,22.280368426667867,1,0,0
8,1,6,29.00982760513926,8,1,0
6,3,9,1.7653139320875972,2,0,0
5,0,10,16.90765296561342,3,0,0
9,5,7,4.919063647688491,2,0,0
7,1,2,5.988804129325828,0,1,0
7,4,2,19.69443195630668,1,0,0
10,0,0,16.788032534111654,4,0,0
11,1,4,17.862300393552836,1,0,0
5,1,7,2.4387492628500613,2,1,0
9,0,0,16.27591725033559,4,1,0
9,5,1,18.477061584132905,2,1,0
7,3,1,8.248001315687253,7,1,1
9,3,9,12.280643062241397,3,0,1
7,3,1,0.0,3,1,1
14,1,4,0.0,2,1,0
15,1,9,35.083198774398454,2,0,0
4,4,6,17.04836241283434,6,1,1
10,2,2,11.410828051338735,1,0,0
11,1,0,22.98234884914092,1,0,0
12,2,8,6.298896405465117,1,0,0
8,1,8,16.101549063039002,2,0,0
12,2,3,26.062507679734743,2,0,0
10,2,4,3.9793447057605533,5,0,0
15,1,3,10.079982829312819,1,1,0
3,2,7,1.1923708219640403,5,0,0
5,1,0,23.35220945609138,1,0,0
10,2,3,17.053755566386897,1,0,0
7,5,3,26.71689071850628,2,0,1
8,1,2,23.428237490572915,4,1,1
15,1,3,12.38582618934767,1,0,0
12,3,6,19.107801188396163,3,0,1
15,4,4,19.214693886470698,1,0,1
4,2,2,22.334565328946496,2,1,0
11,1,5,29.664158669366582,2,0,0
8,3,9,4.09520709792594,2,1,0
9,0,8,0.0,2,1,0
5,3,2,4.487749696022982,5,1,1
10,4,1,19.727816283588687,3,0,0
13,1,8,19.137586702926075,5,0,0
7,3,4,9.311873076391214,5,0,0
10,4,9,12.282278746488958,2,0,0
4,3,4,6.657030230372374,4,0,1
8,2,6,13.929057556060823,3,1,0
10,2,1,8.062725038695877,3,1,0
10,0,9,31.36808725261201,6,1,1
17,2,10,28.22838367734741,5,1,1
16,2,4,22.237887399233898,3,1,1
10,2,7,15.31249639788998,8,0,0
4,3,7,26.39198742169435,2,0,1
12,2,9,15.987387028480892,0,1,0
11,5,6,16.611761336342102,5,1,1
9,5,4,0.0,5,0,1
14,1,3,17.606771929580688,3,0,0
7,3,1,2.088245885726284,0,1,0
17,1,1,10.971707062646374,5,1,0
13,2,10,16.68965518231649,5,1,0
8,3,2,6.013074291513528,0,1,1
12,1,2,19.787147917967978,4,0,0
11,2,6,25.517305506286483,2,0,0
14,0,5,6.16188982140781,2,1,0
11,2,0,16.173916181604827,2,1,0
9,2,5,2.5353802463799457,1,1,0
10,1,4,3.330762419998049,5,1,0
11,1,5,18.10034930447042,3,1,1
11,3,7,22.134365647057734,1,0,1
15,1,0,0.0,2,1,0
11,3,10,35.48657804511366,1,0,1
8,2,5,10.031234068609237,1,1,0
10,2,3,17.07401807738606,5,0,0
8,1,8,9.658826609196016,1,0,0
10,2,9,12.156055149485827,2,0,0
15,0,7,30.183465832046174,2,0,0
8,1,6,30.054712941812255,1,1,0
11,0,2,0.0,2,1,0
5,0,10,9.363356565532044,3,0,0
9,1,8,44.50640637252465,6,0,0
6,2,2,10.669814079361851,4,1,0
6,0,5,19.22681287472443,2,1,0
10,3,1,26.36386527102234,3,0,1
12,2,7,23.53250965377811,2,0,0
9,3,0,0.0,4,1,1
9,0,0,18.339640130584655,3,0,0
12,2,7,32.493081739799614,0,0,0
17,1,8,15.293976466261753,2,0,0
8,3,9,4.588193617439524,3,1,1
3,1,8,4.778863075274398,4,1,0
10,2,7,13.009310546066516,4,1,0
14,3,9,21.75221096004706,3,0,1
13,4,7,43.89636366314695,3,0,1
9,1,3,12.102113755880474,3,1,0
12,0,7,20.619679229720447,2,0,0
9,2,6,0.0,5,0,0
7,2,8,0.0,5,1,0
12,1,9,10.030899298130073,2,1,0
10,0,7,19.454380747556822,4,0,0
11,5,9,14.136741795307831,4,1,1
10,3,1,15.532602970064987,2,0,0
10,0,7,12.255087169975125,4,0,0
12,5,7,14.722586320784021,3,1,1
9,3,9,12.061632244470168,3,1,1
7,1,9,1.5035833265040228,2,0,0
4,1,8,0.08494984322882004,6,1,0
11,2,2,28.59401433418873,5,1,1
8,4,7,6.767780373987678,4,1,1
8,1,7,12.594543665954685,2,0,0
10,0,9,26.89949724491793,6,0,0
13,0,3,12.303773210250235,3,0,0
13,3,4,23.774835291927637,2,0,1
6,1,1,6.1196665187107016,2,0,0
16,4,5,30.553868923074674,3,1,1
11,1,9,17.270168082327537,1,0,0
6,3,8,14.7315678117853,3,0,1
6,2,2,13.35184836222635,3,0,0
5,1,5,22.650428085303204,0,0,0
9,0,7,17.362296180850855,3,0,0
7,1,1,0.0,1,0,0
8,0,9,10.51961649844253,3,0,0
10,3,0,18.219784318743272,2,0,0
8,1,5,5.317927100769106,1,0,0
12,1,2,9.961560147431435,3,1,0
11,1,1,11.11990991408691,2,1,0
6,0,10,30.949767956436084,3,1,1
8,2,9,20.9781100463714,2,0,0
9,2,7,18.290440649688765,2,0,0
8,2,8,3.3421356652177536,2,1,0
7,0,6,8.153096891187044,2,1,0
10,4,8,23.50261242997116,0,0,1
10,4,6,21.60105954764027,1,0,1
8,2,2,0.7947865031883516,2,0,0
13,2,0,28.994067943391155,3,0,0
7,3,0,6.39357440436785,4,0,0
13,2,4,18.583080815327044,1,0,0
8,1,8,42.335057139918476,5,1,1
11,0,9,10.816220648970802,4,1,0
15,4,5,16.675335454997008,4,0,1
12,1,1,9.41209661355574,3,1,0
10,2,5,16.752538964448682,4,1,0
13,2,10,29.251262586071007,2,1,0
11,2,3,13.054567008291613,5,1,0
6,2,8,12.056928961189133,1,0,0
5,2,9,26.035501449345418,2,1,0
4,3,2,2.367692408833639,2,1,1
9,2,6,15.831180265843086,5,1,0
11,1,9,7.723060582573006,4,0,0
3,4,7,12.620217968176606,2,1,1
4,4,1,6.126536688968063,5,0,0
10,1,9,0.7118762328794581,4,0,0
9,1,6,0.0,2,0,0
9,3,4,10.472767553807245,2,1,1
7,5,0,17.2794806506264,2,0,0
12,3,6,23.132395690459575,4,0,1
7,2,9,1.6453045052072177,4,0,0
10,2,7,16.523034966241315,3,0,0
5,4,0,20.592548502234926,1,1,1
8,1,3,18.601983038033573,4,1,0
10,1,3,17.577507747445843,2,0,0
9,2,4,0.0,1,0,0
12,4,4,13.804058463387017,0,0,0
11,0,3,14.177214328613214,4,1,0
11,2,10,20.453822214085392,0,0,0
9,2,0,28.874937021903516,4,0,0
12,3,8,12.408684700062457,7,0,1
9,3,4,11.550458629275695,3,1,1
11,2,0,16.30530423960571,0,0,0
11,0,2,15.217816390997791,3,0,0
7,3,0,19.324648545551767,4,0,0
9,4,6,20.290809635741212,1,0,1
11,4,9,13.238844062981126,5,0,1
10,4,9,19.99239982902814,3,1,1
4,0,9,12.81227031722048,5,0,0
12,2,6,0.49550882300535903,8,0,0
9,1,5,3.437806544549664,3,0,0
13,3,8,0.0,3,1,1
11,5,6,31.62708272112031,0,0,1
9,0,4,27.85254762296592,3,0,0
15,1,6,25.347034233770465,4,0,0
16,2,9,12.836130487103876,1,0,0
2,3,3,24.76677078434089,3,1,1
8,1,9,23.977865490245108,4,0,0
9,3,8,0.45826555877151165,2,0,0
10,2,5,7.137667359283755,2,0,0
13,3,3,20.37484599908786,3,0,1
7,2,4,10.109087595364995,3,1,0
8,2,7,7.927605844910194,1,1,0
10,5,6,23.236168121014984,2,0,1
9,1,5,6.71689084537279,8,1,0
20,2,1,39.816023285889436,6,0,0
13,1,2,30.942723791142846,3,1,1
9,3,0,12.865393270218354,3,0,0
7,1,2,27.496064954574265,3,0,0
12,3,10,16.86534060600375,1,1,1
9,4,1,10.841677001931066,6,0,0
5,5,9,34.78068008109722,5,0,1
6,3,5,18.904702177603014,3,0,1
14,2,3,6.055022782625608,2,0,0
9,1,10,19.600592558463433,2,1,0
8,1,9,31.774538554828883,2,0,0
7,2,2,15.023524272655603,2,0,0
5,2,7,17.095696127285848,3,0,0
10,3,4,12.002693898948127,2,0,0
9,1,3,18.519744707925167,5,0,0
9,1,5,5.222097592309549,3,0,0
14,2,3,7.044773716928688,3,1,0
4,0,9,11.576538977176511,6,0,0
11,1,9,16.676836021040643,0,1,0
13,2,4,26.124339121134774,0,0,0
11,2,10,13.528349335850796,7,0,0
18,4,3,23.274465608353765,3,1,1
11,1,8,10.597173916239775,4,0,0
12,4,1,20.886996031241537,2,1,1
9,1,0,26.98983152569527,2,1,0
11,2,6,13.84851066747866,3,1,0
7,3,8,18.512672686178227,3,0,1
9,4,8,9.136616556710244,2,0,0
10,0,3,20.864407691555733,8,0,0
7,4,3,0.0,5,1,1
14,3,0,0.0,5,0,0
6,5,0,20.72799629228213,1,0,0
7,2,0,0.0,4,0,0
9,3,5,10.110602261080995,6,1,1
11,2,10,29.033789059778712,3,0,0
12,2,5,23.63911743850913,2,1,0
10,1,10,38.94905976449871,1,0,0
11,2,10,15.753884913072136,4,1,0
11,0,4,14.172645906929043,3,0,0
6,1,9,15.101445961640776,4,0,0
13,2,10,5.751596292659309,4,0,0
7,0,9,12.868258594282441,4,1,0
9,3,1,2.3947306721781825,3,1,1
12,0,5,26.730891420323395,8,1,1
13,2,0,22.384482023542766,1,0,0
8,4,2,3.3952121302892877,2,0,1
8,2,4,8.349625288786473,5,0,0
8,0,9,18.905741470171744,3,1,0
9,0,4,17.711150378428027,3,1,0
11,2,10,4.504953735717416,3,1,0
7,2,6,15.661074731745858,2,1,0
8,1,4,20.71311954718121,3,0,0
5,0,9,21.000220879298247,0,0,0
5,5,5,31.846560034086945,3,0,1
12,3,6,17.50062053277331,6,0,1
14,0,1,2.5914445805164057,3,0,0
8,2,2,4.354650182734112,4,1,0
6,2,2,27.561806612255783,5,0,0
11,0,0,31.109391947405207,4,0,0
12,2,8,14.651302622319482,2,0,0
15,4,9,18.823785168617327,6,1,1
7,6,8,15.930560325155817,2,0,0
10,2,8,12.018995798805513,4,1,0
8,1,8,0.0894328335592327,0,1,0
5,3,7,19.772732912308342,4,0,1
10,3,4,32.81950512193701,7,0,1
14,2,10,16.702161794813787,3,0,0
10,0,8,11.980481594453533,2,0,0
7,3,6,10.683227201622152,1,1,1
13,1,1,19.96920610452224,4,1,0
7,0,6,26.511057028081225,4,0,0
9,1,3,20.32673657294599,3,1,1
5,2,6,0.0,2,0,0
9,3,6,32.423746156573344,3,1,1
16,4,2,23.332649504112283,2,1,1
14,2,2,13.198923994892375,4,0,0
9,1,9,9.696847385613596,2,0,0
5,5,9,10.532569563513531,5,0,1
8,1,5,23.626461255237597,3,0,0
13,3,1,0.0,5,0,0
6,2,7,20.13707221416591,3,0,0
10,2,7,17.805466022174183,3,1,0
10,4,3,17.66587910931032,1,1,1
12,1,1,3.3721274838729656,3,0,0
7,1,8,0.0,3,0,0
9,2,8,37.44386914920497,6,0,0
6,1,1,16.329333542738144,3,1,0
8,1,9,34.359559399000425,6,1,1
11,4,3,24.033442590847457,3,1,1
3,0,0,16.12414149631074,6,0,0
14,4,5,17.318985403359758,3,0,1
18,1,10,25.803346372375657,1,0,0
8,1,10,26.927921174395088,6,0,0
12,1,10,19.75992162894331,3,0,0
11,1,0,25.927720314029646,3,1,0
12,2,6,26.40335077455311,1,0,0
13,3,8,18.2964823665723,5,0,1
9,3,8,8.962050543376739,3,0,1
11,1,10,19.97125128655553,2,1,0
9,4,1,7.5170790781383525,1,1,0
8,4,10,11.196006773290472,2,0,0
6,2,7,18.975473884091794,1,0,0
9,3,10,14.20774926396317,2,0,0
7,2,2,28.155314496275743,2,0,0
8,5,4,8.395794935853068,6,0,1
3,1,3,0.0,5,0,0
11,1,5,28.100354995968935,1,0,0
8,3,10,15.47515827932448,3,1,1
6,2,6,15.950640074395533,3,0,0
10,1,8,7.1158570571349165,5,0,0
8,0,9,0.0,5,0,0
7,2,4,6.811649128947932,5,0,0
11,2,1,20.700077287802397,4,0,0
11,5,3,12.988422498413593,5,0,1
6,4,1,11.674413720990144,1,0,0
4,3,0,0.0,2,0,0
11,3,1,33.11281711439971,2,0,0
20,5,10,14.407043041962847,4,0,1
15,1,6,38.41921748280682,4,0,0
16,3,1,18.667741523593293,4,0,0
13,1,3,30.510747237976467,4,0,0
14,4,4,7.822096938165105,5,0,1
9,5,2,0.0,5,1,1
13,2,3,13.135028038064371,1,0,0
9,2,9,20.600103614736494,1,0,0
13,3,2,21.686108673910095,1,0,1
9,2,7,18.945246302072213,1,1,0
7,3,9,37.91771715760782,2,1,1
14,1,7,18.91830724879416,1,0,0
13,1,2,11.899174271910592,4,1,0
11,1,8,12.664522455098494,5,0,0
12,3,8,6.9467677397536605,4,0,1
6,0,6,17.93174066796402,1,1,0
13,4,0,25.815653043042705,0,0,0
14,2,9,29.0898163302744,3,0,0
9,2,10,12.031739928591232,3,1,0
8,3,2,14.471436779255127,2,1,1
12,0,7,8.584073751719382,1,0,0
7,3,5,24.683173660647,3,0,1
13,2,8,2.6542045045259464,3,0,0
10,1,10,7.780011274818647,3,0,0
10,3,10,0.0,4,0,1
8,3,9,3.2076360622015354,4,1,1
14,3,10,9.089369529318244,1,1,1
12,2,8,9.892258190174019,4,0,0
13,3,0,2.0511853475341706,1,1,1
8,1,5,3.70147060297489,2,1,0
12,1,10,27.615698065325773,4,0,0
11,3,10,7.2007336951917535,4,0,1
7,0,2,0.0,4,1,0
8,1,4,4.571556241298829,3,0,0
10,1,0,4.704439049702771,4,0,0
16,2,10,14.29651729478344,3,0,0
9,3,10,18.59616353034592,1,0,0
13,3,6,1.4641872457158343,3,0,1
12,4,5,18.003022660112237,1,1,1
14,2,9,28.997391457617752,3,1,1
16,3,4,25.16025551877037,5,1,1
10,2,1,20.79222815077509,3,0,0
11,6,7,19.07722476794104,4,0,1
20,5,4,11.831231793047081,3,0,1
7,0,1,29.18875266484242,1,0,0
10,1,3,19.292396716006998,1,0,0
9,0,9,6.956212850640778,1,1,0
10,0,7,13.49233205052041,4,1,1
9,2,7,8.24300035821873,1,0,0
15,1,2,13.611324926144789,4,0,0
7,1,9,27.1546725595692,0,0,0
7,0,7,13.237170298897176,3,0,0
12,4,9,7.054042532216178,6,0,1
13,3,8,25.40679908321168,4,0,1
10,1,1,27.765281834512912,1,1,0
11,2,5,7.146448481162099,1,0,0
12,2,10,29.79942720349188,3,0,0
10,3,2,24.62505206459277,2,0,1
8,1,4,9.480846517909239,7,1,0
6,0,3,27.18893843792714,2,0,0
10,1,7,2.681041919924139,2,0,0
9,1,6,10.182921112917821,2,0,0
2,0,6,4.050570029709126,5,0,0
8,3,10,5.233659327066082,4,0,1
14,4,0,23.510898853935345,2,1,1
11,2,5,14.85353235869548,5,0,0
10,1,1,3.8892346841700416,5,1,0
11,1,7,9.103953974947252,1,0,0
7,4,5,8.353629683250176,5,0,1
11,1,8,17.508522129937433,4,0,0
9,2,9,37.731185049115915,1,1,0
7,1,0,17.057382444904572,2,0,0
11,3,7,17.71931951457463,1,0,0
9,2,1,30.411581492560448,4,0,0
7,1,6,9.571473529039274,4,0,0
6,2,10,28.3287915342633,1,0,0
12,0,2,10.754980563156535,4,1,0
7,4,6,11.397978737678905,2,0,0
10,1,0,11.703037142070855,1,1,0
9,1,9,13.92984500097974,4,0,0
12,3,8,13.250658150234967,2,0,0
6,1,5,18.5825557174601,4,0,0
8,2,6,10.75714579686763,1,0,0
8,3,8,16.004545763121314,2,1,1
9,3,9,0.0,2,0,0
9,1,0,22.82416371533639,2,0,0
8,1,7,26.32025797351045,4,1,1
9,0,10,17.215691402460298,2,0,0
8,0,6,22.47855371976072,2,0,0
14,2,1,6.625678021035183,6,0,0
9,3,0,30.175825421457457,3,0,1
5,2,9,16.90194788233122,1,0,0
17,2,0,0.0,2,0,0
4,2,10,27.15388158427951,2,0,0
10,5,3,22.17733904991522,1,1,1
9,4,4,33.7163194079384,1,0,1
9,2,6,31.63872553790612,7,0,0
6,0,7,28.4181582059701,3,0,0
12,2,1,19.73979773813471,4,0,0
10,2,8,22.130277341915264,5,0,0
11,2,10,4.21359866350161,2,0,0
6,3,6,12.229972974610973,2,0,0
7,3,5,44.84233944960213,5,0,1
9,1,10,0.0,2,0,0
10,2,7,18.102414517721506,8,0,0
10,2,1,14.605545213180491,1,1,0
7,1,0,23.533454210352655,2,0,0
8,3,4,16.986164368480555,0,1,1
8,0,8,27.14570832820665,2,0,0
7,0,6,15.151460821772204,2,1,0
9,0,6,22.74265193957032,4,0,0
10,0,8,18.65683554129094,5,0,0
7,2,4,12.083866500299758,4,0,0
11,0,4,10.659662108390066,0,0,0
7,5,6,27.778609980251332,4,0,1
4,2,10,21.24946722185393,4,0,0
10,1,5,24.962022399072033,3,0,0
17,0,9,27.547949090543618,1,0,0
5,2,5,9.82213148208003,2,0,0
12,0,7,12.291733886048881,3,1,0
9,4,3,11.591961018751206,2,1,1
12,3,1,25.31128945900136,1,1,1
13,3,2,15.90873893027064,6,0,1
8,1,9,16.832603909397005,1,0,0
10,1,3,4.452545342473195,3,1,0
9,2,4,23.240362287784762,2,0,0
8,1,1,23.57146968330865,1,0,0
10,2,7,20.610101775814915,5,1,1
10,1,4,16.628125820647078,3,1,0
11,1,6,25.43245945695412,2,1,0
9,0,8,14.509911172608966,2,0,0
4,2,6,29.195909837705603,0,0,0
6,3,3,22.148804345786274,3,0,1
7,0,2,2.3777665987572902,5,0,0
11,2,7,13.664493995050927,4,1,0
10,1,8,18.249331387277582,1,0,0
6,3,4,8.033644363771248,3,0,1
7,3,5,25.795602897138643,3,0,1
11,0,9,0.0,3,0,0
8,1,9,23.037927182183456,3,1,1
13,3,5,21.903500500247922,2,0,1
5,2,2,0.0,4,0,0
11,2,3,16.03504573245227,0,0,0
12,0,10,10.650265355841675,3,0,0
9,1,8,29.175298097054153,1,0,0
8,1,5,6.625072979598045,4,1,0
7,3,4,22.99173986395676,7,0,1
8,1,8,24.98320591956768,5,1,1
7,0,7,11.074066470924896,5,0,0
6,2,8,27.97741140730135,0,0,0
13,3,10,10.84476870418913,6,0,1
10,2,8,28.325402245193697,1,0,0
12,2,3,41.04360429515606,1,0,0
8,2,7,24.30240018719548,5,1,1
16,2,9,21.121698522755217,1,0,0
9,3,8,10.268860140636427,2,1,1
5,3,10,33.570534701993985,2,1,1
7,3,4,23.88235721835933,1,0,1
9,5,3,10.395658575220388,4,0,1
12,1,9,29.99115095797363,4,0,0
11,2,0,16.09884851190615,3,1,0
11,1,2,21.76846435219125,4,0,0
12,1,9,10.895968364714136,2,0,0
12,2,1,5.61413152995692,3,0,0
11,3,6,6.134041769246126,4,0,1
14,5,3,11.186151366209172,4,1,1
11,3,8,20.131787297528035,1,0,1
11,1,8,12.019095468042492,4,1,0
15,4,1,7.087054482616523,2,1,0
7,1,2,5.48888386654815,2,1,0
12,1,7,27.664813623352806,1,1,0
11,2,9,13.775004689770373,1,0,0
11,0,2,0.0,5,0,0
13,3,3,14.922557060063845,3,0,1
8,2,10,10.846126123110924,3,1,0
13,1,2,17.044643518965024,1,0,0
9,3,1,9.327754578906008,9,1,1
10,2,0,27.868758265802782,3,0,0
13,0,2,13.466085129820476,4,0,0
12,1,8,12.89601335147854,2,1,0
8,3,7,11.8395565388297,5,0,1
11,2,8,19.736887519497323,4,0,0
13,1,9,18.949327502542474,2,1,0
17,2,4,11.091573507932765,2,0,0
8,3,4,15.238554673503737,5,0,1
5,3,7,12.46986190805831,3,0,1
13,1,4,23.49708106046468,2,0,0
7,1,3,2.112120686178704,3,0,0
11,3,8,11.593928413971607,5,0,1
8,4,0,13.044514393697575,4,1,1
10,0,5,28.94682263978517,3,0,0
8,5,6,26.75343978016067,1,0,1
4,6,5,18.921538836005833,3,1,1
8,0,9,5.0558626283667625,3,0,0
10,3,7,15.572415298608691,0,0,0
13,0,10,33.79647274890869,2,0,0
16,3,7,13.513053768330524,6,1,1
10,4,4,16.286181887005764,3,0,1
8,1,3,16.864107449258476,3,0,0
8,3,10,6.502289676063954,2,1,1
13,5,6,6.910246719671843,4,0,1
12,3,8,6.899973925581854,0,1,1
11,4,1,12.017274318055492,6,0,0
11,2,6,19.42202269094313,4,0,0
12,2,5,16.69935991371445,2,1,0
9,3,2,20.073787806518474,5,0,1
6,2,1,36.60410761085807,4,1,0
8,4,0,40.94858210882812,3,0,1
11,3,1,15.938391889061348,4,0,0
6,2,4,24.231889668998285,6,0,0
8,2,0,21.591049302302945,0,0,0
14,2,7,25.769407123882623,5,0,0
8,0,3,25.416924009883978,3,0,0
7,1,2,9.71788259395883,2,1,0
10,2,9,34.81325046626202,2,0,0
8,4,1,30.310982374650134,3,0,1
10,0,0,24.66576419062436,0,0,0
14,4,7,21.856658875931934,5,0,1
9,2,8,18.98400095861096,4,0,0
15,2,2,17.05232560354091,3,0,0
7,2,2,22.876512869933435,3,0,0
16,1,8,17.53753554485931,2,0,0
11,1,6,18.779756841324883,1,1,0
9,0,8,15.23595609836087,1,1,0
17,3,1,13.664966850806815,0,1,0
6,2,6,34.15735663643159,2,0,0
9,0,7,17.106598500290595,4,1,0
9,3,10,12.153225834481866,2,0,0
13,2,3,17.908457426293005,4,0,0
8,3,9,4.172510352383327,4,1,1
14,4,10,25.66424258274594,2,0,1
8,2,3,16.379636210385865,2,0,0
4,0,1,12.982856512682776,1,0,0
9,1,1,11.958396706725427,8,1,0
6,4,3,0.4714439091625522,3,0,1
22,2,3,34.5125443421256,3,0,0
7,2,4,18.247041529258105,3,0,0
10,3,9,34.37021313294977,1,0,1
7,1,9,13.749174253694488,1,0,0
9,2,9,20.89664406153403,1,1,0
18,2,8,23.691279472872772,6,0,0
9,1,10,21.240616304605197,2,1,0
12,4,8,11.826602543292285,5,0,1
8,0,6,0.0,3,0,0
11,0,5,38.90878390782246,1,1,0
10,5,9,9.02882427605023,5,1,1
10,1,4,41.70553428092412,1,1,0
10,2,3,10.298080454366186,4,0,0
11,4,1,30.11931754200172,3,0,1
11,2,3,22.183057135723693,4,0,0
11,5,10,22.640507816291063,6,0,1
9,1,6,10.049061987662064,3,0,0
9,1,0,12.26598927967628,2,0,0
8,1,2,12.407936886021934,4,1,0
7,3,3,17.747688666448102,4,0,1
13,2,6,14.152646027495585,3,0,0
5,2,2,10.932834202988403,2,0,0
9,1,3,6.844734462971402,3,0,0
8,2,0,7.830119505406078,3,0,0
14,2,0,20.33742670667667,3,0,0
13,1,9,7.981435404658691,5,0,0
11,2,2,4.0095571306627935,3,0,0
15,0,6,16.410101365567105,4,0,0
8,1,10,0.0,6,0,0
11,1,5,14.936024140393073,3,0,0
9,1,4,15.788377596681356,2,1,0
16,4,7,20.628974831850584,2,1,1
12,1,10,18.411019532833727,2,1,0
5,3,7,2.2208580180708264,3,0,1
6,2,3,13.13779697972073,5,0,0
10,2,9,21.52779549084244,6,0,0
7,1,5,19.180403224379297,1,0,0
8,3,0,7.1812957945277525,3,0,0
14,2,9,19.15903474264441,0,1,0
9,3,9,24.1488925180444,5,0,1
12,1,8,5.2370096378955004,7,0,0
10,2,4,0.0,4,0,0
5,2,7,32.74063386407185,1,0,0
11,2,9,18.153349140777436,5,0,0
18,2,9,10.427081711088054,2,0,0
10,3,0,10.084447050393774,3,0,0
10,1,3,16.467905375237724,4,0,0
14,3,1,25.410184105215592,2,1,1
9,0,1,0.0,4,0,0
9,7,1,10.990554401762559,0,0,0
9,4,1,31.539674199545736,4,0,1
14,3,7,23.246189558201007,2,1,1
10,1,5,22.39307720554759,4,0,0
8,1,8,19.076965113788937,1,0,0
8,2,1,18.104812765325036,5,0,0
6,1,0,10.318248961782551,4,0,0
15,1,7,9.417834824359744,2,0,0
11,7,9,23.061324475603655,4,0,1
6,2,2,9.603924361127238,1,0,0
6,2,2,17.83832581794862,3,0,0
10,1,7,16.517354913250617,5,0,0
9,2,4,36.918875824841976,3,1,1
7,3,7,13.395777036633113,4,0,1
12,2,1,26.684633122520026,4,0,0
15,3,9,22.073051056639148,4,0,1
10,1,8,13.827571125876677,4,1,0
