home_team_rating,away_team_rating,home_team_avg_goals,away_team_avg_goals,home_team_possession,away_team_possession,home_team_pass_accuracy,away_team_pass_accuracy,home_team_form,away_team_form,result
95,89,1.99,0.53,56.15,50.11,82.02,79.38,2,2,1
62,80,1.65,0.33,54.04,41.37,83.47,83.41,0,3,0
61,83,2.74,1.68,53.06,58.91,81.12,81.95,5,4,0
98,94,2.04,0.79,57.42,38.88,83.61,76.01,4,4,1
69,81,1.54,2.26,47.27,46.33,83.38,77.37,5,2,1
96,97,1.77,1.87,33.23,58.89,86.92,81.93,1,3,0
69,62,1.43,1.05,42.68,48.28,74.47,81.4,2,1,2
90,80,1.38,1.54,61.34,36.35,85.52,84.02,2,5,1
90,98,2.74,0.84,50.42,41.54,86.8,75.41,0,1,0
75,99,-0.16,0.67,49.3,46.2,84.35,78.17,1,0,0
67,99,2.06,1.86,48.45,48.13,81.17,80.86,3,5,0
95,62,1.82,1.93,36.06,34.24,81.49,76.68,2,3,2
85,62,0.96,1.31,45.93,54.43,82.34,83.35,5,1,2
96,96,1.47,1.83,64.25,47.54,75.46,77.5,4,1,2
88,83,0.48,1.4,51.78,61.29,73.54,76.83,2,1,1
97,80,0.98,0.91,62.45,54.91,86.26,79.19,0,0,2
96,97,1.61,1.4,57.56,71.87,80.88,82.1,0,5,0
87,90,2.01,1.37,55.34,49.73,88.79,72.58,1,4,0
82,98,1.25,2.42,57.59,33.97,71.6,86.73,3,3,0
67,63,1.02,1.36,33.79,46.76,88.38,78.93,1,5,0
60,63,1.5,2.08,63.84,60.54,83.03,80.63,2,0,1
98,91,1.55,1.25,64.31,47.13,79.9,79.11,0,1,1
88,71,1.87,1.7,44.0,56.52,83.2,79.17,4,5,2
86,88,1.34,1.81,37.89,55.25,80.09,79.93,5,0,2
67,87,2.12,1.46,57.88,54.85,84.51,81.64,5,1,1
68,85,1.91,1.67,41.22,68.4,83.14,76.89,2,2,0
86,75,1.74,1.86,39.13,43.4,79.83,78.76,2,0,2
95,86,0.76,1.01,52.29,47.44,67.81,73.0,0,0,1
79,61,2.1,1.16,48.36,48.94,81.89,79.88,4,1,2
62,62,1.19,1.49,36.24,43.17,87.85,78.96,4,2,1
98,72,1.87,1.82,25.13,53.57,78.13,73.68,0,5,1
68,67,1.09,1.83,42.86,45.59,81.7,81.0,1,0,1
81,86,0.71,0.88,49.08,53.93,77.05,94.09,0,4,0
85,67,1.36,1.41,51.75,39.63,79.22,84.48,3,0,2
60,90,1.0,1.55,56.16,62.44,69.19,80.84,3,1,0
61,70,1.66,1.72,36.97,49.2,77.17,79.15,0,4,0
72,69,1.68,0.73,47.29,45.41,82.6,75.34,1,4,0
90,98,2.12,-0.07,50.15,61.55,84.81,80.14,4,5,0
85,77,1.29,1.19,64.33,59.08,81.08,78.3,0,5,0
81,98,2.2,1.39,33.34,58.35,85.91,88.27,2,5,0
90,62,1.8,1.82,58.67,50.49,79.91,93.31,0,0,2
92,61,2.16,0.99,16.96,38.14,81.32,82.68,3,5,2
99,96,1.82,1.3,46.41,34.43,75.66,79.04,5,0,2
62,79,1.5,0.87,43.3,37.97,76.24,73.24,2,1,0
95,85,1.19,1.46,66.1,54.1,78.54,80.6,2,5,1
89,63,0.91,1.97,36.86,51.44,82.1,82.05,3,2,2
88,79,2.03,1.85,55.56,40.39,78.92,70.77,3,0,2
75,95,1.39,1.78,41.77,58.97,77.76,85.57,4,2,1
95,82,2.47,1.73,69.75,37.54,84.26,85.1,0,5,0
95,79,1.55,1.12,46.19,45.74,76.25,74.57,1,5,1
68,71,1.27,1.88,66.32,53.37,84.74,76.85,3,5,0
67,77,1.34,1.25,48.29,58.82,82.05,73.53,4,2,1
79,61,0.57,1.85,83.59,67.1,80.77,76.46,2,3,2
63,93,2.34,0.58,44.95,72.69,80.96,83.04,5,4,0
77,90,0.97,2.1,43.94,33.67,70.1,84.5,0,2,0
73,85,1.03,2.73,28.19,36.99,73.21,76.88,2,4,0
87,88,1.57,0.8,49.12,45.78,86.65,82.03,3,2,1
83,71,0.87,1.39,54.85,33.06,88.53,83.66,1,2,1
67,72,0.88,1.85,67.65,42.01,76.36,75.42,3,5,0
87,63,1.65,0.56,56.47,27.82,78.68,77.26,5,5,2
71,86,0.84,0.59,50.48,37.1,85.94,81.31,3,4,0
95,64,1.89,1.83,51.13,45.23,79.11,73.32,2,5,2
70,84,1.24,1.83,54.6,35.57,81.01,85.66,2,4,0
62,74,1.86,1.69,50.12,56.99,81.19,78.25,0,3,0
60,98,1.85,1.34,46.99,41.24,85.21,77.8,0,2,0
73,96,1.57,0.53,47.48,48.58,71.02,74.44,3,0,1
68,70,1.79,1.26,54.16,54.82,80.13,76.05,2,0,1
99,77,0.88,1.75,55.77,42.24,79.72,78.97,3,1,2
93,99,1.73,0.84,45.61,39.96,82.63,84.56,5,5,1
67,94,1.97,1.38,65.71,35.46,80.05,74.63,4,5,0
61,75,2.04,1.46,50.95,56.17,85.22,83.61,3,5,0
70,87,2.21,1.18,34.99,42.29,79.66,89.8,4,1,1
63,93,1.92,1.94,49.14,57.18,78.03,74.46,0,1,0
63,78,1.3,1.57,60.47,62.09,79.32,82.91,5,0,1
92,92,1.15,1.85,56.02,38.13,77.79,79.22,2,1,1
82,86,1.75,1.85,75.43,47.22,82.45,76.38,3,0,2
95,97,1.61,1.07,46.92,39.73,76.01,90.13,1,5,0
99,99,1.31,1.96,42.3,45.19,76.1,83.68,5,0,2
82,75,1.22,1.76,23.55,50.64,83.71,80.47,0,0,1
69,87,1.29,0.88,48.75,55.43,83.58,65.38,5,2,1
99,90,1.61,1.86,56.57,56.75,80.18,80.78,4,2,2
69,64,1.12,1.02,51.96,47.44,73.71,82.0,1,2,1
68,99,1.09,1.93,52.19,53.4,82.68,75.69,3,1,0
78,62,1.65,1.24,50.84,46.02,85.12,77.64,4,0,2
61,96,-0.24,1.56,44.22,41.38,79.27,79.15,1,1,0
75,99,0.87,1.18,53.22,49.97,84.6,89.36,4,1,1
90,82,2.36,2.0,35.93,31.64,73.17,80.87,3,4,1
61,71,1.52,1.75,61.22,52.86,75.47,84.28,4,3,1
84,79,0.7,0.62,51.04,45.11,75.93,82.63,1,3,1
96,92,1.29,1.21,49.91,56.63,75.16,80.39,4,1,2
93,91,0.89,2.72,30.03,42.78,82.76,87.05,3,3,1
72,69,1.7,2.28,56.36,60.03,82.43,83.26,3,4,1
83,60,1.28,1.69,63.53,43.84,87.46,85.13,2,2,2
71,82,1.69,1.92,39.49,42.47,86.47,88.9,0,3,0
94,80,1.9,1.46,48.02,55.63,79.62,69.87,5,3,2
64,88,1.25,2.49,34.67,32.15,75.31,82.17,3,3,0
67,86,0.96,1.19,52.63,48.32,73.46,80.64,2,4,0
83,85,1.78,1.32,64.82,47.08,83.8,87.5,2,1,1
97,62,1.35,0.94,52.06,59.53,89.56,81.71,1,4,2
79,68,1.65,1.83,56.69,62.34,75.75,76.1,2,5,1
83,91,1.25,1.19,50.74,43.87,78.32,78.53,0,5,0
78,68,1.61,1.86,44.34,56.91,81.9,80.6,1,0,2
99,70,2.27,0.87,48.85,40.31,76.22,87.93,4,1,2
89,69,2.16,2.95,43.97,46.95,88.17,82.52,2,3,2
80,76,1.65,1.08,35.46,46.04,78.81,85.3,3,0,2
66,64,1.45,1.64,37.97,34.04,84.35,76.69,0,0,1
83,97,2.26,1.03,66.46,59.13,80.76,74.4,1,3,0
74,82,1.34,1.05,58.92,30.82,83.28,77.28,1,2,0
91,74,1.53,1.84,46.51,33.57,84.67,85.69,5,5,2
96,93,1.45,1.16,68.34,55.5,82.45,72.47,0,4,0
81,79,1.27,2.22,48.94,55.21,82.1,80.25,2,3,1
70,84,1.18,1.28,52.76,41.55,82.14,79.52,4,5,0
92,97,1.15,1.74,53.95,47.58,76.54,77.62,2,3,1
91,75,1.73,2.12,55.12,66.12,94.88,76.96,2,3,2
60,66,1.49,1.22,41.73,36.1,79.46,78.72,0,1,0
97,93,1.42,1.59,31.84,38.9,78.7,90.66,0,3,0
74,81,1.33,1.68,64.16,55.62,84.24,80.62,0,3,0
65,78,0.98,0.47,64.05,39.19,78.24,78.53,0,5,0
74,95,1.08,2.38,45.95,39.87,80.28,77.39,5,1,1
80,82,0.84,1.55,61.5,60.27,82.34,84.09,2,2,1
99,77,2.22,0.96,68.41,46.34,81.59,78.02,2,1,2
65,65,1.61,1.23,40.85,75.75,73.48,82.24,1,1,1
61,99,2.07,1.17,36.4,56.91,73.73,83.74,5,5,0
97,63,1.71,1.25,44.16,41.66,67.7,90.13,5,0,2
65,85,1.2,0.58,60.95,53.13,80.96,86.66,3,4,0
97,87,1.61,1.39,44.95,47.77,85.44,84.31,5,0,2
64,98,1.12,1.1,30.92,70.02,78.84,72.42,4,5,0
67,79,1.79,1.48,70.48,50.19,79.99,85.17,5,1,1
65,75,1.46,1.09,35.44,66.91,75.39,74.6,0,5,0
74,92,2.5,1.47,53.67,49.93,79.69,78.76,0,5,0
61,98,1.83,1.27,39.41,66.87,86.27,85.27,1,0,0
70,64,2.16,0.32,52.06,34.69,70.48,77.07,0,1,1
89,84,1.7,1.84,50.99,66.95,76.29,78.97,5,1,2
91,67,0.25,1.57,34.02,52.1,74.82,85.46,0,3,1
81,85,0.94,0.44,72.95,25.94,79.23,78.9,2,4,0
68,83,0.98,1.38,38.41,47.65,72.24,77.49,2,4,0
79,76,0.95,1.79,55.59,52.39,75.4,78.02,2,3,1
98,96,1.02,1.7,45.06,42.9,76.27,82.35,2,1,1
76,96,1.09,0.91,43.79,43.0,79.06,80.77,4,3,0
95,97,0.71,1.41,61.06,37.68,71.31,83.53,0,3,0
81,82,2.35,0.89,44.89,43.77,80.39,84.5,0,4,0
61,67,1.59,0.56,54.27,64.45,80.01,83.84,1,5,0
97,62,1.21,2.79,54.08,46.36,85.12,77.42,3,1,2
86,97,2.36,0.63,39.45,55.82,86.5,75.67,2,4,0
99,69,2.32,0.92,57.37,31.65,82.28,76.15,0,0,2
84,88,1.88,1.28,48.73,46.7,77.15,72.8,4,2,1
74,95,2.29,2.87,49.85,47.97,82.27,74.49,4,1,1
60,82,0.85,1.54,52.74,55.94,77.03,76.04,2,2,0
89,69,1.62,1.41,50.78,39.16,76.99,81.65,3,3,2
83,66,1.41,1.85,34.73,61.43,77.36,79.59,1,0,2
68,98,1.5,1.37,53.88,68.35,82.04,83.43,1,4,0
84,60,0.74,1.95,60.57,43.62,73.67,77.76,5,3,2
77,61,0.47,1.88,56.73,54.9,79.54,81.68,4,1,2
76,84,1.67,2.08,53.83,31.12,81.25,79.8,3,3,1
85,70,0.94,1.16,67.99,71.35,85.58,78.72,4,0,2
96,66,2.07,0.73,42.83,34.68,87.69,77.23,2,1,2
83,95,2.03,1.77,51.98,65.07,78.95,74.81,1,0,1
99,61,1.41,1.25,60.54,39.44,76.33,78.48,1,0,2
81,70,1.85,1.46,46.1,47.21,82.87,82.61,5,4,2
84,77,2.53,0.47,49.64,48.11,83.07,76.37,2,1,2
91,71,0.79,2.02,41.73,49.36,84.57,81.18,4,5,2
77,96,0.62,1.87,48.6,30.78,90.7,77.14,0,4,0
63,99,1.56,2.37,54.57,66.5,79.6,85.55,4,2,0
65,69,1.16,1.32,38.56,51.7,82.8,75.31,4,0,2
85,87,0.91,2.03,38.16,36.62,79.39,77.94,4,4,1
92,60,2.05,0.42,51.5,35.12,79.9,83.15,4,3,2
88,81,1.89,1.6,49.24,35.46,77.84,82.55,1,1,1
68,71,1.93,0.9,47.81,44.07,84.69,76.65,1,1,1
82,76,2.08,1.71,36.67,50.67,74.18,82.51,4,4,1
82,75,0.84,1.1,53.65,42.5,77.52,79.86,2,4,1
73,73,1.35,1.77,49.33,44.3,78.05,87.82,3,3,1
64,90,1.32,1.49,42.44,35.34,83.64,76.71,4,3,0
71,81,1.8,1.04,80.04,52.67,81.5,75.23,2,1,1
61,74,1.11,1.88,57.55,46.87,83.4,78.51,2,0,1
77,85,0.75,0.95,49.87,40.3,78.21,82.51,3,2,1
96,78,1.53,0.43,57.49,67.52,81.31,80.55,0,3,1
92,60,0.85,1.69,46.7,57.51,77.7,83.11,1,0,2
79,93,1.38,1.52,57.26,48.95,79.69,77.34,1,5,0
97,83,1.43,1.3,50.75,53.23,73.4,81.51,1,0,2
95,66,1.83,0.93,43.84,51.76,83.94,82.44,4,2,2
97,68,1.35,1.93,52.86,44.22,75.22,74.55,4,0,2
87,77,1.77,1.98,51.69,48.84,76.18,83.31,1,0,2
64,87,1.41,1.42,61.76,47.4,77.73,79.32,3,5,0
71,69,0.35,0.73,57.93,45.38,84.7,89.32,4,3,1
85,62,1.84,1.95,51.05,63.7,85.28,80.61,1,0,2
97,85,1.17,1.48,55.91,31.84,77.35,79.35,5,5,2
63,80,1.1,0.49,42.71,51.57,74.07,76.84,1,0,0
79,78,2.0,1.89,55.23,47.44,71.95,82.98,3,2,1
62,66,1.1,2.56,50.54,60.91,77.84,84.79,3,1,1
98,86,1.6,1.89,43.42,45.38,80.68,82.83,1,3,1
77,98,1.21,1.75,54.92,48.98,78.08,82.14,5,5,0
64,79,0.93,0.84,35.27,38.73,83.02,68.82,5,2,1
93,93,2.05,2.2,46.06,45.74,75.94,82.67,4,5,1
78,60,0.88,2.93,52.65,55.11,80.2,82.96,5,5,2
75,81,1.58,0.91,65.05,42.67,78.85,77.34,4,4,1
67,79,1.03,1.7,50.47,33.49,77.9,76.92,5,1,1
77,62,1.56,1.81,44.93,27.53,81.01,80.19,3,2,2
80,70,1.34,1.99,49.35,42.16,84.64,86.15,5,4,2
94,90,1.63,0.51,52.07,49.88,89.57,74.49,3,3,1
94,65,1.36,1.2,49.89,47.92,80.97,81.55,2,5,2
72,99,1.54,2.62,45.53,44.51,73.56,69.98,1,0,0
90,69,1.45,1.05,53.51,64.36,78.55,75.99,1,5,1
65,89,1.96,1.96,53.74,47.95,83.39,82.81,3,1,0
86,67,1.98,1.05,52.11,57.98,74.08,79.82,4,2,2
71,63,1.04,0.6,63.2,52.2,79.6,80.36,5,0,2
95,91,1.35,1.06,55.76,39.19,71.19,74.58,5,3,2
61,97,1.64,1.28,59.98,39.88,79.47,84.99,0,0,0
86,77,1.65,1.92,50.52,48.2,83.16,82.92,3,1,2
99,80,1.55,2.12,46.74,46.54,75.61,81.86,3,1,2
63,85,0.9,1.59,42.6,54.96,85.42,70.66,3,3,0
60,87,2.33,1.38,67.06,32.59,69.36,79.59,0,2,0
85,73,0.64,2.34,56.73,54.99,78.85,78.74,4,3,2
65,69,0.56,1.57,40.64,46.34,78.5,76.49,5,2,2
96,80,0.92,1.97,41.32,46.05,72.37,82.66,2,0,2
63,98,2.02,1.57,56.45,50.36,79.36,82.64,1,4,0
86,91,1.94,1.42,41.28,47.76,81.0,76.42,5,2,1
60,88,1.95,1.96,48.79,48.54,79.27,80.66,1,2,0
61,63,1.31,1.78,49.66,40.61,76.72,87.27,1,5,0
64,82,1.68,1.0,48.18,74.49,76.39,75.86,5,4,0
74,71,2.05,1.9,45.61,47.44,87.25,73.56,5,1,2
83,61,1.25,1.21,61.44,43.52,69.11,71.48,4,1,2
63,91,2.27,2.0,68.91,55.0,85.33,73.81,0,3,0
66,92,1.43,1.51,47.18,66.62,80.52,71.03,3,5,0
60,64,1.6,2.11,51.09,47.4,77.05,73.73,2,5,0
66,83,1.21,1.98,55.96,56.5,73.71,79.1,0,0,0
72,79,1.73,2.25,53.39,50.89,78.39,76.17,5,2,1
75,96,1.84,1.81,69.88,52.86,77.8,70.37,5,4,0
71,67,1.72,1.88,59.47,51.36,78.11,92.58,5,4,1
91,76,0.97,1.24,56.01,48.79,83.17,79.51,2,0,2
84,89,1.74,0.39,64.87,62.27,75.87,74.99,5,4,1
71,92,0.06,1.7,52.62,36.98,76.22,85.33,0,1,0
90,67,1.66,1.75,45.17,33.89,75.48,82.42,5,2,2
62,65,1.48,1.44,25.25,59.28,85.01,81.92,3,5,0
62,72,1.26,1.81,45.55,44.5,85.27,76.47,1,3,0
76,70,1.4,2.26,43.89,50.75,82.41,80.06,1,5,0
63,64,1.2,1.86,34.26,68.2,96.88,79.27,2,5,0
69,61,1.54,0.97,36.9,45.91,82.13,81.94,5,5,1
81,77,1.09,2.25,42.44,52.83,74.73,74.49,0,0,1
87,76,2.14,1.06,38.09,48.05,75.02,85.28,1,4,1
99,98,1.27,1.54,28.66,52.89,78.89,77.51,0,0,1
65,87,2.05,1.48,54.57,59.14,85.66,90.42,2,1,0
81,86,1.31,1.59,55.84,44.22,84.53,79.55,0,4,0
80,71,2.1,1.79,62.42,40.0,87.05,74.59,3,2,2
82,64,2.81,1.51,50.41,53.95,81.2,77.31,4,3,2
71,70,1.07,1.67,47.43,35.65,72.41,79.67,1,1,1
97,83,1.66,1.35,59.66,45.48,82.46,78.31,1,2,1
67,88,1.46,1.24,37.74,43.53,80.29,76.48,4,2,0
68,64,1.25,1.5,49.54,40.47,84.88,79.36,1,2,1
79,95,1.84,2.0,55.69,45.7,89.01,81.53,3,1,1
61,96,1.13,2.6,51.89,59.12,81.55,81.31,2,1,0
60,74,1.82,1.28,63.03,49.49,73.75,85.84,1,0,1
66,73,0.98,1.17,73.1,61.86,87.42,72.59,5,0,2
67,72,1.04,0.85,25.28,46.95,77.67,78.32,4,5,1
75,66,1.39,1.82,56.05,47.67,78.08,81.19,2,5,1
70,68,1.16,1.47,42.11,35.24,75.06,74.14,0,0,1
71,67,1.17,1.52,66.68,55.77,73.26,74.68,1,2,1
94,82,1.71,1.32,29.02,44.31,77.89,71.66,1,1,2
61,91,1.85,0.97,48.97,48.75,82.07,74.79,5,2,0
73,77,1.76,1.8,44.69,53.6,78.48,77.49,1,4,0
87,89,2.29,1.51,34.95,50.03,70.49,72.94,4,0,2
99,87,1.88,0.72,49.72,50.91,74.68,74.85,2,4,1
87,66,1.14,1.52,46.26,61.82,78.78,84.45,0,3,1
64,80,2.22,1.91,53.07,56.46,79.6,74.38,3,0,1
87,90,1.15,2.46,43.62,56.59,81.81,69.01,2,3,1
73,73,1.62,1.94,62.36,52.34,77.41,77.5,1,2,1
71,65,1.06,2.07,47.75,55.89,79.84,88.39,2,2,1
67,70,2.11,1.99,51.6,49.29,87.75,86.25,0,4,0
83,93,1.38,1.74,41.24,44.13,77.11,73.19,3,4,0
94,97,1.8,2.27,64.66,33.92,81.61,75.29,5,1,2
78,92,0.39,1.87,57.84,44.39,78.28,81.61,2,4,0
99,66,0.56,1.29,36.86,51.05,75.83,87.89,5,1,2
68,88,1.67,1.94,48.68,36.06,83.14,74.6,0,5,0
76,91,1.68,1.77,30.35,54.32,77.47,86.38,3,4,0
84,74,1.36,1.04,56.05,49.51,73.95,82.9,4,3,2
77,93,1.26,0.44,57.68,63.63,77.58,78.79,0,2,0
85,97,1.14,1.98,37.33,54.26,79.06,91.22,0,3,0
94,67,1.09,0.7,46.21,43.28,76.6,80.41,1,0,2
85,60,1.88,1.31,47.5,45.25,82.03,77.47,2,1,2
83,75,1.16,1.08,46.51,42.17,80.96,83.22,5,0,2
96,74,2.96,0.77,45.8,54.79,89.83,80.74,5,5,2
68,82,0.87,0.76,48.02,59.71,78.46,77.7,4,2,1
97,89,1.25,0.5,36.78,55.1,78.31,78.01,2,2,1
63,92,1.83,1.34,33.11,35.27,76.21,85.58,3,3,0
84,94,1.26,2.51,62.81,49.0,81.2,82.3,5,1,1
75,84,1.73,0.83,46.56,55.78,86.54,77.7,1,0,1
61,76,1.36,1.77,47.35,52.14,83.68,85.28,1,3,0
94,81,1.45,1.45,60.08,45.6,90.07,85.84,5,2,2
92,96,1.79,1.82,51.1,31.38,76.7,84.09,3,2,1
87,89,0.84,1.41,31.99,41.03,89.49,76.5,1,1,1
76,94,2.24,1.16,45.37,66.11,79.48,72.18,3,3,0
92,96,1.82,0.97,45.14,51.68,72.2,80.27,5,2,2
66,69,1.26,1.46,43.03,30.76,86.53,84.36,1,3,0
96,72,0.68,1.23,69.61,53.81,69.52,78.25,4,2,2
87,66,1.89,1.4,52.24,77.73,85.79,85.19,1,1,2
64,95,1.39,0.89,50.96,62.2,82.7,81.58,4,3,0
64,85,1.06,0.66,51.52,40.75,79.71,87.24,2,3,0
73,80,2.92,1.74,35.44,57.92,80.01,86.77,1,5,0
98,79,0.95,2.15,66.72,51.2,80.42,76.7,5,5,2
89,66,0.52,1.28,49.46,61.22,80.23,83.86,2,4,2
97,81,1.34,1.06,44.6,50.57,82.67,85.61,0,5,1
63,71,1.42,2.08,57.01,58.53,81.15,84.89,4,5,0
91,89,1.13,1.58,70.07,49.92,77.47,85.05,1,3,1
73,69,2.12,1.19,53.68,58.02,78.14,85.11,5,1,2
95,80,1.21,1.23,54.48,61.22,83.32,81.24,0,4,1
73,61,1.87,1.58,47.18,35.97,89.39,87.35,1,5,1
90,65,1.77,1.36,54.97,57.18,68.76,89.36,1,1,2
81,93,0.87,1.48,54.77,45.96,74.78,79.29,0,0,0
71,77,1.18,1.15,56.07,52.23,77.42,80.92,0,0,1
75,81,1.7,0.6,39.63,51.84,85.8,83.13,1,1,1
92,66,2.0,1.71,47.29,58.98,77.97,80.44,1,3,2
72,67,0.43,0.87,56.61,63.64,80.34,75.98,1,3,1
66,64,2.48,1.07,33.26,45.56,79.23,73.87,1,5,0
84,75,1.36,2.04,49.48,39.81,89.25,82.9,1,5,0
73,78,1.83,1.19,36.94,76.02,80.18,79.22,0,4,0
96,80,1.66,1.42,34.4,67.75,75.15,83.42,4,5,2
62,65,0.94,1.58,39.34,58.32,72.78,83.43,1,1,1
85,94,1.71,1.31,56.55,33.22,83.79,77.52,4,3,1
64,76,2.01,1.33,39.8,49.58,74.75,78.03,5,1,1
72,73,1.9,1.44,31.64,44.02,77.68,82.0,4,2,1
92,88,1.34,1.31,35.67,34.92,81.43,68.34,4,0,2
88,64,1.19,1.39,55.67,71.12,77.58,77.64,3,1,2
86,73,1.43,0.65,26.43,55.94,75.01,75.32,3,5,1
89,95,1.12,1.34,42.82,59.13,86.59,77.0,2,0,1
81,89,1.94,0.06,49.51,55.05,81.03,76.86,0,5,0
76,88,1.73,0.88,51.27,63.35,80.19,78.99,3,0,1
61,68,1.67,0.99,52.57,53.32,72.66,77.0,4,0,2
92,77,2.56,1.73,57.4,55.62,86.14,85.39,0,3,1
82,75,1.93,1.76,45.43,49.28,83.34,78.76,1,1,1
88,84,0.56,0.8,40.95,70.6,79.57,82.79,0,1,1
83,68,1.09,2.1,36.3,45.26,81.36,79.34,0,5,1
77,72,1.13,2.19,65.51,53.87,81.6,77.52,5,4,1
92,71,1.66,2.95,33.04,39.96,78.88,70.46,3,4,2
68,95,1.78,1.21,51.51,31.07,75.5,76.95,2,0,0
66,82,1.6,1.1,58.58,47.34,91.69,75.49,3,2,0
85,91,1.19,1.6,53.07,57.98,79.92,74.08,2,4,0
75,94,2.0,1.68,67.09,45.83,82.74,76.7,0,4,0
93,74,1.53,1.23,58.1,42.6,72.32,81.32,4,4,2
88,66,1.32,2.0,46.94,34.33,80.93,79.63,3,1,2
92,90,1.24,1.99,58.98,50.23,79.47,75.05,2,4,1
90,97,1.17,1.04,54.01,52.5,81.08,87.83,5,0,2
82,83,1.7,2.11,50.68,33.35,73.51,76.07,3,5,0
89,88,1.95,1.78,63.5,34.71,86.04,71.7,1,0,1
85,98,1.57,0.75,36.86,35.55,80.29,73.28,2,1,1
77,88,1.43,1.14,46.62,60.9,79.09,81.35,3,1,1
87,77,1.54,2.07,51.18,47.94,78.17,78.29,5,2,2
95,79,2.01,1.56,62.42,47.25,82.86,90.95,4,1,2
95,94,1.38,2.28,49.85,37.29,77.75,76.24,0,2,1
91,63,1.52,1.82,58.39,47.48,69.63,74.98,1,3,2
80,88,1.27,1.62,41.48,51.61,85.8,69.19,0,2,0
84,90,1.39,1.58,38.33,54.08,75.79,75.56,3,5,0
79,97,0.7,1.98,56.61,62.37,76.97,88.02,0,4,0
68,73,1.93,1.46,56.09,56.7,76.63,74.85,4,2,1
83,63,1.37,1.44,57.2,43.4,81.77,76.93,4,4,2
64,90,1.12,0.92,51.15,51.97,85.14,90.79,0,2,0
72,69,1.67,1.59,40.31,59.83,89.81,78.82,0,4,0
88,95,2.29,1.32,59.12,48.33,78.08,79.67,0,4,0
71,85,0.93,1.56,60.32,55.62,73.71,86.55,2,1,1
83,99,1.27,1.84,55.15,38.49,83.8,83.79,3,3,0
77,69,0.06,0.65,65.94,59.27,88.17,81.64,1,1,1
91,70,2.2,1.28,47.7,50.85,80.36,73.18,4,2,2
62,77,1.29,0.89,71.9,50.54,88.29,77.07,5,4,1
70,93,1.68,1.19,56.18,45.81,67.99,81.59,2,3,0
94,73,1.99,1.75,48.46,55.95,84.32,76.99,4,5,2
90,92,0.97,1.15,25.59,60.21,90.34,72.03,0,0,1
74,73,1.89,2.17,51.65,59.27,85.46,80.92,1,0,1
90,88,1.12,0.88,66.64,41.7,86.09,76.66,0,3,0
62,68,2.07,1.59,53.82,48.86,78.46,76.93,4,4,1
66,78,0.34,1.72,66.22,38.53,83.47,76.0,1,1,0
98,64,1.4,0.99,44.35,67.83,74.89,73.38,0,3,2
99,68,1.66,1.76,53.1,52.0,79.71,80.97,0,0,2
69,88,1.04,2.11,61.39,49.71,71.66,82.4,5,0,1
77,65,2.42,0.87,43.09,38.64,81.81,76.56,3,3,2
85,72,1.69,0.81,34.54,62.16,84.06,75.05,1,2,1
60,60,1.38,1.38,55.04,35.04,82.46,72.3,0,1,1
62,99,1.31,1.48,59.15,37.67,83.05,79.69,2,4,0
74,81,1.76,1.7,53.34,59.74,75.2,79.53,4,3,1
66,65,2.38,2.59,46.61,30.13,78.04,84.72,5,3,2
86,62,2.27,2.77,59.01,35.53,90.66,69.75,3,4,2
80,63,0.8,1.54,40.24,62.45,85.0,86.21,1,5,1
77,77,0.99,1.16,55.64,37.51,83.28,84.06,0,2,1
64,94,2.31,0.8,47.14,41.55,73.78,76.52,2,0,0
79,69,1.52,1.78,44.17,30.0,81.42,78.53,1,3,1
82,66,1.52,1.75,42.4,36.51,78.9,77.27,0,1,2
73,71,0.57,1.03,46.49,47.13,82.54,81.14,3,2,1
83,91,2.31,0.32,48.62,46.38,95.87,79.57,3,0,1
82,90,1.49,2.01,55.78,72.12,90.04,75.73,5,4,1
94,78,1.55,1.78,39.25,46.72,77.24,78.76,2,2,2
70,84,1.59,1.04,35.3,48.23,76.58,84.46,3,0,1
63,86,1.29,1.58,60.62,58.52,76.64,66.65,0,1,0
82,79,0.77,2.16,69.34,65.21,74.9,79.95,2,5,0
90,66,1.65,2.42,62.48,25.85,83.08,81.03,2,0,2
96,81,1.09,1.51,52.59,51.65,79.35,84.56,0,3,1
98,85,1.9,1.26,46.03,46.26,77.91,73.92,1,3,1
69,93,2.39,2.03,37.79,63.04,79.85,76.24,3,2,0
62,75,1.23,1.14,44.55,49.25,80.34,79.45,4,4,0
87,77,1.12,0.34,48.94,62.58,82.86,81.41,4,2,2
75,78,1.57,0.62,42.16,45.18,81.78,80.88,3,1,1
60,93,2.3,1.6,38.64,62.67,82.56,76.82,2,4,0
75,74,0.83,2.14,46.16,51.14,78.26,78.57,5,0,2
71,61,1.91,1.01,40.84,44.44,82.17,82.02,5,4,2
71,86,1.03,1.44,59.89,42.5,76.21,75.08,4,5,0
63,71,1.48,1.44,54.48,57.86,84.73,80.18,4,0,2
96,81,0.47,2.1,54.6,63.84,78.45,75.28,5,1,2
83,61,1.47,1.47,51.93,44.41,78.53,83.39,4,3,2
60,76,0.82,1.45,52.24,67.3,71.8,75.73,2,2,0
84,71,0.9,1.36,53.04,55.08,81.28,84.93,2,5,1
70,74,1.03,1.75,52.91,46.78,85.77,80.55,4,5,1
68,63,1.22,2.17,53.25,41.91,78.6,81.32,5,3,2
87,61,1.52,1.16,53.98,33.31,77.87,86.45,4,3,2
93,65,1.79,0.49,35.69,39.79,79.78,85.3,2,0,2
60,80,2.05,1.91,50.07,63.74,84.94,83.23,2,0,1
73,83,0.93,1.84,66.95,30.09,86.04,77.41,0,0,1
97,62,1.71,1.4,59.63,57.56,84.16,79.91,4,1,2
61,62,1.09,1.1,44.61,58.26,85.72,78.48,4,4,1
94,63,1.92,1.91,56.9,44.0,73.67,74.38,1,4,2
98,79,1.02,0.6,40.34,37.07,75.3,77.44,0,4,1
93,64,1.63,1.58,41.48,73.33,84.99,77.11,0,2,2
79,91,1.87,0.77,52.09,50.9,80.48,84.52,5,3,1
78,89,1.75,1.48,61.84,42.67,80.28,81.03,3,2,1
95,88,2.01,1.0,33.26,46.09,81.55,81.67,5,0,2
72,66,2.35,0.73,50.94,49.64,82.55,78.0,0,1,1
87,67,0.76,1.26,64.09,47.39,85.58,86.06,1,2,2
66,66,0.71,1.62,57.67,67.15,77.38,81.81,5,2,2
75,75,0.89,2.24,55.11,49.78,81.14,74.43,1,5,0
79,81,1.86,1.77,55.76,57.45,72.8,71.83,0,2,0
67,62,1.36,2.09,39.17,52.97,80.26,86.42,3,4,1
84,82,1.23,1.66,47.51,52.81,80.72,88.15,2,1,1
88,74,1.16,1.86,58.6,59.41,83.59,75.79,0,3,1
86,90,1.76,1.51,46.26,42.19,76.81,77.01,2,1,1
60,60,2.01,1.5,67.69,47.95,83.74,84.71,4,0,2
93,81,1.09,1.84,30.03,58.65,73.52,70.98,3,0,2
67,64,1.4,1.05,64.85,58.15,91.07,77.43,5,5,1
62,89,0.84,1.49,47.47,53.72,79.53,75.09,2,1,0
78,87,2.01,1.72,47.96,42.51,75.94,76.79,3,0,1
84,98,2.19,1.94,62.01,60.79,76.9,80.24,4,2,1
73,97,1.26,1.2,53.34,47.17,82.12,77.52,4,2,0
85,91,1.56,1.32,45.79,52.8,80.0,91.43,4,5,0
92,78,1.79,1.19,72.72,48.03,74.14,78.35,2,5,1
97,98,1.02,2.0,36.52,32.17,78.0,75.52,1,1,1
75,85,1.85,2.03,46.45,44.78,77.5,76.9,0,5,0
92,87,2.16,1.32,48.13,42.99,82.68,83.81,0,1,1
69,66,2.11,1.43,67.67,40.12,80.58,75.74,3,0,2
76,90,0.84,1.87,68.61,65.5,75.66,75.89,3,3,0
64,90,1.17,1.48,56.52,50.15,75.61,79.2,3,5,0
85,72,1.66,2.27,50.9,46.58,77.55,83.63,2,3,1
90,87,1.67,1.69,58.37,57.68,87.29,81.13,0,4,0
91,88,0.74,2.42,59.79,50.35,85.76,79.33,0,2,1
72,81,0.95,1.67,69.01,62.69,76.71,70.98,3,1,1
73,68,1.86,1.03,53.19,57.24,81.38,84.91,4,2,2
88,60,0.46,1.54,50.2,51.18,84.03,77.76,2,3,2
89,88,2.29,1.55,48.3,55.39,74.74,79.94,0,1,1
65,97,1.77,1.41,59.92,40.95,77.8,73.43,3,2,0
92,81,2.14,1.94,59.58,55.3,73.96,88.26,1,0,2
62,95,1.41,1.41,45.58,55.53,86.54,75.45,1,0,0
96,91,0.69,0.9,40.28,38.25,88.39,78.9,5,3,2
94,60,1.42,1.39,51.67,47.69,81.79,80.42,3,4,2
90,74,1.86,2.56,61.39,48.92,88.86,83.24,0,4,1
96,62,1.12,2.61,38.69,44.85,77.27,83.41,4,4,2
68,74,1.85,2.35,62.0,48.78,72.0,74.37,1,4,0
69,88,0.97,1.93,50.66,72.49,77.33,69.9,5,1,1
85,81,2.06,1.46,39.34,52.84,75.07,83.52,2,1,1
94,93,1.5,1.77,54.66,61.2,79.06,85.44,1,3,1
80,86,1.0,1.37,30.14,48.74,85.35,76.83,1,5,0
94,82,1.52,1.15,38.11,35.61,83.67,86.61,1,3,1
94,96,1.78,1.91,50.1,34.3,79.03,75.5,3,5,0
86,99,1.29,1.21,29.43,52.61,73.18,83.92,1,4,0
66,87,1.52,1.25,39.75,56.12,82.93,84.23,2,3,0
95,98,1.08,1.73,64.96,41.7,78.21,75.5,2,4,0
89,76,2.08,1.46,36.93,66.88,86.2,82.09,3,2,2
93,68,1.79,1.57,55.28,43.77,81.87,81.45,0,0,2
81,98,1.3,2.42,68.86,50.27,84.28,85.05,0,3,0
82,62,0.48,2.37,38.0,66.66,81.39,80.53,2,4,1
79,98,1.8,0.46,38.51,36.92,85.75,79.39,1,2,0
88,79,1.24,2.32,34.05,60.08,83.68,80.18,1,4,1
67,82,0.91,1.54,36.6,47.48,81.38,81.62,4,5,0
86,77,1.08,1.6,44.73,35.58,93.42,87.77,4,4,1
63,60,1.87,1.05,57.65,58.06,83.32,82.51,4,4,1
78,68,2.31,1.64,46.7,70.68,86.72,79.91,4,3,2
97,91,1.82,2.06,50.6,51.6,81.08,80.53,1,0,2
62,72,0.89,2.74,60.16,61.73,75.85,82.95,4,0,1
70,64,1.38,2.44,42.46,44.02,77.29,80.95,3,1,2
94,94,1.08,1.97,54.15,22.5,83.56,76.02,2,2,1
87,62,2.03,1.34,51.47,45.16,88.44,80.48,0,4,1
89,95,1.28,1.66,53.82,63.47,72.05,80.94,5,2,1
84,86,1.5,1.9,55.21,47.05,67.14,74.25,1,2,1
95,74,1.01,1.92,52.68,38.42,74.75,82.32,5,4,2
65,85,1.78,1.59,43.36,59.73,85.6,72.03,2,1,0
86,97,2.49,1.12,41.71,34.34,77.51,73.97,4,0,1
63,89,1.11,1.99,43.85,43.48,83.26,89.26,3,4,0
61,62,1.38,2.54,50.17,61.84,81.44,83.59,3,2,1
92,91,1.46,1.24,48.39,40.68,73.04,76.97,0,2,1
67,64,1.55,2.02,44.16,38.59,86.55,79.7,1,4,0
62,82,1.49,1.91,57.41,43.05,89.01,81.3,3,1,1
66,81,2.56,1.67,53.6,57.57,82.35,82.68,0,2,0
86,95,1.69,2.47,42.23,56.29,78.43,72.2,5,5,1
97,64,0.99,1.44,40.47,58.31,85.74,64.38,1,2,2
66,73,0.58,1.47,46.45,39.29,78.88,75.82,2,2,1
84,82,1.38,1.29,46.09,46.81,82.88,73.8,5,1,2
72,74,2.22,1.87,28.2,43.59,81.88,75.91,2,0,1
76,74,2.39,2.2,52.85,41.19,80.5,82.28,1,3,1
94,63,0.25,1.17,37.01,47.42,72.35,86.32,2,3,2
83,77,0.82,1.19,51.36,36.02,76.01,89.12,0,5,0
71,87,1.31,2.45,41.53,31.51,74.93,81.99,3,5,0
77,86,1.14,1.44,57.85,36.71,75.51,80.18,4,0,2
66,86,1.32,0.57,58.92,53.47,87.89,87.85,3,0,1
67,75,1.45,1.65,55.4,64.09,76.79,83.57,5,0,2
78,73,1.53,2.03,35.71,49.24,78.42,75.36,5,3,2
77,91,2.54,2.15,65.18,60.33,74.46,79.29,0,0,0
67,88,1.28,0.65,59.18,24.51,80.22,66.61,4,1,1
85,72,1.95,2.28,33.61,40.18,82.08,76.69,4,4,2
83,65,1.48,1.09,50.88,48.96,75.16,78.45,3,0,2
95,70,0.45,1.76,74.92,42.15,84.36,78.03,3,2,2
78,63,1.99,0.99,43.07,62.91,73.0,86.61,3,1,2
70,99,1.08,1.32,68.27,33.59,87.74,70.95,1,4,0
61,61,1.84,1.39,46.57,71.74,84.62,82.76,3,0,2
61,78,2.23,1.56,68.08,54.33,82.84,88.62,4,1,1
75,86,1.49,1.17,27.2,56.51,81.86,76.8,0,2,0
80,88,1.33,1.72,43.76,37.37,76.82,86.94,5,5,1
94,77,1.89,1.74,38.42,60.15,83.46,75.25,2,5,1
73,80,2.08,1.76,43.11,36.86,78.34,73.85,5,4,1
76,85,1.6,1.92,54.65,46.7,80.45,78.26,1,0,1
81,91,1.43,1.33,41.06,40.4,86.43,77.53,5,4,1
64,77,1.04,1.39,53.63,60.47,77.49,80.65,4,0,1
64,91,1.58,2.0,49.83,44.19,81.96,76.4,1,5,0
79,78,1.12,0.7,78.51,44.76,69.15,76.08,2,0,2
69,88,1.71,2.17,57.3,54.84,74.59,75.17,0,0,0
60,71,1.29,0.12,40.72,42.89,77.57,79.27,2,0,1
73,64,1.06,2.37,60.73,63.63,81.25,83.53,1,3,1
88,99,1.7,2.01,45.16,53.09,81.47,78.85,4,1,1
70,88,1.2,2.0,42.3,59.19,74.51,76.52,1,3,0
68,82,1.0,1.56,74.74,52.83,78.16,78.6,3,0,1
74,77,2.48,1.02,49.85,25.37,76.1,80.9,0,4,0
67,99,1.73,2.03,38.75,51.84,87.47,72.65,1,1,0
94,88,0.91,1.88,41.37,45.87,79.78,83.34,5,0,2
99,80,0.88,1.88,49.74,52.44,91.2,82.43,3,0,2
73,67,1.43,1.62,72.84,67.54,82.94,73.22,0,4,0
69,94,1.12,0.88,48.98,57.01,82.13,79.71,5,5,0
61,83,0.6,1.22,34.95,42.25,82.94,80.53,5,5,0
92,84,1.19,1.01,69.65,46.03,77.91,82.33,3,3,1
78,87,1.16,2.01,55.6,51.1,78.84,84.56,0,1,0
98,67,2.38,1.69,52.44,43.91,77.25,74.16,3,2,2
63,80,1.17,0.35,44.98,35.51,81.91,79.03,1,0,0
75,96,1.53,1.18,49.37,57.43,82.49,80.09,5,4,0
85,77,0.83,1.82,42.48,73.68,79.2,75.33,3,1,2
70,70,0.75,1.86,52.0,42.78,90.93,83.93,1,4,0
76,95,1.81,2.25,48.92,58.07,80.08,84.73,4,2,1
71,71,1.82,1.33,45.39,44.45,80.98,74.18,3,2,1
81,67,1.1,0.79,39.16,34.87,78.2,85.16,4,0,2
64,71,0.25,1.8,42.99,46.9,76.94,76.34,3,2,1
95,98,1.38,1.37,32.54,50.87,80.46,86.48,1,4,0
85,68,1.31,0.6,49.41,49.74,77.79,80.77,0,5,1
65,94,1.9,1.82,38.56,57.85,72.27,77.86,1,1,0
94,88,1.48,0.95,55.92,58.85,81.6,78.45,0,1,1
63,69,0.66,1.89,45.44,46.92,73.59,74.52,0,1,0
60,94,1.43,1.16,47.34,57.39,78.53,78.79,3,0,0
64,89,1.92,1.16,58.72,47.4,75.63,77.24,4,5,0
98,91,1.57,1.02,46.0,50.54,79.98,79.54,3,5,1
72,61,1.79,0.95,57.92,50.8,84.17,83.76,4,0,2
67,82,1.36,1.55,64.68,63.99,83.2,72.96,1,2,0
84,87,0.47,1.1,57.01,41.42,80.79,74.06,2,1,1
97,75,0.97,1.95,49.58,51.93,74.0,84.21,1,5,1
96,90,2.49,1.12,61.31,40.06,90.38,76.89,4,5,1
74,70,1.85,1.24,59.66,57.25,78.12,73.34,1,4,0
77,65,1.45,0.96,57.9,69.15,79.0,73.23,0,3,1
60,65,1.0,1.56,49.61,66.01,84.06,75.6,3,5,0
72,62,2.04,1.17,55.12,30.88,69.49,77.61,1,1,1
60,94,1.87,1.39,37.15,48.08,90.72,79.17,5,5,0
73,68,0.9,1.21,59.43,40.95,79.64,78.14,5,5,1
86,75,2.15,2.03,66.77,44.88,72.9,88.52,3,2,2
87,83,1.34,1.11,50.57,56.53,75.17,81.73,0,5,0
92,87,1.13,1.71,38.83,64.95,80.34,90.61,3,5,1
93,84,1.67,2.06,45.09,46.12,77.3,73.91,4,1,2
69,81,1.13,1.17,37.8,33.43,65.18,86.86,2,3,0
62,62,1.91,1.45,50.95,42.88,84.38,76.67,2,3,1
77,74,1.77,1.29,68.81,57.34,79.06,75.22,4,0,2
99,85,3.19,1.8,47.23,52.92,78.21,80.0,2,1,2
76,98,1.96,1.73,60.81,67.83,74.2,90.36,5,2,1
65,85,2.01,2.82,35.44,49.51,76.6,76.42,3,4,0
98,88,1.9,1.77,41.65,60.49,88.13,70.3,1,3,1
62,60,0.69,0.75,45.96,46.61,75.65,73.6,3,3,1
92,72,1.0,1.81,51.7,53.96,87.26,86.65,0,1,2
93,83,1.51,1.77,40.37,41.02,73.0,71.72,3,3,1
85,73,0.88,2.16,60.77,42.98,78.86,69.59,3,5,1
99,66,1.23,0.79,33.24,52.34,87.58,82.25,0,5,1
76,77,1.41,1.63,47.54,44.25,75.75,72.22,5,1,2
72,92,2.09,1.62,48.99,42.72,80.37,71.23,3,1,1
60,79,1.48,1.63,57.07,51.41,82.35,80.5,2,0,1
78,95,1.28,1.36,48.79,56.5,75.91,75.34,3,5,0
81,73,1.74,0.95,41.83,44.33,82.48,81.82,4,1,2
75,94,2.22,1.29,57.99,49.36,79.05,77.2,0,4,0
80,92,2.07,2.02,60.62,48.53,80.05,74.98,2,5,0
68,66,0.41,1.6,59.16,61.15,77.41,79.83,5,5,1
69,68,3.01,1.71,43.88,48.43,78.7,70.96,0,5,0
88,69,2.19,0.69,55.74,43.85,78.44,74.03,2,4,1
99,72,1.57,1.54,54.83,41.95,81.08,79.41,5,3,2
76,66,2.18,1.05,42.79,53.82,71.61,94.19,3,2,2
67,85,1.13,2.32,56.28,52.97,77.39,79.92,1,1,0
68,68,1.47,2.27,47.4,60.81,83.53,80.23,2,3,1
98,95,1.37,1.6,58.37,37.59,74.04,74.27,1,1,1
73,82,1.49,1.1,44.43,29.92,80.27,84.06,5,4,1
92,86,1.35,1.4,49.16,44.72,89.64,82.17,3,0,2
95,64,1.76,2.64,51.62,27.42,92.61,81.02,1,5,2
75,69,2.13,0.77,36.21,43.07,74.25,74.46,4,0,2
85,64,1.48,0.87,44.13,61.35,77.27,81.8,0,1,2
77,85,1.66,1.42,51.74,47.05,85.06,81.33,5,5,1
64,63,0.6,1.43,50.4,55.51,73.34,80.91,3,1,2
70,93,1.3,0.68,50.02,56.19,82.72,74.13,3,5,0
93,78,1.83,1.79,29.19,37.56,82.3,82.6,0,2,1
80,87,1.21,1.59,57.96,55.83,80.7,72.34,1,5,0
61,71,1.19,1.62,45.09,53.02,75.65,89.21,5,0,2
74,79,1.34,1.66,53.18,50.19,72.73,71.17,0,2,0
84,65,1.14,1.86,70.03,42.16,79.05,79.28,5,4,2
93,78,1.73,1.38,33.01,42.92,83.21,79.77,0,2,1
61,75,0.54,2.09,66.92,43.84,75.59,76.62,1,1,0
93,83,1.22,2.15,39.0,49.07,85.71,85.51,0,0,1
85,94,1.7,1.41,56.35,53.98,78.44,85.62,2,2,1
78,70,0.53,1.37,40.84,64.69,81.62,82.73,5,5,1
89,66,1.89,1.47,41.21,46.41,78.91,76.7,5,3,2
89,94,1.2,1.17,50.87,60.88,86.56,76.51,4,5,1
68,94,1.45,0.47,42.61,64.55,81.74,84.67,3,0,0
72,92,2.11,2.37,62.22,50.08,77.54,82.69,0,3,0
60,80,1.12,1.55,56.33,38.61,85.68,79.26,3,1,1
75,66,0.48,1.89,36.99,57.81,71.98,82.77,0,1,1
68,98,1.36,2.27,21.2,40.51,72.2,78.08,1,0,0
80,75,2.42,1.31,40.33,54.88,88.59,77.17,3,1,2
96,80,2.17,2.8,57.82,42.95,88.25,80.96,4,1,2
73,79,1.45,1.97,61.2,25.79,76.98,77.35,0,4,0
98,66,2.08,2.33,50.84,61.45,80.78,74.19,4,0,2
93,97,1.52,0.21,38.74,62.94,84.14,79.8,4,2,1
70,68,0.98,1.44,26.46,43.34,76.34,78.19,4,4,1
97,64,1.46,2.56,50.67,57.89,72.06,75.02,1,4,2
74,93,1.7,1.41,54.78,49.48,83.8,85.52,3,3,0
79,71,1.24,1.36,43.13,42.68,81.25,66.33,5,0,2
67,99,0.89,1.31,55.93,36.37,82.4,75.31,4,3,0
94,82,1.22,1.33,61.77,54.23,65.59,77.55,4,4,2
71,85,1.41,1.61,61.74,69.8,84.28,88.51,0,3,0
71,75,1.37,1.2,52.23,46.38,76.32,77.02,5,5,1
69,91,1.12,2.01,47.82,42.98,76.29,84.26,1,0,0
77,82,0.31,0.39,57.74,27.11,81.33,82.32,3,0,1
82,70,1.03,1.37,43.8,38.69,75.75,80.62,5,0,2
68,79,1.94,1.28,58.59,58.79,78.73,83.45,3,2,1
81,96,1.27,1.06,49.44,56.77,74.57,75.66,4,5,0
93,71,0.52,1.48,41.39,60.17,74.23,73.3,2,4,2
86,84,1.66,1.38,60.5,49.88,78.09,77.07,0,3,0
78,77,1.11,1.01,56.98,51.16,73.94,82.75,0,4,0
95,67,2.12,1.27,52.14,50.13,72.18,89.5,5,4,2
88,64,1.58,2.01,41.48,38.05,83.74,79.06,2,3,2
60,63,1.08,2.44,39.72,49.68,81.41,76.81,3,1,1
85,83,0.81,1.5,53.0,28.6,80.1,77.81,4,4,1
83,81,0.86,2.42,48.0,51.07,78.91,79.0,0,0,1
85,64,2.29,1.69,45.3,37.42,75.18,81.83,0,3,1
86,80,1.9,1.16,53.59,49.76,82.27,82.94,4,5,1
64,90,1.08,1.57,48.01,43.95,89.06,78.9,5,2,0
78,96,1.63,1.11,32.86,73.8,86.74,76.43,5,3,1
67,96,1.47,0.89,42.67,56.32,81.14,71.42,3,1,0
68,76,2.29,1.83,51.0,44.69,79.2,77.99,3,0,1
88,67,1.65,1.85,71.38,56.96,86.65,83.99,2,2,2
71,83,1.64,2.08,53.28,51.04,81.49,86.79,1,1,0
98,92,1.92,1.72,46.76,36.91,66.59,81.3,5,5,1
85,80,1.27,0.77,42.82,52.5,80.33,81.41,3,5,1
85,92,1.67,1.82,38.55,51.22,79.25,87.25,0,4,0
77,93,1.74,1.61,51.27,61.72,89.92,83.06,3,1,1
65,85,1.12,1.17,47.04,38.54,82.57,82.34,4,2,1
91,80,2.79,1.48,36.21,47.36,76.13,82.91,3,3,2
69,96,1.5,0.93,57.44,55.03,80.26,76.51,3,4,0
77,78,1.74,0.72,41.12,41.85,77.26,82.02,3,5,0
68,76,1.64,1.8,28.97,40.44,88.68,72.35,5,0,2
79,99,1.32,1.48,40.09,62.51,84.29,77.53,1,1,0
76,68,2.19,1.64,31.21,38.46,84.58,84.92,2,2,1
90,96,0.98,1.04,44.7,46.6,77.62,77.27,5,0,2
67,69,1.3,0.61,39.03,36.86,83.0,80.29,4,3,1
70,74,1.6,0.72,36.81,53.77,72.88,78.53,5,1,2
60,79,0.82,1.0,44.59,57.7,75.45,79.13,4,2,1
79,99,1.65,1.51,48.84,44.8,85.31,83.54,0,5,0
66,72,1.5,1.57,60.22,35.44,69.2,74.23,2,1,1
84,72,1.46,2.51,58.71,45.65,81.4,74.79,0,4,1
63,72,1.62,1.04,53.29,47.54,76.12,81.43,4,3,1
92,91,0.4,1.39,52.97,47.86,81.58,73.61,0,5,0
60,60,0.92,0.94,54.63,56.09,77.39,71.64,4,4,1
71,72,1.73,2.23,46.84,58.48,77.48,84.52,3,4,1
67,73,1.31,1.26,57.65,76.54,81.69,83.92,4,0,2
88,94,1.14,1.92,41.81,31.29,69.98,78.72,1,5,0
82,65,1.28,1.54,38.76,51.67,88.43,89.47,3,4,2
94,92,0.85,1.39,68.83,29.27,78.94,72.6,4,2,2
89,75,1.71,1.78,52.36,56.02,88.09,80.51,2,0,2
97,73,2.43,1.61,53.95,35.92,82.04,86.29,1,1,2
61,82,1.08,1.51,30.24,50.1,75.58,76.49,2,4,0
96,81,1.24,1.64,49.51,49.48,82.44,78.54,5,4,2
61,98,1.43,1.16,57.39,41.71,77.83,80.61,5,1,0
98,64,1.45,1.28,50.91,52.36,82.24,70.47,3,3,2
66,96,1.68,1.35,33.87,60.33,82.89,88.75,0,0,0
88,83,1.49,1.4,51.83,57.53,73.37,75.73,4,3,1
77,67,1.23,1.54,57.18,56.9,86.77,90.03,4,3,2
97,93,1.24,0.49,62.64,46.29,84.13,85.31,1,4,0
83,81,1.57,1.96,25.32,52.02,80.05,89.94,1,3,1
81,69,1.8,1.49,53.56,53.93,87.36,73.26,1,1,2
86,99,1.09,1.79,49.76,46.58,77.89,79.74,1,5,0
76,90,0.62,1.2,59.94,53.44,77.29,75.35,3,0,1
95,94,1.26,2.42,54.95,47.53,71.99,73.73,4,1,2
76,67,2.22,1.72,60.96,54.35,73.4,77.9,4,0,2
90,83,1.83,1.25,38.66,39.61,79.82,77.97,4,5,1
69,86,0.77,2.21,57.38,43.31,78.23,80.29,0,4,0
94,75,1.88,1.54,31.6,42.5,84.43,73.98,1,3,1
88,76,1.78,1.05,38.83,47.73,81.97,71.52,4,1,2
87,96,0.57,1.17,54.27,57.33,77.26,80.25,1,5,0
90,89,1.9,0.99,40.78,39.39,83.26,84.66,2,2,1
92,96,1.59,1.7,59.95,55.37,87.19,80.81,1,0,1
97,63,1.33,1.44,35.36,39.33,72.95,82.92,4,1,2
88,99,1.72,1.25,61.4,66.76,75.08,82.19,1,5,0
86,74,2.0,1.99,46.94,55.06,71.77,84.97,4,4,2
71,94,0.9,0.96,35.92,50.31,70.19,78.37,3,1,0
96,80,1.01,1.51,71.23,47.83,77.35,79.52,3,2,2
71,66,1.18,2.13,47.95,34.0,81.42,79.45,0,5,0
91,60,1.32,0.71,45.9,57.67,83.68,81.77,2,4,2
76,75,2.31,1.2,52.12,51.01,80.58,77.89,3,0,2
77,71,1.87,1.77,79.39,48.29,73.44,83.22,2,1,2
86,85,1.52,0.91,35.56,29.95,80.1,87.42,0,1,1
81,63,0.62,1.91,44.71,50.52,74.1,84.53,0,2,1
79,92,1.27,1.29,49.44,51.98,90.57,77.66,5,1,1
78,69,0.62,1.19,39.48,62.8,82.31,86.32,2,4,1
75,85,2.09,0.91,44.55,41.73,76.63,71.39,2,4,0
64,99,1.46,1.37,64.21,33.49,79.75,78.6,0,5,0
81,97,0.82,1.45,53.03,53.96,73.3,82.13,5,4,0
80,85,1.44,1.74,56.47,40.6,73.16,73.2,5,5,1
93,90,2.35,1.33,53.19,54.17,77.02,83.68,2,1,1
87,99,1.81,1.09,57.83,41.39,75.97,71.08,3,0,1
74,75,2.41,1.3,48.46,57.64,79.7,75.77,4,4,1
87,69,1.22,2.27,42.59,53.75,75.74,80.76,5,4,2
63,98,1.33,0.98,51.04,44.78,75.29,75.45,0,0,0
71,85,1.56,1.37,67.19,56.18,77.74,81.42,1,1,0
85,60,1.85,1.5,72.79,58.55,85.45,73.8,2,4,2
64,68,1.61,2.46,62.49,54.12,85.92,84.45,3,1,1
61,98,1.57,1.25,41.27,57.11,90.72,82.0,5,5,0
91,60,0.81,1.94,47.3,53.23,78.74,75.89,0,1,2
70,94,1.52,0.26,61.08,48.7,82.24,74.9,0,1,0
81,89,1.32,1.32,59.09,61.79,77.79,77.62,0,3,0
60,68,1.94,2.25,56.32,57.32,82.8,77.74,2,4,0
65,81,0.05,1.69,45.25,44.87,85.15,81.84,1,0,0
78,76,1.21,1.27,51.09,39.15,73.49,85.23,0,4,0
88,90,1.31,1.05,44.92,60.15,83.77,86.94,1,1,1
65,81,1.99,0.61,67.27,38.07,81.66,85.21,0,4,0
95,65,1.72,1.19,39.27,44.22,79.07,84.86,1,3,2
70,94,1.64,2.13,56.36,54.04,82.47,76.73,0,3,0
92,83,1.74,1.87,40.08,61.86,79.62,72.42,4,3,2
90,70,1.6,2.22,42.62,51.45,84.12,68.8,0,0,2
64,75,1.41,1.05,36.26,59.68,79.49,75.78,0,1,0
87,71,3.07,1.56,63.61,45.14,87.91,82.3,4,0,2
69,71,1.53,2.2,44.62,59.12,75.93,71.74,2,2,1
82,97,0.84,1.37,57.9,54.64,80.05,75.57,0,1,0
69,97,0.59,1.81,41.78,56.49,79.55,81.0,1,4,0
80,83,1.39,1.2,58.48,53.83,74.73,88.69,4,1,2
63,94,2.36,1.56,55.9,49.21,70.27,80.39,0,5,0
66,62,0.76,1.21,49.71,36.68,72.78,82.17,4,1,2
75,92,1.41,2.17,47.83,46.49,83.51,80.6,0,1,0
96,96,1.61,0.81,30.79,45.48,79.96,85.74,2,2,1
71,83,1.27,1.68,49.87,38.64,76.42,80.71,1,3,0
95,98,1.29,1.1,45.48,65.23,75.63,85.96,5,4,1
69,63,1.02,1.64,51.69,43.32,80.95,77.2,1,5,0
94,75,1.96,1.6,61.16,34.81,81.04,82.83,2,2,2
64,90,1.6,1.98,44.41,20.67,81.97,75.65,3,0,0
93,88,2.22,1.64,61.89,47.49,87.1,82.18,5,2,2
99,87,0.34,1.78,41.41,35.81,82.03,72.84,3,1,2
76,76,0.66,1.66,41.19,41.66,81.72,72.01,3,3,1
69,81,1.43,1.24,53.97,43.11,89.24,88.82,2,0,1
92,86,1.72,1.86,53.07,50.29,76.72,80.2,4,5,1
61,82,1.64,1.79,53.56,53.3,74.77,81.97,5,3,0
72,75,1.95,2.33,55.5,31.48,79.95,82.6,4,2,1
74,68,0.43,1.55,60.38,54.15,76.78,74.55,3,4,1
65,67,1.7,1.78,52.83,65.16,75.16,77.23,4,4,1
89,65,2.2,1.22,46.06,49.61,78.4,73.91,4,4,2
71,67,2.49,1.88,53.32,51.88,80.76,75.76,2,5,0
73,88,0.76,1.32,65.0,46.64,73.04,76.08,4,0,1
97,84,1.42,0.9,52.02,57.75,77.71,80.21,2,0,2
92,77,2.43,1.1,57.45,36.51,73.66,79.48,3,5,1
96,78,2.05,1.66,59.82,53.96,70.11,79.57,0,0,2
68,69,0.45,0.88,60.74,53.69,79.88,85.28,1,5,0
76,84,1.74,2.03,44.75,58.77,65.99,86.31,3,0,1
76,85,0.92,1.12,45.88,55.12,74.41,74.97,3,1,1
90,72,1.4,2.11,50.22,50.6,83.32,80.0,1,2,2
95,75,0.86,1.66,42.71,48.4,83.42,81.83,5,4,2
92,77,1.18,1.54,34.34,41.32,76.31,93.4,5,4,2
69,64,0.37,1.84,49.12,61.96,76.78,79.91,5,0,2
87,79,2.08,1.99,50.89,48.5,78.18,80.92,5,5,1
83,96,2.44,1.32,46.51,42.38,69.16,84.0,1,2,0
98,65,1.15,0.66,54.99,35.99,87.75,80.04,0,2,2
61,92,0.98,1.09,44.22,45.8,74.52,86.36,0,0,0
74,78,1.96,1.53,62.21,33.45,76.75,75.31,1,4,0
92,86,1.49,1.84,45.98,40.43,77.41,84.25,5,5,1
96,99,1.6,2.01,29.41,43.23,95.38,73.97,5,3,1
92,61,1.75,2.58,50.51,47.29,81.2,81.57,1,3,2
92,83,1.64,1.64,50.4,36.73,83.85,72.31,2,3,1
79,93,1.45,1.55,60.45,55.89,76.26,84.33,3,1,1
67,87,1.41,1.24,56.61,33.53,82.17,84.78,1,5,0
89,77,1.85,2.03,54.3,48.76,84.53,80.28,3,2,2
89,68,1.96,0.78,70.39,57.76,79.7,81.9,3,1,2
65,84,2.09,1.26,38.34,47.22,76.73,90.77,4,5,0
73,81,0.92,1.6,60.5,37.87,82.61,74.84,5,2,1
87,90,1.21,1.61,62.03,52.94,84.29,72.22,0,4,0
78,85,0.89,1.86,65.32,37.21,82.98,75.18,2,1,1
64,99,0.94,1.57,30.51,48.42,77.2,79.0,5,2,0
75,61,1.04,1.7,57.75,37.34,79.77,82.9,2,1,2
98,85,1.06,1.56,62.29,63.38,75.47,77.57,1,0,2
60,90,1.48,1.66,49.49,60.97,79.56,82.62,4,3,0
88,94,0.54,1.39,34.34,38.8,72.94,78.38,2,2,1
85,87,1.64,1.73,64.83,50.24,81.14,83.06,4,5,1
60,61,1.87,2.03,61.82,55.34,78.01,81.19,2,5,0
72,85,2.61,1.56,52.11,61.98,76.24,82.97,3,5,0
69,73,1.46,1.98,57.23,40.74,73.25,85.69,5,5,1
97,93,1.18,1.81,44.09,66.98,81.52,72.01,0,1,1
74,66,1.02,1.88,60.02,46.63,80.56,85.59,2,2,1
73,88,1.44,1.91,46.29,42.72,78.96,84.8,1,0,1
83,77,1.41,1.14,61.14,48.26,83.09,73.92,1,2,1
80,60,1.21,1.06,56.83,63.13,83.14,80.58,3,4,2
77,71,1.28,1.35,55.14,50.92,82.74,68.21,1,5,0
92,75,1.19,1.48,80.92,63.63,80.59,83.24,0,5,1
86,86,1.05,1.15,42.75,47.86,86.94,66.08,5,1,2
85,60,1.97,1.78,36.76,27.09,74.9,86.44,3,2,2
95,77,2.37,2.41,46.13,32.57,85.91,76.4,1,2,2
94,83,1.88,1.68,54.49,29.86,76.28,78.82,4,3,2
96,88,0.66,2.0,36.27,63.12,79.59,77.72,3,5,1
99,77,1.48,1.75,44.06,48.96,72.7,80.99,2,2,2
65,73,1.65,0.91,38.84,50.28,87.53,83.98,0,2,0
78,95,1.21,1.93,62.53,66.79,81.1,74.23,1,0,0
97,96,2.14,1.76,49.05,43.64,81.31,74.1,5,3,2
89,60,1.51,1.9,42.87,43.74,83.49,84.53,2,2,2
64,76,1.57,1.39,34.38,53.18,80.98,74.3,4,4,0
75,80,1.57,1.65,49.35,47.27,77.57,76.11,5,5,1
76,81,1.42,0.79,62.01,43.53,77.01,78.54,5,3,1
95,86,1.35,2.12,45.48,62.65,83.49,82.43,1,5,0
76,86,1.87,1.98,52.9,43.6,76.57,82.29,2,1,1
70,91,1.59,2.37,61.03,69.07,83.69,76.99,3,5,0
73,77,1.49,1.49,41.18,53.13,85.95,81.44,1,1,1
90,61,1.72,2.12,53.84,46.29,82.03,80.66,2,4,2
81,96,1.76,2.43,53.74,62.72,76.95,86.19,5,4,1
89,77,2.36,0.71,56.37,29.14,69.63,78.11,5,2,2
72,77,1.12,2.31,40.88,52.84,77.65,81.56,1,5,0
92,64,1.83,1.92,45.11,50.01,82.2,72.52,3,5,2
98,78,1.81,0.53,69.0,46.73,83.1,75.85,0,3,1
70,87,1.13,1.25,62.57,57.39,78.59,80.35,2,2,0
67,78,2.16,0.62,45.88,41.96,84.4,79.75,3,2,1
95,70,1.54,1.68,47.99,60.45,77.99,80.46,0,3,1
99,91,2.01,0.78,62.76,34.43,78.32,75.0,5,0,2
65,92,1.8,1.2,60.48,48.95,90.95,80.57,2,4,0
63,86,1.83,1.07,67.41,24.7,78.97,83.24,4,0,1
89,67,1.71,2.09,54.85,34.86,78.21,77.59,4,2,2
86,99,1.86,1.47,48.62,48.91,86.89,80.62,5,5,0
92,75,1.67,2.41,40.16,54.2,77.06,89.53,2,0,2
86,87,1.69,1.09,49.22,55.41,79.47,73.3,0,3,0
74,61,1.97,1.77,59.36,55.09,69.85,72.97,2,1,2
79,81,1.38,2.26,52.18,50.14,74.93,86.52,0,0,1
65,69,0.97,2.37,49.63,50.96,73.05,85.59,0,2,0
82,88,0.01,1.44,40.22,47.13,73.94,78.25,2,2,1
97,74,1.68,1.18,44.26,45.15,75.31,77.79,1,3,2
71,68,1.85,0.88,56.36,67.21,75.47,77.23,5,2,2
61,65,2.09,1.36,66.54,60.63,82.91,79.67,0,1,1
99,95,0.93,2.58,47.67,61.08,85.51,72.73,3,3,1
67,67,1.75,0.55,45.2,56.55,79.91,83.47,4,4,1
68,77,1.79,1.89,38.85,67.79,71.15,90.34,3,0,1
77,82,1.72,1.47,56.28,51.0,79.78,83.79,3,4,1
87,64,1.8,2.12,46.05,55.51,71.07,74.42,2,3,2
62,80,0.38,1.59,67.02,58.27,74.85,74.39,5,0,1
97,66,1.01,1.46,56.8,51.29,87.01,82.23,3,0,2
96,86,1.49,1.24,42.24,58.96,86.5,82.07,2,3,1
69,66,1.12,1.78,67.55,62.94,82.17,82.91,0,1,1
94,90,1.88,1.43,50.29,65.86,83.03,78.07,4,1,2
85,90,1.19,1.06,54.91,55.64,80.67,87.07,2,0,1
89,70,1.21,1.99,61.74,33.09,75.12,75.53,5,3,2
66,93,1.68,1.39,56.12,72.45,85.21,79.93,4,2,0
87,85,2.82,0.95,45.05,62.59,75.81,85.99,2,1,1
91,99,2.18,1.94,43.9,76.53,81.12,80.55,5,4,1
84,71,1.21,1.32,31.92,51.51,74.34,79.78,3,0,2
64,63,0.98,1.98,57.96,58.62,78.27,73.78,1,0,1
76,96,1.98,1.41,22.83,38.0,74.87,82.69,5,3,1
89,70,1.51,2.02,47.94,42.04,82.92,78.89,0,3,1
98,72,1.62,1.73,49.11,44.34,77.4,87.45,3,3,2
60,79,1.88,1.68,50.17,47.03,80.75,81.54,5,1,1
74,99,1.46,1.45,48.02,52.08,77.95,83.06,2,4,0
92,73,0.93,1.36,60.55,56.34,78.44,79.81,5,5,2
92,66,1.05,1.16,48.03,61.07,74.81,70.09,1,3,2
61,98,2.33,1.66,45.86,44.78,83.84,80.96,1,5,0
63,68,1.15,2.42,36.76,49.99,68.4,74.06,5,2,1
64,75,2.2,1.89,36.06,44.05,76.92,75.79,3,2,1
95,68,1.52,1.08,50.25,54.23,84.8,72.05,3,4,2
83,90,1.02,0.92,55.77,52.29,72.11,76.9,1,5,0
72,71,2.29,1.75,54.03,52.73,78.43,78.22,1,5,0
80,67,0.71,1.76,61.77,63.66,69.07,77.27,3,1,2
97,73,1.81,0.53,55.86,63.43,85.89,77.73,0,5,1
67,60,1.41,1.51,41.83,57.32,80.52,83.62,5,4,2
60,81,1.87,2.14,52.56,43.42,82.65,72.38,3,3,0
84,74,0.7,1.78,37.13,51.98,77.99,75.96,1,2,1
81,64,1.29,1.02,45.21,53.12,82.94,87.4,2,3,2
80,84,1.06,1.43,63.38,45.1,79.53,70.0,4,5,1
98,82,1.49,1.82,49.25,55.02,80.44,81.6,4,2,2
62,97,0.5,0.84,24.17,58.58,77.53,83.11,0,4,0
92,78,1.48,1.88,65.52,54.33,79.8,62.66,2,5,1
70,73,0.78,1.72,35.58,48.12,74.37,80.11,3,0,2
97,99,1.4,1.91,50.57,50.06,87.31,86.88,2,0,1
88,98,1.72,1.95,64.19,40.11,83.43,81.2,2,3,0
97,62,0.94,1.61,50.63,43.69,78.94,78.33,2,1,2
99,87,1.69,1.07,53.1,35.16,82.26,85.87,1,1,2
87,88,2.38,1.5,42.34,47.52,78.91,75.48,2,3,1
66,89,1.41,0.85,37.77,58.22,74.8,76.44,0,4,0
96,86,1.68,2.06,56.22,40.97,86.77,84.47,4,0,2
96,98,2.0,0.38,42.04,41.63,77.39,82.73,1,4,0
90,75,1.5,1.87,41.74,38.14,82.16,84.61,1,0,2
85,73,1.36,1.46,39.81,51.56,84.49,81.64,0,3,1
83,67,0.63,1.24,46.37,50.01,82.38,70.72,0,0,2
86,85,0.73,1.53,50.5,36.26,86.05,85.34,2,0,2
92,73,1.56,1.93,47.28,37.52,78.9,73.48,3,4,2
76,94,1.39,1.15,45.35,52.5,79.63,78.98,0,4,0
79,88,2.04,0.5,36.08,40.6,69.99,77.33,5,4,1
79,89,1.54,1.86,52.84,68.98,79.4,76.47,3,3,1
60,72,2.12,1.55,59.02,39.55,75.48,86.42,4,3,1
68,76,0.82,1.29,41.84,37.7,78.22,83.13,2,1,1
99,77,1.35,1.79,58.39,47.18,79.89,76.69,2,4,2
93,82,1.7,1.69,54.79,39.28,83.82,82.0,5,2,2
69,99,0.96,1.67,59.62,54.88,84.33,65.7,4,1,0
63,64,0.87,1.51,58.42,47.43,78.1,85.21,1,3,0
82,99,1.82,1.66,56.77,63.94,77.44,79.74,4,1,1
92,94,1.72,2.62,45.24,45.63,81.35,85.9,5,1,2
81,97,2.16,1.77,41.19,43.07,80.03,82.89,2,0,1
76,67,1.39,1.55,57.21,40.2,84.03,76.9,5,1,2
61,85,1.66,1.63,52.72,54.29,82.27,79.45,0,1,0
94,93,1.68,1.54,60.83,56.12,86.68,77.94,1,0,1
78,72,0.58,2.07,47.79,38.13,76.92,79.78,4,4,1
95,72,1.76,1.35,61.06,51.21,74.04,83.2,3,4,2
80,98,1.04,1.29,46.19,52.49,75.24,76.49,2,1,0
61,75,2.12,1.31,45.95,63.78,67.21,79.8,0,1,0
61,76,1.05,1.11,54.67,59.65,88.58,85.36,1,0,1
62,71,1.57,1.54,39.72,70.18,73.6,79.98,0,2,0
73,91,1.3,1.03,59.58,55.89,86.24,72.08,5,0,1
68,65,-0.34,0.89,39.41,47.2,81.78,71.79,5,4,1
95,88,1.65,1.83,46.21,64.24,80.73,74.39,3,1,2
86,64,1.62,1.44,67.48,42.98,72.36,76.85,2,1,2
60,62,1.82,1.17,39.68,52.26,81.55,81.32,5,3,1
75,89,1.48,1.43,32.73,48.6,73.87,79.65,4,4,0
64,93,1.52,1.11,49.93,47.52,76.26,81.55,4,1,0
91,97,0.99,1.65,64.54,50.59,85.32,74.29,1,2,0
88,80,1.6,1.02,55.81,32.1,80.59,85.54,2,1,2
98,87,1.14,1.4,52.05,42.52,82.9,85.35,0,2,1
82,70,1.31,1.22,68.68,52.41,77.9,89.6,4,2,2
97,84,1.43,1.16,42.68,54.33,77.74,72.26,3,5,1
87,90,1.75,1.3,51.35,44.3,86.58,84.6,3,0,2
74,75,0.54,1.13,60.54,41.56,79.84,90.03,4,2,1
75,82,1.41,1.73,64.31,45.18,73.98,78.95,5,5,1
96,66,1.88,2.84,59.06,71.38,87.52,84.57,3,1,2
92,72,1.84,0.73,56.23,60.45,86.91,79.58,4,1,2
68,94,2.04,1.0,51.23,56.26,79.71,80.21,5,0,1
88,81,1.22,1.49,39.53,65.78,74.06,78.0,2,2,1
95,75,1.56,0.88,44.79,51.23,79.57,89.46,5,4,2
64,83,1.36,1.81,43.46,63.99,78.94,77.7,4,3,0
82,70,1.56,2.15,66.75,52.81,76.2,81.13,3,1,2
94,68,1.7,1.12,38.9,33.23,68.01,75.34,5,1,2
77,76,1.19,2.18,43.73,53.92,68.75,88.05,1,3,1
71,68,1.05,2.2,59.04,50.45,82.4,78.77,0,3,0
96,95,1.92,1.62,35.44,47.48,82.93,81.61,3,5,1
98,67,1.11,0.75,55.84,47.62,87.69,86.21,2,5,2
93,62,1.19,1.6,61.07,43.49,83.43,78.95,0,5,1
74,97,2.06,2.63,43.43,61.29,85.35,81.37,1,5,0
70,96,1.26,1.48,37.46,62.25,81.06,82.77,1,1,0
83,65,0.83,0.92,62.35,70.08,75.94,80.23,5,3,2
98,82,1.16,1.53,55.21,56.91,76.03,79.91,3,5,1
60,62,0.88,0.91,53.17,44.12,80.46,76.53,4,1,2
87,80,1.45,1.47,40.75,64.02,75.38,79.7,1,0,2
77,87,2.09,1.31,60.58,42.03,81.19,82.66,4,3,1
80,84,1.12,1.06,50.72,51.8,80.82,81.91,1,3,0
78,66,1.67,1.38,50.78,50.89,88.71,82.09,2,2,2
74,97,1.48,1.21,49.57,49.03,79.08,74.02,0,4,0
73,78,2.2,1.27,47.69,48.71,80.25,78.15,4,2,1
89,98,1.98,1.76,57.22,42.79,83.07,84.72,1,1,1
72,60,2.11,2.21,44.92,68.5,83.15,89.81,3,3,2
64,72,1.32,1.66,64.85,62.93,82.56,82.52,3,3,1
91,75,2.21,0.54,48.86,61.96,77.85,84.1,2,0,2
70,79,2.73,0.76,39.1,45.88,76.87,83.34,0,4,0
68,90,2.05,1.67,39.27,59.23,86.78,78.65,1,4,0
99,99,1.02,1.48,67.4,57.16,80.57,79.0,1,0,1
70,79,1.39,1.54,52.88,33.3,77.22,81.33,0,3,0
66,80,1.4,1.76,44.93,60.47,90.03,91.79,1,0,1
81,86,1.54,1.64,43.8,43.11,76.34,75.68,3,5,0
98,94,1.17,1.22,61.23,51.39,74.17,71.88,5,1,2
73,83,0.72,1.32,53.45,51.16,76.71,68.95,2,1,1
83,94,0.86,1.65,39.78,45.44,88.41,74.29,5,5,0
78,95,1.35,1.64,47.13,41.79,76.72,81.25,3,4,0
63,62,1.52,1.54,48.28,50.54,79.2,77.83,0,5,0
69,85,0.95,1.09,51.16,53.72,79.86,74.87,2,4,0
83,83,1.8,1.32,62.33,54.74,78.55,81.32,2,2,1
99,70,1.79,1.99,51.03,56.81,84.06,87.07,0,2,2
62,68,1.91,1.45,65.21,56.16,76.97,77.89,0,1,0
66,90,1.94,1.06,55.99,46.41,80.23,77.79,1,0,0
98,89,1.14,1.58,42.8,43.88,82.17,87.12,3,3,1
74,70,1.5,1.24,59.96,56.13,70.97,84.16,0,5,0
81,74,2.09,1.6,66.44,65.63,86.47,75.02,4,2,2
70,68,1.64,1.87,52.73,44.79,73.73,77.49,1,5,0
60,99,1.61,1.06,52.28,35.73,84.0,92.64,4,5,0
63,85,0.99,1.33,37.89,45.27,79.96,81.2,2,3,0
82,70,1.4,1.46,46.94,51.12,85.23,79.91,2,4,1
95,66,1.62,1.79,60.73,52.58,81.97,74.97,1,5,1
98,65,2.27,2.85,47.61,39.51,85.17,77.24,3,1,2
81,93,1.21,1.17,56.73,39.46,75.85,74.48,1,4,0
84,87,1.5,2.13,51.75,52.3,79.91,72.01,3,2,1
80,74,1.15,1.9,45.55,32.76,72.34,77.36,5,0,2
84,96,1.38,1.43,64.68,46.74,78.24,81.27,5,5,0
72,86,2.09,1.66,44.85,34.72,75.63,84.95,4,3,1
92,94,1.77,2.42,42.07,32.93,77.65,75.15,4,1,2
65,73,1.22,1.14,61.9,54.89,77.15,76.5,5,5,1
66,74,0.28,1.17,35.88,42.85,77.38,72.82,4,5,0
65,90,1.93,1.54,62.39,30.56,76.22,73.26,4,2,0
93,80,1.17,1.52,40.91,54.13,78.06,74.51,3,4,1
74,76,2.09,1.11,59.32,50.16,89.61,82.42,3,4,1
86,62,1.67,0.98,44.49,58.32,81.82,74.87,5,5,2
96,85,0.85,1.92,33.31,43.29,79.68,80.58,4,4,2
84,82,1.28,1.73,50.11,59.94,79.64,86.77,0,2,1
81,61,1.37,1.33,39.72,50.06,79.49,71.91,1,1,2
90,78,1.07,0.25,48.27,61.95,80.65,86.6,2,2,2
62,65,1.76,1.56,56.79,60.63,74.47,80.91,5,1,2
86,68,1.82,1.29,27.04,60.11,69.23,89.4,1,1,2
77,71,1.82,1.86,43.28,48.78,71.93,78.92,1,0,2
66,72,1.82,2.1,54.2,45.55,81.79,74.99,1,5,0
79,95,1.17,1.55,62.01,37.63,83.03,77.58,2,4,0
93,87,1.22,2.14,44.34,42.46,85.17,82.45,0,4,0
62,87,1.39,2.14,47.03,40.52,75.39,78.44,1,5,0
62,80,1.9,1.59,62.95,44.8,79.18,77.75,0,2,0
88,95,0.61,1.32,62.26,48.65,72.82,83.85,2,3,0
86,82,1.84,1.57,81.35,48.69,80.46,81.59,3,1,2
92,67,1.87,2.34,49.13,62.27,72.25,78.96,2,2,2
87,91,1.68,1.58,47.36,40.36,77.14,84.5,0,1,1
67,96,1.92,1.57,32.2,35.95,82.3,78.6,2,3,0
76,79,1.47,1.97,51.5,61.56,75.56,81.49,2,2,1
84,78,1.51,1.65,64.75,45.86,87.83,83.7,1,5,0
96,63,0.97,1.3,42.31,50.35,89.07,78.74,1,2,2
64,78,1.91,1.22,57.56,53.28,84.97,72.74,4,5,0
93,65,1.75,2.13,24.93,39.83,66.28,76.57,0,0,2
79,90,2.12,0.75,60.43,45.2,80.71,70.42,0,2,0
60,96,2.25,0.91,48.76,57.69,75.74,80.34,5,5,0
92,95,1.53,1.67,43.15,64.66,85.42,74.28,3,1,1
99,73,1.79,2.0,62.85,40.95,71.28,81.61,2,1,2
72,96,1.32,0.75,54.34,68.43,75.2,77.76,2,2,0
99,73,1.95,1.72,51.93,47.52,83.26,85.18,0,4,1
65,94,1.07,0.77,48.56,34.92,87.14,73.94,3,3,0
74,89,0.46,1.6,63.9,45.79,74.84,79.97,0,5,0
65,67,0.36,2.1,51.19,59.45,78.91,81.45,3,4,1
85,87,1.86,2.47,54.82,41.6,83.55,77.21,5,5,1
72,91,1.34,1.35,42.62,44.29,82.8,84.83,1,3,0
70,81,1.99,1.56,43.92,50.1,74.71,81.0,3,5,0
68,84,1.22,1.49,71.16,44.61,86.1,76.77,2,2,0
91,76,1.37,1.02,18.71,50.84,81.97,78.45,0,4,1
75,84,1.17,0.78,32.16,39.08,71.95,82.48,4,1,1
72,81,1.43,1.37,64.32,55.34,76.35,76.16,2,2,1
60,81,1.37,1.23,59.1,54.37,90.14,79.19,4,2,0
98,95,0.77,0.83,42.74,51.42,85.9,70.96,1,3,1
68,67,1.73,1.27,41.92,78.97,80.84,79.8,5,4,1
73,96,1.96,1.86,44.19,55.38,78.61,84.26,3,3,0
71,86,1.53,1.57,48.7,54.49,78.07,83.52,0,0,0
75,89,1.29,0.63,58.33,59.43,74.45,85.96,1,0,1
72,73,2.26,2.42,44.78,47.54,81.75,78.44,3,0,2
79,78,1.46,0.68,64.11,66.46,76.88,83.42,4,1,2
64,61,0.88,1.2,48.39,58.83,80.67,83.44,3,4,1
75,94,1.34,1.02,35.65,52.51,77.52,83.49,3,1,1
62,96,1.82,1.61,49.45,53.74,78.86,91.09,5,1,0
96,84,1.41,0.96,39.22,48.91,82.46,73.0,4,2,2
65,86,2.81,1.36,55.07,32.34,78.0,77.29,3,3,0
86,66,1.78,1.76,36.38,59.87,76.38,80.83,5,4,2
76,98,1.89,0.84,42.82,54.98,73.89,82.13,1,3,0
72,96,2.21,1.55,63.69,57.57,78.73,87.01,5,0,1
99,60,2.4,1.45,47.04,40.14,87.92,80.08,1,4,2
64,66,1.33,0.96,44.36,52.5,81.12,82.16,1,1,1
65,81,0.77,1.8,45.61,45.95,82.95,83.82,3,2,0
94,64,2.24,1.36,39.53,49.71,83.91,82.0,1,5,1
94,64,1.23,1.23,57.02,46.13,79.41,81.1,5,3,2
61,64,2.26,1.62,37.92,50.18,88.02,77.34,1,4,0
80,84,1.44,2.5,70.08,48.49,86.1,84.89,2,3,1
81,74,1.66,1.45,52.66,44.43,82.23,88.64,0,1,1
84,99,0.58,1.43,56.05,59.84,83.98,79.36,2,1,1
88,60,2.75,1.38,44.82,50.81,90.1,87.31,3,0,2
63,74,0.82,1.26,62.44,62.27,68.83,83.08,5,1,1
69,74,2.07,1.67,40.36,52.67,73.92,74.4,2,5,0
77,60,1.2,1.02,34.66,41.98,87.73,80.43,2,4,1
87,62,0.8,1.57,59.25,42.11,85.35,90.66,3,0,2
79,80,1.46,1.76,49.1,32.19,76.04,84.37,0,4,0
76,75,2.25,0.58,51.08,57.75,81.01,83.29,1,2,1
79,70,1.9,2.11,43.44,52.84,85.37,81.05,1,0,2
63,94,1.81,1.92,52.88,46.28,81.46,78.94,2,4,0
76,69,1.71,2.02,59.36,58.24,81.12,72.7,3,0,2
64,61,1.1,1.23,51.88,47.38,78.75,87.01,5,1,2
67,99,0.77,1.9,50.23,54.16,67.4,81.31,3,3,0
78,89,0.82,1.16,39.03,42.5,91.38,77.82,4,3,1
90,67,1.29,0.77,56.69,57.22,79.04,83.32,2,5,1
87,64,1.3,0.66,44.08,53.6,94.4,83.0,3,0,2
71,94,1.35,2.47,52.36,55.52,75.2,76.69,1,2,0
94,98,0.87,1.27,62.03,40.44,72.32,86.41,0,1,1
77,95,1.18,2.43,39.69,65.41,79.45,79.31,0,3,0
94,89,1.52,2.15,47.93,34.14,85.72,80.53,0,3,1
61,93,1.79,1.31,57.76,53.61,81.5,71.68,5,0,1
77,74,0.98,1.37,44.22,35.26,79.34,83.97,0,4,0
76,83,1.95,1.3,44.13,55.61,73.76,73.62,1,3,0
81,96,1.77,1.26,46.82,49.25,82.5,90.81,0,3,0
71,72,1.28,1.25,45.12,42.75,77.42,73.35,5,2,2
70,81,1.95,1.99,60.14,40.59,86.57,81.5,1,0,1
73,74,1.91,1.78,61.29,41.57,79.29,81.18,5,5,1
96,60,0.86,2.03,40.37,36.48,83.33,76.56,1,0,2
93,76,1.37,1.09,58.94,51.58,70.43,72.68,5,3,2
88,62,1.37,1.68,68.18,37.19,88.87,78.75,2,3,2
62,79,1.47,1.15,55.84,51.58,77.55,82.44,2,0,1
90,99,1.37,2.01,44.11,48.77,76.01,78.12,1,5,0
90,79,1.44,1.36,49.49,65.37,74.9,75.06,0,3,1
66,64,1.46,1.97,51.86,69.37,75.7,75.99,3,2,1
65,94,1.9,1.69,44.31,48.62,78.34,89.21,5,1,1
73,61,0.09,0.76,40.71,58.17,89.93,79.97,4,1,2
84,96,1.61,1.46,50.11,42.53,87.32,81.47,0,3,0
87,84,2.06,1.28,38.07,45.33,85.21,82.14,1,3,1
93,93,2.14,3.11,46.55,56.73,82.29,71.08,0,4,0
64,91,2.0,1.74,48.6,66.78,82.68,71.67,2,3,0
81,93,1.82,1.34,49.73,45.87,77.96,83.46,2,3,0
73,88,1.37,1.54,44.68,37.34,79.68,69.58,4,1,1
69,81,1.88,1.56,44.69,71.68,76.7,77.6,0,0,0
73,79,1.05,0.75,55.17,62.58,77.05,85.53,4,3,1
69,64,1.25,0.57,42.05,41.2,92.31,88.86,2,4,1
81,62,1.52,0.52,57.77,63.5,77.54,85.72,0,4,1
64,95,0.83,1.93,59.25,59.74,69.97,77.52,2,2,0
66,86,1.74,1.53,53.23,45.57,81.09,76.78,1,1,0
90,68,1.99,1.99,44.0,45.82,74.99,77.37,2,2,2
84,76,1.99,1.86,62.56,44.65,83.5,78.98,3,2,2
80,98,1.65,1.99,54.85,44.0,85.59,74.17,5,2,1
86,70,1.55,0.46,30.94,59.77,83.47,71.96,3,2,2
93,92,1.39,1.87,43.38,53.65,79.11,86.56,1,2,1
85,93,0.72,2.12,54.55,57.97,77.91,74.19,2,2,1
78,89,0.93,1.91,43.38,42.92,74.47,77.18,3,1,1
81,82,1.34,1.54,52.07,53.97,92.42,85.29,5,5,1
90,61,2.18,2.56,49.86,53.8,81.68,82.12,1,2,2
77,92,1.15,1.04,37.92,36.15,79.87,79.9,1,3,0
62,68,1.21,0.95,48.68,58.83,84.37,79.48,1,3,0
89,89,0.12,1.7,66.53,61.05,83.57,78.25,4,3,1
95,91,2.38,0.97,46.25,47.82,79.72,80.45,0,4,0
94,67,1.17,1.12,44.97,49.93,80.28,76.46,4,5,2
67,71,1.79,1.32,52.23,58.85,79.8,84.24,4,0,2
94,95,0.24,1.66,56.31,47.84,77.24,71.09,5,5,1
66,83,2.77,2.24,38.98,45.25,86.12,73.05,4,3,0
99,61,0.92,1.6,63.48,37.77,80.37,84.17,3,4,2
96,99,1.18,1.13,33.67,26.75,80.33,83.37,3,3,1
73,86,1.13,0.68,48.25,37.27,76.55,84.83,4,0,1
66,85,0.93,1.63,47.12,48.93,75.51,79.92,4,5,0
96,78,1.99,1.51,81.73,56.26,82.61,73.67,4,5,2
63,93,1.35,1.49,67.97,51.52,83.64,76.54,5,3,0
79,72,1.52,1.67,57.37,58.34,86.51,73.62,5,0,2
80,70,1.55,1.31,55.61,56.52,74.45,73.6,3,2,2
99,61,1.57,1.54,43.09,37.6,75.2,81.38,4,3,2
77,61,1.79,1.28,56.17,44.65,87.05,77.03,2,0,2
63,75,0.69,1.16,65.42,61.37,77.44,78.92,3,0,1
93,82,1.15,1.4,35.07,51.36,81.48,80.43,1,1,2
96,87,1.5,2.15,42.95,52.58,77.81,79.34,0,1,1
66,92,1.94,0.74,61.96,47.16,77.67,79.31,0,3,0
98,86,1.58,1.92,49.44,49.04,77.85,77.46,5,3,2
68,89,0.78,0.97,39.55,61.38,78.5,80.39,1,5,0
75,68,0.99,1.01,47.61,37.68,78.05,75.26,4,4,1
60,67,2.32,1.41,53.04,54.33,86.66,77.38,2,3,0
79,74,1.96,1.93,39.4,65.13,86.54,84.53,1,5,0
67,78,0.62,1.83,47.65,56.55,75.83,75.36,4,4,0
66,71,0.35,1.68,57.08,59.27,84.0,81.57,2,4,0
60,95,1.15,1.52,76.83,45.07,89.34,85.66,5,2,0
90,73,1.48,1.75,30.93,57.08,80.19,72.26,0,1,2
99,82,0.48,1.31,55.75,48.66,80.2,77.03,0,4,1
96,65,1.54,1.26,70.86,42.97,78.92,80.84,3,3,2
64,65,2.25,2.27,58.45,58.75,80.08,81.23,2,3,1
87,80,0.51,1.54,50.61,56.54,77.77,73.19,5,5,1
94,67,1.05,2.84,59.73,43.97,70.45,82.84,0,4,1
63,60,1.5,1.78,52.69,37.46,72.71,80.02,1,2,1
87,83,0.72,1.27,46.86,49.27,84.8,80.84,0,3,0
89,75,1.41,1.33,39.58,54.02,80.3,77.24,0,5,0
80,95,1.97,1.04,57.12,58.91,83.46,80.68,2,2,0
98,64,2.13,1.21,49.34,65.66,80.02,86.35,4,2,2
97,78,1.63,1.92,44.65,33.1,70.29,76.61,2,5,1
97,66,0.99,1.14,35.27,29.69,81.75,81.68,5,0,2
67,69,0.96,0.68,40.45,47.42,73.2,80.54,3,1,1
82,92,1.58,1.65,44.7,42.29,81.31,75.71,5,3,1
87,90,1.68,1.76,47.6,64.56,72.78,74.81,3,3,1
79,67,2.08,1.03,51.49,65.41,82.91,84.63,0,0,2
89,83,1.77,1.23,44.56,63.55,80.27,73.33,1,2,1
74,63,1.65,1.85,55.86,64.44,82.25,77.64,2,5,1
92,63,1.37,0.91,43.43,59.59,78.38,75.32,4,5,2
77,97,1.45,1.76,58.47,50.37,76.69,75.34,0,4,0
91,79,1.25,1.9,34.82,63.69,78.05,74.46,0,3,1
87,79,1.37,1.21,50.24,43.47,69.54,78.2,0,2,1
96,76,1.44,1.59,58.71,36.72,81.06,79.02,0,2,1
94,75,2.12,1.17,55.29,48.0,80.23,83.88,1,0,2
82,71,1.17,1.31,36.2,52.11,84.64,68.38,5,4,2
93,89,1.12,1.09,56.96,51.79,80.8,77.38,3,0,2
87,62,1.31,1.07,41.49,63.21,69.02,75.2,1,3,2
88,80,0.78,1.31,45.27,54.43,77.31,82.31,5,5,1
64,97,1.46,1.86,48.71,44.9,82.8,80.66,2,2,0
86,95,0.89,1.36,45.62,50.56,77.01,81.3,3,1,1
64,61,1.7,0.9,50.42,58.98,79.58,81.57,0,2,1
69,67,1.23,0.99,63.15,58.19,82.2,82.87,3,2,1
90,77,1.34,1.82,57.38,38.39,71.99,85.03,2,0,2
93,79,2.54,1.54,71.59,39.16,77.3,87.34,2,1,2
62,78,1.18,1.32,39.51,50.14,87.61,82.57,3,3,0
63,76,1.04,1.36,52.57,45.92,83.32,76.21,3,0,1
74,68,1.74,0.15,45.28,68.26,80.01,79.79,5,3,2
86,60,1.29,1.75,45.12,61.65,84.98,83.58,4,2,2
98,82,2.05,1.3,47.88,54.71,84.84,80.78,5,4,2
82,66,1.28,1.48,45.37,60.95,80.0,84.78,2,0,2
65,74,1.9,1.28,43.48,53.31,79.85,79.1,5,5,1
82,67,1.5,1.35,59.73,51.33,76.35,81.21,1,3,1
88,98,1.9,1.67,38.6,52.97,77.21,77.78,1,4,0
96,88,2.4,1.42,36.29,56.83,82.19,74.94,3,0,2
94,93,1.36,1.98,58.51,58.56,79.31,78.19,1,3,1
79,66,1.79,1.41,53.94,32.8,80.61,86.71,3,4,1
72,70,2.18,1.56,65.4,39.29,79.96,66.62,5,0,2
71,67,2.04,1.35,48.85,54.16,79.46,77.04,0,5,0
92,88,2.51,1.81,28.04,74.64,77.67,81.8,0,1,1
74,73,0.88,0.5,44.19,67.05,82.69,77.57,1,5,0
84,88,1.16,1.43,57.04,45.92,79.98,75.59,5,3,1
91,62,1.56,1.45,42.49,47.94,77.51,87.28,4,3,2
73,88,2.3,1.23,47.96,63.44,83.06,73.7,2,5,0
91,64,1.56,1.02,62.02,61.1,73.98,79.63,5,2,2
71,82,1.82,1.04,24.97,55.57,84.16,82.21,5,0,2
88,83,2.23,0.56,64.77,54.49,78.76,85.57,3,5,1
90,75,1.37,0.69,64.39,48.55,70.99,76.72,5,3,2
79,86,1.67,1.45,53.95,53.35,80.75,80.15,1,5,0
93,76,1.09,1.58,69.13,59.92,79.58,90.45,1,5,1
72,90,1.56,1.01,28.04,31.23,73.12,72.24,0,5,0
71,66,1.43,0.54,52.47,38.86,76.55,84.24,1,1,1
88,92,1.13,1.33,57.63,40.6,72.46,81.83,4,5,1
64,81,1.83,1.43,79.48,48.22,83.59,85.48,4,4,0
68,83,1.31,2.3,50.22,33.27,74.76,91.37,3,1,1
93,96,1.64,2.2,44.63,46.4,80.75,82.82,0,5,0
81,93,1.55,1.6,59.59,43.49,75.63,71.11,3,0,1
92,82,1.51,1.15,54.41,43.42,81.37,79.42,0,1,1
87,99,0.99,1.18,55.36,65.47,74.62,85.77,0,1,0
89,88,1.35,0.85,36.95,53.59,77.28,81.23,4,5,1
65,89,2.12,1.44,46.95,41.83,67.68,87.21,0,2,0
69,91,1.72,1.44,56.51,52.96,70.99,75.86,0,2,0
75,76,1.73,1.69,43.58,64.49,82.84,73.96,2,0,1
85,92,0.75,0.84,36.55,44.16,67.47,80.19,5,2,1
65,72,1.49,1.46,40.35,70.76,87.98,80.68,5,3,1
67,90,1.45,1.76,66.36,52.25,76.9,72.88,5,3,0
98,74,2.32,1.58,43.16,50.41,81.33,76.43,3,3,2
89,83,0.79,2.06,57.74,47.75,80.46,77.09,3,3,1
69,92,0.95,1.7,45.2,45.65,73.71,80.93,0,3,0
83,79,1.5,1.31,62.51,52.94,72.14,79.92,5,4,1
86,89,1.75,0.69,45.63,55.33,81.34,90.0,1,0,1
82,78,1.91,0.79,53.51,52.7,78.52,85.03,2,0,2
75,62,1.86,1.91,50.7,61.92,79.72,86.26,1,0,2
62,69,1.28,2.34,57.39,50.63,82.86,81.75,0,3,0
89,79,1.53,1.75,42.45,27.13,72.66,81.98,0,0,1
65,92,1.27,1.54,34.75,52.23,75.12,71.89,5,0,1
90,62,2.17,0.91,29.81,57.56,75.63,79.97,5,2,2
96,80,1.92,2.0,30.49,57.76,80.66,80.49,3,1,2
82,92,1.84,1.84,37.74,50.83,87.05,76.0,2,2,1
82,80,0.46,1.65,32.37,40.37,85.51,81.25,5,0,2
77,99,1.18,0.98,73.12,71.61,76.9,80.69,4,3,0
76,85,0.88,1.44,36.44,55.13,74.19,84.41,5,1,2
74,96,2.08,0.92,37.9,43.18,79.88,80.09,2,5,0
64,92,1.71,1.24,56.41,54.57,76.37,82.12,0,2,0
94,70,1.32,1.48,44.11,33.56,84.08,79.0,0,4,1
99,94,1.13,1.07,49.25,38.25,83.58,75.61,5,2,2
79,99,1.68,1.41,50.17,60.2,83.49,83.68,0,5,0
88,80,2.36,1.27,58.94,43.82,82.14,78.1,0,4,0
91,66,0.79,1.85,58.17,60.62,80.69,87.92,3,4,2
93,76,1.8,1.87,35.01,44.77,81.81,70.5,4,0,2
79,92,1.1,1.98,72.87,48.35,69.87,77.56,3,1,1
95,98,2.01,1.4,50.12,51.68,81.79,78.67,1,3,0
93,64,1.63,1.3,44.87,63.45,77.67,86.0,0,2,2
74,63,0.6,2.29,48.89,68.0,76.13,81.67,4,5,1
87,63,1.43,1.57,37.88,46.07,73.99,82.42,2,1,2
77,73,0.55,2.51,47.07,49.78,75.1,85.16,0,0,1
65,99,1.93,1.42,55.84,41.32,81.81,74.74,1,0,0
90,86,1.87,0.12,49.29,51.78,79.34,84.09,3,5,1
90,74,1.37,0.31,28.93,50.85,74.26,78.79,4,3,2
92,88,1.97,1.4,48.7,59.09,83.64,74.47,3,0,2
86,60,1.7,1.54,65.81,39.2,83.06,86.36,4,2,2
76,77,0.31,2.61,55.58,56.43,79.24,78.26,1,2,1
63,79,1.25,1.4,60.86,39.76,72.32,72.56,1,0,0
75,69,1.12,1.22,48.94,67.2,73.87,87.06,5,0,2
61,69,2.07,1.48,37.14,51.55,81.07,82.4,3,5,0
72,82,1.14,1.54,41.12,40.97,89.5,84.13,5,0,2
73,78,2.24,0.55,65.6,57.25,74.84,78.9,5,3,1
91,76,1.22,1.52,46.02,55.06,73.82,67.31,0,1,1
94,71,1.0,1.59,51.07,49.91,76.81,81.42,0,5,1
61,66,1.9,1.46,71.31,43.81,91.78,85.6,2,3,1
64,87,1.73,1.62,57.14,44.92,79.73,72.24,0,4,0
67,96,2.67,1.57,64.06,43.51,79.88,76.26,2,3,0
81,92,1.81,1.01,47.08,57.4,73.61,78.78,1,1,0
78,94,1.29,1.68,61.45,32.69,91.03,68.12,3,1,1
94,95,1.71,0.73,46.01,56.34,79.26,79.22,3,5,0
68,77,1.25,1.4,54.41,29.3,87.98,80.27,1,5,0
62,76,1.76,1.74,58.75,54.4,74.4,80.45,4,3,1
85,98,1.59,1.51,59.44,54.04,77.01,74.31,3,3,0
76,64,1.76,1.18,50.0,58.64,81.55,91.23,0,0,2
74,85,1.1,2.73,53.82,49.83,71.49,86.6,4,3,1
95,76,0.93,1.27,48.4,34.07,71.5,79.12,1,3,1
61,74,1.35,0.64,36.57,56.49,81.26,83.62,5,1,1
93,70,0.84,1.75,53.67,55.87,78.29,76.44,1,1,2
99,61,1.55,1.09,51.5,60.11,74.16,78.53,0,2,2
72,69,1.38,1.7,56.85,47.03,75.55,78.6,5,2,2
86,65,1.66,1.57,36.26,53.47,72.73,80.82,4,2,2
66,89,0.76,1.38,49.38,62.45,84.21,83.58,3,2,0
76,78,0.98,1.87,74.85,59.4,73.62,76.5,1,0,1
82,64,2.19,1.56,40.07,54.94,80.06,82.33,4,3,2
97,87,0.97,0.44,53.72,43.79,80.92,79.47,2,1,2
86,60,1.34,1.24,63.97,39.76,84.6,77.24,2,2,2
87,95,1.74,1.16,46.35,37.26,77.36,71.27,1,0,1
83,64,1.6,1.59,73.67,54.06,92.25,81.76,1,3,1
83,94,1.4,1.51,58.71,34.19,79.81,87.34,0,1,0
83,72,0.62,1.72,38.75,60.64,75.06,73.87,4,1,2
71,80,2.28,0.72,28.98,56.48,76.1,79.09,1,5,0
60,71,2.66,1.95,51.55,23.36,83.63,74.6,5,0,2
78,89,2.26,1.57,59.21,68.75,85.06,73.88,4,3,1
79,64,0.74,0.83,71.34,41.97,72.63,80.81,1,3,1
86,76,1.73,2.77,57.47,43.76,82.5,82.25,2,4,1
77,74,1.33,3.0,45.81,50.06,83.52,73.51,2,4,1
84,83,2.27,1.65,58.24,58.71,85.98,84.57,1,1,1
72,63,1.89,2.18,56.04,30.87,85.07,70.08,0,0,1
82,62,1.03,1.8,44.89,35.41,86.79,76.27,3,5,1
74,71,1.45,1.53,48.83,58.94,79.96,74.36,1,1,1
78,77,0.95,1.83,66.63,54.97,79.13,77.27,5,2,2
86,63,1.38,1.22,46.23,42.34,85.74,81.27,0,3,1
75,74,2.06,1.79,55.17,49.61,80.86,80.39,2,0,2
88,62,0.62,1.68,50.22,43.87,82.77,75.31,0,0,2
63,77,1.74,1.22,52.37,48.31,84.1,81.73,3,3,0
64,83,1.07,1.61,49.56,60.58,88.36,88.28,4,1,1
62,64,2.05,1.02,49.91,65.75,79.35,77.15,3,5,0
79,77,2.27,1.86,36.48,36.7,84.29,88.21,0,1,1
63,90,1.2,0.71,51.6,75.95,84.23,79.12,1,2,0
69,99,2.14,2.04,35.93,29.77,83.13,80.72,2,0,0
81,63,2.17,1.56,41.99,43.36,86.05,86.45,3,2,2
69,92,-0.12,2.05,47.53,46.73,75.41,75.03,3,4,0
71,93,2.14,1.86,54.32,64.5,79.13,85.06,5,5,0
97,76,1.68,1.88,43.27,53.08,80.26,71.59,5,3,2
73,83,1.82,1.57,41.4,35.29,85.69,81.5,5,5,1
86,94,1.5,2.6,51.97,37.98,84.88,85.43,3,3,1
71,91,1.74,1.45,30.6,30.32,86.74,85.49,3,1,1
98,81,0.5,1.55,51.32,28.75,80.02,68.46,2,1,2
88,65,0.61,1.38,50.85,75.16,82.16,85.08,3,2,2
68,93,1.52,-0.08,49.29,60.81,88.91,79.85,4,5,0
89,98,1.78,1.43,56.19,41.82,72.21,89.14,2,2,1
62,79,1.79,1.86,62.62,64.52,77.25,79.47,1,2,0
83,79,1.7,1.15,60.76,51.75,79.94,75.82,4,4,1
64,77,1.85,1.61,61.54,55.95,79.59,84.01,1,5,0
97,79,1.67,1.85,40.62,42.92,76.81,88.52,4,5,2
93,80,1.91,1.79,36.18,49.41,84.83,84.16,2,2,2
74,85,1.17,0.47,45.26,53.65,81.23,78.44,1,1,0
78,76,1.35,2.09,44.0,61.95,74.97,80.42,1,5,0
92,98,2.54,0.75,54.42,33.24,78.26,76.33,2,3,0
83,83,1.03,1.22,73.95,34.36,85.99,86.24,3,0,2
99,62,1.62,1.69,46.84,50.39,85.34,81.12,4,5,2
70,95,1.65,2.11,45.0,43.41,78.56,73.76,3,5,0
61,92,1.76,1.69,44.3,55.91,83.89,76.02,1,4,0
98,80,1.88,2.34,37.76,66.19,77.5,82.27,1,0,2
77,84,1.23,1.02,50.42,36.51,82.41,79.46,0,4,0
64,63,1.35,1.72,44.29,61.04,83.58,76.75,3,2,1
86,91,1.9,2.03,54.63,57.6,80.88,72.11,1,2,1
77,91,1.0,1.63,50.91,54.05,76.2,78.0,2,1,1
94,72,1.47,1.16,48.81,41.89,77.76,82.8,1,3,2
64,72,2.33,1.28,66.16,39.29,83.64,70.32,0,1,0
73,90,1.68,1.37,58.34,27.51,79.16,86.67,4,3,0
69,65,2.48,1.97,61.55,32.78,80.98,81.29,2,4,1
85,66,1.09,0.93,48.55,54.46,83.68,69.67,4,1,2
86,78,1.77,1.76,49.86,37.53,77.6,84.15,2,5,1
83,74,1.8,1.25,42.78,60.64,79.2,81.89,2,4,1
90,72,0.57,0.94,46.6,39.76,81.23,86.43,1,4,1
69,65,1.78,1.99,69.23,52.43,79.72,72.84,0,2,1
89,88,1.95,1.63,51.32,57.22,80.78,80.41,4,3,1
79,94,1.49,1.8,57.23,42.11,80.32,76.98,5,3,1
94,67,1.96,1.64,49.27,68.34,75.07,75.87,5,2,2
85,81,1.87,1.14,37.54,45.68,79.6,79.3,2,0,2
66,64,0.56,1.53,43.33,55.33,78.01,73.73,2,4,1
79,82,0.99,1.57,46.65,55.46,76.88,67.23,2,1,1
64,98,1.76,1.33,61.64,62.34,83.62,79.57,5,1,0
82,74,1.4,1.79,42.83,35.72,82.06,70.44,3,0,2
79,68,0.99,1.08,46.23,60.15,75.86,83.43,3,4,1
81,89,0.79,1.73,56.32,30.16,79.06,80.28,3,1,1
70,90,1.97,1.11,53.27,54.58,72.32,76.23,1,5,0
85,62,2.21,2.59,55.33,64.16,74.92,71.59,2,2,2
75,90,1.97,1.85,50.65,61.44,81.99,86.46,3,1,1
65,75,1.66,1.25,45.01,65.72,82.3,69.5,4,1,1
63,95,1.35,1.45,47.48,65.21,76.69,75.2,3,4,0
90,98,1.7,0.89,46.61,43.83,82.08,71.43,1,3,0
79,85,1.34,1.64,46.74,55.63,79.83,75.28,5,2,1
62,80,2.05,1.08,50.12,50.92,84.23,89.11,5,4,0
80,86,1.62,1.49,56.26,43.93,79.62,78.86,1,2,0
71,89,1.76,1.81,49.72,50.73,78.32,76.81,5,1,1
93,81,1.86,1.5,47.83,41.23,74.85,81.13,4,2,2
73,92,1.56,0.99,51.65,42.21,75.51,86.12,3,2,0
73,92,1.48,1.28,58.52,39.65,78.05,76.26,1,1,0
91,71,1.29,1.6,54.69,43.96,79.56,78.78,1,1,2
97,86,1.36,1.42,44.67,48.24,80.58,81.19,4,2,2
79,67,2.74,1.19,49.81,59.8,80.75,74.88,3,2,2
97,65,1.36,1.31,53.27,66.43,79.91,73.32,2,1,2
89,75,1.9,1.41,56.82,59.94,81.95,79.62,2,4,1
97,84,1.39,1.14,42.44,59.16,81.35,81.12,1,5,1
62,84,1.61,2.27,53.68,61.24,80.35,81.3,4,4,0
96,90,1.61,1.51,49.93,36.86,78.61,72.94,2,0,2
69,79,1.6,1.27,49.18,61.82,80.7,83.77,3,4,0
85,92,2.14,2.45,57.53,48.54,78.84,76.56,0,0,1
72,62,1.39,0.95,45.97,57.38,78.3,85.04,5,2,2
60,95,0.65,1.3,52.76,65.12,81.14,83.06,4,4,0
74,84,2.04,1.39,52.37,46.36,78.53,85.99,1,5,0
79,83,1.54,2.09,39.51,47.52,73.81,83.76,4,5,1
72,73,1.31,1.66,41.28,63.24,82.86,83.28,1,0,1
86,92,0.8,1.46,55.39,61.63,84.41,81.4,1,1,1
66,96,1.2,1.64,33.89,46.25,83.56,82.28,4,0,1
81,89,1.34,2.25,49.54,45.59,86.84,83.63,3,1,1
64,60,2.01,2.17,53.92,40.51,75.97,84.63,3,2,1
73,81,2.11,1.73,54.56,30.38,81.95,90.52,4,5,0
70,75,1.18,2.19,36.29,44.01,81.89,73.58,5,5,1
64,72,1.75,2.39,61.75,49.46,82.33,83.92,1,5,0
68,85,2.1,2.03,43.34,41.72,84.5,79.21,2,5,0
66,84,0.33,1.02,73.48,64.01,74.62,74.66,1,0,0
68,85,1.48,1.66,49.37,44.11,73.7,79.36,5,2,1
74,82,1.51,1.96,46.47,51.63,78.03,70.17,3,0,1
70,81,0.55,1.45,41.49,40.82,83.75,79.28,5,2,1
72,84,1.39,0.76,44.03,51.65,84.76,80.43,0,3,0
61,65,0.41,2.01,40.51,48.46,84.63,82.62,1,2,1
80,77,1.91,0.75,53.69,59.72,80.79,82.84,0,2,1
63,66,1.8,1.82,50.26,49.87,76.62,81.59,1,5,0
85,76,1.26,1.76,54.41,56.96,79.39,81.49,5,3,2
89,63,2.57,1.47,63.25,43.82,74.85,72.79,1,1,2
88,87,1.73,1.8,48.48,41.71,77.71,78.76,2,3,1
69,86,1.45,0.97,68.34,47.39,87.87,79.32,5,3,1
83,61,2.6,1.48,40.7,47.17,83.97,84.38,0,2,2
99,90,1.43,1.74,46.85,46.4,80.82,81.08,5,0,2
95,74,0.25,1.63,42.09,56.77,76.92,77.42,2,4,2
73,97,2.41,2.67,54.09,55.7,82.56,90.45,2,5,0
83,92,1.23,2.73,44.65,45.68,87.1,80.61,2,5,0
61,62,2.02,0.94,35.49,46.07,85.82,84.99,1,5,0
84,66,1.79,0.94,41.16,37.74,75.63,84.75,1,5,1
73,62,1.55,1.66,49.37,57.91,77.32,83.69,3,1,2
76,96,0.21,2.93,49.69,53.12,91.99,91.54,2,2,0
79,82,2.22,0.27,43.74,43.4,82.54,81.98,5,1,2
97,61,0.66,1.94,41.14,52.98,75.25,77.82,1,1,2
75,86,1.44,1.9,62.52,58.86,77.91,82.43,4,4,0
74,83,1.56,1.9,61.45,27.61,88.4,80.52,1,4,0
86,78,1.57,1.03,57.94,57.81,84.83,85.51,2,4,1
87,84,1.44,1.58,32.65,47.97,84.29,70.7,1,4,0
82,86,1.37,1.13,41.1,56.13,77.29,82.29,3,1,1
74,99,1.06,1.45,61.85,42.36,80.06,72.14,0,2,0
83,78,2.35,1.2,38.06,53.27,82.83,80.09,1,2,1
70,98,1.47,1.19,60.98,43.27,83.79,89.5,4,4,0
73,86,0.89,1.55,46.27,69.15,80.51,83.75,2,4,0
69,87,2.02,2.78,40.52,45.07,83.0,76.37,0,2,0
71,92,1.6,1.88,67.87,39.91,78.6,78.47,3,4,0
95,96,0.27,1.84,46.95,43.75,85.77,71.68,4,0,2
99,78,2.08,0.97,71.67,47.2,77.6,85.8,0,0,2
69,89,0.37,1.85,42.77,67.27,75.46,73.06,0,2,0
86,70,1.86,1.95,62.12,44.38,82.4,74.89,3,3,2
99,96,1.29,2.15,58.39,40.21,78.07,81.88,5,4,1
91,76,1.32,0.71,47.72,44.75,78.14,78.76,0,3,1
96,74,1.56,1.57,43.42,51.27,69.64,80.44,5,4,2
62,96,0.7,1.7,59.01,48.83,77.47,82.65,2,2,0
62,65,1.47,1.86,67.25,41.01,75.81,90.45,0,1,1
99,88,1.11,1.37,50.46,57.25,75.62,82.15,4,2,2
90,86,0.78,1.19,55.47,38.46,67.77,76.8,0,0,1
75,66,1.34,0.91,43.21,59.46,77.54,87.5,2,2,1
69,64,2.14,1.14,72.23,42.16,78.13,84.35,4,5,1
70,67,1.53,1.56,41.01,48.02,88.58,73.23,3,5,1
87,83,0.96,1.76,55.65,32.23,77.72,80.83,2,5,0
94,94,1.33,0.95,47.38,52.54,86.27,90.88,1,0,1
90,90,1.67,2.19,39.15,48.31,80.85,70.28,4,4,1
80,81,1.7,1.44,56.73,44.78,78.06,82.29,3,3,1
74,92,1.81,0.14,48.19,50.82,77.63,79.75,4,0,1
91,77,1.83,2.27,61.7,45.74,82.42,84.19,0,4,1
65,62,1.19,1.47,47.08,57.58,72.15,84.86,1,1,1
66,94,1.31,2.55,64.27,38.97,74.74,85.68,3,3,0
76,96,1.15,2.22,55.68,35.83,78.35,83.0,5,0,1
63,92,2.56,0.74,43.85,62.69,84.29,73.64,3,1,0
82,69,2.31,1.19,55.27,25.79,75.13,83.55,4,4,2
80,61,1.48,2.24,43.16,34.09,78.26,85.01,0,3,1
97,88,1.71,2.0,40.63,68.64,78.32,88.9,2,1,2
94,77,2.24,1.46,38.43,57.29,75.0,88.2,3,3,2
64,81,2.84,2.58,45.66,35.3,80.24,84.11,4,0,1
93,97,0.93,1.63,42.85,34.84,78.01,75.45,5,4,1
65,88,0.77,1.39,46.96,43.92,69.43,91.32,1,4,0
83,81,0.78,2.07,57.47,59.19,81.86,82.97,4,5,1
79,75,1.97,2.02,38.65,56.6,84.22,76.81,3,0,2
60,66,1.39,0.98,59.2,40.35,74.06,87.53,2,3,0
60,74,1.85,2.08,70.62,35.41,77.75,71.04,3,5,0
76,82,1.94,1.93,49.36,54.37,73.99,81.1,5,1,2
81,66,0.67,1.15,44.54,68.86,78.95,80.72,4,1,2
79,92,2.25,1.45,43.62,48.86,75.5,80.43,4,0,1
60,80,1.27,1.78,47.04,41.67,80.72,79.41,5,5,0
63,92,0.75,1.58,47.41,41.56,81.18,72.26,3,3,0
74,70,1.94,1.43,71.69,63.92,79.02,82.82,4,4,1
68,85,1.41,0.58,48.05,41.36,75.61,77.84,0,5,0
93,60,1.39,1.16,67.54,35.25,76.46,78.94,5,4,2
98,65,1.54,0.9,34.35,56.96,83.47,80.02,4,0,2
73,89,1.37,1.85,72.78,49.73,74.32,75.26,3,2,0
75,75,1.85,1.93,48.9,64.73,86.43,81.39,0,2,1
65,89,1.9,2.36,53.52,50.96,76.44,83.85,0,2,0
67,75,2.03,1.12,42.72,47.72,73.42,89.3,3,5,0
83,65,2.61,2.78,53.65,69.97,82.42,62.81,0,0,2
88,80,1.18,1.08,64.3,54.96,73.32,82.9,0,4,0
87,88,0.7,1.95,39.6,27.88,88.22,78.48,3,1,1
85,60,1.41,1.31,45.57,53.43,83.03,75.04,1,2,2
78,65,2.73,0.49,56.24,50.23,79.86,83.79,0,5,0
63,83,1.22,1.69,41.87,62.6,81.0,82.48,0,5,0
90,92,1.49,2.16,41.35,59.29,83.63,78.87,3,5,0
70,85,1.32,1.63,47.03,45.48,75.88,71.97,2,1,1
98,99,1.89,1.43,48.59,66.02,72.08,82.77,4,5,1
68,81,1.32,1.13,40.6,43.73,79.42,77.06,5,3,1
77,87,2.76,1.86,35.49,56.89,81.64,78.21,2,0,1
75,69,2.09,1.78,40.22,45.6,85.09,76.5,0,1,1
80,86,1.31,1.45,43.42,48.8,74.07,76.88,1,3,0
74,79,1.44,0.79,40.99,26.94,75.24,82.87,0,5,0
72,85,1.44,1.38,48.5,63.25,78.9,80.16,2,2,0
80,99,2.0,0.92,46.88,43.9,84.21,87.27,2,0,1
94,94,0.79,2.56,21.48,50.69,68.41,84.17,1,3,1
97,74,1.7,2.16,52.38,40.03,74.88,74.73,5,4,2
75,75,2.04,1.74,36.68,70.85,82.31,83.46,1,0,1
67,90,0.72,1.14,39.57,61.19,75.95,85.76,5,3,0
81,97,1.4,1.8,29.71,33.91,75.97,87.16,3,1,1
95,62,1.08,2.27,59.65,37.82,86.63,85.76,1,3,2
73,93,2.27,0.64,67.32,43.03,85.05,82.52,2,3,0
95,84,1.53,1.04,51.36,50.11,66.67,76.35,2,0,2
83,78,1.71,0.8,64.07,47.44,85.43,77.41,2,3,1
62,76,1.97,2.3,53.29,56.89,89.38,83.85,0,2,0
95,60,1.73,2.03,44.04,44.08,81.87,87.61,0,1,2
95,79,0.97,2.15,52.43,38.71,77.87,77.55,3,4,2
61,88,2.0,1.95,37.04,61.73,84.87,83.02,1,0,0
96,95,1.98,1.59,35.1,50.24,80.64,74.81,4,5,1
66,61,1.31,1.32,57.44,65.41,82.19,73.97,3,3,1
86,87,2.18,1.04,49.51,37.41,88.89,89.95,1,4,0
61,92,2.69,1.27,56.4,50.96,77.38,80.21,2,5,0
87,75,0.78,1.43,37.43,46.24,85.11,85.58,4,5,1
86,83,1.31,1.31,41.11,52.4,85.36,87.54,1,0,1
95,75,1.86,0.6,45.27,37.26,83.06,83.34,2,4,1
78,90,2.0,0.55,59.22,32.63,68.28,77.9,3,0,1
80,73,1.5,0.93,52.38,52.29,75.76,80.12,0,1,1
77,69,1.18,1.15,41.57,57.21,78.65,81.48,0,0,1
67,83,1.69,1.38,40.59,46.27,78.83,72.28,5,0,1
68,73,1.56,2.37,54.43,51.02,77.6,78.12,0,5,0
74,90,1.85,1.46,45.97,55.27,86.2,75.89,5,0,1
70,96,0.65,0.44,47.68,57.03,77.03,83.86,2,5,0
83,61,0.54,1.22,31.75,48.47,88.2,81.26,1,5,1
92,88,1.75,0.47,55.41,44.44,81.15,80.2,4,5,1
71,79,2.01,1.33,43.74,60.92,83.57,77.33,3,1,1
79,64,1.39,1.39,40.19,68.04,78.52,78.65,0,5,1
74,79,0.54,2.31,44.04,56.5,69.82,75.68,0,1,1
86,75,2.01,1.44,43.74,49.38,74.42,79.63,0,4,1
79,88,1.85,0.99,49.92,38.15,74.42,83.88,4,3,1
67,70,1.45,1.2,35.5,51.23,84.85,82.56,2,3,1
62,68,0.86,1.92,40.01,46.75,81.84,76.53,3,4,0
92,66,1.05,0.66,42.55,52.32,94.06,80.67,0,3,2
91,98,2.6,2.11,53.83,49.32,85.56,84.92,0,4,0
87,97,1.17,1.25,70.74,39.29,85.54,84.76,1,2,0
70,97,0.59,1.51,55.12,60.2,77.99,76.44,3,0,0
71,87,0.79,1.89,64.78,36.91,78.94,78.58,1,0,0
82,86,1.79,1.3,49.9,60.36,74.61,81.14,0,4,0
77,65,1.35,1.31,34.66,58.96,85.14,82.46,3,4,1
63,91,1.24,1.39,41.05,41.6,76.48,88.84,2,0,0
79,72,2.1,1.77,53.36,55.42,79.98,80.79,5,3,2
79,72,2.5,1.76,61.4,53.03,80.84,82.81,4,2,2
91,79,1.83,1.52,46.98,67.11,77.59,82.73,4,2,2
64,71,0.76,2.54,60.15,50.23,81.17,75.15,5,0,2
71,67,2.05,1.28,46.21,69.57,70.52,70.43,1,4,0
99,60,1.16,0.71,52.94,51.89,83.82,79.87,2,0,2
62,82,1.07,2.02,38.17,49.53,80.77,76.36,1,2,0
74,84,1.02,1.87,46.08,25.43,71.01,75.79,0,3,0
77,76,1.79,1.49,37.75,48.17,86.07,83.44,1,5,0
63,70,1.74,1.57,39.49,64.13,81.72,82.63,1,3,0
89,91,1.93,1.51,63.23,48.47,73.89,89.2,1,0,1
99,98,1.06,1.2,57.42,54.26,81.61,74.69,0,3,0
77,76,2.23,0.96,48.67,43.67,87.18,85.02,4,0,2
97,70,2.36,2.89,59.19,45.27,83.03,91.83,2,1,2
76,63,1.8,1.63,52.01,32.28,75.04,75.41,0,3,1
84,60,1.11,0.86,44.63,38.35,87.49,82.76,4,5,2
79,82,1.37,1.64,36.84,59.68,77.07,83.78,2,2,1
67,89,1.61,1.65,20.03,53.13,72.84,81.35,0,5,0
94,62,1.17,1.45,61.79,36.65,76.45,80.02,2,0,2
99,72,1.29,1.43,53.17,53.13,71.92,82.18,1,4,2
83,97,1.61,2.16,54.03,42.79,72.5,87.93,0,4,0
69,83,1.99,1.01,74.07,31.6,72.12,79.62,3,4,0
66,89,1.52,0.89,56.36,44.07,65.65,75.55,3,1,0
75,88,2.26,1.9,55.03,49.26,80.84,77.99,4,4,0
94,99,0.91,0.85,39.75,63.05,90.03,76.87,3,1,1
97,80,0.86,0.29,72.76,45.08,75.72,75.06,4,2,2
85,98,1.8,1.38,46.02,30.78,73.07,78.06,0,0,0
75,79,1.17,2.15,51.2,33.84,80.37,93.69,5,5,1
63,72,0.71,2.0,59.7,39.8,84.22,83.37,4,0,2
89,62,1.78,1.18,50.58,65.78,76.24,76.61,4,5,2
89,72,1.04,1.02,44.75,47.69,79.64,79.97,2,5,1
91,80,1.82,1.53,52.75,42.88,71.67,72.4,1,5,1
80,72,1.59,1.41,38.91,46.69,83.75,80.11,4,0,2
87,67,1.66,2.0,46.15,47.03,75.74,78.69,1,1,2
86,74,1.4,1.45,38.03,50.88,85.62,76.54,5,1,2
89,79,1.74,2.21,63.03,52.24,73.92,87.29,4,3,2
90,71,1.83,1.39,37.64,56.46,81.74,84.02,2,2,2
94,93,1.48,2.18,57.91,72.19,80.2,81.53,1,3,1
72,82,1.56,1.11,55.62,62.62,83.28,83.66,4,1,1
76,96,0.65,1.13,58.66,58.54,76.28,79.15,1,5,0
73,76,1.3,1.69,48.13,51.27,82.05,77.31,5,2,2
70,82,1.95,2.53,58.43,48.27,79.82,76.26,2,2,0
83,70,1.79,1.96,43.72,67.2,72.94,82.27,2,5,1
80,72,1.72,1.38,49.75,50.45,78.11,77.07,1,0,2
86,89,1.67,1.16,51.63,63.89,78.05,74.7,4,5,1
74,86,0.9,1.58,45.85,69.37,81.32,80.84,2,4,0
91,85,1.62,1.22,57.61,29.91,88.92,77.64,5,1,2
95,65,1.23,1.49,57.5,71.07,68.74,79.6,3,4,2
64,99,0.91,1.89,24.61,62.96,82.09,78.62,3,0,0
83,75,2.43,0.78,62.97,42.4,81.71,87.48,5,2,2
96,69,2.27,1.73,56.48,60.31,80.58,73.14,0,5,1
79,95,2.33,1.66,54.51,67.77,86.88,81.68,3,4,0
73,94,1.13,1.29,56.39,49.37,85.87,78.22,5,2,1
85,91,1.91,1.46,44.48,66.96,70.45,88.85,2,1,1
98,82,1.35,1.0,50.57,34.66,77.55,77.04,4,4,2
78,69,2.14,2.83,47.46,53.22,81.58,78.15,0,2,1
65,91,1.64,0.96,59.79,52.74,74.52,70.81,4,5,0
69,69,1.14,1.3,46.92,52.48,70.68,91.52,5,1,2
90,82,1.52,2.38,31.05,59.1,79.36,80.75,2,0,2
86,68,1.56,1.69,21.98,43.6,72.59,75.79,4,0,2
91,86,1.86,1.93,51.83,32.83,75.73,80.05,1,3,1
74,83,1.52,1.61,41.96,49.03,72.38,79.66,0,0,1
94,62,2.46,1.62,53.91,58.3,80.64,89.25,5,2,2
65,89,1.36,0.56,35.53,55.45,76.57,82.15,3,4,0
94,91,2.26,2.16,37.97,48.95,79.23,83.7,1,4,0
92,94,0.91,1.72,63.76,53.8,80.25,73.71,0,5,0
70,75,2.28,0.88,69.45,40.69,84.11,84.38,2,3,1
90,74,1.82,1.72,50.6,52.66,74.89,82.31,2,4,1
60,90,1.87,1.3,65.82,39.54,79.49,87.28,5,3,0
98,60,1.67,1.69,52.09,57.12,72.45,72.39,4,0,2
86,84,2.06,1.98,42.63,52.18,82.56,88.13,5,5,1
64,67,1.49,2.11,48.39,55.18,76.41,80.16,4,1,2
86,88,1.71,1.15,46.73,54.47,88.52,77.75,2,5,0
89,91,2.31,0.85,52.05,47.43,73.58,80.14,1,1,1
68,89,0.49,2.06,62.19,67.57,76.2,82.26,2,1,0
69,91,0.5,0.9,55.86,49.38,81.77,78.79,4,2,0
68,80,1.34,1.81,41.46,61.86,77.23,81.77,5,0,2
71,97,0.13,2.34,51.18,47.33,83.83,75.94,1,0,0
78,90,1.8,1.1,50.63,55.01,82.4,90.06,4,0,1
69,81,1.61,1.42,55.29,54.36,81.44,83.88,3,3,0
68,92,0.94,0.71,68.4,36.61,83.13,87.14,5,5,0
96,96,1.57,1.56,48.39,45.02,71.6,78.1,0,3,0
75,86,1.91,1.58,41.93,35.45,83.91,79.31,2,5,0
95,71,2.29,1.79,41.73,56.17,82.46,78.16,4,1,2
73,65,1.57,1.33,44.96,42.08,77.54,79.81,2,1,2
71,68,1.69,2.8,59.74,56.6,86.51,83.21,3,3,1
68,89,1.62,1.52,42.69,59.16,81.05,78.68,4,4,0
92,99,1.09,1.79,73.13,33.11,80.42,73.47,1,3,0
74,86,2.17,1.75,40.98,54.26,81.41,84.52,3,2,1
81,75,2.01,0.27,48.57,59.94,76.77,80.73,2,2,1
91,93,1.86,1.08,54.49,58.0,85.92,77.6,1,0,1
98,93,1.11,2.01,60.63,55.61,75.27,88.08,0,5,0
84,60,1.33,0.95,41.18,37.97,74.09,77.97,5,4,2
87,95,1.51,1.9,48.66,60.93,77.41,76.53,2,5,0
85,84,1.74,0.49,48.77,33.8,78.46,88.75,3,3,1
71,96,0.82,1.44,46.16,30.7,79.2,85.27,1,3,0
90,61,1.95,1.24,51.07,48.27,81.68,80.36,4,4,2
91,84,2.31,1.47,39.98,66.83,72.92,81.86,2,5,1
64,99,1.2,1.89,45.98,49.98,77.14,74.37,0,4,0
97,75,1.66,2.03,50.45,42.16,76.87,80.24,2,2,2
68,77,2.12,0.68,30.51,55.59,80.47,78.36,3,3,1
92,94,1.17,1.29,52.61,52.56,87.08,74.37,4,3,1
88,85,0.98,1.19,50.06,66.68,83.85,79.39,4,0,2
88,62,1.72,1.92,57.3,60.91,81.0,72.03,3,2,2
64,84,2.17,0.89,46.05,51.46,79.79,85.96,1,2,0
92,98,1.64,0.9,39.85,45.7,68.76,84.66,5,0,2
70,78,0.18,1.27,51.32,30.47,78.05,86.39,3,4,0
66,69,0.84,2.33,41.77,59.75,81.41,81.49,2,1,1
92,78,1.94,1.22,53.31,53.13,72.46,79.38,4,2,2
65,93,1.17,1.07,38.67,52.39,74.85,80.95,5,2,0
76,87,1.97,1.79,73.0,26.38,85.57,82.63,3,5,0
88,92,1.41,1.57,28.87,56.75,82.01,80.84,0,3,0
82,87,1.72,1.26,53.89,53.64,80.59,93.44,2,4,0
64,85,1.42,0.56,37.87,59.23,76.07,79.68,5,3,0
91,91,0.97,1.14,27.22,40.59,82.79,82.78,0,2,1
84,95,0.26,1.79,51.18,41.15,80.58,81.89,3,1,1
82,72,1.36,1.01,35.33,62.62,73.95,85.93,2,0,2
87,75,0.83,0.85,41.84,43.82,81.2,85.97,5,4,2
61,63,1.51,1.95,61.9,53.76,87.31,69.76,2,4,0
77,60,2.08,1.4,43.87,37.86,82.15,78.14,4,5,2
85,92,0.88,2.18,67.93,48.98,78.47,80.37,3,2,1
98,85,1.78,1.16,55.55,48.39,93.23,75.66,3,3,2
93,73,1.89,1.47,39.11,43.82,74.58,78.65,0,1,2
61,94,1.04,0.19,36.46,52.26,77.92,78.08,1,4,0
61,84,0.81,1.53,44.43,34.28,76.3,81.04,5,1,1
90,90,1.43,1.75,37.32,59.0,79.49,81.8,2,5,0
60,60,1.19,0.57,71.1,33.6,78.48,79.45,0,2,1
93,72,-0.05,1.95,53.99,33.67,76.88,82.16,3,2,2
89,94,1.62,1.56,45.43,36.58,83.7,76.88,4,1,1
73,80,2.46,0.66,41.86,44.35,71.32,76.56,5,0,2
76,82,1.92,1.96,41.75,54.37,79.06,79.68,2,0,1
94,71,2.09,0.71,65.53,67.55,84.97,85.16,3,3,2
87,74,1.35,1.54,55.96,52.23,82.94,87.26,4,4,2
86,80,1.52,1.2,61.27,45.31,82.74,84.53,4,0,2
87,87,1.66,0.53,48.68,41.85,80.7,70.78,1,4,0
86,60,0.76,1.98,58.91,50.55,84.63,82.66,5,3,2
83,60,1.64,0.43,52.47,52.0,78.82,77.63,3,4,2
77,88,1.72,0.75,44.74,32.76,67.07,90.56,5,1,1
77,74,1.82,2.11,48.8,68.72,78.36,90.29,1,3,1
60,99,0.84,1.34,37.45,51.71,74.61,77.9,3,5,0
88,89,0.81,1.56,73.89,60.29,88.52,84.54,5,4,1
96,67,1.01,1.86,52.81,40.97,74.62,82.32,1,4,2
81,91,1.52,1.99,41.56,51.51,80.19,81.05,0,0,1
64,76,0.95,0.8,59.95,34.33,71.89,79.59,3,1,1
99,75,0.41,1.38,65.44,42.51,75.89,82.57,5,2,2
76,69,0.87,1.53,57.77,54.92,79.12,78.87,2,1,2
73,99,1.49,1.06,41.28,47.03,84.18,91.0,0,4,0
76,62,2.63,1.43,44.92,63.8,74.51,84.99,5,2,2
62,91,0.69,1.0,48.25,49.43,87.35,85.38,1,0,0
74,84,1.02,1.51,55.53,58.38,77.06,90.2,1,1,1
62,94,1.58,1.22,43.26,61.91,84.77,76.47,1,5,0
97,63,1.28,2.04,44.12,34.1,75.01,80.53,3,2,2
79,78,1.09,0.66,44.31,48.24,68.95,75.68,1,0,1
73,64,1.3,1.98,37.29,49.83,82.63,78.85,2,1,2
98,91,2.33,1.64,66.25,57.19,75.58,74.06,5,1,2
91,78,2.01,1.53,42.79,54.93,86.83,81.66,1,0,2
99,99,1.3,1.27,53.28,57.48,74.13,81.21,5,1,2
84,65,2.07,1.48,50.4,58.92,82.1,83.16,4,2,2
89,88,2.3,0.84,26.8,56.0,71.53,80.48,2,1,1
98,81,0.99,2.69,57.96,36.43,81.63,86.44,1,3,1
67,77,1.56,1.66,33.0,76.05,81.07,78.13,1,3,0
98,60,1.89,1.56,72.7,46.56,76.86,80.65,4,2,2
70,61,0.85,0.87,67.05,53.45,73.57,81.74,0,3,1
77,67,1.83,0.37,47.4,38.85,73.95,88.85,0,2,1
70,63,1.5,1.14,47.06,33.92,78.54,82.72,0,3,1
97,63,1.53,2.35,41.93,40.87,86.09,80.9,0,0,2
91,91,1.2,1.44,47.71,63.41,90.6,79.04,0,4,0
76,71,0.84,2.14,59.3,49.37,82.39,78.58,5,3,2
90,85,1.65,2.35,42.88,38.16,80.63,77.24,1,4,1
96,60,1.76,0.94,38.92,47.32,76.21,84.12,3,1,2
81,71,0.96,2.04,50.32,55.46,67.78,75.8,2,3,1
84,83,1.07,1.55,46.77,53.63,83.73,79.39,1,2,1
62,98,1.89,2.58,66.8,50.01,83.59,77.77,3,4,0
90,79,1.81,1.97,46.75,43.93,80.17,81.66,1,4,1
84,60,1.35,1.47,53.9,49.97,72.95,79.75,4,2,2
77,98,2.51,2.58,42.14,49.39,77.53,84.56,5,3,0
97,95,1.26,0.85,41.02,31.28,85.4,82.96,2,4,1
64,70,1.66,1.77,40.46,57.04,77.63,81.01,3,1,1
97,99,1.68,1.76,59.72,41.94,81.78,75.44,0,5,0
71,65,1.27,1.07,47.29,36.16,76.8,76.09,4,2,2
85,92,0.59,1.35,34.39,53.62,84.54,78.89,1,4,0
77,86,1.69,2.3,53.0,48.56,82.11,94.16,1,4,0
63,74,1.9,0.68,51.28,42.69,80.13,79.79,4,4,0
69,72,1.89,1.29,48.68,32.16,84.63,74.93,4,3,1
60,74,1.32,0.72,34.85,44.29,76.0,79.1,2,3,0
89,90,1.46,0.83,38.86,43.34,89.07,96.31,2,4,0
90,94,2.22,2.95,45.28,44.6,91.13,85.75,4,4,1
84,77,1.52,-0.02,48.88,61.09,79.91,79.42,1,5,0
97,76,1.0,2.31,50.77,54.4,86.06,84.45,0,2,2
71,72,0.92,1.02,54.94,49.94,81.61,84.52,0,2,0
73,74,1.51,1.31,37.89,41.32,76.77,79.07,5,4,1
80,76,1.14,1.57,37.89,54.18,81.37,84.08,3,4,1
70,96,1.46,2.35,40.51,44.3,71.35,78.74,4,4,0
64,90,1.95,3.26,33.62,40.17,83.85,79.3,2,0,0
64,69,1.31,1.15,59.8,65.33,82.71,78.0,1,2,1
96,76,1.68,1.7,57.09,58.7,88.13,72.47,5,3,2
98,79,1.3,1.37,52.82,62.72,80.22,87.11,1,5,1
80,64,1.36,1.29,59.06,40.93,75.02,75.31,4,4,2
76,67,1.29,1.35,43.17,33.92,81.52,80.01,2,3,1
75,68,1.81,0.89,43.84,54.71,86.12,71.57,5,0,2
71,97,1.37,0.85,27.17,53.73,79.35,82.17,5,0,1
85,99,0.94,1.03,68.88,51.04,77.15,79.01,4,2,1
65,65,1.27,0.4,59.17,34.36,82.89,83.7,0,1,1
79,88,1.14,2.52,56.59,55.69,85.97,83.28,1,1,1
87,69,1.45,1.67,28.24,59.64,68.89,84.35,0,0,2
74,82,0.3,0.91,57.14,34.49,79.68,77.13,5,5,1
83,69,1.55,1.5,47.11,41.86,77.16,74.16,2,3,1
74,79,1.13,1.9,42.23,58.29,74.39,78.14,1,1,1
69,77,0.8,1.35,36.44,37.76,79.01,75.45,3,2,1
75,77,1.6,1.18,54.15,39.58,79.33,77.88,1,2,1
88,90,1.54,1.81,54.3,49.78,77.67,89.1,4,0,2
95,99,1.79,1.61,61.84,58.09,83.31,81.69,3,5,0
68,80,1.53,2.04,33.4,48.03,71.15,82.25,5,2,1
83,97,2.61,0.69,55.55,52.09,74.95,74.01,1,2,0
61,72,1.86,2.41,65.76,60.41,80.87,73.86,1,2,0
79,99,2.27,1.77,53.91,44.78,82.43,78.63,4,0,1
82,79,2.08,0.86,46.92,54.12,74.76,74.51,4,5,1
81,63,1.75,2.33,49.55,44.74,78.36,84.67,4,1,2
80,71,1.53,2.14,50.85,53.55,90.18,86.24,5,1,2
61,67,1.08,1.36,46.23,50.18,77.34,77.29,5,0,2
79,66,1.81,2.15,56.92,44.64,81.28,88.95,4,5,1
90,87,1.28,2.3,39.98,48.6,75.45,86.12,0,4,0
70,89,1.89,0.79,28.83,36.41,87.32,82.82,4,1,1
85,65,1.76,1.73,61.26,47.03,86.45,88.39,3,2,2
91,61,1.62,1.73,32.92,46.17,78.82,74.05,3,2,2
70,77,1.58,1.5,47.86,49.55,82.53,76.7,1,3,0
96,65,1.23,1.49,61.13,51.74,87.48,79.42,2,1,2
76,80,1.29,1.22,58.06,60.87,84.14,81.65,5,3,1
68,66,0.94,2.27,41.63,65.73,79.72,76.97,5,0,2
67,94,0.97,0.97,46.52,43.19,73.97,74.45,5,3,0
86,95,1.87,2.11,46.07,53.82,79.12,83.95,2,1,1
60,64,1.73,0.98,54.32,48.41,84.74,74.09,1,1,1
68,96,1.83,0.99,42.7,55.72,78.74,73.99,5,4,0
87,94,1.35,1.69,31.87,42.06,67.23,81.76,3,4,0
93,90,1.32,1.51,38.82,58.96,74.47,78.32,1,0,1
69,96,1.13,1.03,25.65,48.92,77.19,82.34,4,2,0
60,62,1.46,1.05,53.64,63.39,83.0,82.1,0,2,0
63,81,1.57,1.65,47.63,50.1,78.92,91.52,0,1,0
79,72,1.18,0.9,53.46,55.36,79.53,84.05,0,5,0
83,60,2.52,1.16,44.74,57.21,72.62,78.18,2,0,2
75,92,2.5,0.72,53.76,55.09,83.31,78.47,3,1,1
83,75,1.25,1.69,47.93,27.25,80.18,75.11,4,1,2
68,62,1.95,2.48,39.5,38.94,79.08,83.17,2,2,1
96,84,0.79,1.9,55.7,46.95,71.52,76.1,2,1,2
82,64,0.63,1.82,41.06,43.66,79.86,71.16,0,3,1
65,63,0.9,0.32,53.33,54.84,76.44,86.63,0,3,0
67,66,0.94,1.71,36.84,37.69,81.61,76.89,4,2,2
79,79,0.98,1.3,47.39,61.6,81.96,76.49,2,1,1
74,88,2.03,0.9,56.31,41.97,79.97,77.45,3,3,0
64,78,0.74,1.39,43.74,44.3,86.55,81.68,1,4,0
78,97,1.67,2.48,49.01,49.49,78.07,81.85,0,1,0
64,60,1.51,2.0,32.16,46.32,77.11,86.65,3,5,1
65,81,1.95,1.65,52.49,43.26,75.59,85.75,5,5,0
81,68,0.95,2.39,37.65,59.44,71.96,69.08,5,0,2
66,91,1.14,1.46,39.28,47.0,83.78,79.02,5,3,0
61,91,1.47,2.79,47.17,49.15,79.05,78.94,5,2,0
94,99,0.79,1.36,52.72,51.78,80.95,80.73,5,3,1
96,79,1.63,1.74,43.44,31.26,76.62,93.76,4,1,2
64,67,1.44,1.46,56.37,50.1,83.85,85.07,3,0,2
73,76,2.26,1.45,46.22,57.44,74.99,87.41,2,0,1
81,65,1.56,1.28,52.4,55.09,72.47,80.03,4,2,2
78,69,1.03,1.73,44.36,44.89,85.65,80.14,1,5,0
71,66,1.7,1.14,42.88,66.65,79.66,74.53,3,3,1
77,94,1.35,1.0,70.46,44.73,76.36,76.48,0,5,0
82,72,1.81,0.68,40.31,38.02,74.89,84.33,1,5,1
63,78,1.6,1.35,52.42,34.66,74.02,82.56,0,4,0
70,66,1.24,1.5,57.17,62.04,75.82,71.87,5,3,2
76,65,1.13,0.93,44.6,40.48,80.91,82.9,1,4,1
69,76,1.81,1.06,54.39,34.1,71.98,80.0,4,2,1
88,80,1.11,1.08,60.54,63.63,77.2,67.86,4,1,2
76,61,1.63,1.56,43.1,62.94,83.6,76.86,1,2,1
64,63,0.7,1.23,46.76,50.53,75.63,83.71,1,1,1
71,60,1.83,1.93,46.55,57.85,73.13,77.18,0,3,1
94,83,2.21,1.51,52.0,57.0,76.95,78.82,4,0,2
79,97,1.59,1.64,39.15,53.53,80.78,77.34,5,1,1
86,86,1.56,1.27,33.9,51.38,73.54,80.85,5,1,2
76,69,1.61,1.08,59.05,44.0,75.35,81.15,5,5,1
94,70,0.61,1.64,44.05,36.95,85.42,74.87,5,0,2
81,88,1.62,1.46,41.51,47.8,78.02,76.78,1,1,1
81,91,2.05,1.69,53.83,57.81,89.08,78.86,5,4,1
89,89,1.42,1.8,51.67,57.7,82.69,83.1,2,3,1
69,84,1.2,1.9,55.2,44.53,86.51,73.68,0,2,0
99,96,1.79,2.04,64.11,50.4,85.91,82.23,3,1,2
63,89,0.75,1.24,35.48,51.81,79.66,89.86,5,4,0
90,76,1.97,1.15,27.27,39.01,79.75,81.29,2,2,2
73,66,1.36,1.66,56.19,48.62,76.05,88.07,3,5,1
60,94,1.81,0.79,41.55,43.56,81.17,79.04,4,4,0
72,79,1.62,1.84,35.94,67.12,83.84,77.64,5,5,1
87,65,2.01,1.31,62.62,56.36,72.34,81.65,2,1,2
74,99,1.98,1.84,51.1,58.98,75.73,85.04,3,5,0
93,66,2.04,1.32,39.55,44.71,93.01,81.2,4,0,2
67,83,1.77,1.33,50.75,45.56,84.14,80.63,3,3,0
99,97,1.69,1.58,7.13,47.72,79.0,85.4,1,5,0
75,82,2.24,1.78,46.05,55.64,78.17,79.44,1,2,0
64,75,1.69,1.15,43.18,53.94,75.2,81.59,0,3,0
78,72,0.81,1.52,57.81,55.59,80.99,74.6,2,1,2
83,69,2.26,1.12,41.04,51.1,76.17,74.29,4,4,2
84,89,2.37,0.92,45.7,62.41,73.09,85.73,3,5,0
71,84,1.22,1.24,62.03,57.16,66.55,80.27,0,2,0
90,99,1.3,0.78,63.06,55.44,75.78,85.59,4,1,1
76,90,1.07,1.67,61.89,54.66,85.4,82.15,0,4,0
71,77,1.77,0.81,40.53,63.77,80.36,67.33,2,4,0
60,87,1.83,2.29,25.82,62.31,79.27,79.94,1,3,0
75,88,1.01,1.57,51.95,49.99,84.39,81.83,3,3,0
99,85,0.96,0.38,53.03,73.83,76.13,78.12,1,2,1
88,92,1.3,2.23,50.78,61.19,85.18,67.86,5,0,2
88,94,1.47,1.81,45.96,59.85,76.81,83.79,5,5,1
95,78,2.02,1.02,41.89,60.5,73.28,81.54,4,0,2
94,98,1.56,2.25,57.5,54.65,78.73,84.33,3,3,1
94,73,0.81,1.32,54.73,46.1,79.63,73.34,3,0,2
80,62,1.13,2.45,50.99,56.82,80.11,75.07,0,2,1
95,74,2.13,1.86,61.81,45.67,77.09,80.11,4,3,2
96,95,0.44,0.91,56.37,38.12,79.83,81.31,2,1,1
71,93,1.75,2.36,68.48,33.91,71.52,76.51,1,5,0
73,82,1.46,0.3,43.38,61.68,84.6,75.63,3,2,1
73,74,1.03,0.97,56.9,60.35,73.45,83.86,2,1,1
88,78,1.51,2.41,45.15,41.45,70.56,80.55,5,3,2
82,84,2.11,1.03,54.36,54.65,86.77,77.89,2,0,1
73,85,1.17,0.78,50.96,59.45,75.8,83.08,0,4,0
80,71,1.11,1.97,43.2,36.46,74.14,83.22,5,5,1
61,66,0.96,1.33,52.35,37.06,81.79,71.63,4,0,2
71,84,0.52,1.14,58.53,50.01,80.32,83.45,4,3,1
63,72,1.64,0.92,43.73,57.12,69.72,85.35,4,5,0
71,97,1.77,1.31,50.99,45.73,75.86,79.53,0,4,0
64,67,1.02,2.05,50.65,48.23,78.27,75.7,5,2,2
98,65,1.21,1.46,49.14,47.94,71.54,85.32,2,5,2
69,72,1.09,2.0,43.56,35.94,72.37,80.65,2,0,1
84,98,1.67,1.2,58.34,56.71,71.65,81.42,3,4,0
69,70,1.19,1.4,43.47,52.46,85.01,75.12,0,1,1
73,86,0.63,1.81,45.94,42.76,76.26,81.4,0,5,0
72,98,1.45,2.13,62.27,35.81,80.8,93.56,0,3,0
69,80,1.99,1.39,35.07,37.35,81.06,79.78,4,5,0
71,82,1.16,1.42,56.08,60.43,77.58,84.52,0,2,0
76,89,0.75,1.82,49.23,59.71,78.17,86.3,1,0,1
84,63,1.07,1.82,60.54,40.61,80.37,81.52,0,5,1
84,84,2.21,1.64,41.27,50.28,90.22,76.43,1,5,0
87,64,1.31,2.28,49.31,64.74,80.54,73.98,0,3,1
66,92,1.91,1.28,31.41,39.01,71.45,82.03,0,3,0
90,64,0.55,2.02,44.79,53.3,82.38,71.91,2,0,2
78,94,2.29,0.49,35.79,54.56,76.44,88.06,5,5,0
87,74,1.41,1.22,58.35,50.17,75.57,90.25,0,0,2
97,73,1.49,1.2,54.26,31.63,74.45,81.64,5,0,2
85,72,1.07,0.25,51.73,55.41,77.12,79.91,3,0,2
86,98,0.84,1.34,49.07,57.36,80.5,88.26,4,0,1
88,81,0.67,1.99,15.14,46.9,84.05,79.82,0,3,1
83,82,0.97,1.28,55.41,57.14,79.52,83.0,0,2,1
82,98,0.59,0.29,52.18,51.12,82.72,78.98,1,5,0
79,98,0.94,1.74,44.95,51.27,72.13,80.53,5,4,0
72,81,0.78,1.36,37.02,49.71,76.46,72.2,3,3,1
89,98,0.47,1.6,41.54,33.64,85.48,75.52,4,1,1
88,60,1.33,1.13,42.34,29.97,77.78,76.16,3,5,2
81,81,0.23,1.35,56.84,56.48,79.84,78.89,3,0,2
75,84,2.21,1.89,35.66,35.96,77.64,66.95,0,3,0
69,86,2.04,1.57,42.57,57.35,80.52,77.24,3,0,1
72,66,1.41,2.74,49.0,43.29,83.47,80.32,4,0,2
63,77,2.3,1.73,40.14,60.2,93.57,81.94,3,1,1
67,89,1.61,1.01,64.15,68.54,80.4,75.05,1,5,0
81,82,1.36,1.93,48.57,39.85,79.1,78.66,5,0,2
86,97,1.32,1.12,72.66,38.47,77.88,73.86,2,3,0
73,87,1.34,1.78,44.37,41.96,80.69,85.1,4,5,0
85,88,0.66,1.56,50.61,47.8,88.33,77.97,0,4,0
96,69,1.85,1.81,59.15,54.56,93.09,77.57,3,3,2
82,66,0.53,1.01,41.12,57.51,81.28,81.81,4,2,2
92,74,1.27,2.47,72.53,63.08,76.95,79.76,1,1,2
67,95,1.97,1.59,44.55,47.88,80.55,84.86,1,1,0
70,85,1.43,1.31,49.95,61.51,70.33,81.93,2,1,1
61,87,1.79,0.96,42.66,46.28,85.23,76.64,3,1,0
87,66,1.68,1.6,45.75,46.66,85.49,85.26,3,0,2
79,97,0.93,1.91,62.84,49.87,78.05,78.06,1,3,0
83,95,2.02,1.63,54.2,42.72,72.67,87.25,5,4,1
74,96,1.74,1.13,56.55,60.73,82.26,85.5,4,5,0
70,93,1.59,1.23,44.58,59.58,87.05,84.21,0,5,0
70,70,1.06,1.4,49.65,64.47,77.98,80.71,4,0,2
66,73,0.74,0.73,36.36,43.55,83.07,85.06,5,5,1
68,98,2.11,2.14,53.56,45.58,73.37,77.69,4,2,0
82,63,1.39,1.01,64.02,59.45,81.99,75.89,3,2,2
83,88,1.88,1.29,44.09,62.56,68.91,83.47,2,0,1
88,99,1.62,1.87,45.49,45.39,77.83,77.97,4,5,0
73,91,0.94,1.22,56.68,25.28,75.39,77.8,4,5,0
95,90,1.73,0.34,48.24,36.94,79.38,78.82,5,0,2
64,76,0.99,2.45,42.44,43.25,87.48,78.83,3,0,1
60,75,0.65,1.62,31.64,46.29,77.97,81.18,0,4,0
99,76,1.02,1.73,45.34,49.34,82.68,76.41,1,5,1
69,95,1.61,1.78,53.35,52.51,77.2,87.96,1,3,0
90,73,1.2,1.4,43.21,39.05,83.68,81.11,3,3,2
92,93,1.16,1.84,48.79,44.94,85.25,83.03,0,1,1
93,72,1.38,1.95,59.58,41.25,91.15,77.82,2,3,2
74,64,1.23,2.17,49.39,56.83,82.17,81.6,3,2,2
61,61,2.33,2.2,49.41,57.49,83.29,75.13,0,4,0
95,81,1.87,1.73,44.06,59.87,81.87,92.51,3,3,2
62,65,0.8,1.34,36.74,57.42,82.23,88.41,2,3,1
86,66,2.06,1.04,46.54,45.24,84.06,86.52,2,3,2
82,68,2.48,1.72,37.17,50.0,86.08,82.07,0,4,1
81,87,2.13,0.82,47.8,48.96,77.76,80.59,2,4,0
96,92,1.35,1.08,64.37,43.87,76.43,76.93,1,5,0
67,67,0.94,1.67,48.07,47.13,73.15,74.42,5,2,2
98,90,1.18,1.47,41.41,31.24,77.92,80.04,3,5,1
76,89,0.89,1.24,52.6,48.42,80.07,82.09,2,2,0
79,79,1.83,1.89,58.44,49.47,83.83,79.56,0,4,0
68,70,0.94,1.59,56.8,43.97,79.54,80.86,1,2,1
78,67,1.05,0.93,40.07,58.36,75.91,82.47,5,0,2
82,63,3.35,1.15,37.47,71.46,76.22,82.94,5,2,2
94,90,1.57,1.31,49.69,66.44,76.89,79.03,4,3,1
65,89,1.04,1.83,54.5,59.38,86.92,68.65,3,1,0
68,61,1.05,1.01,54.33,51.0,78.99,72.48,3,5,1
63,62,0.95,1.33,60.66,44.16,86.98,81.91,2,0,2
80,97,1.73,1.31,59.06,58.71,71.18,86.2,4,2,1
68,94,1.17,2.33,64.72,47.51,72.29,83.97,0,4,0
84,64,1.12,0.35,49.09,44.75,85.2,81.27,2,0,2
68,84,1.43,1.21,50.27,56.82,80.96,73.72,2,3,0
98,98,1.88,1.71,28.87,55.47,83.16,80.76,2,4,1
65,65,1.88,1.14,62.36,59.9,79.64,81.93,2,0,1
82,82,1.53,0.72,39.93,56.57,77.46,80.98,1,0,1
95,73,1.3,1.17,44.68,56.41,77.22,84.57,1,2,2
71,67,0.99,1.39,36.73,39.45,83.63,83.19,0,2,1
91,86,1.93,1.16,45.97,44.11,81.33,75.7,0,4,0
81,62,1.19,1.33,49.65,35.34,82.01,82.86,1,0,2
88,90,0.91,1.58,56.7,48.77,81.39,82.24,3,3,1
71,85,2.32,2.13,48.7,48.81,81.91,84.08,5,5,0
98,86,1.22,1.61,41.87,52.94,85.84,78.34,0,3,1
83,90,1.17,2.33,53.3,41.37,80.97,76.37,1,3,0
68,74,0.92,2.47,60.97,45.8,79.29,81.89,2,4,0
98,72,1.46,1.66,55.15,53.21,87.22,82.26,4,3,2
71,94,1.3,1.73,54.45,51.12,84.27,69.13,2,5,0
91,84,1.47,1.65,59.43,54.78,90.85,80.84,1,5,0
88,70,1.46,1.86,61.33,36.81,82.83,76.2,0,0,2
60,92,1.88,2.08,56.67,49.04,90.28,76.42,1,5,0
70,73,0.85,1.26,57.26,44.2,81.61,79.17,5,0,2
70,66,0.85,1.2,35.55,45.47,83.64,85.32,4,5,1
89,61,1.55,0.83,71.58,48.4,83.15,86.45,4,3,2
94,97,1.4,1.11,49.08,41.67,89.69,80.98,4,4,1
72,68,1.96,1.08,42.97,63.64,79.31,87.8,4,4,1
61,81,1.56,1.87,42.92,51.87,72.66,87.38,4,3,0
91,91,1.89,1.73,61.81,55.37,70.5,79.56,5,4,1
88,96,2.1,0.83,64.54,32.58,82.28,90.07,3,3,1
60,91,1.19,1.79,17.37,46.65,75.75,73.58,5,2,0
97,72,1.34,1.3,56.95,45.15,86.51,79.41,1,2,2
95,63,1.26,1.99,36.39,68.12,71.37,79.05,5,4,2
69,60,0.72,1.05,54.3,61.35,84.09,77.78,3,1,2
70,89,1.62,1.67,47.93,47.67,79.47,86.22,5,5,0
98,99,2.15,1.73,53.94,53.54,89.49,78.24,1,5,0
91,75,1.61,1.36,54.21,47.97,78.09,79.28,4,4,2
91,85,-0.09,1.36,58.19,55.88,81.04,74.4,4,0,2
83,77,1.84,1.44,47.95,26.51,77.39,79.89,0,4,0
77,72,2.44,2.36,35.41,36.11,76.69,86.41,3,4,1
93,83,1.85,1.95,50.09,48.56,73.28,82.88,0,3,1
87,82,2.35,2.58,51.83,42.07,76.77,89.01,1,5,0
95,60,1.56,1.98,64.79,64.92,82.41,70.27,0,4,2
89,68,0.49,0.63,47.82,42.24,77.69,85.33,5,3,2
72,64,1.58,1.47,46.44,47.95,84.24,75.63,2,3,1
90,84,1.71,1.8,51.18,48.36,79.39,73.21,1,0,2
72,67,1.41,0.93,46.7,25.44,70.88,81.45,5,3,2
69,67,1.69,1.81,43.5,58.31,83.22,79.59,2,1,1
64,84,1.74,1.13,53.87,46.5,86.29,76.3,4,5,0
74,74,1.6,1.45,58.13,65.42,79.79,84.54,0,4,0
72,81,0.51,2.07,57.36,65.56,82.19,86.88,4,0,2
61,92,1.89,2.01,39.17,51.07,74.74,69.24,2,1,0
96,82,1.96,0.19,38.52,42.34,78.6,75.17,2,3,1
71,84,1.38,1.78,51.49,41.5,78.65,66.2,5,2,1
72,63,2.02,1.28,46.2,37.27,76.76,86.19,5,4,2
81,90,1.62,1.71,39.79,56.81,80.2,74.19,1,5,0
91,99,1.39,1.39,40.15,51.8,82.03,76.33,5,2,1
67,81,1.53,1.12,44.78,45.52,88.8,84.47,5,3,1
73,84,0.75,2.36,42.62,57.34,85.73,79.14,0,1,0
72,88,1.59,1.29,56.63,47.58,80.22,86.15,0,5,0
85,74,0.79,2.01,40.83,45.12,76.69,79.69,1,4,1
90,97,1.74,0.8,71.37,50.92,85.86,82.05,1,1,1
69,90,1.13,1.85,36.79,47.76,82.83,81.86,3,0,1
60,86,1.27,1.75,62.66,56.24,71.54,81.86,5,5,0
75,72,1.61,1.15,57.34,51.96,90.4,79.08,5,5,1
71,93,2.3,1.26,52.74,36.89,80.46,79.58,3,5,0
60,84,1.13,1.5,66.29,43.12,83.43,78.01,2,0,0
89,60,0.84,2.16,60.65,39.43,90.94,83.84,0,5,1
91,78,1.08,1.19,48.36,33.54,84.33,86.14,1,5,1
69,99,1.03,2.74,50.62,51.52,74.49,86.09,4,1,0
92,80,1.54,1.55,64.23,56.18,83.52,87.15,5,3,2
98,77,2.33,1.34,53.96,42.44,78.54,81.58,1,4,1
88,97,1.29,1.84,59.05,56.14,86.44,83.87,5,0,2
99,73,1.55,1.6,58.7,52.5,71.62,84.42,3,5,2
86,88,0.88,1.15,54.14,54.33,76.9,93.34,4,3,1
85,70,0.98,1.76,31.35,46.93,86.8,82.06,5,5,2
69,61,1.62,2.32,47.55,52.33,82.71,74.43,4,1,2
77,96,0.9,2.17,38.96,30.62,81.97,76.56,4,4,0
71,96,2.24,0.74,48.76,45.77,83.42,76.27,3,5,0
73,66,2.67,0.61,55.43,44.28,78.48,82.52,0,2,1
65,68,2.72,1.11,67.95,44.18,78.69,79.87,1,1,1
64,86,1.52,1.16,45.8,49.42,84.19,79.27,3,4,0
70,66,1.69,1.32,46.07,40.41,83.84,68.69,4,1,2
69,98,1.74,1.51,49.52,46.9,76.54,78.87,5,0,1
61,72,1.2,1.81,52.46,47.37,75.36,88.85,2,4,0
60,87,2.31,1.83,51.41,46.14,78.46,84.06,0,3,0
94,65,2.12,2.25,40.02,61.74,80.05,82.12,3,4,2
86,85,1.99,1.48,41.71,79.44,84.15,77.18,5,4,1
60,65,1.8,1.14,52.63,61.4,82.58,75.67,0,5,0
76,86,1.65,1.66,71.29,53.1,77.19,78.23,2,2,1
73,76,1.75,1.69,48.72,47.75,73.89,76.29,3,1,1
79,80,0.22,2.04,49.13,49.98,78.98,80.53,3,5,0
69,62,1.02,1.97,53.18,42.51,78.58,78.39,4,3,2
90,76,2.03,0.76,31.91,56.47,85.99,80.02,5,5,2
63,84,1.36,1.94,53.97,49.24,85.68,74.83,2,2,0
75,75,1.6,1.5,60.59,48.54,77.23,82.25,5,4,1
85,85,1.6,1.28,50.14,66.88,82.38,75.63,5,3,1
87,93,1.99,1.77,52.18,49.61,83.46,80.13,4,0,2
99,72,1.8,1.28,64.44,49.05,75.84,78.44,2,1,2
83,90,0.68,1.17,39.44,38.82,82.44,78.93,1,4,0
64,90,1.74,0.31,65.99,62.39,72.4,73.52,3,5,0
83,78,2.2,1.84,57.65,44.86,76.43,82.58,1,0,1
67,89,1.66,1.22,45.81,50.64,68.1,73.03,2,3,0
77,68,2.5,1.61,49.42,55.15,79.69,80.04,0,2,1
99,95,1.07,1.56,57.71,68.62,72.66,85.05,4,2,2
78,86,2.0,1.01,49.53,39.79,80.93,72.31,4,5,0
92,93,1.26,1.65,51.47,38.59,80.42,83.89,5,0,2
70,83,1.58,1.77,59.41,41.96,81.52,79.01,0,3,0
91,97,2.09,1.35,51.04,40.25,73.98,81.41,5,0,2
78,97,1.28,0.96,62.01,29.0,75.17,89.23,5,3,1
69,85,1.58,1.51,50.69,39.69,79.83,81.82,4,4,0
63,66,2.64,0.83,42.69,46.92,80.33,80.14,2,1,1
92,96,0.85,1.08,35.6,43.44,80.27,88.36,0,0,1
61,70,1.21,2.28,53.99,40.44,81.88,81.01,5,3,1
64,69,2.0,1.75,73.32,43.13,78.8,69.31,0,5,0
78,76,1.13,1.82,41.85,35.62,90.48,80.02,1,5,0
90,91,2.02,1.52,58.57,44.71,72.77,80.12,4,3,1
86,90,2.09,1.18,56.03,30.72,81.62,80.09,2,3,1
73,87,2.18,1.31,47.24,47.01,82.67,75.51,0,5,0
65,82,1.02,3.03,52.25,35.26,80.46,78.33,4,3,0
98,62,1.98,1.96,49.62,55.19,81.81,79.76,1,1,2
70,81,2.13,2.01,36.36,54.27,72.66,88.15,4,5,0
69,66,0.67,1.17,63.42,37.44,75.77,83.19,2,2,1
75,85,1.54,1.33,60.54,41.08,86.32,71.55,1,4,0
89,67,0.75,1.4,42.69,51.17,80.7,85.0,1,4,1
68,88,1.27,0.68,20.76,56.43,88.14,86.18,5,0,1
94,79,2.34,1.55,55.25,44.81,85.9,80.05,5,0,2
93,85,1.57,1.64,56.82,57.13,85.27,80.1,1,5,0
66,60,1.06,1.42,53.98,48.68,81.34,70.99,1,2,1
79,96,2.32,1.68,60.13,52.03,81.72,75.88,5,0,1
64,65,1.61,1.9,46.38,41.17,81.47,79.92,2,1,1
81,69,1.5,1.12,60.06,63.01,82.4,81.39,3,4,1
81,88,1.24,2.6,38.28,36.92,73.11,75.1,1,4,0
91,66,1.72,1.02,54.87,65.96,78.75,82.77,4,5,2
74,99,0.86,1.61,66.71,42.53,74.33,79.4,2,5,0
99,67,1.4,0.76,62.66,42.59,89.39,85.14,1,3,2
85,94,1.58,1.23,50.68,50.52,71.89,77.47,4,5,0
85,66,2.14,0.1,44.7,64.62,78.42,89.0,1,5,1
67,96,0.88,2.01,40.73,27.34,85.36,80.63,4,4,0
76,69,1.35,1.86,41.08,58.59,90.81,78.15,4,3,2
97,89,2.55,1.32,42.64,54.7,79.34,86.42,1,1,1
86,71,1.67,2.26,37.85,45.41,82.43,76.17,1,2,1
72,87,2.05,1.74,39.14,66.09,83.5,74.08,2,3,0
82,65,1.51,2.06,37.87,57.93,79.36,73.82,3,4,2
78,93,1.9,1.55,33.87,47.43,85.14,84.02,4,4,0
75,63,1.2,0.18,58.25,47.47,76.68,76.83,3,0,2
98,86,1.61,2.0,62.67,69.2,79.42,81.41,5,0,2
87,94,1.12,1.82,50.06,61.84,73.89,73.24,2,2,1
71,89,1.44,1.41,40.91,54.3,82.4,78.02,4,1,1
90,83,1.33,2.82,44.56,41.06,76.28,76.62,2,0,2
83,92,1.75,2.16,58.98,64.0,79.41,80.98,4,5,0
74,88,0.67,1.9,60.7,61.24,79.67,82.61,5,5,0
95,84,1.56,1.09,50.4,35.46,88.3,81.91,3,2,2
70,94,1.83,1.72,45.87,50.11,74.48,82.93,0,0,0
79,74,1.77,1.32,43.73,53.88,90.88,79.35,1,3,1
78,81,1.12,1.32,48.15,57.42,74.83,81.13,0,4,0
74,65,1.61,1.9,57.11,47.77,78.26,74.8,2,5,1
86,78,1.05,1.0,55.5,45.8,72.11,78.45,2,3,1
94,98,0.83,1.35,58.9,49.38,81.27,77.2,5,2,2
69,89,2.05,1.64,44.33,32.17,85.61,78.78,5,2,1
90,71,1.53,1.26,42.09,60.72,82.57,73.62,2,2,2
65,95,1.63,1.85,57.13,39.75,82.08,78.33,3,2,0
94,88,0.79,2.79,54.47,42.35,77.79,78.06,3,4,1
69,87,1.97,0.71,48.15,53.33,74.7,79.48,5,0,1
72,62,1.24,2.36,41.09,43.67,71.14,78.24,3,0,2
61,62,1.92,2.14,53.94,31.32,85.09,76.27,0,5,0
86,85,1.83,1.74,48.33,59.72,81.04,78.14,2,2,1
71,71,1.91,2.25,36.06,52.0,68.95,83.19,2,5,0
90,86,0.9,0.28,54.04,64.43,79.97,75.33,2,4,1
74,63,1.96,1.67,49.96,52.84,73.12,88.55,2,4,1
65,61,1.85,2.05,30.69,59.59,81.81,78.16,5,4,1
78,70,1.19,2.72,30.63,39.35,82.64,82.88,5,2,2
63,90,1.72,1.54,56.14,63.01,70.56,74.32,0,0,0
83,98,1.42,1.82,48.74,49.07,83.89,77.67,0,1,0
66,86,1.49,1.29,40.69,29.59,71.66,88.79,3,4,0
82,90,2.71,1.6,44.07,47.49,73.11,84.21,2,4,0
91,66,2.13,1.59,55.24,35.33,81.5,86.96,5,4,2
70,64,1.98,1.09,49.6,66.17,78.56,74.66,1,2,1
96,86,1.38,0.99,48.36,35.24,85.88,76.15,1,3,1
65,65,1.2,0.99,56.61,59.11,74.59,75.31,5,1,2
89,93,1.46,1.4,48.84,56.19,86.55,70.71,1,4,0
79,90,2.33,1.56,43.52,63.03,75.69,76.78,0,1,0
72,60,1.62,1.19,62.35,56.44,74.09,89.19,0,5,0
62,87,0.62,1.29,69.74,60.58,82.28,81.69,4,0,1
88,84,0.78,1.48,56.23,49.46,88.1,81.47,0,4,0
90,69,2.34,1.47,48.19,54.34,77.3,83.8,3,5,2
67,75,1.28,1.53,54.28,30.87,83.86,77.71,1,1,1
83,85,1.87,1.55,46.49,46.18,80.88,74.5,4,2,1
77,88,1.39,2.13,49.05,48.29,84.35,78.75,3,1,1
81,91,1.24,0.97,60.93,46.82,78.45,69.53,4,5,0
64,61,1.57,1.49,34.95,38.66,73.83,84.37,1,2,1
89,68,0.37,1.97,54.48,52.11,84.45,79.36,1,4,1
90,94,2.07,1.76,37.73,37.08,79.1,84.71,1,1,1
69,91,1.35,2.18,52.2,39.74,70.79,85.05,1,4,0
71,86,2.11,1.55,61.6,44.35,80.44,80.33,5,1,1
99,77,1.86,1.33,55.98,42.5,85.92,80.43,3,5,2
65,76,1.15,2.17,56.96,47.58,70.64,76.6,0,4,0
89,92,1.7,1.59,49.14,57.82,80.7,78.83,5,4,1
85,84,0.7,1.52,51.92,54.78,81.49,83.69,3,3,1
80,65,1.43,2.29,47.52,46.55,82.39,75.85,4,3,2
81,80,1.44,1.35,48.12,30.42,79.71,82.02,5,2,2
74,99,0.83,1.02,35.28,54.69,78.47,85.21,1,4,0
75,60,1.93,1.07,54.96,31.73,82.08,85.03,0,1,1
70,81,0.48,1.49,36.42,57.2,84.27,82.44,4,0,1
67,65,1.57,0.99,65.01,39.34,84.21,84.42,2,5,0
63,61,2.63,1.7,51.61,43.8,76.71,72.23,5,5,1
86,88,1.43,1.7,46.15,51.96,68.9,77.76,0,5,0
86,62,1.11,2.06,43.53,46.52,84.91,89.69,5,4,2
89,60,1.64,1.53,31.07,40.77,82.55,75.29,2,2,2
79,92,0.34,2.17,50.94,52.82,82.94,80.39,4,4,0
83,73,2.21,0.82,56.93,27.14,72.97,88.03,3,3,1
82,78,1.8,0.7,33.49,45.75,84.98,80.84,4,5,1
95,68,2.08,2.54,55.73,59.3,78.94,85.89,3,1,2
82,81,2.13,1.35,45.01,21.79,77.58,81.42,5,1,2
90,73,1.3,2.47,46.43,44.53,82.22,82.95,5,1,2
64,90,1.71,1.73,56.62,54.75,92.22,73.76,2,0,0
64,86,2.31,2.14,29.8,57.55,77.68,77.91,5,0,1
98,88,1.47,0.67,47.48,32.13,84.86,83.92,5,0,2
71,71,1.41,2.31,50.14,60.85,80.32,85.03,5,1,2
84,71,1.48,1.2,52.06,43.13,79.93,75.52,5,4,2
98,93,2.09,0.66,57.18,69.73,78.37,83.25,5,1,2
64,80,1.52,0.82,52.04,60.04,74.69,78.41,0,2,0
63,65,0.76,1.78,55.9,71.91,78.14,75.61,0,0,1
70,70,1.82,1.0,54.43,54.98,76.99,86.81,5,0,2
97,92,1.31,1.37,40.27,47.71,73.41,84.95,0,0,1
98,94,2.16,1.69,55.51,36.6,76.86,83.69,2,1,1
64,77,0.15,2.03,31.9,51.16,82.97,86.03,2,2,0
84,96,1.26,2.23,51.84,51.37,83.72,83.31,5,1,1
86,79,0.88,0.83,54.27,52.17,83.93,69.3,3,5,1
78,91,1.03,1.45,33.33,41.7,73.82,78.85,3,0,1
67,69,1.33,1.79,41.72,52.29,85.26,83.68,1,4,0
67,65,1.48,1.9,34.9,28.33,78.71,73.54,3,5,1
91,67,2.22,1.97,37.81,53.87,81.5,83.8,0,3,1
69,95,1.4,1.28,37.65,53.04,80.19,78.63,0,4,0
70,78,0.69,1.23,61.53,50.73,83.78,89.93,3,3,1
97,98,1.67,1.01,40.68,61.39,78.72,68.43,0,1,1
61,90,1.94,1.3,49.65,44.71,81.52,71.76,3,1,0
81,84,1.51,1.42,33.49,57.8,80.32,87.21,2,5,0
80,69,1.39,0.91,61.83,60.31,86.29,82.6,5,5,2
62,97,1.7,1.72,56.77,47.35,82.2,72.53,2,0,0
60,99,2.07,2.4,56.37,65.46,77.86,83.54,5,0,0
86,80,1.56,1.89,51.02,55.48,84.43,75.88,1,5,0
60,75,2.06,1.58,65.24,53.6,70.4,82.49,5,3,1
74,82,1.31,1.67,40.27,36.12,79.08,78.91,5,1,2
76,90,1.49,1.16,40.77,41.3,72.33,76.78,4,2,1
60,81,1.42,0.88,40.13,52.3,77.68,79.52,5,3,0
70,76,1.4,1.54,35.45,33.18,82.23,79.05,5,5,1
94,94,0.76,2.05,46.85,43.34,80.36,88.64,3,5,1
83,87,1.44,1.31,60.25,48.61,73.22,77.66,0,5,0
98,87,1.26,1.68,49.18,50.32,88.31,81.46,0,1,1
79,93,1.56,0.92,55.94,62.55,80.59,80.7,0,4,0
61,87,0.22,0.64,44.28,49.67,92.99,74.67,4,3,0
85,93,1.3,1.84,43.37,51.24,80.42,91.58,1,1,1
61,82,1.2,2.03,37.46,54.24,88.6,79.91,2,2,0
62,94,1.3,1.09,68.12,35.64,76.03,85.4,1,4,0
79,86,1.53,1.45,47.77,59.31,76.93,75.83,1,2,0
81,90,0.81,0.62,67.7,43.55,83.23,78.56,5,4,1
92,79,2.0,0.84,48.42,60.18,83.22,81.14,1,5,1
79,65,2.53,0.98,48.88,57.96,75.05,78.01,0,1,1
97,77,1.81,1.93,37.59,53.95,90.77,80.72,4,1,2
81,71,2.16,1.73,51.02,51.88,87.72,81.16,5,1,2
86,64,1.1,1.76,43.51,56.98,83.2,77.34,2,1,2
97,91,2.1,1.58,54.81,54.63,84.9,74.94,1,5,0
88,96,1.32,1.74,44.18,54.36,73.37,84.44,2,4,0
77,90,1.54,1.14,34.44,56.24,72.86,80.94,4,3,1
61,89,2.06,1.28,64.05,51.46,80.17,82.19,5,1,1
94,98,2.21,1.37,42.94,37.48,82.13,75.31,1,0,1
64,69,0.79,1.77,54.28,40.88,70.55,76.19,2,5,0
79,76,2.05,2.46,37.24,57.57,82.27,73.68,4,1,2
62,92,2.52,1.48,64.41,52.39,77.38,83.47,0,3,0
89,72,0.67,2.16,45.83,65.86,76.68,62.48,2,4,1
84,80,1.08,1.47,51.6,46.82,74.48,78.22,1,2,1
61,89,0.9,1.2,55.96,55.64,82.08,81.11,2,3,0
71,69,1.49,0.28,50.86,54.18,79.51,79.05,3,5,1
86,65,1.96,1.24,54.42,48.06,77.79,75.77,1,2,2
65,81,1.19,1.2,38.32,63.46,75.18,77.23,4,0,1
79,67,1.19,0.84,53.47,45.48,92.33,85.31,4,0,2
74,67,0.51,1.08,40.2,58.5,77.67,85.1,3,5,1
82,68,1.34,1.92,56.23,53.61,80.75,82.33,0,3,1
61,84,1.65,1.9,55.31,50.85,79.25,69.31,3,0,1
97,86,1.82,1.74,63.12,51.8,80.49,79.0,4,1,2
63,60,1.68,1.67,40.92,55.53,71.82,80.7,5,3,2
65,84,1.48,1.57,65.12,58.74,77.56,83.22,1,1,0
87,87,1.86,1.41,58.77,62.72,75.1,78.55,3,4,1
84,73,1.05,1.32,57.38,51.59,70.28,80.77,2,2,2
90,98,2.31,2.28,49.7,36.93,76.55,84.01,1,5,0
66,62,2.12,1.46,41.8,51.21,73.84,86.48,1,0,1
62,68,1.07,1.53,50.69,44.46,74.36,82.69,1,1,1
69,63,1.2,2.63,47.16,46.09,76.73,88.72,0,0,1
85,80,1.55,1.76,43.54,40.08,77.07,84.67,1,3,1
95,80,2.08,2.18,57.09,50.19,85.6,78.64,2,4,1
78,67,1.59,1.7,34.88,28.19,82.54,79.34,0,1,1
63,77,2.74,2.1,53.89,37.43,88.32,74.42,5,3,1
87,94,0.88,1.0,53.06,54.46,76.7,70.59,1,5,0
64,70,1.58,1.91,22.6,42.68,86.74,75.67,3,0,1
82,93,0.39,1.54,56.62,60.02,84.21,80.89,1,4,0
76,62,1.26,2.08,45.02,48.19,79.79,82.25,2,5,1
86,98,1.29,0.96,38.3,54.17,81.6,77.9,5,0,2
98,82,1.91,1.59,60.15,52.21,73.08,82.14,3,4,2
75,99,2.7,1.4,47.58,31.75,65.09,81.65,1,0,0
69,83,1.46,1.08,60.47,53.87,78.87,79.89,4,1,1
96,74,1.74,1.28,58.93,36.53,90.86,76.4,1,5,1
68,83,1.93,1.97,43.96,53.31,77.89,92.45,4,0,1
70,64,1.25,1.37,43.74,50.73,83.15,81.44,4,2,2
65,82,0.24,1.53,37.16,44.97,72.72,95.11,1,1,0
65,92,1.96,1.0,57.82,46.4,76.36,82.93,5,5,0
85,74,2.11,1.23,31.8,38.16,79.85,80.64,3,3,2
60,99,1.41,0.95,42.32,46.38,88.52,79.99,1,3,0
61,96,0.81,1.13,45.52,48.73,80.93,78.35,5,0,1
66,78,1.22,0.98,46.82,40.55,76.33,82.91,4,3,1
64,89,0.07,1.5,59.81,34.34,77.12,84.58,2,5,0
71,74,1.94,1.73,71.35,57.94,81.97,89.35,3,1,1
72,70,2.22,1.16,36.13,53.28,82.72,86.87,5,2,2
70,72,1.63,1.04,60.32,39.89,77.59,81.3,1,2,1
87,94,1.13,2.42,65.71,63.2,74.3,77.44,4,3,1
99,77,1.82,1.66,40.48,43.78,87.6,91.8,2,2,2
61,63,1.79,1.08,45.77,49.47,77.45,84.31,4,1,2
60,62,1.14,2.54,34.31,45.68,84.89,86.43,3,1,1
94,81,2.02,2.09,40.4,46.7,80.88,77.62,4,3,2
85,91,1.82,1.72,58.4,49.56,80.47,75.92,5,2,1
88,82,1.94,1.29,36.47,47.74,85.53,83.16,0,4,0
62,63,1.71,1.03,47.22,52.18,81.23,81.16,3,0,2
79,99,2.19,0.77,55.83,51.51,79.96,79.32,3,2,0
68,99,0.45,1.64,51.37,43.14,84.2,80.11,3,1,0
94,95,1.66,1.55,52.55,47.52,86.33,89.09,1,4,0
88,72,1.47,2.08,47.91,47.07,77.98,76.84,0,4,1
94,84,1.07,1.1,49.11,48.04,81.07,79.83,1,1,1
98,97,0.36,1.58,53.17,52.21,81.85,76.88,3,3,1
88,60,2.1,0.63,57.85,52.87,79.49,73.81,1,4,2
68,63,1.76,1.06,57.38,57.8,81.56,75.12,5,1,2
85,99,0.97,2.18,32.35,46.21,83.07,75.68,0,3,0
70,87,2.13,2.12,58.09,60.56,76.41,85.08,5,2,1
69,76,1.48,2.08,58.5,57.95,79.2,76.92,0,2,0
68,70,2.06,1.81,63.69,60.73,75.57,83.42,1,5,0
81,92,1.56,2.09,51.95,29.91,86.05,84.15,2,4,0
86,71,1.51,1.92,49.09,49.14,82.62,73.04,1,3,1
62,63,1.02,1.31,43.19,41.75,72.13,79.86,1,4,0
70,66,1.68,1.24,46.96,53.34,78.97,81.9,1,3,1
83,70,1.87,1.26,58.13,51.13,79.46,78.95,2,0,2
64,81,1.46,2.46,56.29,62.72,76.67,76.77,5,4,0
66,94,2.65,0.49,50.92,51.2,72.11,80.94,4,0,1
90,85,2.34,1.94,50.25,79.33,81.53,80.08,1,3,1
84,92,1.7,2.25,52.37,40.41,93.87,76.02,0,1,0
82,69,2.2,1.38,47.71,58.21,85.0,80.36,0,1,1
66,68,1.88,1.37,45.47,55.53,79.96,81.58,2,2,1
72,83,2.13,1.14,47.59,54.7,81.24,77.82,2,1,1
92,65,1.69,1.72,78.7,46.68,83.19,85.62,5,0,2
81,78,0.87,1.77,46.66,47.07,77.03,81.32,3,0,2
61,61,1.54,1.43,32.89,67.1,78.81,75.17,2,2,1
86,61,1.24,1.79,55.41,67.07,73.24,78.5,1,0,2
84,79,1.69,1.79,61.97,43.58,69.94,72.12,0,5,0
82,64,1.32,1.9,51.17,63.47,91.75,77.4,0,4,1
81,82,1.62,1.83,51.39,59.88,83.87,85.76,1,3,0
69,96,1.7,0.1,43.45,45.76,81.72,83.49,1,3,0
85,75,1.14,0.78,37.44,40.41,84.47,83.44,2,3,1
67,68,0.98,0.8,49.31,44.25,75.73,74.87,5,5,1
92,83,2.63,1.1,25.07,55.35,84.5,83.02,2,1,2
92,70,1.2,1.04,57.13,48.58,83.38,84.43,2,3,2
81,71,1.87,1.5,36.63,44.86,79.3,73.1,5,0,2
81,96,1.3,1.54,51.73,45.81,75.78,77.95,4,2,1
66,84,0.79,0.99,51.88,50.71,84.05,76.84,4,4,0
94,87,1.72,1.21,48.34,41.61,83.78,73.78,5,2,2
96,98,0.7,1.08,39.91,60.42,73.56,74.84,2,3,1
62,78,1.81,2.44,43.05,36.7,79.88,78.02,3,0,1
67,85,1.56,2.31,39.72,47.0,78.11,76.71,3,5,0
96,96,1.75,1.48,57.72,45.36,80.88,78.79,0,5,0
83,93,1.48,2.2,21.34,65.3,74.47,80.45,1,5,0
99,60,2.68,1.43,38.83,55.4,80.72,84.73,0,4,2
69,78,1.83,0.47,41.95,46.56,80.52,73.68,2,4,0
77,62,1.45,1.96,22.28,47.51,76.64,84.32,5,2,2
84,96,2.56,1.31,25.93,68.48,83.0,84.41,1,2,0
66,98,1.53,1.82,55.38,59.23,80.5,86.5,4,1,0
72,97,1.82,1.27,40.9,41.58,79.29,76.75,0,3,0
73,80,2.19,2.15,40.05,56.68,81.64,83.4,0,0,1
85,84,1.21,1.94,48.0,52.53,78.23,84.2,4,4,1
81,66,2.01,1.09,50.47,21.84,82.3,72.87,2,5,1
98,82,2.36,2.0,70.83,52.79,81.14,83.99,5,0,2
80,78,2.2,1.32,64.4,41.04,83.12,71.25,1,0,1
63,81,1.15,2.05,28.5,54.94,72.82,73.13,1,5,0
81,89,1.98,1.82,42.41,41.82,81.84,78.66,5,5,1
77,68,1.43,1.3,23.22,45.76,69.29,76.58,3,1,2
97,79,1.58,1.45,44.39,46.68,89.95,79.57,0,3,1
95,69,1.75,0.89,44.92,48.27,83.27,80.58,1,1,2
74,92,1.55,0.7,49.84,54.3,81.03,77.23,4,0,1
90,94,1.12,1.88,36.52,60.81,72.86,83.51,1,4,0
98,85,2.48,1.14,54.96,76.08,80.61,86.84,1,2,1
67,89,1.57,1.77,62.46,46.02,80.1,79.58,3,3,0
73,62,2.08,0.88,58.05,74.09,70.27,90.58,3,4,1
94,62,1.06,0.91,49.18,38.46,84.07,78.64,2,0,2
90,88,1.94,1.24,48.42,63.66,84.54,71.56,1,1,1
65,94,2.08,1.42,46.58,37.21,87.48,81.94,0,1,0
60,67,1.69,1.38,57.14,59.25,82.31,78.25,1,0,1
65,79,1.81,1.56,60.13,64.24,77.09,75.46,2,4,0
70,66,1.58,1.66,36.53,56.05,73.43,78.24,1,4,0
73,76,1.69,-0.04,56.09,78.37,71.3,82.37,0,2,0
68,63,1.29,1.22,68.85,41.91,76.61,83.45,0,1,1
77,84,2.35,1.85,58.24,46.79,76.7,86.31,4,3,1
62,61,2.01,1.6,53.56,69.7,84.55,88.23,2,3,1
98,83,1.15,1.59,48.79,47.61,91.78,86.88,2,2,2
60,62,2.35,1.64,57.48,52.22,88.3,71.83,1,5,0
74,60,0.93,1.29,41.3,63.29,81.88,76.09,2,5,1
74,70,2.41,1.43,36.55,68.54,87.04,67.1,0,2,1
68,72,1.01,0.91,43.49,60.65,75.16,81.6,1,1,1
81,97,1.69,1.17,39.73,46.99,76.3,81.28,2,3,0
77,63,1.23,2.06,53.23,59.82,80.97,81.6,4,5,1
91,96,1.51,2.07,40.08,50.23,75.99,84.43,0,5,0
82,71,1.82,1.57,61.1,35.97,79.05,84.07,3,4,1
79,92,1.73,2.1,35.14,45.18,81.25,90.51,1,2,0
71,67,1.53,1.24,50.42,45.38,88.63,78.72,3,2,1
92,78,1.55,1.01,69.19,50.85,83.21,77.12,4,5,1
82,79,2.21,1.58,35.03,50.03,84.13,87.58,0,0,1
62,85,1.65,1.88,47.08,58.47,81.56,78.91,0,4,0
75,75,1.55,1.33,65.94,41.58,87.97,78.18,3,4,1
72,98,1.25,0.79,60.8,33.1,70.3,79.15,4,2,0
82,71,1.87,0.55,45.75,36.33,81.76,81.16,1,2,1
72,88,2.64,2.14,55.56,50.79,83.66,78.76,0,0,0
83,74,1.04,1.46,44.02,60.52,75.85,84.21,5,3,2
90,61,1.86,1.52,57.0,30.34,80.44,82.82,5,2,2
98,92,2.28,1.03,49.51,55.99,78.39,74.97,5,5,1
62,94,1.09,0.77,46.04,64.26,77.61,81.51,5,0,1
94,76,1.74,1.25,51.21,46.9,76.53,80.94,0,5,1
77,70,1.35,1.94,37.5,37.17,76.05,79.98,4,5,1
63,91,1.38,0.6,55.12,50.05,82.81,78.32,3,2,0
90,74,2.18,1.96,78.49,38.39,80.53,77.87,5,0,2
63,82,1.43,1.36,50.03,53.91,72.45,88.66,2,1,0
61,98,1.5,2.59,38.85,58.69,81.44,80.08,1,5,0
69,84,0.96,1.71,40.69,49.69,74.57,87.22,5,5,0
91,87,1.74,1.61,46.84,52.58,87.7,71.73,1,1,1
81,61,2.0,1.39,44.87,44.68,73.86,75.46,2,3,2
72,85,2.47,2.15,52.12,65.8,73.18,86.52,4,1,1
95,82,1.25,1.31,49.97,60.49,86.76,74.65,4,5,1
76,61,2.03,0.95,65.1,49.09,84.61,73.78,3,3,2
86,81,1.18,1.26,59.07,58.5,78.66,78.8,4,3,1
70,72,1.41,1.79,58.81,50.35,88.62,83.72,4,3,1
93,83,1.86,1.81,43.68,56.43,87.16,84.32,0,5,0
64,96,1.47,2.3,56.38,49.18,72.68,80.37,2,0,0
84,68,1.63,0.83,54.41,56.4,80.92,90.28,2,5,1
83,83,1.16,1.11,46.88,59.01,75.66,74.0,3,1,1
61,82,1.94,0.54,56.38,38.4,81.16,78.71,0,4,0
73,99,1.62,1.42,66.53,47.3,75.69,87.41,3,4,0
60,85,0.59,1.7,38.78,55.62,80.67,87.91,1,0,0
74,65,1.39,2.32,51.44,62.59,82.05,79.57,2,5,1
84,63,2.02,1.35,62.62,57.98,82.06,81.16,0,5,1
90,75,1.03,0.8,44.68,31.12,79.48,80.82,2,2,2
61,68,1.11,2.52,42.7,44.01,77.68,81.79,1,3,0
89,63,1.4,1.41,65.48,55.37,78.48,75.59,3,5,2
63,92,1.11,2.63,54.57,40.71,71.79,69.25,0,3,0
89,85,1.3,2.01,53.11,30.01,74.69,89.12,1,0,1
85,93,1.12,1.16,54.3,66.45,93.08,77.44,1,0,1
83,61,1.33,1.56,58.63,58.01,81.68,80.49,2,1,2
87,62,0.87,0.93,45.49,56.08,87.87,82.28,3,1,2
66,85,1.19,1.21,67.51,54.31,83.82,80.18,1,4,0
85,67,1.82,0.58,49.94,46.79,80.62,82.53,4,0,2
94,60,2.13,1.84,46.42,68.11,79.56,73.47,3,2,2
74,82,1.16,0.51,62.09,37.13,73.37,84.04,3,2,1
80,67,1.58,1.77,43.99,45.94,81.4,81.16,3,4,1
94,89,1.51,1.64,54.68,74.38,83.39,87.88,1,0,1
69,63,1.96,2.36,49.41,40.84,73.25,78.92,3,2,2
87,66,1.13,1.72,39.93,62.88,71.42,70.58,2,4,2
65,81,1.76,0.11,55.86,67.63,78.07,80.27,5,2,1
97,60,1.85,1.34,41.12,49.76,81.87,83.84,1,0,2
99,86,1.91,1.85,61.62,32.32,84.57,78.23,0,5,0
90,94,2.03,1.91,50.22,47.68,85.53,89.7,2,5,0
89,77,1.22,2.36,34.23,27.14,95.84,81.04,1,3,1
83,96,1.79,2.01,36.21,49.16,82.47,88.6,4,3,1
99,67,1.81,1.27,45.75,59.24,81.31,82.41,2,2,2
90,68,2.47,1.08,61.78,52.07,75.62,78.05,4,2,2
88,76,1.99,2.15,52.17,50.34,90.11,80.46,3,3,2
60,85,0.97,1.64,50.19,54.37,82.15,77.19,5,1,1
72,87,1.42,1.77,62.1,35.47,79.39,74.21,5,3,1
75,62,1.8,1.89,55.46,72.32,68.92,74.55,2,5,1
79,66,1.89,1.71,50.98,38.57,80.8,82.59,4,4,2
73,69,1.4,1.96,24.63,61.64,86.63,77.14,3,3,1
88,77,1.64,1.73,50.56,63.8,84.71,79.49,4,1,2
78,96,2.33,0.51,55.21,61.18,81.86,84.22,0,4,0
73,74,1.57,2.82,44.88,46.71,82.91,78.58,1,4,0
77,68,1.86,1.28,40.34,41.95,79.29,76.61,4,3,2
64,78,1.53,1.35,59.17,52.13,81.33,83.53,0,4,0
87,79,1.52,1.92,47.5,52.26,79.46,78.92,4,3,2
84,73,1.59,0.8,63.71,44.21,78.98,75.4,4,4,2
96,69,1.55,1.47,56.9,56.2,81.3,73.75,3,2,2
62,80,1.35,1.17,37.94,61.5,81.53,78.14,2,5,0
93,89,2.16,2.42,64.96,47.73,87.06,83.25,5,4,1
97,65,1.88,1.77,56.55,60.26,82.46,67.48,4,1,2
80,69,1.86,2.54,50.65,51.18,75.05,79.84,3,2,2
72,82,0.82,1.92,44.72,32.51,73.48,76.62,3,4,0
73,78,1.58,1.68,65.91,41.56,87.33,82.58,2,4,0
63,69,1.21,1.18,45.94,38.93,83.81,86.37,3,5,0
97,95,0.96,1.65,60.85,60.7,89.74,75.53,4,3,1
92,83,1.54,1.2,52.15,50.43,71.35,80.55,1,5,0
94,93,2.14,1.08,37.52,47.07,80.42,77.9,2,5,0
66,98,2.17,1.03,35.9,52.49,73.81,79.35,3,3,0
62,69,1.77,2.71,50.73,48.48,83.29,80.81,2,0,1
84,66,1.31,2.1,52.02,48.89,80.62,86.86,5,1,2
88,75,1.76,1.47,55.99,53.99,79.67,82.48,3,4,1
72,91,1.76,1.31,45.6,54.81,84.88,83.39,1,1,0
96,63,1.56,1.27,52.06,67.08,71.82,86.51,0,0,2
95,97,2.2,0.06,57.13,60.83,78.93,83.81,5,2,2
80,64,1.31,1.33,49.52,56.3,86.98,71.19,3,1,2
99,67,0.97,1.86,44.86,46.08,77.76,86.63,2,1,2
71,80,2.63,1.24,50.16,54.08,79.94,84.86,2,5,0
86,76,1.29,0.68,50.08,51.49,79.65,84.29,3,2,2
89,83,1.93,0.84,56.98,57.93,85.8,77.61,3,4,1
68,77,2.48,1.48,75.82,64.12,78.9,84.89,1,2,0
97,76,0.61,1.5,58.42,36.86,72.53,76.82,0,2,2
92,85,1.56,1.66,47.57,40.47,83.86,86.17,1,5,0
65,66,1.76,1.81,38.75,41.89,80.36,75.64,0,3,0
81,80,1.22,0.67,40.27,40.32,79.75,78.43,3,4,1
93,61,1.74,1.95,50.72,44.12,77.82,80.11,1,4,2
89,77,0.84,1.15,59.45,39.61,87.27,82.4,3,5,1
91,86,1.38,2.04,40.78,66.66,85.85,86.94,4,2,2
82,66,1.16,1.86,59.54,37.12,75.74,75.43,5,0,2
96,83,1.99,1.4,45.75,51.35,77.09,82.74,5,2,2
78,60,0.63,1.34,55.12,46.19,86.75,81.14,1,3,1
97,88,1.96,0.98,49.72,48.8,76.36,74.6,4,3,2
63,74,0.81,0.96,59.86,26.79,81.83,72.62,3,1,1
71,75,1.43,1.64,37.07,40.53,83.27,78.12,4,0,2
81,98,1.18,0.61,53.87,47.75,76.93,88.95,2,5,0
91,76,1.8,2.0,45.94,47.11,70.13,73.0,0,5,1
80,90,1.6,0.9,62.49,52.22,73.91,70.55,1,3,0
66,78,1.38,0.81,34.99,46.67,86.46,80.12,3,5,0
74,84,1.25,1.26,45.51,60.2,79.28,80.25,1,4,0
88,62,1.12,1.82,48.14,54.14,81.8,77.66,0,0,2
82,93,1.28,1.23,51.41,49.61,72.83,89.24,0,4,0
83,99,1.1,1.51,77.33,28.92,81.45,79.4,5,0,1
84,66,2.3,1.34,38.86,59.16,79.81,78.87,2,2,2
79,61,1.59,1.45,46.56,51.35,78.67,72.04,0,1,2
61,64,1.59,1.89,44.21,54.71,87.64,75.32,0,2,0
88,96,1.47,1.85,71.42,55.67,84.68,83.02,3,1,1
94,92,2.0,0.78,34.63,37.22,79.1,73.74,4,1,2
93,70,1.66,2.61,63.45,60.09,80.33,77.67,0,4,1
95,64,0.83,1.24,53.34,41.34,79.4,84.73,3,3,2
67,88,1.23,1.67,63.08,42.04,77.43,83.94,4,4,0
76,96,2.09,1.11,59.48,52.84,83.7,76.1,0,1,0
99,90,1.9,1.89,39.74,53.27,86.34,90.16,3,2,2
75,77,1.23,1.55,39.35,51.88,80.32,88.57,1,2,1
75,85,1.12,1.24,54.87,55.44,84.57,78.26,5,3,1
62,92,2.45,1.4,47.95,72.7,80.34,82.51,1,0,0
81,94,0.57,1.39,71.87,51.64,81.76,78.55,3,3,0
87,90,1.88,1.48,35.18,29.48,78.66,81.01,0,1,1
62,70,1.21,2.24,39.85,32.44,70.73,87.57,0,2,0
87,89,2.74,0.82,43.6,48.88,73.6,85.04,5,4,1
99,83,1.36,1.51,48.24,56.01,83.83,87.38,5,1,2
60,92,1.3,1.51,43.88,39.84,81.63,79.78,1,0,0
81,73,1.19,1.05,58.21,40.73,74.37,75.28,1,5,0
78,83,2.13,1.52,58.33,44.33,74.61,77.8,1,5,0
67,93,1.27,0.93,46.13,37.21,81.3,84.03,1,5,0
79,62,2.14,1.42,70.04,62.67,72.58,75.36,4,4,2
74,63,2.33,1.3,55.93,55.9,92.96,74.54,1,3,1
63,64,1.03,1.85,39.28,53.86,79.97,86.37,5,0,2
97,92,1.46,1.18,55.09,51.31,73.29,81.03,2,3,1
82,97,1.86,1.39,51.06,45.39,86.22,79.65,5,5,0
79,93,1.95,1.9,38.64,32.77,76.35,81.52,5,0,2
69,80,2.61,2.37,36.32,58.71,83.54,74.99,3,2,1
70,63,1.83,1.47,43.22,60.47,83.31,76.02,5,5,1
91,93,0.54,1.2,56.06,31.43,72.28,85.1,2,2,1
63,96,0.29,0.81,40.09,47.19,84.48,82.39,4,0,0
75,97,1.73,1.64,54.65,51.07,77.47,72.13,4,4,0
67,81,1.63,1.18,44.69,42.32,85.9,78.64,2,1,1
61,88,1.66,1.21,52.27,50.55,69.59,75.01,2,1,0
79,95,1.49,1.42,35.02,56.4,80.02,75.99,1,5,0
83,88,1.47,1.8,63.0,47.23,81.67,77.27,5,3,1
68,64,2.3,0.95,41.68,72.99,87.17,83.71,3,4,1
70,98,1.48,0.89,55.46,42.59,94.93,80.92,0,3,0
80,72,0.33,0.91,57.41,59.31,77.64,83.97,0,5,0
86,70,1.97,0.82,41.76,54.41,85.71,77.78,2,0,2
63,84,1.16,1.55,57.18,44.26,81.16,79.87,4,5,0
94,91,1.35,0.93,49.08,55.61,83.35,82.41,4,1,2
64,94,1.36,1.5,45.33,32.69,80.53,82.89,2,5,0
67,91,1.62,2.27,71.78,55.63,85.64,79.19,4,2,0
77,96,0.95,0.49,53.5,46.1,84.62,76.45,1,0,0
73,73,1.43,1.7,49.05,59.31,77.89,87.45,4,0,2
65,72,2.25,1.16,36.34,57.26,86.0,75.28,1,4,0
96,75,0.6,1.0,67.0,46.96,83.81,86.04,5,5,2
92,83,1.43,1.04,63.11,50.43,80.92,71.28,5,0,2
85,65,1.26,1.33,41.19,49.3,77.9,78.06,4,5,2
84,62,1.17,1.68,38.49,43.49,85.88,79.55,0,0,2
99,78,2.07,0.92,68.05,58.86,80.91,76.88,5,3,2
84,82,1.65,2.1,49.35,43.16,75.44,89.76,4,3,1
64,79,1.65,1.95,46.68,52.0,80.95,78.58,5,3,1
99,61,1.64,2.29,51.44,52.32,87.29,85.0,2,2,2
85,64,1.26,1.61,50.08,55.44,81.02,86.93,2,2,2
65,84,1.4,1.77,62.33,49.38,81.43,79.83,1,5,0
60,69,1.93,1.38,54.37,55.71,72.79,66.27,2,5,0
98,84,2.15,1.95,45.17,62.3,76.99,74.28,3,0,2
74,72,1.47,1.63,33.62,40.83,81.77,73.28,0,0,1
98,63,1.52,1.57,57.36,50.44,77.36,79.39,3,4,2
80,87,3.1,1.32,49.22,46.03,80.54,76.91,2,1,1
63,90,2.6,0.91,53.65,60.63,75.64,77.96,2,5,0
69,96,1.03,1.27,40.22,68.0,77.85,84.17,5,2,0
99,85,2.2,1.29,69.17,52.44,88.46,85.56,0,1,1
80,95,1.75,2.15,66.88,44.43,85.68,81.36,2,5,0
60,92,1.32,2.27,20.4,54.29,78.92,70.69,3,3,0
80,99,1.02,2.09,39.92,46.32,80.78,75.86,0,2,0
67,65,1.24,0.69,43.0,45.95,78.05,83.47,2,0,2
60,92,1.89,1.16,41.84,56.42,74.68,84.91,0,0,0
86,95,1.57,2.84,23.72,54.03,82.97,78.1,2,0,1
60,70,1.74,1.92,53.16,59.44,79.23,79.54,4,1,1
80,75,1.91,2.02,43.72,34.55,79.23,69.93,2,4,1
66,80,1.78,1.88,45.87,54.16,78.01,79.09,2,5,0
87,83,0.86,1.8,60.19,59.95,78.87,85.91,5,0,2
83,88,1.42,1.6,49.22,55.16,88.47,87.21,3,1,1
80,85,1.87,1.24,44.67,51.21,80.58,81.81,0,1,1
72,73,0.86,0.9,53.88,64.09,72.55,83.74,5,0,2
73,96,0.99,1.6,22.45,42.25,82.3,81.65,3,0,1
95,82,1.18,1.61,48.18,53.53,89.07,79.52,3,5,1
71,61,2.1,1.97,47.17,62.21,76.93,85.15,1,5,1
94,72,1.92,2.27,67.75,43.07,77.35,80.76,5,1,2
83,73,1.34,1.58,46.32,50.83,81.99,82.34,0,2,1
95,80,1.62,1.91,51.07,47.38,80.31,75.07,4,1,2
60,85,1.49,1.96,56.37,52.47,86.48,87.72,3,3,0
86,85,2.19,1.2,44.6,46.69,72.08,79.07,4,5,1
81,65,2.0,2.14,49.52,67.41,85.71,81.56,2,2,2
64,96,1.94,1.11,53.88,67.22,85.46,74.89,3,5,0
89,72,1.59,1.4,43.03,39.05,82.82,81.18,1,4,1
75,62,1.31,2.17,78.83,48.67,84.73,79.02,1,1,2
66,95,1.79,1.41,62.94,63.2,72.23,81.33,1,1,0
63,69,2.34,0.95,40.88,56.67,72.73,76.53,3,0,1
91,78,0.91,1.92,49.07,52.34,75.82,85.99,4,3,2
72,70,1.55,2.35,44.92,66.96,79.8,85.24,4,5,1
89,69,1.72,1.2,57.85,47.62,82.05,81.19,1,1,2
76,69,1.92,1.0,34.28,70.49,81.14,80.05,4,2,2
65,86,2.59,0.56,66.52,53.22,82.89,75.09,4,3,0
65,82,1.87,2.0,44.4,80.05,79.08,80.15,4,0,1
95,62,2.02,1.68,71.48,64.45,74.75,85.98,0,1,2
95,75,1.79,1.43,44.33,40.7,74.88,78.82,5,0,2
76,86,2.54,1.46,51.95,49.82,78.31,88.98,5,0,2
79,87,1.72,1.56,43.22,60.82,78.41,78.19,3,1,1
85,84,2.28,1.6,55.21,49.89,79.61,74.76,4,2,2
72,75,1.06,1.04,49.32,53.13,76.86,80.06,2,2,1
86,96,1.37,1.92,59.21,61.54,78.49,80.94,2,3,0
97,98,1.72,2.5,75.61,59.32,77.28,74.79,5,2,2
85,82,1.86,1.96,37.81,52.2,85.57,72.28,0,3,0
85,70,1.07,1.89,57.87,30.39,78.67,79.69,3,5,1
65,87,1.98,1.61,61.54,54.5,81.93,76.67,0,4,0
92,92,1.73,1.78,60.77,66.96,75.07,70.13,4,1,2
65,85,1.39,1.82,63.27,45.22,77.27,77.91,3,1,1
98,63,1.15,1.83,59.22,38.22,78.35,86.98,1,5,2
74,64,1.73,2.61,46.31,46.61,85.3,77.24,2,1,2
70,66,0.69,1.88,68.23,44.7,79.26,68.43,3,0,2
61,92,1.77,1.78,53.93,46.4,84.07,77.51,5,0,1
70,71,1.45,1.95,30.73,46.36,80.94,84.74,2,5,0
70,74,0.17,1.08,29.94,58.16,82.75,84.68,1,3,0
84,90,1.13,1.96,48.14,53.51,82.21,87.16,3,5,0
91,78,1.42,1.77,43.96,45.8,87.06,82.77,5,0,2
75,74,2.15,1.82,50.95,48.4,72.09,82.46,4,3,1
86,76,1.27,1.72,58.81,32.36,84.03,73.79,4,1,2
92,98,2.15,1.42,51.94,49.31,84.16,73.62,2,1,1
86,84,1.71,1.22,39.36,42.89,81.38,72.0,0,3,0
65,88,1.37,1.35,39.83,63.27,80.41,69.74,1,3,0
92,68,0.74,2.01,45.52,40.73,77.93,70.39,1,5,1
67,77,1.59,1.52,27.64,56.52,80.04,88.54,2,4,0
86,72,2.17,1.09,39.45,54.23,82.2,65.78,2,0,2
82,67,1.12,0.3,37.32,48.42,74.79,75.9,0,5,1
70,76,2.11,1.63,55.08,47.47,78.88,83.98,2,2,1
66,95,0.63,1.2,43.48,39.86,76.58,80.29,1,3,0
77,81,1.07,2.24,48.97,53.03,77.63,77.49,3,3,1
74,76,1.7,2.36,50.3,53.05,80.04,86.49,1,5,0
73,65,1.06,1.4,47.66,17.37,74.93,86.71,2,1,2
99,62,1.17,0.72,48.16,51.54,84.88,78.91,0,5,2
67,86,1.5,1.51,51.74,43.97,71.87,83.05,1,1,0
81,75,1.8,1.78,43.92,38.08,81.64,86.29,5,4,2
74,70,1.51,1.15,41.62,63.5,77.97,81.9,3,4,1
64,91,2.07,0.93,75.86,40.68,83.88,77.16,3,1,0
65,99,1.76,0.81,51.76,55.38,87.41,75.22,2,2,0
65,68,1.25,1.21,33.73,54.08,79.66,80.08,5,1,2
86,84,2.17,1.28,54.76,60.34,81.67,78.36,5,3,2
64,64,1.82,1.42,33.52,51.76,83.13,67.31,3,1,1
76,60,0.99,2.17,48.61,22.72,76.4,78.77,4,1,2
63,93,1.65,1.58,51.1,59.19,85.12,76.47,3,0,0
74,68,2.15,1.34,47.95,27.66,83.91,72.07,5,3,2
92,69,1.3,1.93,53.93,57.67,79.37,68.08,2,5,1
91,73,1.4,0.64,63.3,57.91,77.03,77.39,5,0,2
81,97,1.74,1.69,36.23,62.59,74.66,79.78,5,2,1
87,99,1.31,1.28,58.07,62.71,85.14,79.2,1,2,0
68,98,2.64,1.79,31.51,41.67,88.39,82.07,1,0,0
96,95,1.75,1.8,41.16,51.68,81.63,73.57,0,4,0
80,64,1.69,1.42,46.52,48.42,79.44,84.86,2,4,1
67,78,1.39,1.8,44.93,47.9,80.74,90.04,0,2,0
96,66,1.77,1.48,52.87,52.43,84.95,76.76,0,4,1
75,80,0.9,1.73,56.12,61.15,77.51,73.03,5,5,1
84,98,1.37,1.35,47.06,27.88,78.6,84.44,3,4,0
86,70,0.52,1.07,60.97,52.09,84.87,71.61,2,0,2
67,61,1.13,1.7,41.29,49.15,81.6,80.89,0,0,1
71,68,1.88,2.12,56.93,49.85,82.69,81.13,3,4,1
86,83,1.65,1.44,58.12,47.85,85.69,79.34,1,4,0
87,88,1.49,2.18,55.86,39.74,73.44,81.05,2,3,1
66,61,1.24,2.1,48.54,53.89,80.34,78.68,0,5,0
89,80,1.34,1.28,41.84,50.44,83.51,84.89,5,0,2
96,77,1.48,1.92,35.44,54.15,76.31,74.2,5,4,2
97,80,0.73,1.75,45.37,41.29,81.62,83.86,3,2,2
85,93,0.57,1.96,51.46,59.84,75.28,85.28,2,0,1
78,85,1.97,1.66,29.38,59.51,85.79,84.21,4,2,1
88,94,1.03,0.83,51.97,38.96,79.74,80.03,0,4,0
78,72,2.02,1.27,31.65,49.11,72.67,74.6,0,0,1
84,62,1.17,1.64,65.94,52.48,78.44,82.43,4,2,2
80,68,1.42,1.89,52.35,61.8,90.19,81.75,1,3,1
65,76,1.58,0.9,41.01,70.46,80.05,81.59,2,2,0
97,74,1.38,1.67,36.22,50.36,75.25,74.36,5,1,2
89,87,1.57,1.43,50.02,46.2,77.31,80.28,1,4,0
86,74,0.85,1.09,52.64,49.76,84.96,83.52,3,4,1
64,94,1.6,1.77,53.03,45.04,75.5,73.4,5,3,0
87,93,1.58,1.81,64.48,61.18,81.53,75.76,2,3,0
73,83,1.79,1.39,38.6,52.72,73.97,81.61,0,2,0
69,96,1.44,1.07,63.86,43.86,72.87,80.09,1,5,0
61,70,1.02,1.49,46.84,51.4,69.26,82.89,5,5,1
69,73,1.12,0.86,57.99,49.36,75.95,86.36,4,0,2
77,70,1.75,2.36,47.02,55.05,77.58,96.78,4,3,2
70,91,1.07,1.13,53.04,49.72,80.72,79.0,0,0,0
71,84,1.87,1.03,52.85,64.49,83.21,82.19,4,3,1
68,90,1.51,1.62,52.45,48.66,71.75,80.95,4,3,0
95,62,1.84,1.36,67.45,39.65,79.75,80.48,5,1,2
93,65,1.24,1.38,55.8,42.65,79.31,81.05,2,4,2
85,98,2.13,1.13,63.0,36.3,75.99,72.2,5,1,1
98,68,1.36,2.07,52.8,52.89,82.43,85.38,5,3,2
89,92,1.54,1.73,53.74,57.07,79.83,81.85,2,0,1
68,82,1.3,1.74,47.26,57.15,84.81,81.38,1,0,1
67,63,1.46,1.57,56.57,57.65,79.21,77.27,5,0,2
86,79,1.89,1.19,70.45,65.68,83.76,84.73,1,5,0
65,75,1.97,1.53,59.38,56.36,79.44,80.33,4,3,1
69,78,2.71,1.09,45.69,45.52,81.34,88.68,4,0,2
84,96,1.52,1.21,50.96,60.05,80.52,80.96,5,2,1
60,64,1.27,1.38,51.17,49.44,83.13,79.56,2,3,1
70,88,1.96,1.69,48.56,48.27,80.02,78.79,0,4,0
72,81,2.2,1.34,38.67,34.96,73.62,83.36,5,4,1
76,78,1.26,0.91,44.76,72.14,83.61,75.52,4,1,2
69,78,1.7,1.73,56.38,59.95,88.09,81.6,5,3,1
74,79,1.08,0.84,44.78,29.03,85.52,79.18,5,5,1
71,66,1.17,1.16,58.93,57.76,80.19,76.1,3,0,2
88,96,1.35,0.85,56.86,55.55,72.16,81.22,3,3,1
65,93,0.4,1.49,32.01,62.0,79.25,82.91,1,3,0
80,77,0.47,1.17,44.4,38.77,84.64,82.75,5,0,2
90,61,0.94,1.48,65.34,54.45,64.39,77.81,2,1,2
99,76,1.36,2.2,42.17,56.46,71.47,81.18,5,3,2
96,99,1.21,0.95,54.9,62.42,81.25,83.26,1,1,1
94,82,1.92,1.45,55.27,52.63,79.14,78.93,2,2,2
91,68,1.92,1.66,43.23,51.83,86.34,74.32,1,3,2
79,81,1.64,0.87,36.05,54.31,79.66,76.25,4,0,2
87,83,1.14,2.26,25.0,68.9,76.31,75.52,5,2,2
68,93,0.69,1.44,38.55,60.4,81.91,78.12,1,0,0
88,91,1.08,0.98,61.98,54.46,79.77,82.46,5,2,2
89,62,1.61,0.88,41.08,53.8,79.1,80.25,5,2,2
66,63,2.36,1.12,49.02,56.12,84.85,77.9,1,4,0
92,93,1.48,1.07,66.35,44.57,76.48,85.91,3,5,0
72,70,1.63,1.81,57.35,44.66,87.59,80.91,3,5,1
99,60,2.05,2.08,46.71,55.99,81.3,86.13,4,2,2
79,60,1.01,1.5,62.17,43.07,75.36,72.4,4,1,2
61,92,1.45,1.41,39.23,40.82,81.62,76.31,5,5,0
76,63,1.83,1.48,60.11,51.41,73.33,80.25,4,1,2
99,81,1.02,1.55,43.42,72.42,76.21,79.87,5,0,2
88,60,1.16,1.68,21.64,51.9,82.96,80.74,3,2,2
74,92,1.6,0.46,56.21,48.5,82.2,84.56,0,0,0
60,91,1.77,0.53,41.63,42.43,82.87,78.97,4,4,0
68,63,1.32,2.66,60.35,54.64,82.07,69.5,0,4,0
62,80,0.87,1.02,46.02,52.88,77.22,82.81,0,1,0
78,67,1.81,0.48,38.54,44.51,85.57,72.58,0,0,2
80,62,1.28,2.68,40.53,53.04,80.86,81.82,1,4,1
68,90,1.48,1.31,62.51,51.63,85.27,79.08,0,2,0
77,67,1.52,1.69,36.38,41.91,80.13,79.63,0,4,1
84,95,1.52,1.12,49.46,69.13,78.13,80.84,5,3,1
90,88,0.89,1.23,49.11,56.21,76.27,79.69,3,0,2
90,63,1.08,1.61,59.09,66.39,81.71,88.53,2,0,2
78,95,1.06,1.59,29.78,32.43,86.29,70.83,2,4,0
99,97,1.56,1.27,53.35,43.98,72.23,85.12,4,5,1
89,83,1.81,1.51,64.0,48.55,87.46,74.4,1,4,1
61,85,1.97,1.61,49.58,53.43,88.13,75.56,0,3,0
69,78,1.75,1.95,50.63,47.54,75.19,73.35,2,4,0
83,89,1.83,1.19,56.34,73.53,78.92,75.18,3,3,1
87,78,1.29,1.42,59.25,52.32,76.97,75.9,5,3,2
74,86,1.42,1.58,52.8,47.68,80.29,82.76,1,2,0
88,97,2.01,1.06,47.67,40.46,85.53,86.11,1,1,1
90,83,1.24,0.94,36.68,42.47,80.49,79.96,0,3,1
75,81,1.83,1.44,45.91,26.67,80.28,67.36,1,0,1
90,87,1.39,1.11,57.18,43.18,90.47,86.3,1,0,1
94,72,1.94,1.36,41.84,31.08,77.64,75.72,5,5,2
72,74,1.79,1.56,45.29,49.99,79.62,79.99,4,2,1
84,88,1.38,1.31,55.19,37.07,84.27,71.48,0,1,1
84,87,1.85,1.74,32.04,56.47,85.29,85.17,5,2,2
87,78,2.2,2.12,62.82,53.99,79.26,74.3,5,2,2
86,62,1.86,1.31,62.73,47.68,83.65,79.46,2,3,2
80,77,2.88,0.99,63.2,41.12,80.1,80.11,0,2,1
97,68,0.76,2.29,55.14,65.74,78.72,86.44,3,5,2
82,83,1.28,1.89,44.98,36.87,78.91,75.74,4,0,2
69,78,1.72,1.57,47.38,69.14,93.17,81.71,0,3,0
68,74,1.96,1.76,74.15,37.76,77.01,82.46,5,4,1
74,66,2.09,1.37,56.15,61.54,78.37,84.36,2,2,1
93,62,1.01,1.3,21.27,34.24,80.32,71.51,5,2,2
96,75,1.66,1.53,53.11,58.01,89.72,79.72,1,5,1
79,63,0.83,0.93,56.17,41.2,79.65,77.45,4,3,2
92,97,1.59,2.1,36.68,48.74,83.47,89.37,0,3,0
62,95,0.48,1.2,53.11,59.55,76.48,76.88,4,1,0
69,80,1.33,-0.06,39.04,46.44,81.61,76.33,1,2,0
99,97,1.27,0.86,58.87,67.0,80.98,74.08,0,0,1
68,72,0.63,0.6,66.96,63.52,80.5,82.66,2,1,1
67,71,1.88,2.31,29.4,70.89,81.63,81.03,5,1,2
93,68,1.05,1.53,46.75,42.82,81.97,77.1,5,2,2
74,62,1.94,1.98,32.59,47.95,75.79,78.87,0,1,1
95,81,2.3,1.24,69.65,42.9,76.19,71.18,1,3,1
71,84,0.94,0.69,53.95,63.95,88.55,79.39,5,0,2
67,88,2.03,1.34,61.36,33.99,84.5,84.59,0,3,0
77,97,1.16,1.26,68.5,59.12,84.91,75.48,1,4,0
64,84,1.69,2.07,42.29,57.88,79.47,80.45,1,2,0
63,89,1.49,1.15,44.58,67.46,78.27,88.89,5,1,1
85,67,1.52,1.31,43.85,42.93,75.71,81.13,1,3,1
88,92,2.15,2.06,48.52,54.05,75.29,83.43,0,4,0
96,92,1.66,0.88,61.7,53.25,92.79,75.59,5,3,2
72,68,1.51,1.53,36.06,48.01,85.37,77.17,4,0,2
70,99,1.16,1.72,60.25,40.61,83.11,67.98,0,2,0
76,78,1.13,1.01,42.25,47.44,81.03,85.53,0,5,0
79,90,2.0,1.97,52.67,50.6,79.65,80.2,1,3,0
63,68,1.34,1.44,43.6,42.48,87.43,80.29,1,4,0
87,64,2.04,1.71,58.32,37.09,83.97,79.27,1,4,1
77,76,2.33,1.59,49.42,53.04,77.5,86.76,5,0,2
71,75,2.05,1.76,42.06,38.62,81.35,78.42,0,5,0
77,96,2.22,1.11,54.09,51.68,85.77,73.63,4,2,1
81,62,1.36,1.34,48.68,63.81,69.69,83.12,3,3,2
68,99,2.18,1.79,46.7,34.21,79.57,77.88,3,1,0
82,88,1.36,0.98,52.22,64.07,81.98,81.24,2,2,1
68,88,1.07,1.22,51.25,58.87,80.8,85.7,0,4,0
96,99,2.06,1.87,44.43,46.9,84.09,88.85,4,2,1
80,89,2.07,0.84,61.88,31.13,75.43,86.88,2,4,0
66,91,1.85,1.65,57.92,39.65,74.44,91.56,3,0,1
65,61,1.11,2.23,76.17,49.45,77.34,86.6,3,5,1
97,90,1.37,0.83,51.52,62.53,70.85,79.08,3,0,2
72,72,1.47,1.23,45.81,47.28,75.31,84.84,4,3,1
97,72,1.44,2.42,60.91,39.4,74.94,73.34,5,0,2
76,68,1.63,1.45,63.41,57.43,82.34,80.13,2,2,1
65,74,1.03,0.67,54.57,44.43,65.19,85.4,4,0,2
81,69,1.2,2.62,38.77,37.14,80.3,76.4,5,2,2
64,63,1.99,1.03,52.87,55.75,84.24,82.46,2,2,1
73,96,0.62,1.9,33.57,37.66,77.62,80.89,4,0,1
87,98,2.09,2.31,65.56,46.62,81.45,86.29,3,0,1
84,74,1.56,2.52,57.84,45.95,80.24,84.21,3,3,1
91,99,1.19,1.57,50.71,41.76,87.28,80.21,0,5,0
72,66,1.62,1.26,51.92,49.02,81.27,79.74,3,5,1
72,91,1.69,1.55,50.93,54.64,82.15,83.04,0,3,0
66,77,0.45,1.67,50.02,57.28,71.44,88.56,5,5,0
99,77,1.29,1.92,59.12,45.28,82.49,76.72,2,3,2
91,71,0.61,0.82,55.94,70.82,88.31,72.26,0,2,1
68,78,1.19,1.04,49.98,45.04,75.13,77.45,4,3,1
65,89,1.55,1.17,49.31,49.23,83.61,84.15,1,0,0
98,82,1.34,1.79,37.49,52.18,87.33,79.66,5,0,2
68,89,1.82,1.44,36.33,40.9,81.42,77.59,0,5,0
78,96,1.21,1.12,35.6,41.6,83.66,79.46,2,4,0
99,75,1.52,0.83,59.53,40.5,87.06,76.13,4,2,2
70,79,0.68,1.34,46.78,40.11,80.17,83.31,3,4,0
79,83,1.58,1.88,38.81,46.91,84.32,73.97,5,1,2
95,71,1.82,0.94,46.16,42.61,81.52,86.64,4,1,2
66,80,1.31,1.84,64.49,32.34,69.32,74.94,0,4,0
86,66,0.95,1.53,51.18,66.16,84.51,71.86,5,4,2
67,66,0.98,2.21,40.36,45.88,83.66,72.33,1,4,0
60,84,1.32,2.7,57.17,54.93,86.29,87.74,0,1,0
76,66,1.13,1.73,46.11,50.17,73.05,82.0,5,3,2
93,88,2.0,1.92,43.19,53.44,85.62,79.44,2,1,1
91,77,0.87,1.74,41.95,47.52,80.39,80.97,4,0,2
64,79,1.91,0.8,57.72,52.57,78.92,81.94,3,4,0
85,94,1.26,0.98,47.09,41.52,77.91,86.3,4,5,0
87,87,1.48,0.96,45.15,45.59,76.6,75.42,0,3,0
89,62,2.02,1.19,56.56,66.45,78.75,78.18,1,2,2
74,70,0.94,1.1,74.1,50.8,80.75,75.39,3,2,1
80,87,1.23,1.0,33.47,57.67,81.05,74.14,5,5,1
67,85,1.43,1.03,29.97,56.07,76.87,72.81,2,4,0
69,95,1.02,2.58,76.75,34.96,71.17,71.05,5,1,1
64,77,1.38,1.58,61.39,62.5,70.51,81.35,3,5,0
62,95,1.16,1.66,69.39,53.16,83.23,87.33,0,0,0
87,83,0.61,0.75,62.39,54.29,79.32,86.86,4,5,1
80,63,1.07,0.83,65.56,49.79,80.76,80.77,0,4,1
90,86,0.98,0.92,44.4,41.02,73.62,82.33,1,1,1
94,94,0.68,1.16,52.26,53.95,76.88,73.59,4,3,1
67,97,1.75,2.07,57.82,49.19,76.65,87.97,4,3,0
63,83,0.74,1.06,43.82,48.29,82.96,84.98,3,4,0
71,95,1.47,1.89,50.04,59.71,82.95,86.17,2,4,0
63,99,1.46,0.89,63.3,72.65,75.44,79.67,2,1,0
96,92,0.41,2.64,40.75,57.21,73.1,87.13,3,5,1
84,91,1.66,1.61,54.2,43.65,75.13,84.6,4,5,0
62,95,2.47,1.47,56.96,50.27,85.25,73.14,5,3,0
81,63,2.11,0.22,61.63,35.22,87.21,77.33,0,3,1
93,72,1.89,0.94,50.98,64.63,86.1,79.01,0,5,1
69,97,1.43,0.98,36.68,47.59,79.79,86.07,2,0,0
69,78,1.52,1.9,54.96,45.95,76.84,80.18,3,4,0
79,79,1.93,2.0,40.37,45.46,82.09,83.5,3,0,2
71,66,1.59,1.24,48.46,68.28,84.52,84.42,3,4,1
82,64,1.44,1.32,51.98,59.22,82.38,77.84,3,3,2
60,89,0.62,0.99,59.25,50.79,74.87,77.98,2,1,0
61,77,1.95,1.33,45.1,44.92,83.83,81.86,1,5,0
64,78,0.99,1.17,63.33,58.2,85.47,73.68,3,0,1
73,87,0.9,0.36,46.74,47.84,79.64,80.91,3,5,0
76,86,0.96,1.44,51.96,42.98,76.95,88.38,1,2,0
79,92,1.44,1.46,57.57,34.38,80.13,74.11,2,5,0
71,88,1.36,1.46,47.55,62.03,80.47,81.1,4,5,0
90,80,1.67,0.84,53.83,51.86,76.83,77.78,1,4,1
92,68,2.23,2.43,33.98,46.09,79.41,78.51,0,1,2
78,89,1.5,1.54,56.91,45.81,85.76,87.83,0,0,0
65,93,1.5,1.09,50.49,32.57,77.45,73.66,0,0,0
87,74,0.66,1.11,48.59,58.85,76.41,68.69,3,4,1
87,71,1.83,1.56,63.3,35.42,86.52,81.35,2,1,2
88,73,2.42,1.18,48.09,38.18,77.98,80.8,1,1,2
69,65,1.07,1.66,47.35,68.12,83.51,78.21,4,5,1
87,66,1.63,1.84,37.49,55.71,73.61,86.77,5,0,2
82,78,1.3,1.4,50.03,58.45,79.18,77.73,3,2,1
97,98,1.4,1.94,60.26,56.05,84.54,76.19,0,1,1
62,80,1.7,1.45,49.35,59.44,70.69,80.88,2,1,0
99,71,1.38,1.65,61.32,55.73,81.52,75.8,1,5,1
75,76,1.15,0.15,42.03,46.79,76.19,81.64,1,1,1
93,78,1.68,1.4,26.97,59.21,85.87,82.26,0,2,1
84,74,2.16,1.96,46.81,66.42,85.81,77.62,0,3,1
88,95,1.35,0.97,42.13,43.72,78.28,73.81,5,4,1
89,89,1.87,2.61,56.36,69.94,69.69,77.19,5,2,2
77,68,1.26,1.68,45.63,54.9,84.39,83.6,3,1,2
92,99,1.46,1.54,59.61,59.62,75.93,79.41,5,0,2
63,73,1.27,2.0,50.68,38.07,72.44,79.67,4,5,0
71,72,1.04,1.12,39.85,57.65,74.03,84.72,3,1,1
63,91,1.8,2.16,51.56,46.94,79.25,78.59,5,0,1
92,95,0.97,1.33,62.16,47.43,80.86,88.02,5,5,1
86,78,1.89,1.11,51.12,54.34,83.62,72.55,0,1,1
63,94,1.18,1.06,54.51,42.25,77.36,78.88,4,2,0
93,72,1.97,1.8,49.16,57.03,84.0,77.74,5,4,2
88,96,1.35,2.08,53.61,55.06,80.09,74.66,3,3,1
93,90,1.12,1.75,28.38,41.62,91.9,71.97,2,5,0
60,71,1.68,1.37,53.53,48.84,78.87,78.97,3,0,1
77,70,1.73,1.83,53.22,59.65,73.78,85.4,3,2,2
88,98,2.31,1.29,61.28,28.64,84.95,84.58,2,1,1
89,67,1.12,1.23,41.08,60.55,84.94,71.31,3,4,2
71,67,0.92,1.38,52.18,68.38,88.09,69.2,5,0,2
68,99,2.05,1.71,62.36,46.32,81.5,75.88,5,0,1
74,86,0.94,1.44,44.73,48.66,77.9,84.0,0,3,0
82,73,1.07,0.26,51.04,55.56,85.04,79.38,5,4,2
97,75,0.95,2.54,44.83,56.89,87.93,73.48,2,0,2
80,73,1.69,1.35,59.92,47.78,76.79,75.01,0,3,1
76,87,1.47,0.93,52.45,38.62,80.13,72.93,3,4,0
80,93,1.76,1.12,43.68,43.07,83.65,80.42,0,5,0
71,85,1.54,2.32,31.21,62.18,73.02,85.56,1,0,1
96,98,1.42,1.77,44.01,48.75,78.07,77.31,2,1,1
61,99,2.05,1.04,66.86,58.43,80.34,81.21,0,0,0
60,67,1.26,1.01,53.55,36.43,84.98,79.99,3,5,0
64,93,1.29,1.7,48.42,64.84,84.11,79.03,1,3,0
94,72,1.24,1.63,55.29,57.15,79.18,86.76,3,2,2
96,99,0.62,2.48,66.62,48.08,76.69,76.5,1,0,1
69,62,1.47,1.49,73.78,42.96,89.33,76.23,0,0,1
64,70,0.56,1.22,51.41,49.72,78.08,87.83,4,4,1
98,60,1.22,1.43,42.04,26.93,77.15,83.11,1,1,2
71,80,0.68,0.88,57.17,56.6,84.04,84.99,2,0,1
83,74,1.68,1.61,51.87,41.31,74.74,78.87,5,3,2
69,95,1.45,0.68,45.35,52.15,80.13,82.13,3,2,0
78,85,1.07,2.04,45.06,60.37,73.27,74.4,3,4,0
69,93,2.33,2.12,36.2,75.17,79.49,77.45,3,3,0
67,92,2.21,1.54,46.96,59.38,86.72,89.14,3,1,0
67,71,1.39,0.68,45.82,56.24,77.63,76.88,3,5,0
71,60,0.86,2.17,47.73,56.51,80.68,76.53,1,2,1
66,94,1.14,2.19,51.32,49.63,81.06,78.28,2,2,0
99,61,1.89,1.59,39.06,47.67,71.98,76.03,2,2,2
97,92,1.46,1.21,32.93,55.16,81.43,77.19,5,0,2
85,90,1.1,1.49,50.61,55.67,79.28,86.7,0,3,0
70,74,1.74,1.71,44.64,43.97,80.25,80.76,2,3,1
60,67,1.68,1.51,39.18,52.08,82.78,81.09,2,5,0
88,89,2.48,0.93,46.77,49.24,79.95,75.64,1,0,1
63,65,1.68,0.74,56.52,50.92,81.54,83.66,4,2,1
96,87,1.05,1.75,44.53,36.28,71.19,75.69,4,2,2
93,94,1.23,2.18,41.89,43.22,79.59,78.27,1,1,1
64,93,1.38,1.06,43.91,47.1,84.19,77.57,5,0,1
67,97,1.54,1.33,60.3,52.51,80.88,78.43,3,5,0
64,82,1.26,0.53,40.95,53.8,84.75,77.51,5,1,1
81,70,2.48,1.18,55.1,37.4,76.8,91.48,4,3,2
70,86,0.85,1.85,43.73,39.36,65.34,86.58,3,5,0
72,84,1.24,0.85,64.72,57.71,77.11,76.67,0,5,0
63,96,1.88,0.96,59.84,39.6,79.55,85.52,0,2,0
79,67,1.34,1.09,54.21,59.16,74.51,84.58,3,0,2
73,98,1.21,1.8,53.9,54.34,77.42,83.21,3,4,0
85,68,1.4,1.8,55.19,58.54,72.89,78.69,4,0,2
86,61,1.25,1.43,43.67,47.05,85.05,67.98,1,5,1
73,87,2.2,1.04,51.21,49.49,79.1,68.52,1,4,0
78,92,2.15,1.59,48.23,40.84,74.99,79.33,0,5,0
95,80,1.48,1.42,67.06,36.55,76.66,77.25,5,1,2
61,79,1.54,1.13,56.21,43.29,84.01,87.17,5,1,1
74,66,1.93,0.9,37.9,33.38,83.43,72.48,5,4,2
61,74,1.74,1.67,55.79,33.27,78.15,79.65,1,2,0
90,63,1.59,1.76,51.69,44.88,90.26,84.81,5,5,2
69,75,1.05,1.28,37.51,40.09,78.82,79.28,2,1,1
74,89,1.82,1.43,49.64,62.6,78.9,71.35,5,5,0
82,69,1.34,2.12,63.33,31.79,69.11,80.48,1,1,2
77,82,1.3,1.48,44.69,64.64,86.82,77.74,5,1,2
72,98,1.61,2.0,43.12,55.09,83.65,78.35,5,3,0
86,65,0.76,0.99,53.71,45.66,77.17,86.53,1,2,2
88,84,1.45,1.48,55.1,64.46,77.87,77.92,4,0,2
96,96,2.04,1.65,44.6,55.71,79.43,80.08,4,4,1
99,89,1.74,1.99,46.35,68.81,88.84,77.1,5,5,1
89,97,2.05,0.99,54.3,49.75,81.8,81.74,3,2,1
93,85,1.96,1.08,56.32,52.33,77.57,73.93,5,5,1
95,65,1.96,1.39,46.65,43.12,79.99,79.35,1,2,2
88,88,0.2,1.61,75.74,38.49,75.47,85.34,3,4,1
88,64,1.61,1.94,25.95,33.02,79.71,82.75,5,3,2
82,85,0.68,2.17,43.01,71.2,68.97,84.07,3,2,1
71,76,1.35,0.42,36.32,45.96,82.76,79.63,5,4,1
66,91,0.97,1.57,57.33,46.5,74.65,80.13,3,3,0
99,66,2.04,1.26,57.13,41.29,81.27,70.1,1,1,2
79,81,1.56,1.7,52.75,33.56,82.74,90.03,1,1,1
87,98,0.86,0.34,53.61,43.07,71.68,75.16,2,5,0
77,61,1.13,1.41,52.22,38.49,77.85,80.69,0,0,2
96,70,1.58,0.48,46.98,36.01,74.19,72.93,0,0,2
95,95,1.37,1.5,41.01,55.65,75.68,75.64,4,4,1
72,78,1.96,1.56,25.78,44.89,87.25,72.71,1,1,1
64,87,1.22,2.17,44.17,35.76,71.65,82.62,0,4,0
62,84,0.75,1.8,56.63,61.52,78.49,80.92,5,4,0
78,70,1.58,1.15,48.38,33.72,76.28,77.34,2,1,2
78,87,1.31,1.09,47.11,56.1,78.76,78.48,0,3,0
80,86,0.74,1.99,45.91,44.63,75.74,76.19,3,5,0
70,60,1.57,1.47,75.4,45.12,79.39,81.44,2,5,1
90,76,1.69,1.69,43.41,59.72,80.12,82.51,4,0,2
72,60,1.55,1.67,68.0,47.61,72.49,88.05,2,2,2
86,76,2.63,1.61,80.53,50.14,83.43,91.21,5,4,2
61,62,1.68,2.13,54.33,53.49,78.51,82.04,5,0,2
64,64,0.82,0.61,72.17,43.53,80.2,82.04,1,0,1
93,95,1.49,0.87,55.53,54.48,84.6,84.68,3,1,1
83,68,1.25,1.79,63.91,49.23,80.35,84.92,2,0,2
60,61,1.13,1.59,41.57,60.52,79.69,78.36,2,5,0
86,84,1.9,1.39,67.77,68.23,85.59,74.64,0,0,1
73,70,1.05,1.98,53.98,51.62,84.7,81.97,0,3,0
94,92,0.99,1.21,42.81,49.31,85.71,77.54,3,2,1
75,61,1.42,1.01,46.34,55.17,81.26,81.54,5,5,2
82,88,1.23,2.02,51.3,43.1,77.4,85.6,4,3,1
62,92,1.45,2.1,57.32,40.37,80.69,77.19,0,5,0
84,68,1.28,1.54,44.58,63.99,78.81,81.46,5,0,2
92,73,0.64,1.42,34.02,68.21,86.34,84.1,5,2,2
67,92,1.27,1.95,50.88,56.2,80.26,88.0,2,4,0
78,71,1.21,1.18,51.57,48.76,80.16,84.78,2,4,1
80,82,1.62,0.82,52.23,61.97,85.75,83.59,5,5,1
67,78,1.25,1.65,77.54,63.92,76.49,82.52,4,3,1
87,66,1.3,2.1,56.86,56.74,76.42,73.66,4,2,2
61,77,2.67,0.9,48.79,46.31,81.78,76.69,5,5,0
99,60,1.44,1.04,52.5,52.49,82.83,84.54,2,1,2
85,96,1.89,0.88,40.75,46.51,72.03,74.08,4,2,1
84,69,1.29,0.91,67.33,41.66,82.28,86.46,3,5,1
85,79,1.28,0.92,47.18,40.42,77.84,75.48,0,3,1
81,88,1.96,1.35,53.55,52.18,76.05,78.48,2,5,0
73,84,1.91,1.8,56.98,48.05,76.76,76.57,0,0,0
96,81,1.1,1.47,50.67,49.35,86.5,78.71,3,5,1
71,66,1.23,1.18,43.68,78.43,76.76,85.66,1,4,1
88,76,1.22,1.86,77.97,48.35,84.28,87.65,0,4,1
80,67,1.68,2.01,27.8,60.28,84.07,76.44,1,2,1
69,82,1.17,1.54,51.93,64.36,84.24,80.2,2,0,1
79,87,1.03,2.31,59.13,54.67,74.1,79.38,4,5,0
95,67,0.62,2.21,48.65,53.46,68.26,80.29,0,4,1
69,62,1.35,2.74,40.16,63.53,82.47,85.76,5,3,2
63,92,1.74,1.57,51.43,70.32,84.99,71.22,4,0,1
62,75,1.89,1.02,51.64,36.85,78.91,82.52,5,2,1
74,61,1.37,1.41,58.48,38.0,74.76,88.56,0,5,0
99,65,0.5,0.64,50.51,46.55,78.04,81.35,5,4,2
83,96,1.07,1.4,68.96,49.66,86.91,79.62,4,0,1
71,91,1.24,2.36,54.51,42.82,84.09,76.7,2,1,0
74,82,0.94,2.05,49.85,63.57,86.24,88.17,3,1,1
91,92,0.97,1.31,52.38,46.04,77.02,77.58,5,0,2
93,77,0.96,1.67,56.75,70.65,88.15,79.42,2,3,2
71,87,1.62,1.03,58.1,50.57,75.74,83.9,4,0,1
65,81,0.86,1.69,51.39,42.9,73.18,82.03,4,3,0
79,79,1.91,1.81,45.68,50.01,74.94,73.45,2,3,1
97,89,1.26,1.26,59.36,43.68,85.78,88.71,0,3,1
62,66,2.42,1.25,51.87,38.45,81.6,78.2,0,2,0
91,76,2.75,1.24,39.03,54.34,77.15,73.67,2,5,1
91,70,1.86,2.04,51.29,44.46,73.36,83.72,4,2,2
91,83,1.13,1.81,36.97,61.05,81.03,77.44,4,4,1
88,87,0.87,1.65,45.29,55.35,80.29,81.96,5,0,2
76,74,1.07,1.35,46.66,35.81,77.24,80.82,4,3,1
84,84,1.95,1.47,42.72,59.95,75.41,78.75,5,5,1
65,90,1.68,2.18,49.85,66.12,76.09,77.77,0,3,0
61,72,1.65,1.5,59.68,59.83,79.9,78.37,4,5,0
95,77,1.95,0.74,44.4,35.85,88.16,78.37,4,5,2
71,87,1.43,2.05,56.76,58.68,72.81,73.53,0,0,0
85,78,1.57,0.33,47.73,48.4,81.13,83.12,0,4,0
75,77,0.83,0.96,49.63,54.03,77.69,80.85,0,4,0
65,93,0.99,1.0,44.29,36.66,82.71,84.05,2,1,0
88,94,1.73,0.53,49.45,58.09,69.77,78.49,2,1,1
86,94,1.82,1.75,54.25,65.39,81.02,77.61,4,5,0
74,92,1.23,1.52,47.91,31.54,85.5,83.6,5,1,1
90,62,1.84,2.22,33.79,63.34,86.4,82.92,4,3,2
71,97,1.99,2.01,39.5,44.0,73.12,77.72,5,1,1
62,60,0.74,0.71,37.69,39.73,81.98,77.1,2,1,1
60,80,1.73,1.18,44.55,43.93,77.59,78.64,4,0,1
84,68,2.11,0.89,53.93,44.24,79.2,74.78,5,2,2
79,89,0.96,1.27,44.07,54.86,77.03,76.97,3,0,1
90,86,1.41,0.26,47.32,43.89,67.05,81.27,1,2,1
96,99,1.07,1.79,49.48,58.08,86.66,83.6,5,3,1
90,78,1.59,1.82,51.67,62.67,77.82,74.86,2,5,1
60,88,2.07,1.58,21.96,41.12,77.86,81.43,3,0,0
70,68,1.41,1.76,57.82,41.81,79.21,81.73,2,0,2
86,62,1.21,1.27,52.95,54.04,77.37,70.81,2,0,2
87,70,0.92,2.19,45.2,51.64,90.59,81.47,3,0,2
67,62,1.76,1.15,53.06,60.02,79.77,77.28,1,0,1
60,86,2.04,1.49,48.51,54.7,82.78,80.58,2,3,0
79,82,2.04,1.38,55.05,60.47,80.56,74.92,3,2,1
70,95,2.02,1.15,50.35,28.29,80.86,76.45,1,0,0
75,72,1.93,1.75,50.33,45.47,86.16,79.55,4,5,1
83,85,1.38,1.57,55.42,53.15,86.13,81.17,0,4,0
79,83,1.26,1.61,47.73,56.52,81.65,78.78,5,0,2
76,99,1.0,0.94,50.3,60.74,80.22,71.37,5,3,0
60,91,1.21,1.9,29.44,35.76,82.17,84.94,1,4,0
60,75,1.36,1.37,30.6,54.62,77.64,81.57,2,0,1
88,94,1.91,2.05,45.53,51.35,80.02,86.92,5,5,1
82,90,1.17,0.71,64.92,50.97,80.54,72.22,4,2,1
87,70,1.0,1.96,39.49,41.78,84.62,74.47,4,1,2
96,90,1.93,1.16,59.02,40.96,79.12,75.05,4,1,2
79,80,1.71,1.76,30.43,42.14,78.38,83.63,1,1,1
70,82,1.28,1.85,61.54,60.75,83.81,77.89,3,1,1
74,64,1.66,1.21,41.74,47.26,80.53,77.49,0,4,1
72,75,1.31,1.51,52.95,52.97,83.48,75.95,2,0,1
83,87,1.39,0.72,41.36,55.43,78.38,81.96,3,3,1
79,82,0.55,1.93,68.42,60.17,86.47,84.97,3,5,0
65,77,1.14,1.46,64.68,55.07,77.27,67.86,3,0,1
60,77,1.88,1.87,62.49,61.44,69.8,81.46,5,4,0
65,64,1.59,1.46,50.82,52.05,73.46,79.02,5,4,1
94,85,1.73,2.73,76.35,45.67,82.34,81.22,4,0,2
77,71,2.26,1.16,40.21,45.99,81.42,87.07,2,4,1
98,70,2.54,1.1,48.19,47.41,84.89,83.49,5,5,2
75,62,1.1,1.09,45.04,42.91,89.94,78.27,0,0,2
98,65,1.95,2.06,47.91,32.54,83.76,84.65,3,4,2
70,78,1.18,1.23,35.51,38.32,81.26,75.86,5,1,2
92,70,1.46,1.34,50.86,43.26,76.73,80.36,0,1,2
63,65,1.34,0.57,61.52,64.22,89.57,73.14,3,4,1
92,60,1.32,1.7,43.52,32.15,77.81,80.64,3,1,2
94,78,2.21,0.72,48.22,33.29,72.68,86.03,4,3,2
89,75,0.57,0.79,60.54,63.23,82.81,78.0,0,2,1
78,81,1.71,1.73,46.61,47.57,77.32,83.77,4,2,1
74,95,1.76,1.28,36.57,67.16,76.01,80.97,0,5,0
95,91,1.78,1.41,48.98,29.56,81.83,81.03,0,0,1
79,81,1.69,1.71,52.0,40.39,75.82,83.7,2,2,1
70,77,1.67,2.02,55.1,35.08,75.7,83.7,3,2,1
72,63,1.4,2.01,51.89,57.31,76.57,84.42,5,0,2
66,62,0.97,1.68,47.38,47.06,79.12,73.0,2,3,1
95,75,0.8,1.24,54.16,48.64,73.72,66.26,5,1,2
93,80,1.24,1.32,44.67,35.64,81.03,86.85,0,4,1
62,77,1.57,0.59,45.24,25.04,85.94,93.43,3,3,0
62,69,1.41,1.06,57.21,62.51,81.94,80.91,5,0,2
68,82,1.88,0.83,68.94,58.22,75.8,78.13,0,0,0
95,98,1.8,2.05,57.1,69.81,80.62,86.12,2,3,1
72,93,1.43,1.66,61.17,63.66,87.37,81.69,4,2,0
90,64,1.99,2.17,56.0,39.17,73.52,84.27,3,1,2
69,90,0.99,1.36,49.9,64.51,84.04,86.7,1,2,0
80,72,2.26,1.22,32.71,45.68,85.33,80.9,5,2,2
90,96,0.85,1.21,52.94,48.76,84.63,93.49,0,0,1
69,95,1.88,1.71,51.5,41.18,85.38,80.1,4,4,0
88,90,2.66,1.95,52.3,43.53,76.7,77.47,0,3,0
61,72,1.27,0.93,50.49,65.44,83.34,78.79,4,4,0
64,66,1.37,1.48,34.9,55.45,74.21,82.38,3,1,1
84,66,1.09,1.11,42.28,49.84,70.61,86.31,1,3,1
76,64,2.04,2.57,44.01,51.43,83.91,79.63,3,1,2
80,61,1.31,1.19,63.72,43.96,78.57,79.45,5,3,2
80,98,0.89,2.2,52.04,55.51,78.38,73.31,1,3,0
78,65,1.15,2.27,60.21,50.59,81.89,87.74,0,0,2
76,99,1.45,1.82,58.84,57.5,80.42,82.19,1,2,0
81,81,1.16,0.26,56.99,46.48,77.78,76.12,0,3,0
92,66,1.4,2.73,56.02,56.14,65.52,72.02,0,2,2
77,68,1.95,1.71,58.9,71.88,82.07,76.43,5,3,2
91,75,1.75,1.31,73.96,66.58,80.34,77.48,0,5,1
96,99,0.73,2.49,43.79,35.15,73.67,79.24,2,2,1
87,67,0.4,0.52,65.65,49.32,69.98,71.15,4,4,2
66,63,1.49,0.3,29.11,52.31,75.04,80.61,5,1,2
83,96,1.71,1.43,46.33,50.69,72.37,92.05,2,4,0
64,92,0.65,1.72,28.96,48.85,76.36,83.42,2,0,0
64,83,1.57,1.56,61.03,49.04,73.48,80.82,4,0,1
96,92,2.4,1.84,48.28,45.88,84.14,85.49,0,3,0
93,84,1.48,1.96,52.41,42.25,77.51,83.43,1,4,1
75,94,1.37,1.54,53.46,51.68,75.48,84.52,3,2,0
63,66,1.36,1.44,56.51,47.82,84.66,86.25,1,5,0
97,70,1.45,1.48,41.41,51.25,87.12,87.0,2,3,2
63,78,1.7,1.71,57.97,35.68,84.11,84.58,3,4,0
76,83,1.51,1.92,48.66,51.63,85.04,86.61,4,5,0
98,82,1.76,1.16,38.82,48.03,87.06,75.61,1,0,2
94,80,1.22,1.54,73.47,38.51,75.77,80.24,2,2,2
98,69,1.31,1.61,61.94,54.43,75.03,76.48,5,2,2
65,84,2.41,0.69,53.98,66.63,84.48,76.47,2,4,0
65,71,2.4,1.5,41.35,47.49,86.13,85.29,0,0,1
89,87,2.04,0.8,41.84,40.28,78.17,86.74,3,4,1
68,91,1.51,1.94,39.8,48.05,85.04,86.75,2,4,0
87,71,1.1,2.09,52.11,45.06,75.23,76.62,5,4,2
61,83,2.55,1.94,37.79,41.23,80.7,81.5,1,0,0
90,90,2.13,1.02,60.42,63.08,80.36,81.67,0,5,0
75,71,2.28,1.03,60.7,56.3,76.49,83.41,3,4,1
98,61,1.44,0.93,48.13,41.58,72.86,79.18,2,4,2
61,80,1.08,1.2,47.02,41.17,80.99,68.87,3,0,1
81,68,1.82,2.04,39.89,62.25,80.45,76.08,4,4,2
81,64,1.75,1.91,64.27,54.52,77.7,82.44,4,1,2
63,95,1.8,0.87,50.9,54.31,81.17,77.18,4,4,0
65,85,2.36,1.33,43.71,50.87,78.11,80.16,3,5,0
87,90,1.41,0.9,45.47,41.06,78.58,81.59,2,2,1
64,71,1.11,1.95,40.73,57.48,77.04,76.55,0,3,0
84,70,1.02,1.68,33.82,51.09,86.47,70.9,1,0,2
99,72,1.13,1.87,42.83,56.91,80.06,81.88,4,1,2
80,63,0.75,1.54,41.54,37.67,81.44,86.96,3,1,2
85,77,1.68,0.64,59.57,35.89,81.47,79.3,4,0,2
80,65,1.84,1.19,47.01,53.27,77.51,87.16,0,2,1
63,84,1.13,1.64,53.35,38.03,77.26,73.29,2,3,0
88,99,1.95,1.43,48.97,56.74,85.19,78.11,0,2,0
77,81,2.19,1.47,45.66,61.17,83.58,80.02,5,5,1
85,76,0.61,2.49,43.99,51.91,74.82,77.42,3,4,1
63,67,1.89,1.13,53.12,46.17,80.95,89.3,4,0,2
95,75,2.64,1.75,53.42,49.74,82.44,71.42,2,0,2
61,66,0.98,2.49,40.68,38.5,79.9,74.59,5,1,2
65,75,1.72,1.77,60.18,40.52,86.52,80.81,2,2,1
62,67,1.16,1.18,56.47,41.07,77.23,78.81,4,1,1
88,60,1.68,1.21,19.24,53.04,65.55,79.26,3,3,2
61,76,1.75,2.34,59.2,39.17,78.98,82.74,2,2,0
96,96,1.57,1.36,55.91,50.29,72.99,78.93,2,4,1
93,69,1.64,0.67,59.46,46.77,78.78,87.48,0,2,2
77,91,1.03,0.81,44.74,37.29,80.29,87.54,2,4,0
71,81,1.35,1.45,67.0,50.89,80.13,74.61,5,5,1
68,74,1.29,1.78,51.27,64.39,77.56,86.05,3,4,0
78,85,0.67,2.5,58.77,54.44,81.49,73.0,3,2,1
83,66,1.9,1.95,55.78,41.74,83.82,76.3,0,2,1
64,78,1.77,1.43,53.2,66.53,74.99,79.73,3,1,1
87,61,1.39,0.61,53.44,55.22,88.64,83.22,1,0,2
91,69,1.55,0.81,52.59,57.77,82.96,78.89,5,4,2
97,98,0.69,1.34,48.71,45.84,81.66,80.15,0,3,0
90,86,2.58,1.89,60.33,51.68,74.47,85.18,3,5,1
82,62,1.09,1.28,48.33,56.66,75.65,81.61,3,2,2
68,68,1.27,1.6,44.58,61.17,81.71,83.5,4,4,1
97,71,1.78,1.32,53.11,50.88,80.3,80.05,1,1,2
93,74,1.91,1.09,60.11,50.97,78.8,77.97,4,2,2
85,76,2.02,1.76,50.21,30.9,73.57,77.93,5,5,1
61,84,1.8,1.62,41.23,63.52,75.22,78.79,0,2,0
94,71,1.13,1.59,38.44,44.33,69.25,79.7,3,0,2
67,78,1.19,1.97,73.18,46.63,83.49,74.17,1,3,0
76,90,2.17,1.67,70.6,59.79,84.82,82.03,2,1,1
98,99,1.51,1.54,52.27,28.33,81.11,81.78,3,1,1
98,98,1.93,1.43,36.75,60.14,74.21,76.51,5,1,2
89,63,1.62,0.67,58.14,53.38,78.95,77.35,1,3,2
83,98,1.41,0.83,46.21,40.48,83.26,76.96,5,2,1
81,95,1.96,1.49,53.93,23.79,75.59,77.48,3,0,1
97,99,1.49,1.74,51.51,39.84,78.64,89.97,4,2,1
98,85,1.36,1.14,42.91,63.45,80.18,77.51,3,5,1
69,88,0.84,1.71,62.44,46.77,82.22,80.79,3,3,0
75,85,1.47,1.58,60.71,52.42,81.57,83.11,4,4,1
85,83,0.97,1.05,29.37,51.88,80.26,80.59,3,3,1
87,82,1.0,1.38,52.94,57.03,86.09,72.81,2,5,1
94,71,1.4,1.02,52.29,42.52,81.13,79.61,0,4,1
88,65,1.26,1.61,58.95,49.66,90.26,75.27,1,2,2
86,67,2.46,1.72,44.58,42.76,77.99,84.7,4,1,2
86,65,1.96,1.92,46.86,54.47,74.43,78.03,5,4,2
77,88,1.94,0.73,39.55,39.0,67.75,78.39,2,0,1
69,62,1.12,0.93,44.92,43.71,77.66,88.07,5,4,2
83,83,2.39,1.66,36.02,64.89,74.45,79.03,2,5,0
61,76,1.26,2.34,45.39,35.94,81.06,79.53,3,5,0
99,77,2.32,1.85,58.65,39.23,84.65,79.6,1,3,2
98,62,1.52,2.04,50.59,66.37,94.35,74.61,5,0,2
90,70,1.6,0.17,35.26,48.8,83.51,81.68,3,3,2
97,70,1.74,1.76,34.87,58.01,84.7,74.1,1,4,2
61,99,1.61,0.66,41.78,49.81,83.86,85.7,4,2,0
83,99,2.27,0.8,54.73,58.78,81.31,76.72,5,3,1
76,80,0.17,1.98,40.44,51.03,81.23,74.61,1,4,0
61,91,1.76,0.58,49.01,50.76,86.81,85.74,3,2,0
74,62,1.95,1.74,47.91,46.47,82.08,76.64,3,1,2
97,66,1.63,0.95,54.59,66.47,80.28,82.16,3,3,2
62,91,1.83,1.74,46.69,36.23,75.12,80.13,0,2,0
76,66,2.6,0.89,47.9,39.11,78.29,75.12,5,0,2
60,77,1.36,1.36,43.57,24.07,69.84,76.28,5,3,1
79,66,1.52,2.12,48.58,62.27,78.22,79.29,3,4,1
80,91,0.76,1.73,38.23,54.33,87.28,87.9,4,2,1
90,76,1.38,1.03,61.07,54.5,78.11,80.42,4,1,2
66,65,1.4,0.73,45.29,63.12,81.43,81.96,5,0,2
88,93,1.67,1.4,38.6,51.86,71.78,90.9,1,2,1
66,92,2.29,1.77,35.53,65.56,80.43,87.24,1,0,0
66,82,1.57,1.23,58.67,47.71,75.44,82.81,0,4,0
72,89,1.29,1.65,67.21,61.21,81.52,79.9,5,1,1
87,84,1.22,0.96,52.14,50.07,87.42,72.96,4,2,2
68,85,2.3,1.36,60.14,35.93,84.28,80.42,1,0,0
83,98,2.01,0.92,53.29,43.47,88.42,74.79,3,5,0
62,74,1.02,0.9,57.23,40.44,87.55,86.66,3,1,1
74,83,0.91,1.3,40.22,35.1,76.82,89.95,3,1,1
84,72,1.18,1.88,46.59,44.05,73.93,73.6,3,4,1
93,85,1.55,1.03,38.13,49.04,90.45,76.3,5,0,2
89,61,1.06,1.59,40.28,59.01,82.9,82.1,2,3,2
77,67,2.35,1.39,40.89,55.21,76.84,78.54,3,1,2
83,76,2.05,1.0,46.0,32.77,74.25,83.54,4,1,2
93,73,1.89,1.42,50.39,63.68,77.6,82.71,4,0,2
78,99,1.27,2.1,55.83,34.57,80.09,89.51,0,0,0
81,99,1.46,1.05,38.78,69.1,83.22,73.47,3,4,0
74,95,1.72,1.84,57.6,69.12,85.35,90.94,0,1,0
90,89,1.89,1.69,47.49,53.24,86.51,74.44,4,0,2
85,62,1.0,0.37,48.75,43.56,75.91,72.62,5,3,2
72,78,1.4,1.62,43.46,45.65,78.79,87.71,4,3,1
70,86,1.81,1.23,56.81,47.93,91.41,77.32,1,2,0
90,68,1.61,1.96,60.17,30.61,78.66,73.77,4,5,2
77,69,1.45,0.79,71.49,55.3,88.02,74.3,2,0,2
93,85,1.74,1.57,54.27,55.18,81.95,76.12,4,4,1
83,79,1.49,1.01,39.15,54.45,79.66,80.13,3,0,2
68,62,1.23,1.04,45.52,49.17,83.66,80.02,0,5,0
68,93,1.97,2.74,53.31,41.23,85.33,77.08,2,5,0
98,91,1.77,1.32,60.07,59.42,85.67,78.09,2,2,1
96,81,1.71,1.92,52.71,54.55,79.75,81.46,2,0,2
87,77,1.75,1.32,64.0,46.56,82.27,72.31,3,3,1
61,79,1.49,0.85,41.26,37.39,82.67,82.16,5,0,1
72,96,1.12,1.24,51.92,33.21,85.05,83.76,5,1,1
99,98,1.88,1.95,52.79,41.85,72.52,79.94,0,5,0
63,75,1.48,2.04,57.6,57.47,74.42,82.53,5,3,1
68,93,2.19,1.29,41.03,43.44,76.35,77.76,2,1,0
92,92,1.82,1.81,50.88,51.81,77.62,74.18,1,3,1
75,66,2.14,0.84,36.3,38.31,78.56,82.76,1,2,1
65,62,1.62,1.67,45.65,42.85,83.21,83.2,4,3,1
71,69,1.28,2.54,41.47,57.55,81.93,81.09,3,0,2
86,67,1.22,1.88,39.87,53.68,81.84,89.44,3,3,2
63,69,1.04,0.94,35.54,56.77,82.41,86.81,3,1,1
82,86,1.57,1.52,49.28,54.93,76.22,85.97,1,2,1
79,88,2.12,2.12,48.45,68.5,84.46,87.42,1,2,0
68,71,1.75,0.87,41.62,54.88,85.0,70.11,4,4,1
89,76,1.22,2.52,45.57,45.65,79.58,77.38,4,1,2
98,85,1.13,1.93,42.07,62.64,65.89,84.02,4,4,2
65,97,0.63,1.74,21.86,42.31,75.64,81.75,2,0,0
76,95,0.93,0.8,37.96,62.66,85.47,78.67,1,1,0
78,62,0.92,2.05,46.49,68.32,83.39,82.26,3,4,2
87,87,1.76,1.24,58.44,55.49,76.09,77.44,1,2,1
84,63,1.49,1.82,41.02,39.51,83.25,74.87,4,5,2
69,74,1.78,0.92,56.7,52.6,77.73,75.17,2,2,1
62,80,1.35,1.99,34.37,53.26,71.85,85.35,1,2,0
97,79,1.09,1.14,50.66,44.83,79.4,77.22,3,0,2
66,64,1.59,1.97,60.12,51.58,80.99,84.4,2,4,1
86,91,1.74,1.27,46.62,61.6,77.71,86.57,1,5,0
78,98,1.28,1.3,53.15,50.27,76.07,91.67,4,4,0
99,99,2.35,2.03,74.93,57.48,78.69,75.86,0,2,1
70,80,1.96,0.94,57.52,53.51,82.68,87.13,2,2,1
66,76,2.52,1.51,30.44,32.98,74.97,79.39,5,0,2
97,89,1.55,1.89,55.9,43.54,69.1,87.65,1,0,2
70,68,0.55,0.81,55.97,38.32,81.28,78.07,1,2,1
94,71,1.32,1.79,28.71,44.66,73.86,79.26,4,5,2
66,94,1.71,1.99,59.59,65.45,84.11,75.21,1,4,0
84,84,1.92,1.65,60.16,48.05,75.3,77.56,5,5,1
64,84,1.7,1.74,56.01,42.61,64.77,77.33,1,1,0
89,93,1.33,1.46,66.15,44.57,83.41,89.27,0,4,0
68,99,2.35,1.85,68.44,53.19,83.14,74.92,0,3,0
90,61,1.4,2.27,59.33,45.31,72.95,85.0,2,4,2
68,97,1.15,1.46,74.56,41.15,81.37,83.32,1,2,0
63,88,2.02,1.47,38.59,64.08,79.56,79.1,5,3,0
69,72,1.79,1.74,62.87,36.29,79.6,80.4,0,2,0
81,86,1.35,2.56,44.68,67.06,77.19,75.14,4,3,1
61,75,2.48,0.86,30.12,49.41,75.89,79.86,4,5,0
98,90,1.25,1.32,48.45,41.24,71.64,88.06,2,4,1
62,99,1.59,2.45,50.01,50.45,78.78,77.17,3,0,0
60,74,1.18,2.17,60.4,57.72,85.8,73.98,0,5,0
79,92,0.63,1.46,41.19,59.88,81.26,77.89,0,0,0
90,90,2.29,1.37,40.73,46.07,89.35,78.86,1,3,1
98,94,1.4,1.71,54.37,44.01,76.43,83.63,4,1,2
78,61,1.25,2.49,53.03,56.39,81.49,74.33,2,5,1
94,88,2.44,0.89,47.65,54.56,82.83,79.51,5,4,2
93,95,0.96,1.78,55.39,56.75,80.56,83.68,1,4,0
94,65,1.68,1.53,50.67,52.15,85.37,84.17,5,1,2
72,84,2.25,1.54,48.37,47.62,76.28,86.32,5,1,1
84,72,1.75,0.6,61.66,48.67,79.24,83.87,0,4,1
67,89,1.55,1.53,55.9,40.69,88.97,79.4,2,2,0
74,82,1.81,0.69,48.04,65.39,94.56,76.59,2,2,1
72,95,1.86,2.12,49.18,30.58,82.1,71.71,4,0,1
78,78,1.8,0.92,65.06,50.82,80.9,76.52,5,1,2
63,63,2.45,1.72,44.37,62.42,81.04,86.95,3,1,1
66,62,2.03,1.94,52.37,69.15,86.05,84.81,0,4,0
92,88,2.08,0.6,62.84,45.96,80.98,84.44,5,5,1
89,92,0.85,0.78,53.16,53.04,78.57,77.39,0,0,1
69,95,2.27,1.33,56.99,48.08,77.73,86.35,0,1,0
72,71,0.89,2.52,32.11,65.21,77.67,76.59,0,4,0
97,69,1.71,2.08,53.86,53.85,82.54,79.57,2,2,2
95,85,1.75,0.74,50.46,56.77,71.71,83.27,2,3,1
79,90,2.02,1.33,40.65,57.56,79.42,86.48,5,1,1
62,84,2.11,2.51,46.33,69.19,79.14,80.68,0,5,0
85,70,1.55,0.78,38.39,50.78,81.72,83.66,4,5,1
65,94,2.25,1.3,57.3,43.01,80.0,80.46,3,3,0
77,99,1.89,1.28,62.71,47.71,73.65,78.2,0,0,0
82,64,1.38,1.44,52.93,55.26,78.6,81.27,1,4,1
69,87,1.8,1.47,49.9,50.01,84.87,79.73,1,1,0
63,83,0.15,1.56,42.46,28.5,77.9,77.71,2,2,0
86,98,1.46,1.28,51.48,51.65,88.18,81.84,5,1,1
78,79,2.19,1.36,49.43,62.99,73.3,79.91,3,4,1
61,67,1.7,1.26,54.25,53.85,74.16,72.67,0,0,1
87,78,1.97,1.4,56.9,58.23,79.64,82.2,2,2,1
80,67,1.84,1.89,47.38,41.42,80.45,83.57,0,3,1
85,87,0.96,1.18,49.24,54.06,84.12,81.96,3,3,1
65,96,1.69,1.72,50.06,49.56,80.14,72.73,5,4,0
85,72,1.12,0.45,57.1,33.75,82.17,82.83,2,5,1
92,85,2.06,0.5,29.84,39.52,83.61,73.5,3,3,1
73,90,2.19,1.33,54.02,61.48,78.0,69.47,4,0,1
94,94,1.39,1.67,39.12,46.63,83.93,78.65,4,0,2
76,77,1.49,1.33,41.95,41.73,79.78,84.11,3,5,0
64,78,2.14,1.91,53.21,40.12,75.98,76.24,3,2,1
79,87,1.4,1.93,46.82,52.24,85.96,69.32,5,2,1
70,61,2.56,1.2,41.4,49.1,76.27,81.84,5,5,1
80,88,1.52,1.79,38.74,48.75,81.4,86.93,5,4,1
96,77,0.37,1.52,58.16,45.56,76.81,79.54,4,0,2
85,65,1.64,2.65,47.19,54.48,81.41,75.71,4,1,2
81,64,1.64,1.03,39.67,42.88,89.99,89.37,3,3,2
63,74,0.67,1.28,52.1,53.23,81.56,82.34,5,5,0
63,92,0.97,0.95,66.04,30.27,74.6,81.4,2,5,0
94,74,0.95,2.86,61.97,55.31,85.92,85.16,2,0,2
90,86,1.4,1.66,32.0,30.37,80.28,83.83,5,5,1
66,98,1.64,0.22,55.16,59.13,82.83,77.84,4,4,0
61,84,1.39,1.2,54.13,56.78,82.05,78.88,5,0,1
66,88,0.58,1.3,25.46,57.78,79.14,71.0,5,5,0
89,93,1.52,1.3,49.47,37.08,91.3,77.49,0,1,1
60,64,1.73,1.54,55.91,44.09,69.05,83.28,3,5,0
85,93,1.59,1.54,39.67,43.95,80.85,86.28,5,3,1
94,72,2.03,1.41,57.5,47.37,89.88,77.31,4,2,2
99,77,1.52,1.5,44.26,43.25,73.66,74.76,3,4,2
92,76,1.35,0.85,40.28,41.21,76.34,78.29,2,3,2
96,87,1.4,1.75,34.68,51.02,87.2,78.55,0,2,1
68,71,1.58,0.74,53.02,40.85,72.44,72.54,5,3,1
96,93,2.03,1.02,62.3,48.9,77.58,86.66,0,0,1
70,78,0.99,1.08,50.06,74.49,84.05,81.79,2,5,0
96,93,0.71,1.94,31.08,44.34,76.97,84.94,0,4,0
92,83,1.24,0.5,60.32,56.46,79.89,80.98,5,5,1
80,86,2.28,0.82,47.97,64.53,74.46,82.97,5,0,2
69,70,1.22,2.61,55.73,52.27,80.12,82.12,5,3,1
91,73,1.85,1.48,50.47,40.9,75.2,81.75,0,1,2
80,68,1.88,1.18,45.92,46.75,82.44,79.22,4,3,2
97,76,0.99,1.83,39.63,41.48,80.58,80.58,1,5,1
63,77,2.03,1.88,57.69,64.95,80.17,75.67,4,2,1
62,61,1.28,2.22,35.06,42.9,78.3,80.55,4,4,1
85,62,0.82,1.83,63.89,43.33,71.01,89.18,0,2,2
93,73,2.12,1.04,44.58,63.58,85.71,85.48,1,5,1
98,63,1.22,2.28,62.37,56.49,83.59,76.75,1,2,2
95,71,1.12,1.94,39.32,56.62,77.32,85.54,3,5,2
71,80,1.47,2.25,50.43,47.6,77.31,79.21,0,2,0
61,85,0.78,1.87,44.25,41.72,76.21,94.42,3,3,0
76,76,1.2,0.77,42.7,52.15,81.65,75.42,5,4,1
67,77,1.61,2.27,40.09,54.34,70.53,82.94,2,5,0
67,61,1.84,1.98,42.53,51.35,84.33,77.73,4,1,2
70,95,1.93,1.37,66.4,49.28,76.55,88.5,1,5,0
78,68,0.86,1.76,64.69,50.29,75.07,81.23,4,4,1
69,70,1.24,1.49,56.48,60.68,81.68,76.62,0,2,0
68,67,1.69,1.18,40.05,70.59,86.05,75.55,4,3,1
80,90,0.85,2.56,44.39,52.75,87.4,76.83,4,2,1
63,64,1.42,1.29,54.87,36.12,79.42,84.3,2,3,1
85,98,1.86,1.78,59.64,46.85,77.76,76.18,3,5,0
66,92,2.0,0.86,56.2,50.72,75.47,76.09,3,4,0
75,74,1.3,2.01,59.24,43.36,90.37,79.29,3,4,1
99,98,1.68,1.32,62.74,39.04,83.11,73.39,3,4,1
80,82,1.1,1.71,63.93,43.96,80.29,81.35,3,1,1
64,61,1.08,1.99,47.68,44.42,73.4,81.84,2,3,1
67,73,1.95,0.85,60.54,40.99,81.66,83.1,0,2,0
68,68,1.38,1.87,47.14,47.37,73.8,84.96,1,2,1
62,75,1.68,2.03,31.77,42.46,84.34,77.82,3,2,1
76,72,0.81,2.36,51.3,58.36,88.31,73.28,0,0,1
71,79,1.45,1.2,63.0,54.57,79.32,76.83,3,3,1
94,84,1.01,2.07,39.13,45.69,73.86,80.69,4,1,2
69,73,1.85,1.28,59.89,45.03,83.05,79.83,5,5,1
90,97,2.22,0.96,53.01,38.28,82.33,80.06,4,0,2
62,81,1.79,2.22,34.62,57.23,78.06,82.69,3,0,1
92,73,1.65,1.59,50.41,41.05,78.37,69.76,5,1,2
61,79,1.13,1.18,57.43,38.26,77.18,80.62,5,0,1
65,82,1.57,1.64,46.76,42.62,78.16,73.72,5,0,1
90,91,1.27,1.52,35.3,60.69,79.33,70.97,5,5,1
63,89,1.22,1.84,44.51,57.34,85.31,74.91,4,3,0
72,64,1.13,1.29,34.37,42.88,74.45,75.22,2,1,2
88,83,1.24,2.24,71.17,44.32,77.78,81.49,2,0,2
99,96,2.01,1.11,49.07,48.32,86.56,75.52,1,3,1
81,68,0.92,1.86,52.66,35.51,89.48,81.67,1,2,1
79,73,2.26,1.34,63.0,45.04,73.92,77.68,3,4,1
80,78,1.35,1.82,49.34,56.27,70.37,78.98,3,5,1
78,64,1.25,1.21,55.98,50.84,82.7,85.73,4,5,1
95,97,1.61,2.37,42.51,34.13,95.05,72.24,4,2,1
65,71,1.33,0.68,47.36,45.73,86.99,82.4,4,5,0
67,68,1.06,1.36,42.41,54.71,75.4,88.89,2,0,1
82,71,1.06,1.43,64.42,47.94,83.01,79.69,5,3,2
95,63,1.32,2.2,51.8,68.58,83.43,81.29,2,3,2
76,78,0.99,1.39,58.05,44.13,83.29,83.89,2,2,1
98,93,2.16,2.45,38.34,50.47,79.51,74.51,2,3,1
67,75,1.56,1.59,49.27,58.43,77.26,73.63,0,2,0
77,61,2.1,2.49,56.55,53.28,76.08,77.0,0,5,1
85,60,0.93,1.25,52.57,51.1,76.27,78.94,2,0,2
61,99,1.04,1.47,64.69,54.71,80.42,82.45,0,2,0
82,78,1.65,1.96,60.33,38.23,84.57,75.62,0,0,1
91,63,1.73,1.82,51.25,51.16,83.88,76.62,5,3,2
79,65,1.37,1.94,52.9,50.55,87.95,76.86,0,1,1
74,75,1.82,1.57,43.25,57.09,78.53,92.17,2,5,0
91,74,1.63,1.26,43.23,45.62,73.71,84.82,5,2,2
82,97,1.4,1.55,35.32,52.75,78.91,77.15,5,2,1
64,92,1.35,1.23,55.1,57.73,78.8,79.33,4,4,0
63,78,2.05,1.3,64.41,54.74,77.64,77.94,2,2,0
68,60,1.63,1.83,39.62,52.85,70.61,80.52,2,4,1
70,96,0.85,2.58,58.09,34.3,75.15,79.64,2,2,0
89,87,1.75,1.99,64.43,53.26,86.8,85.53,2,4,1
98,85,1.08,2.02,52.8,47.01,83.05,84.47,1,2,1
79,95,1.73,1.74,57.14,64.61,79.97,71.23,0,3,0
73,71,0.47,1.81,76.62,61.75,75.23,77.32,2,3,1
67,67,1.8,1.32,44.98,38.3,88.41,81.51,2,5,0
97,97,2.01,2.13,23.9,51.5,75.18,71.19,4,5,1
66,80,2.55,1.84,49.09,48.14,76.61,79.92,1,3,0
86,84,0.72,1.33,43.84,54.5,73.04,85.95,2,4,1
62,92,2.1,1.56,59.63,33.72,86.03,88.63,5,3,0
61,64,2.03,0.98,29.83,61.99,76.82,78.39,4,2,1
98,88,1.73,2.3,41.24,33.83,78.58,92.72,4,3,2
61,63,1.87,2.06,46.18,37.92,73.37,72.19,0,4,0
73,99,2.55,0.64,16.44,49.07,81.65,72.71,2,1,0
70,71,1.79,0.58,67.49,60.7,80.64,81.45,1,5,0
65,93,0.53,0.67,47.38,41.78,75.9,67.1,5,1,1
84,78,1.21,2.79,49.53,55.42,80.35,75.9,1,5,0
98,68,1.41,2.13,62.36,48.79,86.2,82.89,3,2,2
84,87,1.14,1.24,55.6,32.74,81.89,97.39,2,2,1
88,63,2.21,1.53,48.58,46.89,83.09,72.04,5,3,2
98,60,1.27,2.5,60.14,42.22,87.55,76.6,2,2,2
82,68,2.07,1.6,69.32,45.97,78.94,79.2,5,1,2
77,94,1.55,2.36,53.23,36.91,84.55,79.65,1,1,0
82,92,1.62,1.43,40.58,52.75,84.12,79.98,2,0,1
87,98,0.91,1.23,50.14,40.45,80.06,84.39,1,5,0
78,66,0.95,1.21,53.58,47.67,74.67,78.52,4,4,2
67,63,2.44,0.2,50.92,32.14,67.78,71.96,5,4,1
84,85,2.31,2.17,32.63,37.73,77.46,85.8,0,0,1
85,82,0.9,1.86,52.63,42.24,79.06,72.0,4,1,2
97,70,2.44,0.17,35.49,60.01,73.98,80.54,1,4,2
78,99,0.89,0.86,43.61,52.42,84.14,78.53,4,3,0
68,67,0.98,1.96,61.13,34.67,77.89,79.32,2,0,2
96,89,1.88,1.51,53.39,57.81,83.47,79.63,5,5,1
67,91,1.61,1.1,44.22,74.11,77.78,81.16,1,0,0
81,69,2.15,1.52,49.84,52.74,68.73,74.4,5,0,2
72,67,2.44,1.85,37.59,50.66,74.02,70.34,2,3,1
81,83,1.28,0.85,50.59,63.98,75.51,82.02,3,4,1
80,80,1.84,1.12,35.39,55.52,71.66,81.31,2,1,1
88,67,1.94,0.94,46.3,46.72,73.36,72.71,3,4,2
73,72,2.24,0.77,42.8,62.6,73.52,81.55,5,2,2
71,81,0.74,1.95,48.78,46.07,69.44,78.96,3,2,1
85,68,1.64,2.31,44.8,56.55,81.37,79.59,0,2,1
60,66,1.03,2.05,53.57,41.22,82.12,77.36,1,4,0
93,83,2.43,1.72,43.47,70.68,89.9,80.29,1,3,1
84,64,1.53,2.33,53.52,57.68,76.8,85.56,0,5,1
72,70,0.83,1.0,61.37,53.09,94.0,80.02,2,4,1
88,88,1.69,2.01,58.58,50.31,83.95,83.06,2,3,1
65,62,1.37,1.17,49.51,62.88,82.48,77.74,5,0,2
94,62,1.67,2.59,41.07,67.02,75.35,73.44,3,1,2
90,64,0.51,1.51,42.33,67.8,87.27,80.72,1,4,2
84,91,1.83,0.52,44.27,55.46,86.44,79.68,4,3,1
60,72,1.35,1.71,46.72,61.83,82.26,88.87,0,3,0
73,68,2.26,2.1,59.35,47.72,85.41,86.19,5,2,2
79,97,1.63,1.36,45.02,69.19,77.81,81.34,2,0,1
81,87,1.27,1.89,51.96,64.88,75.89,75.34,4,5,0
77,61,1.22,1.24,49.44,64.81,79.32,77.47,3,0,2
90,72,2.06,2.18,61.27,42.34,74.41,73.09,2,5,1
66,86,1.37,1.12,56.19,37.21,82.0,98.28,4,5,0
98,66,2.0,1.92,57.36,76.51,78.9,75.25,4,5,2
87,88,1.4,1.49,56.06,51.82,80.24,79.67,3,1,1
60,74,1.21,2.42,42.14,38.82,79.49,80.21,0,5,0
95,91,2.28,2.25,44.04,57.71,80.05,81.98,4,5,1
64,65,1.93,1.39,48.76,61.07,90.07,85.19,1,0,1
98,69,1.06,1.15,43.55,58.98,82.71,63.95,0,2,2
87,68,1.76,1.81,40.75,58.28,83.69,79.55,2,3,2
69,98,1.78,1.0,52.55,41.18,78.63,80.32,0,1,0
74,73,0.99,1.16,46.12,61.4,80.54,74.78,4,5,1
60,93,0.44,1.22,51.43,55.85,78.59,71.89,0,5,0
92,97,1.2,1.9,46.06,64.17,92.11,77.82,4,2,1
81,91,1.13,1.56,32.4,39.07,79.18,73.69,1,1,1
63,92,2.32,1.3,43.13,56.9,81.26,80.94,1,2,0
70,76,0.94,1.13,57.01,60.2,75.93,78.59,5,5,1
75,60,1.78,0.9,56.65,39.67,70.89,85.04,2,2,2
70,76,1.64,0.4,61.99,50.29,81.45,87.11,1,0,1
72,97,0.83,1.44,50.22,49.22,84.36,79.05,3,2,0
70,91,1.2,1.39,52.17,40.79,84.37,89.58,3,0,1
67,77,2.0,1.69,58.89,54.66,82.17,79.31,1,5,0
71,92,1.31,0.97,56.68,56.79,81.48,76.39,2,0,0
74,78,1.49,2.64,44.74,49.43,84.84,87.64,0,0,1
97,71,1.64,1.03,44.87,47.39,85.34,77.56,2,4,2
63,74,1.62,0.75,44.17,50.9,77.21,82.9,0,0,0
94,98,1.53,0.88,64.73,41.04,79.38,78.8,4,2,1
74,62,1.41,1.46,32.32,45.83,82.97,79.57,4,0,2
79,71,1.63,1.36,40.03,49.28,82.18,79.14,3,4,1
94,80,1.14,1.79,60.32,40.35,80.9,78.94,2,5,1
68,98,1.36,1.84,72.21,47.42,80.93,73.43,4,2,0
67,99,1.48,1.34,72.38,46.73,75.16,83.63,4,5,0
68,87,1.8,1.12,41.44,65.7,80.39,83.27,4,2,1
80,95,0.85,1.55,54.91,40.34,79.75,74.33,1,2,0
93,85,1.63,1.56,53.67,71.14,80.57,71.6,1,1,1
77,60,0.76,1.25,41.74,55.84,77.22,81.9,5,4,2
72,90,1.01,1.75,45.9,32.61,77.59,75.74,5,4,0
76,89,1.76,1.43,50.88,51.22,87.4,81.2,5,1,1
92,76,1.46,1.18,34.63,48.71,74.22,80.84,3,0,2
76,87,2.45,1.81,49.9,51.59,78.04,83.5,5,3,1
98,68,1.44,2.02,50.54,36.07,84.18,82.48,2,5,2
61,90,1.17,1.35,33.1,44.24,77.79,75.82,2,2,0
75,94,1.12,1.78,50.7,46.27,78.69,78.95,1,5,0
63,99,1.12,2.2,62.63,65.92,78.17,79.82,5,4,0
64,99,2.08,2.04,58.93,55.94,83.59,84.34,4,0,0
72,84,1.64,1.04,49.34,65.56,70.25,76.09,2,3,0
89,99,2.36,2.27,50.28,50.62,86.17,74.71,2,4,0
72,88,1.76,1.07,49.23,52.2,83.73,81.62,3,4,0
64,83,1.06,1.52,75.39,65.06,80.11,78.81,5,0,1
76,65,0.97,0.84,65.21,37.4,80.3,83.45,1,3,1
70,91,1.53,1.3,52.34,50.12,81.5,89.32,4,5,0
89,97,1.44,2.01,40.27,45.85,71.63,82.58,4,4,1
60,91,1.23,1.3,61.31,36.6,82.34,71.68,5,1,0
85,73,1.74,1.34,69.63,49.83,77.19,79.53,3,0,2
84,73,2.11,1.19,54.57,46.1,81.07,82.36,1,0,2
79,86,1.2,1.33,52.91,63.98,74.39,86.85,3,3,1
73,94,1.77,2.04,57.04,51.41,79.11,79.61,4,4,0
62,98,1.78,1.78,43.12,45.52,78.82,81.6,1,1,0
91,88,1.61,1.64,64.46,49.0,74.51,82.11,5,2,2
69,96,1.26,1.5,54.76,61.14,77.49,74.36,4,0,1
67,86,1.41,2.28,61.04,72.06,79.64,78.88,2,3,0
98,99,1.86,1.3,51.21,52.57,77.64,91.11,1,4,0
79,68,1.44,1.65,60.94,55.09,82.47,67.57,2,4,1
75,92,1.64,1.4,41.54,52.6,85.53,71.01,4,1,1
91,95,1.87,0.62,38.63,43.04,76.15,75.96,5,4,1
83,90,1.69,1.11,43.63,59.28,68.64,76.39,5,4,1
81,67,0.68,2.01,52.23,36.6,82.45,79.04,0,4,1
61,76,0.83,1.69,56.33,41.95,80.04,83.15,4,3,1
70,63,0.46,1.07,46.87,71.3,81.89,74.84,1,0,2
78,70,1.57,1.13,57.18,47.21,81.44,78.93,5,2,2
71,94,2.1,1.78,30.17,45.16,80.42,77.61,5,4,0
85,83,0.87,1.89,50.84,60.04,87.45,91.25,4,2,2
89,69,0.95,1.35,48.76,47.12,74.1,79.86,5,3,2
90,66,1.2,1.86,56.5,40.51,86.28,81.66,2,2,2
70,74,1.15,0.49,57.42,41.77,83.91,86.8,0,5,0
74,80,1.89,1.0,61.48,41.37,79.41,81.65,5,5,1
61,71,1.79,1.74,48.49,33.45,80.52,80.87,2,3,0
80,98,1.2,1.74,47.13,52.93,74.17,72.22,2,2,0
82,70,1.51,1.83,61.96,51.42,73.77,76.46,1,5,1
96,62,1.57,1.53,66.3,48.73,81.02,82.11,3,5,2
77,60,1.79,0.74,44.24,43.51,81.02,84.31,4,3,2
70,76,1.85,1.32,43.56,51.02,78.38,85.08,2,3,0
81,60,2.05,2.25,28.49,67.76,76.72,82.29,0,5,1
69,74,1.35,2.15,39.3,52.84,78.97,83.3,0,3,0
70,65,1.68,1.26,51.03,47.07,69.13,78.5,3,5,1
89,74,2.27,1.92,49.12,48.65,81.83,81.44,0,2,1
72,78,1.75,-0.09,52.65,38.14,81.92,73.09,4,4,1
69,75,1.19,3.01,51.75,66.1,85.81,84.86,4,3,1
92,75,1.87,1.92,60.4,43.08,84.52,80.54,2,4,1
78,92,1.71,1.51,60.58,37.46,76.72,76.81,0,3,0
93,86,1.56,1.8,57.93,55.15,77.18,79.76,0,2,1
90,84,1.95,1.77,44.76,73.24,71.89,83.15,5,0,2
90,86,1.87,0.93,40.02,47.16,80.13,83.0,0,5,0
94,67,2.08,0.03,55.89,51.48,74.85,86.54,0,2,2
96,97,2.2,1.42,49.36,64.83,87.37,75.66,4,3,1
85,86,2.7,2.17,44.96,38.34,75.19,83.02,4,5,1
71,71,1.49,1.26,48.7,40.9,80.49,78.05,3,4,1
97,98,1.97,2.43,49.85,39.46,81.83,76.93,2,2,1
69,83,1.96,2.22,51.6,64.26,83.84,81.21,5,4,1
76,90,0.9,0.67,63.44,57.46,77.72,75.89,3,4,0
70,80,1.89,1.48,55.62,50.62,71.11,84.82,0,0,1
73,62,0.7,1.41,58.07,65.63,79.13,84.02,0,4,1
94,63,1.52,0.9,50.57,54.81,89.77,79.1,5,2,2
93,87,2.05,1.79,41.7,64.35,80.02,79.85,2,0,2
81,92,1.06,1.75,45.07,45.38,82.79,82.11,4,1,1
68,81,0.56,1.08,39.0,56.5,77.26,79.98,3,3,0
94,92,1.63,1.44,55.9,50.71,76.87,77.25,0,0,1
81,76,2.03,1.92,69.03,56.22,79.13,76.0,4,0,2
97,76,2.21,1.88,42.15,51.01,81.63,76.66,5,5,2
77,69,1.17,1.88,61.13,48.13,77.12,73.7,0,2,1
97,62,2.13,0.51,54.59,44.62,78.37,82.45,0,5,1
62,66,1.26,2.24,65.6,42.72,83.95,78.71,3,3,1
66,82,1.07,0.9,35.6,44.98,82.97,72.77,0,5,0
86,86,1.82,1.94,55.39,53.91,88.55,79.69,0,5,0
83,98,0.45,1.41,70.43,45.18,94.05,79.74,2,1,1
67,98,1.3,1.44,32.92,54.27,75.09,78.47,1,5,0
94,81,1.14,1.56,48.26,53.0,78.86,84.49,3,4,1
73,77,0.65,2.15,41.18,57.22,82.97,81.54,1,1,1
89,63,2.01,1.38,57.27,50.48,76.01,76.52,1,2,2
80,63,2.35,2.04,56.35,56.37,79.76,72.4,5,0,2
63,93,1.77,2.33,62.84,69.14,82.68,82.24,3,4,0
79,88,1.51,3.22,53.45,76.65,81.41,82.3,5,1,2
99,67,1.56,1.51,62.12,45.79,77.88,72.16,1,5,2
95,94,1.9,1.32,59.22,51.16,80.17,70.74,4,5,1
61,93,1.79,1.06,62.0,49.31,90.9,75.15,4,0,0
93,73,0.18,1.62,58.96,66.11,75.51,76.78,4,3,2
98,87,1.85,1.67,40.98,60.5,76.19,84.51,3,2,2
84,82,1.64,1.21,44.93,44.03,86.56,83.47,1,5,0
81,74,1.24,1.39,70.18,61.72,84.14,74.66,4,2,2
61,72,0.68,2.4,59.32,63.25,76.37,80.39,2,4,0
89,87,0.86,1.84,54.29,41.1,74.63,84.05,5,4,1
72,98,1.38,1.05,62.79,50.79,80.12,86.1,0,5,0
87,88,2.39,0.45,49.68,37.73,75.13,92.29,2,5,0
98,99,1.63,1.87,52.03,63.13,77.63,83.43,5,3,1
66,87,1.35,1.25,38.61,54.4,81.61,79.84,3,5,0
67,75,1.18,2.17,25.88,56.69,73.81,77.36,0,3,0
71,68,2.16,1.43,38.23,55.31,82.2,83.33,4,0,2
76,78,2.25,1.82,32.76,40.29,70.31,78.83,1,1,1
90,85,0.82,0.84,57.13,64.59,77.49,70.5,4,0,2
97,66,1.93,2.17,58.29,41.23,80.94,83.75,5,2,2
80,96,1.82,1.27,39.22,46.54,79.8,81.23,5,4,0
90,80,1.97,1.81,50.3,50.66,88.3,83.01,3,4,1
99,65,1.82,1.73,56.36,29.91,73.97,73.17,1,2,2
79,61,0.92,1.96,39.39,59.75,84.31,63.28,1,0,2
72,89,1.31,1.23,63.05,41.08,82.98,76.56,3,0,1
83,85,1.62,1.64,35.93,63.87,72.14,80.26,3,3,1
97,65,1.49,1.57,54.77,43.63,83.46,83.97,1,5,2
62,71,1.99,2.06,65.91,38.66,76.68,88.2,3,5,0
98,65,2.07,1.53,65.01,47.38,81.99,84.66,2,1,2
75,62,2.16,0.71,53.35,61.59,74.94,82.65,0,1,1
92,80,1.24,1.4,36.73,41.81,87.14,78.94,0,3,1
74,64,1.49,1.34,63.14,44.1,82.53,83.1,2,2,1
76,78,0.64,1.58,54.6,51.85,77.16,84.83,5,3,1
62,78,1.01,1.51,37.24,46.58,82.08,77.93,5,1,1
97,94,1.4,1.55,55.5,35.25,80.14,82.01,5,5,1
61,66,1.42,2.53,59.43,55.69,87.74,80.4,3,1,1
78,93,1.44,1.76,60.27,40.91,73.86,77.65,2,2,0
64,92,1.05,1.3,27.67,47.08,84.68,81.77,3,0,0
71,60,1.97,1.66,47.17,48.25,89.05,82.03,5,2,2
98,64,1.67,1.97,47.84,52.78,72.89,85.91,1,1,2
82,95,3.43,0.79,52.73,52.64,87.18,83.31,1,1,0
69,63,1.45,1.73,49.71,52.16,81.92,84.62,5,1,2
97,78,1.39,0.82,64.31,48.73,80.79,75.32,4,5,2
85,75,1.04,1.99,43.86,52.37,80.31,80.9,0,2,1
94,81,1.68,1.62,49.6,86.03,72.13,81.08,3,3,2
98,72,1.13,2.25,53.29,48.18,84.58,83.39,1,1,2
84,74,1.76,1.62,38.33,49.7,81.8,70.82,3,5,1
86,73,1.89,2.43,52.87,57.93,74.68,72.61,0,0,2
60,81,1.14,2.77,64.77,50.6,83.09,82.07,5,3,0
60,72,1.55,0.44,58.22,41.53,82.27,76.38,2,3,0
67,74,2.03,1.72,57.76,55.49,74.84,74.48,5,2,1
95,67,1.85,1.65,63.05,58.99,82.95,78.23,3,1,2
66,96,1.52,0.92,61.23,67.23,80.9,83.83,1,2,0
86,96,1.81,1.75,49.8,56.74,81.93,80.62,3,0,1
85,98,0.98,0.69,48.92,36.76,76.59,79.71,3,0,1
85,77,1.56,1.31,55.16,67.46,80.4,80.01,1,1,1
91,74,1.49,1.41,39.71,49.16,73.68,73.05,3,2,2
77,74,1.57,2.2,57.45,55.92,79.44,92.32,2,4,1
65,80,2.08,1.37,47.25,57.56,75.31,74.67,1,4,0
63,92,1.18,2.19,37.27,44.42,69.3,79.1,2,2,0
84,74,1.95,1.11,51.18,55.95,68.64,80.81,2,1,2
61,75,0.88,1.56,58.94,54.31,72.45,82.88,5,0,2
97,88,0.49,1.86,34.32,68.21,81.34,81.22,3,5,1
66,66,1.02,0.76,42.7,68.69,78.77,81.14,4,3,1
72,74,1.37,2.35,41.35,46.88,89.42,77.82,3,4,1
87,75,1.58,1.34,41.76,28.08,74.78,74.01,2,3,1
71,77,1.69,0.52,37.31,46.63,72.18,86.09,2,1,1
61,82,2.45,1.51,40.43,24.77,78.76,80.89,4,5,0
74,63,1.53,2.12,35.19,30.34,79.33,78.05,4,0,2
88,94,0.88,1.4,67.63,37.85,87.04,81.59,4,0,2
78,72,2.11,1.1,57.35,40.56,81.29,75.78,5,3,2
87,84,1.15,1.52,69.73,41.75,76.72,82.33,2,1,1
72,90,1.5,0.37,50.76,44.12,81.87,82.52,4,3,0
83,74,2.27,2.08,50.11,53.36,83.72,69.92,2,3,1
64,64,0.65,1.86,59.18,61.91,89.07,85.0,5,2,2
73,96,2.05,1.06,41.7,56.61,86.07,80.44,2,5,0
90,68,1.5,1.44,40.43,48.78,76.37,80.38,0,0,2
90,73,1.65,1.65,54.38,64.54,89.9,74.0,5,3,2
71,73,0.82,2.02,54.03,63.39,73.87,81.83,0,4,0
96,99,1.77,1.55,43.04,37.52,81.77,78.46,1,5,0
92,84,1.95,1.32,71.34,58.15,74.98,82.06,1,3,1
74,98,1.36,1.73,49.25,49.92,80.64,83.96,3,5,0
83,66,1.19,1.27,62.47,49.65,82.27,79.68,1,1,2
89,80,1.09,1.06,53.52,45.28,87.26,87.57,2,2,1
61,82,1.89,1.72,61.79,53.02,70.76,67.38,2,3,0
63,67,1.4,2.35,57.19,62.53,87.27,78.81,2,4,0
82,67,1.47,1.4,52.37,44.59,79.49,79.05,3,1,2
86,99,1.21,1.57,44.51,32.91,85.28,85.21,2,1,1
90,87,1.96,0.64,47.33,28.95,77.83,73.42,1,0,1
99,74,0.47,1.62,39.93,59.65,79.34,79.97,4,3,2
75,78,1.33,1.65,45.05,78.61,71.83,87.66,1,3,0
99,79,1.85,1.34,41.98,54.71,84.39,70.98,3,3,2
83,85,1.0,2.16,55.41,62.52,81.37,76.36,0,1,1
79,87,0.95,1.42,50.34,61.22,80.14,76.41,4,3,1
82,76,0.76,0.8,60.52,62.18,78.94,82.95,2,0,2
66,65,1.53,1.46,39.26,34.41,74.02,73.12,0,4,0
69,62,1.33,1.49,49.34,30.44,82.65,78.39,2,5,1
79,81,1.0,1.25,64.22,43.19,80.56,70.73,1,0,1
71,72,1.04,1.48,40.3,64.61,75.57,80.31,3,4,1
94,90,0.87,1.74,50.32,67.33,72.56,86.92,3,1,2
73,61,0.9,2.28,39.82,54.69,83.51,88.45,5,5,2
96,80,2.05,0.15,59.59,42.52,77.15,78.6,1,2,2
85,60,1.38,1.63,60.8,46.5,94.13,88.04,2,4,2
75,65,1.62,1.43,55.05,47.17,75.74,80.16,2,3,1
62,81,1.91,1.22,46.37,49.53,73.84,80.35,4,4,0
62,73,1.06,1.32,59.75,40.59,80.69,80.29,1,5,0
95,66,1.95,0.67,49.67,50.56,79.66,78.38,4,2,2
64,98,1.53,1.23,26.35,58.89,74.82,70.03,1,0,0
78,78,1.25,1.03,53.78,45.54,73.19,75.72,0,3,0
92,80,2.54,1.53,43.08,58.43,76.84,77.46,0,0,2
68,61,1.78,1.2,54.3,43.75,86.65,72.04,4,5,1
78,80,2.21,0.83,45.95,44.53,81.38,62.24,2,0,1
84,95,1.7,2.37,51.82,28.04,78.24,87.98,2,1,1
79,60,2.32,1.52,61.18,44.79,69.98,78.87,5,5,2
95,63,0.44,1.1,64.11,59.24,69.42,69.87,1,2,2
90,70,0.88,1.76,48.75,29.58,83.67,81.01,3,1,2
62,77,0.92,1.22,33.03,39.18,78.45,82.8,2,0,1
83,66,1.92,1.59,22.93,59.51,78.0,77.27,2,4,1
87,93,2.42,2.09,61.64,58.84,76.21,80.54,5,0,2
91,71,0.79,1.74,24.03,35.71,93.79,82.49,1,2,2
66,67,1.48,2.07,55.47,51.86,79.47,78.68,1,0,1
81,91,0.68,1.8,61.47,49.93,77.63,75.29,4,2,1
77,98,1.92,0.56,54.73,38.74,77.05,74.84,3,2,0
88,63,1.25,1.01,52.92,31.75,74.94,79.66,5,2,2
64,99,0.95,0.77,52.52,53.99,78.02,76.18,1,3,0
86,86,1.73,2.07,51.38,50.73,73.71,77.22,4,1,2
82,93,1.55,1.55,62.93,54.62,81.83,70.19,3,0,1
92,82,1.73,1.97,45.9,36.3,85.25,81.18,3,2,2
91,87,0.77,1.36,43.21,49.05,73.14,79.12,3,1,2
85,81,2.0,1.48,45.92,51.44,84.62,71.23,5,0,2
94,95,1.97,1.55,33.08,48.81,68.68,72.27,4,3,1
68,86,1.82,2.32,42.56,57.91,85.98,84.22,5,3,1
92,61,1.7,1.57,32.84,32.31,81.91,70.91,2,0,2
77,75,1.31,1.07,51.39,57.2,85.24,84.9,3,1,2
67,98,1.43,1.99,30.02,50.54,85.11,77.35,0,4,0
78,98,0.15,1.77,34.13,36.2,72.05,81.75,4,3,0
94,70,1.73,1.85,40.59,54.2,68.62,78.81,0,3,1
64,80,1.35,0.72,51.62,56.93,71.24,83.2,2,0,1
63,61,1.16,1.77,49.01,59.72,74.48,79.06,2,0,2
89,76,2.31,1.17,63.37,53.29,73.05,85.55,0,3,1
73,77,0.26,2.28,54.83,53.67,78.68,85.57,4,3,1
68,96,1.43,1.83,35.68,55.12,75.94,76.39,3,2,0
76,78,1.09,1.64,56.25,67.71,82.28,78.28,2,5,0
86,87,1.23,1.88,49.77,39.57,78.65,77.01,4,2,1
84,79,0.79,0.81,42.4,45.77,86.96,75.22,1,2,1
87,66,1.78,2.02,45.32,56.9,79.89,80.06,2,3,2
95,90,2.33,1.03,50.02,72.45,78.98,74.65,5,0,2
76,83,1.72,1.3,46.84,35.83,82.08,83.95,0,4,0
93,67,1.94,1.49,54.21,64.18,86.34,80.33,1,4,2
86,60,1.97,2.05,50.01,30.14,84.92,83.15,2,2,2
94,88,1.46,1.36,42.84,37.51,82.09,84.8,1,5,0
75,95,1.4,0.92,53.66,36.6,81.64,78.16,4,3,0
75,61,1.03,0.56,62.93,28.23,83.05,74.57,5,5,2
63,85,1.21,2.18,44.12,54.87,77.69,84.52,2,3,0
69,81,1.06,0.81,62.45,57.75,74.21,76.43,3,2,1
65,73,1.2,1.22,60.7,51.88,79.02,79.24,1,5,0
86,94,1.33,1.69,59.38,43.91,77.86,84.72,3,2,1
76,60,1.71,1.7,49.68,66.56,85.45,85.05,2,5,1
71,98,0.92,1.01,55.69,37.74,80.78,81.54,4,3,0
88,82,1.8,1.45,37.98,52.0,84.78,83.64,4,1,2
65,87,2.6,1.66,54.27,52.33,74.37,75.25,2,5,0
85,97,2.63,1.1,39.59,51.29,80.64,75.49,2,2,0
70,89,1.46,1.68,41.39,56.97,83.16,80.63,5,4,0
73,82,0.8,1.32,41.32,34.06,76.2,80.38,0,4,0
64,97,1.5,1.64,47.61,61.29,82.0,77.05,2,0,0
91,65,1.64,2.09,63.16,80.82,78.68,74.99,4,0,2
69,91,1.22,2.17,41.85,50.4,74.03,81.21,0,5,0
94,61,1.44,1.74,34.36,45.52,79.06,84.6,3,2,2
94,93,0.59,1.83,54.26,46.33,85.2,74.07,0,2,1
70,90,1.56,1.56,51.14,44.25,81.18,84.53,1,5,0
65,72,1.53,0.41,48.24,39.54,79.41,77.83,5,5,1
82,71,2.54,2.31,36.99,51.26,83.0,81.2,4,5,1
68,91,1.44,1.53,69.32,65.68,93.46,76.7,5,5,0
98,98,0.52,1.89,54.34,34.79,79.62,74.0,2,5,0
71,83,1.12,2.0,34.94,58.81,79.27,73.17,0,1,0
83,88,1.53,1.47,39.77,47.62,73.17,80.78,2,5,0
74,76,2.68,1.29,44.09,46.98,94.24,80.39,1,0,1
96,60,1.98,1.32,49.56,54.22,84.25,82.0,5,4,2
65,80,1.99,1.76,55.96,42.58,79.21,72.71,1,5,0
98,61,1.51,1.27,61.35,46.95,74.21,71.04,3,1,2
91,66,1.44,1.07,44.56,51.71,85.95,73.87,2,0,2
97,89,1.57,1.91,51.47,56.99,85.25,81.77,5,2,2
65,65,0.75,1.52,43.83,62.62,84.38,84.48,4,4,1
61,64,1.8,1.54,72.2,45.73,85.02,80.23,3,5,0
87,85,1.72,1.5,47.25,50.71,88.99,83.61,5,0,2
80,81,1.2,1.11,60.82,47.36,73.35,74.74,1,0,1
84,85,1.95,0.68,39.25,50.88,79.16,79.2,2,2,1
62,85,1.23,0.59,57.53,51.93,79.32,84.09,3,3,0
97,92,2.09,1.04,39.64,56.33,81.96,83.9,2,5,1
80,70,1.28,2.13,46.75,44.37,80.55,78.4,3,4,1
64,94,0.71,1.68,58.13,47.13,80.94,80.85,5,5,0
68,76,0.89,2.5,45.39,54.06,83.51,74.0,4,1,1
65,77,1.65,1.08,36.01,57.24,82.21,80.7,1,0,1
75,92,1.03,1.87,41.56,61.77,69.58,73.51,3,2,0
92,91,1.41,1.75,31.74,56.59,78.78,75.6,0,4,0
98,68,1.3,1.3,62.85,67.19,83.06,72.53,1,5,1
88,95,1.95,2.54,61.77,51.88,74.55,87.09,3,1,1
69,65,1.62,0.82,43.3,63.99,82.75,80.1,4,3,1
66,78,1.8,1.56,51.15,47.6,88.83,74.85,1,1,0
88,93,1.41,1.56,43.3,57.43,84.51,84.11,5,1,2
64,98,1.48,1.55,42.59,56.9,81.21,80.53,1,2,0
80,87,1.36,1.07,51.21,52.19,85.14,79.11,0,4,0
83,93,0.73,0.76,42.35,39.29,80.82,87.54,5,4,1
63,99,1.63,2.06,38.27,58.74,83.52,77.84,1,2,0
72,60,1.14,1.59,30.34,54.12,82.47,73.12,5,4,2
90,70,1.92,1.06,43.58,41.15,91.82,80.65,2,3,2
64,90,1.5,1.51,42.96,40.72,83.81,91.23,5,2,0
73,84,1.55,0.66,51.79,29.5,79.25,71.91,5,3,1
72,67,1.79,1.82,43.23,55.43,80.67,84.7,0,1,1
71,60,1.0,1.93,31.97,52.99,77.3,79.85,5,5,2
61,88,1.1,1.98,59.48,57.15,86.97,84.16,4,3,0
77,68,2.02,1.0,52.13,39.53,68.59,86.35,5,4,2
67,78,2.3,0.74,60.13,55.31,81.83,76.12,0,2,0
60,80,1.84,1.85,37.04,22.95,77.61,83.99,2,0,1
91,88,1.37,1.48,54.07,49.47,84.44,77.16,5,2,2
84,93,2.22,2.11,46.95,70.26,70.84,79.82,4,5,0
62,80,1.48,0.98,51.53,58.24,83.43,84.21,3,1,1
95,78,1.07,1.13,43.41,32.89,81.86,83.23,3,0,2
70,73,0.77,1.0,49.92,51.71,83.8,84.97,3,3,1
85,66,2.0,1.63,46.07,57.27,82.88,83.52,1,5,1
81,81,1.22,1.12,41.15,51.06,76.71,78.04,1,4,0
67,67,1.61,1.99,35.12,21.73,81.06,84.16,5,1,2
93,71,1.58,1.5,50.21,63.56,80.49,76.83,3,0,2
93,81,1.18,0.93,56.68,38.68,80.51,86.07,1,3,1
66,63,2.23,1.13,52.75,41.74,84.68,78.18,3,1,2
77,73,0.48,2.04,40.59,45.7,76.78,87.26,1,2,1
78,62,1.35,1.19,74.13,42.38,81.98,85.42,4,3,2
61,82,0.87,1.79,64.05,90.44,82.19,75.3,2,1,0
87,94,2.7,1.75,61.5,72.75,80.26,76.03,0,1,0
74,72,1.06,0.2,67.02,42.06,77.91,70.99,3,3,1
69,95,0.55,0.91,54.3,58.78,85.72,77.43,3,4,0
80,99,1.39,1.59,48.51,51.41,80.62,91.98,4,1,1
99,83,1.69,1.18,36.56,43.26,83.86,78.26,3,0,2
95,98,1.94,1.66,43.66,58.03,76.76,76.78,3,4,1
78,98,1.3,2.03,70.75,55.32,80.29,76.1,3,4,0
71,95,1.36,2.46,47.52,62.84,77.69,73.37,3,1,0
73,89,2.2,0.54,47.29,38.74,82.68,84.58,2,1,0
90,83,0.64,1.22,54.02,41.67,92.45,86.93,3,5,1
98,90,1.6,2.66,61.24,31.3,74.64,78.19,5,2,2
77,91,0.81,0.96,47.39,40.55,72.76,70.74,2,5,0
68,62,2.23,1.38,47.25,44.19,85.12,79.66,5,0,2
82,95,1.69,1.3,56.6,53.88,76.57,80.83,4,3,1
97,82,0.94,0.64,40.1,41.9,76.39,79.57,2,0,2
95,61,1.76,1.63,52.73,59.21,81.98,81.62,4,1,2
86,74,1.11,1.5,47.15,33.06,74.12,85.68,5,4,2
73,86,1.61,1.17,60.49,46.04,88.58,95.12,3,2,1
62,82,0.95,2.77,62.47,68.27,74.5,82.53,0,5,0
64,98,2.85,2.2,62.85,50.82,89.57,83.5,3,2,0
72,70,1.57,1.89,57.14,53.23,79.13,79.11,3,1,2
98,76,1.0,2.1,46.46,48.56,81.71,73.77,3,4,2
72,80,1.45,2.16,34.71,62.2,82.85,70.53,5,5,1
74,79,0.74,1.17,61.27,68.42,80.1,80.31,2,1,1
72,83,1.23,1.43,58.07,54.6,87.06,72.84,1,3,0
87,79,1.87,2.03,52.55,47.15,83.2,79.94,5,4,2
62,80,0.47,1.08,49.85,42.24,88.32,82.59,5,5,0
64,83,1.77,0.98,43.87,40.14,74.42,78.0,3,2,0
96,92,1.67,1.85,58.68,66.11,83.03,78.94,0,0,1
85,63,0.69,1.55,62.16,44.57,65.72,83.43,5,3,2
63,96,1.92,1.91,58.2,32.45,77.87,79.15,2,4,0
80,84,1.3,0.98,49.64,46.68,90.45,82.89,1,2,1
82,81,2.14,1.62,37.89,39.77,81.22,88.14,0,1,1
74,90,1.06,1.27,44.6,29.33,74.72,84.82,0,4,0
75,78,1.25,1.55,47.5,53.98,77.63,83.55,3,2,1
97,69,2.33,1.68,42.43,51.17,75.55,81.43,0,1,2
72,67,1.41,2.27,48.14,36.06,74.79,76.89,2,5,1
67,66,1.08,1.39,64.03,73.76,81.03,72.2,3,3,1
60,69,1.25,1.16,57.77,41.09,80.76,77.84,1,2,0
66,76,1.19,1.54,47.82,52.68,79.55,75.34,0,5,0
97,67,1.52,1.05,39.84,32.57,82.86,86.48,4,1,2
75,62,0.54,2.1,75.59,55.81,94.22,83.88,2,5,1
95,60,1.35,2.15,36.77,45.93,82.95,79.81,1,0,2
88,90,0.46,1.71,51.35,57.27,78.43,77.37,2,5,0
96,65,0.77,1.29,67.58,43.41,76.24,83.91,4,0,2
63,70,1.42,2.09,54.96,57.93,69.27,89.92,1,5,0
75,84,1.87,1.99,36.84,62.33,83.28,79.71,5,5,1
61,86,2.41,2.1,66.22,40.27,80.9,79.31,0,1,0
69,63,0.98,1.05,38.85,47.08,84.56,90.52,0,2,1
92,90,1.88,1.91,30.78,43.21,77.4,85.41,4,2,2
70,95,1.24,2.13,41.62,37.45,84.26,85.18,4,4,0
64,88,0.43,1.47,39.0,44.72,86.32,87.05,1,1,0
96,66,1.87,2.4,49.43,52.72,81.69,71.89,3,0,2
88,62,1.93,1.8,67.07,26.47,76.78,82.32,4,5,2
71,98,2.34,1.48,49.43,50.54,85.26,77.54,5,2,0
91,92,1.51,1.07,64.94,47.22,71.89,78.12,4,3,1
99,80,0.81,0.09,52.59,46.99,72.85,79.57,2,3,2
81,66,1.1,1.87,21.36,41.38,87.46,75.49,1,4,1
63,85,1.06,1.26,51.12,50.56,79.88,84.66,1,5,0
72,94,1.68,1.83,52.27,56.35,82.11,88.38,3,4,0
73,61,1.0,0.93,59.03,36.99,85.74,76.65,0,4,1
82,63,1.64,0.93,48.56,39.94,86.03,82.6,3,0,2
80,95,2.32,1.79,39.96,64.61,79.79,74.4,5,4,1
85,65,1.91,1.9,55.8,36.42,73.06,86.99,5,4,2
89,84,1.03,1.35,42.59,42.93,77.89,80.65,4,0,2
62,67,1.34,1.5,45.88,50.54,81.6,80.99,4,2,1
61,64,1.59,1.05,65.23,52.81,75.79,79.85,0,4,0
77,89,1.77,0.76,52.61,68.41,84.41,78.99,4,4,0
97,90,1.38,1.23,66.31,71.25,75.83,85.73,5,3,2
85,92,1.06,0.5,58.46,43.81,74.27,74.92,0,1,0
66,77,0.84,1.6,43.92,39.19,86.91,89.0,1,1,0
95,77,1.16,1.76,58.85,60.23,83.15,80.64,4,4,2
92,87,1.95,1.11,48.36,49.17,83.92,72.53,5,5,1
67,61,1.55,1.1,62.85,38.39,78.83,82.9,5,3,2
61,83,1.35,1.02,33.71,53.36,80.97,87.69,4,1,1
73,84,1.37,1.68,51.89,43.73,83.35,85.03,5,1,1
65,75,1.6,2.03,42.86,48.9,75.94,77.22,3,0,1
61,81,1.4,2.27,37.21,41.66,79.03,77.39,4,1,1
64,85,2.21,0.95,52.46,44.3,85.18,82.06,5,2,1
90,63,2.29,1.65,44.79,56.64,80.78,76.89,4,1,2
68,89,1.52,1.46,29.37,45.93,79.12,78.66,4,4,0
63,85,0.95,1.91,51.42,47.11,82.15,81.22,4,5,0
69,72,1.32,1.06,37.83,63.34,80.98,70.2,2,1,1
79,88,0.69,1.43,46.01,59.28,78.59,80.99,1,2,0
83,77,2.02,1.66,59.01,40.34,81.21,76.46,5,3,2
85,62,1.5,1.57,62.86,42.6,84.69,77.46,1,0,2
69,72,1.21,0.62,39.71,48.91,74.31,80.95,2,2,1
71,77,1.48,1.05,46.05,60.15,80.0,78.79,0,4,0
86,74,1.62,1.66,31.37,53.66,81.21,81.87,4,4,2
74,88,1.88,1.76,51.05,48.61,76.82,73.16,0,2,0
80,64,2.25,0.73,39.26,29.59,83.09,69.67,0,4,1
74,97,1.35,1.03,42.59,48.73,71.48,86.17,5,5,0
77,81,1.54,1.01,46.98,53.66,78.26,80.46,2,2,1
77,98,0.57,1.2,52.36,39.83,80.64,76.5,0,1,0
86,72,2.55,1.83,45.88,39.98,72.16,91.77,5,5,2
90,72,0.9,1.56,50.32,53.75,86.21,70.76,5,4,2
96,90,2.07,2.39,39.55,40.17,71.03,82.57,2,3,1
65,62,1.44,1.49,43.8,27.5,69.48,84.61,2,4,1
98,66,0.09,1.13,31.2,48.85,90.35,91.99,3,2,2
99,99,1.66,0.67,44.86,69.37,78.0,87.53,3,0,2
99,61,0.58,0.89,45.36,34.19,84.49,72.76,0,4,2
76,98,1.76,1.48,55.49,57.73,87.42,76.45,0,1,0
63,75,1.34,1.45,49.24,43.18,88.75,87.32,2,5,0
64,99,0.79,0.98,58.55,71.69,82.49,87.3,4,0,0
78,98,1.82,1.25,52.74,61.05,82.96,73.23,0,0,0
77,74,2.81,1.17,44.7,47.78,90.96,76.14,1,4,0
83,67,1.4,1.74,44.15,45.27,88.21,79.02,3,1,2
64,75,1.65,2.2,46.57,74.44,82.33,86.75,1,3,0
87,86,1.01,1.97,40.64,59.04,77.46,78.99,0,4,0
86,65,1.25,1.98,38.64,38.65,81.48,83.54,2,2,2
77,85,2.14,1.13,47.16,39.55,74.45,74.55,5,0,2
88,84,0.69,0.6,45.1,44.54,79.19,82.48,0,4,0
93,83,0.62,1.43,68.12,52.75,85.67,79.43,0,4,1
91,64,1.77,2.32,40.91,48.25,81.7,90.21,5,0,2
66,85,1.94,1.77,58.02,55.15,79.53,77.53,1,0,0
90,83,1.35,0.63,53.65,51.28,77.7,82.43,2,3,1
93,77,1.55,1.71,42.79,49.25,81.62,80.79,5,3,2
76,82,1.92,1.12,47.57,58.21,77.15,82.34,3,5,0
78,81,1.83,1.52,54.14,33.11,80.75,85.93,5,0,2
78,80,1.49,1.6,61.61,49.35,81.3,75.8,1,0,1
72,96,1.74,0.99,33.3,66.66,73.37,77.68,5,1,1
99,83,1.54,1.31,47.5,37.8,79.51,76.23,1,5,1
70,91,1.38,1.11,65.44,49.74,83.08,86.05,4,1,1
61,79,1.47,1.18,41.43,48.19,86.88,78.79,0,0,0
67,87,1.1,2.31,58.59,49.8,73.67,83.76,4,0,1
69,76,1.66,1.79,31.28,61.89,76.56,79.35,1,5,0
73,61,2.29,1.38,58.64,50.63,77.27,77.38,3,2,2
60,83,1.94,0.94,68.7,53.45,82.47,89.7,3,4,0
91,74,1.73,0.21,60.71,66.92,75.27,79.82,3,1,2
77,85,1.48,0.17,50.14,39.68,79.0,80.97,5,1,2
98,66,1.8,1.75,60.02,46.44,82.36,78.26,5,5,2
70,82,1.79,2.1,38.48,47.34,84.5,84.02,3,0,1
82,69,1.39,1.85,44.29,33.31,86.5,77.86,5,2,2
97,91,0.66,2.29,49.2,50.25,82.22,76.38,3,1,2
76,82,1.26,1.95,72.56,54.99,82.69,82.11,1,0,1
87,79,0.35,1.93,57.81,37.87,81.53,74.69,0,3,1
77,84,0.77,1.48,46.89,53.06,82.96,72.88,2,1,1
67,96,1.48,1.18,55.87,36.04,90.26,76.18,5,3,0
64,63,1.55,1.74,46.66,57.29,70.63,82.65,1,4,0
72,78,0.61,0.87,50.39,41.34,84.16,78.66,4,0,2
87,72,2.03,0.74,47.1,43.2,82.24,83.74,0,0,2
69,99,1.33,2.38,51.09,36.06,80.0,78.31,5,1,1
70,92,1.26,2.22,42.21,54.56,70.71,85.25,5,2,1
97,79,2.2,1.27,54.02,54.74,90.35,78.18,0,2,1
88,73,1.35,1.62,46.39,56.01,73.35,84.01,2,2,2
92,75,1.68,2.0,58.13,41.23,82.31,85.71,4,3,2
79,71,1.7,1.36,49.99,58.16,83.74,81.05,3,1,2
96,70,0.48,1.81,46.72,54.94,79.39,69.69,5,2,2
89,91,1.63,1.53,45.41,38.57,82.05,79.12,2,3,1
82,94,1.58,2.21,42.52,52.83,81.39,80.1,0,2,0
84,61,2.78,1.7,57.75,44.8,75.95,80.02,1,3,2
74,75,1.69,1.18,54.91,38.89,80.37,85.28,0,5,0
97,67,2.5,1.4,45.6,56.82,76.11,84.36,4,1,2
88,96,0.73,1.32,49.66,44.84,75.62,67.93,2,3,0
91,78,1.29,1.68,65.97,46.05,76.79,80.8,4,2,2
68,94,2.21,2.04,67.48,41.02,82.39,75.68,1,1,0
61,85,1.42,1.91,62.93,41.27,76.01,70.41,5,1,1
64,67,1.86,2.1,68.96,46.85,79.79,85.46,2,2,1
74,91,0.65,1.81,56.1,63.49,72.5,85.66,5,1,1
89,78,1.47,1.23,69.17,53.07,74.17,82.64,4,5,1
75,92,2.82,1.59,52.53,51.17,71.12,80.13,1,4,0
98,79,2.57,1.02,28.58,53.59,80.3,81.33,2,5,1
61,69,0.68,2.25,56.98,31.97,78.74,73.26,1,3,0
74,84,1.34,2.59,48.46,56.76,79.45,72.26,2,3,0
75,63,1.1,1.41,51.95,63.15,83.62,85.83,2,1,2
67,97,1.89,1.68,38.5,57.45,71.42,79.69,4,5,0
72,83,1.74,0.97,47.62,58.28,83.22,79.48,3,4,0
94,87,0.96,1.6,55.38,41.01,82.68,85.84,3,3,1
61,82,0.74,1.59,65.71,29.95,78.05,76.17,1,0,0
85,71,1.8,2.0,50.55,51.65,77.01,75.65,1,5,1
71,73,2.4,1.06,57.33,54.79,73.73,80.75,3,5,0
93,98,1.24,0.89,32.47,60.15,86.51,81.35,4,3,1
85,63,1.22,1.35,23.57,53.99,80.01,74.55,4,5,2
91,89,1.86,1.53,62.42,52.12,74.69,74.75,3,4,1
89,91,0.78,1.52,36.73,49.34,77.12,79.27,1,5,0
67,66,2.25,0.96,51.84,49.9,77.14,78.25,5,2,2
60,94,1.15,1.57,55.66,51.11,82.74,76.21,1,3,0
83,96,1.56,0.77,57.11,47.29,84.8,81.99,4,2,1
89,82,1.72,1.64,42.73,42.79,88.14,80.33,0,0,1
60,82,2.44,0.94,51.28,48.84,85.07,73.28,1,0,0
75,77,1.33,1.53,65.55,58.04,80.68,78.74,0,5,0
84,69,0.69,1.54,66.24,42.37,80.48,88.09,1,3,1
84,69,1.56,1.92,45.83,40.19,78.55,82.92,5,5,2
96,64,1.52,1.5,70.09,56.43,80.37,75.81,2,2,2
79,72,1.14,0.81,21.58,46.19,84.52,79.97,4,5,1
84,62,1.61,1.19,52.04,69.76,86.08,80.68,3,1,2
74,82,1.34,1.65,36.91,66.51,80.83,85.75,4,5,0
80,76,0.67,0.78,50.39,51.27,79.2,75.8,2,1,1
91,66,1.52,1.55,56.31,33.12,88.48,76.27,0,4,1
75,88,1.3,1.46,63.85,44.5,87.04,83.74,3,2,1
98,62,1.52,1.26,55.25,45.72,75.58,81.1,3,4,2
60,62,1.16,0.92,42.57,59.67,84.56,85.37,2,5,0
80,68,1.97,1.31,63.11,46.74,83.45,83.01,4,4,2
69,96,2.05,1.52,58.84,48.34,84.9,76.48,2,3,0
93,98,1.12,1.38,43.53,53.83,79.12,85.76,0,3,0
94,78,1.83,1.34,52.34,58.8,88.07,77.02,2,0,2
81,92,2.02,1.47,38.86,45.21,82.2,84.6,4,4,0
90,87,1.13,1.75,42.24,49.09,73.58,79.84,4,2,2
92,76,1.17,2.3,49.79,52.16,73.87,87.3,3,0,2
94,60,1.69,1.47,49.68,43.79,71.92,73.96,0,2,2
66,67,1.46,1.4,58.22,48.81,76.74,72.68,5,3,1
90,86,1.42,1.18,41.23,45.72,80.09,75.42,5,5,1
98,61,1.53,2.27,50.19,52.77,79.23,77.04,4,0,2
95,83,2.11,2.29,52.78,45.82,76.29,82.52,2,3,1
85,65,2.1,2.19,42.01,65.14,82.62,73.25,0,1,2
68,77,1.18,1.45,44.71,46.17,73.31,70.9,1,4,0
63,76,1.16,1.96,61.83,43.74,78.51,74.98,2,5,0
76,85,1.21,1.72,57.89,36.63,81.52,87.62,2,4,0
88,80,1.47,2.34,51.32,44.97,89.31,86.74,0,2,1
99,91,1.83,1.57,54.24,52.66,76.94,85.75,1,4,1
86,67,1.63,1.87,48.09,59.92,85.52,79.01,1,2,2
97,78,1.42,1.87,52.79,45.16,80.05,80.83,5,0,2
79,66,0.17,0.77,52.31,35.32,87.48,80.54,5,2,2
61,97,1.48,0.93,50.98,64.71,84.23,92.11,5,2,0
81,95,2.22,1.13,40.91,56.45,82.23,82.58,4,1,1
82,90,1.99,1.44,42.61,49.94,81.63,75.77,3,4,0
72,98,0.9,1.11,53.33,53.0,80.38,82.98,5,0,1
79,77,1.62,1.9,44.49,46.93,86.54,76.09,3,0,2
84,82,1.96,0.5,52.78,44.81,71.68,82.33,5,1,2
76,80,1.98,1.63,52.51,52.5,85.18,78.97,3,0,2
96,73,0.33,1.9,53.8,46.57,80.13,75.75,3,0,2
98,96,2.66,1.47,73.44,34.29,85.19,85.3,0,3,0
79,61,1.45,2.56,36.89,52.03,86.61,87.89,3,1,2
67,86,1.34,1.16,60.43,57.43,74.16,77.79,1,5,0
74,68,1.3,1.23,44.79,39.69,83.63,75.03,5,5,1
84,65,1.68,1.89,46.13,54.12,78.79,80.87,3,0,2
62,71,1.43,1.04,59.5,41.67,82.87,81.2,4,3,1
66,92,1.62,2.02,52.41,37.79,73.43,74.27,3,1,0
74,85,1.88,1.45,41.29,36.4,73.89,77.95,0,1,0
93,67,1.73,0.94,39.18,53.9,69.51,71.61,0,2,2
81,91,2.03,1.49,55.95,60.54,78.93,84.81,0,1,0
92,85,1.03,1.96,62.96,53.07,82.99,86.71,3,4,1
81,77,2.4,1.73,69.72,54.11,82.17,72.26,4,3,1
63,86,1.36,2.5,55.78,50.43,83.51,81.1,2,1,0
70,69,0.53,1.83,63.4,53.96,85.45,68.66,5,2,2
65,82,2.0,1.79,36.61,39.33,77.03,78.14,5,4,0
82,69,1.4,1.36,58.93,34.65,83.93,78.8,2,1,2
84,69,1.58,1.57,46.3,49.92,78.17,83.8,3,1,2
76,81,1.49,1.2,49.11,65.19,75.07,77.32,4,4,1
90,89,2.06,2.02,41.12,48.51,82.77,80.19,5,2,2
70,73,2.0,1.32,51.41,43.65,79.4,74.06,0,0,1
76,79,1.91,1.47,56.98,55.46,84.34,85.71,3,0,2
80,93,1.84,1.78,55.7,36.43,85.84,80.5,5,5,0
72,92,2.2,1.51,67.46,50.85,74.89,77.4,1,5,0
85,70,2.37,1.32,56.12,47.31,79.91,98.58,1,4,1
94,67,1.24,1.63,62.49,50.91,83.68,80.4,3,2,2
83,69,1.46,2.23,64.69,38.41,73.24,78.17,3,0,2
87,71,0.81,0.35,52.2,52.58,84.61,72.12,2,3,2
90,93,1.41,1.64,49.24,37.05,83.55,73.14,5,5,1
79,83,2.56,1.86,48.82,60.04,82.06,83.47,3,0,2
72,72,1.25,1.84,42.73,41.23,71.02,90.45,2,2,1
66,97,1.66,1.88,47.42,45.5,78.37,74.66,4,0,0
86,96,1.82,1.48,57.94,50.36,77.77,78.61,4,2,1
76,72,2.52,1.47,44.39,49.17,75.32,71.06,0,2,1
69,65,0.83,1.47,59.86,54.18,85.83,88.38,2,5,0
83,65,1.48,1.64,53.48,62.42,82.0,84.65,5,2,2
86,73,1.41,0.97,57.81,57.59,78.87,81.28,2,3,1
95,98,1.63,1.46,49.47,50.28,83.85,80.69,5,1,2
67,68,0.9,2.32,50.36,43.47,80.96,79.26,2,5,0
66,71,0.8,1.59,32.42,52.25,76.35,87.5,0,4,0
68,62,0.44,1.82,44.67,64.14,80.49,83.54,4,1,2
64,78,1.54,1.96,55.61,47.5,83.71,77.19,4,4,0
69,95,1.2,1.68,33.28,64.85,73.05,88.59,3,1,0
93,85,1.73,1.85,27.05,44.93,83.84,86.15,5,5,1
81,66,1.44,0.91,42.34,44.92,83.94,85.37,2,1,2
87,70,1.52,1.35,37.32,32.92,80.73,69.09,4,5,2
90,92,0.53,2.14,43.66,53.13,83.05,82.58,4,2,1
78,83,1.39,1.03,64.76,48.08,78.75,88.9,2,3,1
92,88,1.7,1.52,39.02,38.89,86.63,78.67,5,4,1
95,71,2.27,1.66,32.42,37.86,79.07,85.76,2,2,2
66,96,1.76,2.19,37.21,49.51,76.16,85.23,2,0,0
96,82,2.68,0.92,51.94,62.3,77.09,80.92,4,4,2
65,88,1.66,1.53,52.03,55.05,75.71,84.8,4,0,1
74,63,2.06,2.27,53.06,41.3,83.54,79.71,3,0,2
70,92,1.93,2.54,55.93,42.8,82.75,78.97,0,4,0
74,98,0.98,1.93,50.94,47.8,79.77,79.88,3,0,1
84,63,1.35,1.07,47.81,55.03,76.62,74.05,3,1,2
63,73,2.34,1.56,38.39,62.07,81.75,87.25,4,3,1
65,64,2.26,1.38,50.1,45.26,84.8,77.97,2,5,0
88,91,1.03,1.06,64.54,43.92,81.3,88.53,5,5,1
87,72,1.48,1.72,39.56,58.98,80.18,73.66,3,0,2
95,99,2.33,0.87,47.18,50.34,82.98,76.61,4,1,2
86,78,1.03,1.57,51.06,55.9,89.77,84.4,2,0,2
98,70,1.94,1.11,49.01,61.88,83.23,84.0,4,4,2
93,97,1.44,1.69,45.68,54.38,78.19,78.61,0,3,0
66,64,1.45,1.14,52.08,56.65,80.57,74.04,5,5,1
93,79,1.75,1.77,51.28,43.44,73.63,80.05,1,0,2
96,63,2.09,1.11,50.0,49.98,89.69,81.08,1,3,2
99,80,1.61,1.94,55.9,52.5,75.42,79.89,2,3,2
68,90,1.01,1.35,44.73,48.97,77.95,87.23,1,0,0
61,75,2.26,1.35,64.9,49.52,82.63,75.9,5,2,1
69,81,1.4,1.35,45.22,39.66,80.64,80.29,3,1,1
77,78,1.38,0.86,39.95,51.6,82.63,80.55,2,1,1
67,70,1.01,0.75,30.72,26.85,84.98,82.37,4,2,1
68,98,1.63,1.09,50.93,42.07,95.63,81.06,2,4,0
89,83,1.49,0.64,31.61,51.47,78.92,80.89,5,4,2
68,92,1.14,1.81,50.0,52.04,78.72,81.8,0,1,0
62,84,1.04,0.55,50.41,54.15,79.57,75.82,3,0,1
76,63,0.92,1.24,45.09,53.55,80.42,82.43,4,3,2
75,94,1.62,0.87,55.83,51.78,74.08,78.31,0,4,0
75,97,1.63,2.31,60.08,39.6,81.67,84.03,0,3,0
79,68,1.96,1.58,52.82,47.93,87.04,80.96,1,5,1
60,74,1.91,2.01,42.55,53.66,86.88,73.1,3,4,0
63,60,1.7,0.86,40.92,39.13,79.42,82.63,0,1,1
85,63,1.57,1.53,56.15,50.88,75.12,80.9,2,1,2
74,88,1.68,1.85,53.99,58.33,80.56,88.4,3,3,0
67,94,1.88,1.6,69.65,55.84,78.97,83.59,2,3,0
62,69,1.92,1.34,37.41,29.19,80.0,83.07,2,1,1
76,89,0.06,2.17,44.41,45.04,76.44,84.45,0,1,0
99,76,1.46,1.57,47.34,46.01,80.9,85.26,3,2,2
93,75,1.54,2.08,50.83,57.56,80.93,77.66,4,3,2
63,61,0.83,2.32,42.11,49.39,88.63,72.11,3,4,1
78,69,1.8,1.61,78.38,51.99,82.42,77.44,2,4,1
80,89,1.24,1.87,44.31,55.46,70.39,78.39,3,5,0
88,85,2.01,2.01,39.1,39.06,80.59,77.32,2,1,1
92,80,1.42,1.92,50.05,48.58,82.29,90.33,0,3,1
72,63,1.62,1.37,42.69,54.68,90.34,80.15,1,4,1
84,98,1.3,0.78,68.59,41.19,79.86,73.35,1,3,0
97,79,1.08,1.41,44.92,47.54,76.21,87.58,4,0,2
74,96,0.75,1.64,40.3,64.57,79.98,80.84,1,2,0
89,61,1.34,1.19,54.81,49.37,80.56,77.01,0,1,2
64,77,1.69,2.03,52.38,42.84,85.32,82.16,3,4,0
89,99,0.49,0.85,55.09,61.32,83.39,81.96,1,5,0
84,66,1.57,1.7,43.74,41.59,78.23,85.45,1,5,1
97,86,0.65,1.4,42.34,54.62,83.87,70.54,2,3,1
80,70,0.37,1.38,43.99,46.54,76.22,79.14,1,3,1
81,92,1.23,1.17,37.39,45.9,79.79,78.83,0,2,0
83,91,2.6,2.17,44.75,47.01,75.35,85.9,3,0,1
98,67,2.28,2.45,56.15,44.01,76.61,76.54,4,4,2
64,82,1.62,1.11,66.81,58.58,77.64,76.69,0,4,0
71,71,1.85,1.01,53.02,51.89,78.61,80.92,5,5,1
83,81,1.06,2.74,46.21,52.26,66.33,77.91,5,4,1
68,74,1.59,1.47,47.3,32.25,83.57,83.04,5,3,1
92,75,2.12,1.87,52.66,46.4,78.66,82.2,4,4,2
85,90,2.11,0.29,47.36,56.67,75.86,73.04,5,0,2
86,90,0.7,1.66,59.98,49.8,75.14,73.58,2,4,0
72,63,2.04,1.14,54.24,55.69,83.27,81.53,0,0,1
97,75,1.3,2.16,60.6,47.24,71.49,84.55,2,1,2
89,89,1.83,1.44,65.18,36.31,75.55,82.94,1,0,1
75,64,1.8,1.57,69.69,67.11,81.85,84.92,4,4,2
81,67,1.54,1.54,39.22,34.27,78.84,71.04,4,2,2
91,78,2.19,1.81,46.85,40.67,80.34,83.75,1,0,2
99,88,1.17,1.8,32.33,50.34,82.98,79.46,5,2,2
78,71,1.75,1.21,68.12,46.16,86.38,81.42,3,4,1
88,98,1.68,1.6,47.42,51.12,79.47,65.43,2,2,1
68,99,1.21,1.56,38.94,68.76,88.71,67.85,5,3,0
66,79,0.74,2.33,51.48,46.53,74.47,78.85,4,2,1
87,83,1.65,1.45,47.2,44.6,72.62,87.41,5,4,1
95,68,1.84,1.31,48.22,48.56,65.7,83.95,1,2,2
95,88,1.42,2.21,57.0,64.66,78.62,79.9,3,1,2
66,64,1.91,1.28,42.04,51.13,70.94,74.6,0,1,1
68,93,2.37,0.82,55.76,44.58,86.73,86.63,3,4,0
78,84,1.9,1.61,42.54,51.07,76.17,75.32,2,0,1
83,99,1.2,1.58,58.69,58.08,78.62,84.93,0,2,0
89,85,0.92,0.07,53.0,47.74,76.99,79.01,5,5,1
92,75,1.14,1.38,56.78,48.32,76.1,79.71,3,1,2
67,89,1.11,2.46,40.98,39.88,79.77,75.98,2,3,0
98,70,2.63,1.79,51.41,43.08,77.06,85.03,2,2,2
89,65,1.47,2.63,72.1,61.0,83.55,81.61,1,5,1
73,90,1.0,1.65,62.65,67.98,90.17,72.6,3,4,0
62,64,2.6,1.57,57.89,47.54,87.34,80.23,1,2,1
63,83,1.25,1.73,48.39,38.24,75.69,76.93,1,1,0
95,76,0.91,1.91,49.01,63.4,73.06,83.74,3,3,2
88,74,1.66,1.19,46.65,66.68,78.61,84.56,1,3,1
83,79,1.6,1.5,36.96,37.37,85.66,79.7,2,5,0
61,63,1.77,1.24,43.19,61.36,83.29,69.81,2,3,1
73,99,1.74,2.03,67.63,51.09,78.44,81.13,0,4,0
73,62,0.88,0.04,68.53,53.87,80.34,80.73,5,5,2
87,60,1.65,1.54,43.71,46.86,77.26,80.82,2,5,2
78,85,1.33,0.95,36.78,34.8,80.81,81.01,0,5,0
85,66,1.02,1.44,40.95,37.51,84.21,76.44,5,5,2
76,83,1.18,1.26,38.0,59.37,80.9,76.94,1,4,0
95,85,1.59,1.23,39.44,58.63,83.25,69.48,5,1,2
82,81,1.49,1.23,54.11,41.55,71.9,89.11,3,5,1
96,95,1.93,1.33,53.6,52.41,77.36,81.16,5,3,2
77,95,0.58,1.74,41.77,57.14,74.42,79.97,5,0,1
99,70,1.3,1.03,40.44,64.06,73.77,71.21,4,3,2
82,96,2.12,1.61,47.57,44.14,78.8,86.65,1,4,0
77,99,0.85,1.21,43.92,60.03,87.19,71.82,0,2,0
93,74,2.07,1.87,48.04,55.86,73.75,84.7,3,0,2
97,87,1.22,1.77,50.87,37.13,77.47,73.87,2,5,1
67,96,1.72,1.17,41.14,46.15,81.98,86.36,1,2,0
98,77,1.61,1.59,43.78,51.23,88.98,80.76,3,4,2
75,88,0.93,1.71,52.86,53.34,83.66,62.53,2,5,0
80,68,1.24,1.51,74.59,38.39,81.02,90.69,2,4,1
68,73,1.09,1.92,35.35,55.29,81.2,78.33,0,1,1
88,73,1.99,2.53,37.11,50.55,81.91,84.3,3,0,2
65,74,0.73,2.57,54.21,40.2,81.98,81.84,5,0,2
98,70,2.01,1.62,42.24,70.62,77.69,92.27,3,5,2
85,82,0.66,1.27,51.21,45.31,80.43,75.11,3,2,1
86,86,0.51,1.25,56.95,41.74,88.66,79.57,4,2,1
99,89,1.9,1.2,52.36,61.87,86.84,78.37,5,2,2
73,63,0.88,1.99,43.43,41.46,85.05,83.03,5,5,1
96,75,1.48,1.86,34.23,55.86,83.9,75.25,4,2,2
70,88,1.95,1.71,56.63,37.27,78.05,84.68,4,1,1
83,98,0.62,2.09,49.38,52.33,77.87,79.52,1,5,0
85,65,1.45,2.06,57.72,58.87,80.91,77.74,4,2,2
66,92,1.21,1.01,52.05,48.44,80.81,71.82,4,0,1
77,66,0.81,1.69,42.18,49.89,83.99,74.19,4,4,2
84,70,1.76,0.94,50.34,45.85,77.41,79.93,1,0,2
74,64,1.38,1.63,65.04,46.68,80.0,75.42,3,4,1
69,97,1.07,1.24,58.01,64.69,92.48,84.85,4,1,0
87,93,1.1,0.64,35.12,40.64,82.38,81.96,2,4,0
88,62,0.88,1.27,46.55,33.84,73.03,79.34,3,2,2
71,85,1.1,1.66,48.26,66.65,84.31,79.15,2,1,1
79,72,2.12,1.19,60.54,41.6,76.88,81.07,1,0,2
62,99,1.26,2.35,32.72,44.2,73.42,68.61,1,3,0
70,92,1.1,1.13,36.96,80.42,76.66,79.52,4,2,0
72,96,1.7,1.83,55.53,67.97,78.39,80.16,5,5,0
84,88,1.6,1.53,44.06,54.66,79.62,86.91,3,3,1
77,69,2.12,1.24,57.0,39.13,76.13,82.34,1,2,1
77,96,1.91,1.64,43.91,59.77,82.55,76.48,1,3,0
62,85,1.32,1.87,50.67,57.88,83.0,80.58,5,0,1
65,64,0.8,0.62,52.74,53.09,79.18,72.22,0,4,0
85,71,1.74,1.41,49.05,27.63,82.1,82.55,2,0,2
95,95,1.8,1.55,63.04,69.53,87.26,81.43,0,4,0
63,87,2.46,1.38,39.27,59.11,75.92,73.87,2,5,0
86,99,0.79,0.76,36.66,33.04,83.86,85.02,5,3,1
84,81,1.34,1.42,48.01,31.18,83.59,74.87,1,1,1
79,74,1.84,1.34,43.21,53.27,85.23,74.05,0,4,0
60,72,2.32,1.53,62.34,44.95,74.91,83.34,3,4,0
64,85,1.46,1.38,57.37,31.6,70.51,76.14,0,2,0
95,96,0.5,1.42,48.93,49.3,86.94,74.48,0,0,1
73,74,1.77,1.2,50.35,52.36,79.21,76.64,4,5,1
88,61,1.31,2.42,45.48,45.66,75.79,87.22,2,3,2
61,77,0.85,1.92,62.29,43.9,83.86,80.44,3,4,0
67,82,1.9,1.5,44.02,52.45,89.5,76.2,0,2,0
85,94,0.79,2.19,45.69,59.07,87.02,76.42,0,3,0
66,81,0.67,2.04,37.44,52.94,81.88,79.56,5,4,1
72,71,1.46,2.03,39.27,25.15,78.14,81.78,4,5,1
87,89,0.53,2.95,67.21,49.58,80.14,77.21,4,0,2
94,75,1.58,2.02,50.23,41.81,72.44,82.16,5,3,2
70,94,1.31,1.49,51.48,55.32,70.38,80.75,3,1,0
64,79,1.14,2.06,60.88,44.88,74.95,82.14,4,1,1
63,85,1.21,0.49,45.97,43.65,82.04,72.23,1,3,0
66,90,1.19,1.83,48.17,65.85,84.3,80.26,3,3,0
70,66,1.16,1.12,49.69,61.07,73.88,74.2,1,3,1
67,80,2.05,1.72,38.75,47.97,85.85,82.51,1,4,0
88,61,0.67,1.55,58.48,46.44,85.2,80.48,0,2,2
90,85,0.71,0.96,59.8,30.12,71.69,74.36,1,1,1
66,76,1.83,1.48,61.52,60.91,72.29,84.42,1,2,0
81,98,2.19,1.3,53.59,39.22,83.61,74.42,3,4,0
60,99,1.61,1.19,31.73,57.58,77.77,77.23,5,1,0
63,64,1.54,0.12,36.44,42.59,77.14,89.94,3,2,1
79,88,1.65,2.3,43.11,50.73,75.49,86.18,1,1,1
72,63,1.61,1.44,51.98,43.54,85.39,72.52,3,1,2
78,84,0.9,1.71,50.61,50.68,73.68,79.23,3,3,1
66,74,1.76,1.12,36.74,38.48,95.65,71.19,0,4,0
60,95,1.31,1.44,58.34,54.26,81.95,81.38,0,5,0
60,81,0.66,1.64,28.94,59.98,83.49,81.3,0,2,0
76,92,0.87,1.59,51.74,38.95,84.71,75.48,2,0,1
69,76,1.4,0.58,34.03,38.75,72.08,75.93,4,5,0
73,67,2.03,1.63,49.27,43.66,76.4,79.84,3,5,1
98,95,1.43,1.2,46.68,40.14,78.18,86.11,2,3,1
98,75,3.32,1.22,43.69,52.01,71.6,77.73,1,2,2
77,74,1.44,0.47,45.55,48.83,76.93,78.69,5,2,2
84,92,1.27,1.52,30.0,48.8,76.72,80.7,4,5,0
86,65,1.57,1.7,44.03,54.75,80.74,83.65,5,5,2
81,77,1.65,1.4,47.55,44.62,78.57,77.93,2,3,1
80,81,1.42,1.1,43.29,52.04,66.41,81.31,3,4,1
93,95,1.63,2.8,37.11,49.43,79.55,76.24,0,3,0
67,93,0.93,1.4,50.8,42.02,73.63,85.25,2,4,0
70,67,1.68,1.6,41.71,48.55,86.96,75.47,5,2,2
66,87,1.62,1.4,34.4,45.29,77.05,82.88,3,0,1
74,69,1.63,1.1,38.79,45.3,79.73,80.18,5,1,2
67,73,1.9,1.45,33.99,52.5,82.99,79.28,0,1,0
82,83,1.3,1.67,44.16,47.03,76.95,91.43,3,2,1
75,71,0.94,1.59,61.55,50.92,81.39,76.88,0,0,1
93,79,2.22,2.43,45.23,54.52,83.49,81.05,4,5,1
85,77,1.84,3.21,34.73,32.9,81.45,79.35,2,1,2
80,97,1.75,1.98,51.51,54.8,72.64,77.0,4,3,0
95,63,1.63,0.63,35.95,59.15,75.51,87.59,3,1,2
74,75,1.77,2.01,45.05,40.44,82.94,80.44,1,0,1
99,84,1.21,1.39,58.56,51.33,74.77,80.33,5,3,2
75,75,0.74,1.41,40.79,55.73,73.71,85.36,2,4,1
81,90,0.74,0.69,52.14,45.87,77.03,84.5,4,1,1
76,94,0.91,2.43,65.82,35.82,82.72,80.74,2,0,1
72,69,1.88,2.12,46.62,52.63,76.36,80.64,1,4,0
64,99,0.66,2.13,51.23,41.73,86.54,88.63,0,0,0
68,95,1.9,0.43,21.4,44.04,79.12,76.17,5,3,0
73,83,1.84,0.66,73.08,45.63,84.18,84.66,3,5,0
87,76,2.35,1.04,34.47,37.72,74.63,77.97,4,5,1
97,93,1.43,1.74,45.95,38.23,69.83,75.24,1,3,1
72,69,1.65,1.5,44.81,41.44,77.56,72.39,4,1,2
92,61,1.5,1.57,49.46,47.5,79.48,79.23,3,5,2
96,83,1.7,1.79,28.77,38.43,82.85,78.18,0,1,1
60,72,1.89,1.33,47.0,44.17,82.45,80.66,1,2,0
71,67,1.52,1.54,53.07,42.98,77.34,78.7,1,2,1
73,78,1.93,1.47,49.08,48.82,76.43,79.86,2,4,0
71,85,2.21,0.9,37.73,52.48,81.93,83.59,5,5,0
77,97,1.37,1.91,54.57,42.23,86.8,76.25,5,1,1
67,67,0.54,1.92,48.1,43.07,77.44,78.83,1,0,1
76,67,0.82,2.15,51.51,38.84,84.88,80.59,4,5,1
60,87,1.3,2.23,41.67,30.04,83.43,88.9,0,4,0
99,61,1.13,1.8,52.26,64.32,77.77,82.71,3,3,2
79,97,0.41,1.03,41.07,47.45,67.94,77.91,0,3,0
99,64,0.82,1.58,60.7,51.92,90.3,81.75,2,1,2
76,93,1.4,1.37,44.31,37.73,79.74,76.39,3,0,1
91,67,1.22,1.36,50.42,62.77,83.45,84.71,2,2,2
92,98,1.99,1.69,58.45,40.94,82.99,90.83,3,3,1
61,90,0.76,1.7,40.39,55.45,81.26,81.32,5,1,1
66,67,1.67,2.26,50.25,50.42,78.94,73.25,2,0,1
91,73,1.82,0.71,48.41,52.11,81.64,77.03,1,2,2
86,85,1.22,2.11,38.36,39.44,81.29,79.55,0,5,0
67,67,1.98,1.4,65.87,65.64,76.83,77.21,2,5,0
79,69,1.81,1.63,55.41,43.4,82.13,70.01,2,1,2
78,79,0.7,1.12,50.49,50.55,84.0,78.57,2,5,0
93,61,1.64,1.07,46.5,44.09,75.54,77.79,1,1,2
70,98,1.66,1.55,41.09,55.48,83.17,76.92,1,5,0
65,73,1.81,1.34,58.52,72.0,64.37,74.27,0,1,0
75,63,1.47,1.87,51.91,56.15,70.51,86.41,0,1,1
79,80,1.64,1.54,48.41,62.7,76.95,76.26,4,5,1
69,60,1.66,2.59,35.57,49.01,79.52,76.29,3,2,2
62,96,1.44,0.65,26.63,47.82,86.56,77.94,0,4,0
87,89,1.91,1.17,44.2,47.07,73.18,69.64,1,3,0
97,69,1.51,1.06,43.62,38.1,87.63,85.23,0,4,1
73,87,0.78,1.64,45.33,39.34,75.26,69.14,5,0,2
95,92,0.78,1.87,63.7,47.68,70.29,84.37,2,0,2
62,68,1.99,1.53,51.68,59.58,75.06,87.66,2,1,1
74,93,1.75,1.33,41.64,45.26,72.83,77.37,3,5,0
94,68,1.96,1.65,54.43,58.5,82.1,83.33,0,5,1
74,80,1.45,1.05,47.94,37.79,80.07,79.33,4,0,2
98,72,1.75,1.38,56.4,50.07,76.72,85.95,0,2,2
91,71,1.41,2.39,56.76,45.67,71.2,77.74,5,1,2
88,98,1.14,1.11,45.52,42.87,79.37,79.48,0,0,1
84,98,1.4,0.82,49.72,53.25,74.46,75.66,4,2,1
73,78,1.76,1.86,47.61,43.99,77.98,78.42,0,2,0
85,72,2.93,1.43,50.23,56.89,83.36,87.03,2,5,1
77,61,1.5,2.26,59.51,52.08,75.09,80.44,1,5,1
92,61,0.94,1.06,49.58,34.36,83.73,90.43,1,5,2
97,71,1.95,1.29,50.54,59.25,88.08,76.4,2,5,2
76,76,1.26,0.87,57.59,39.1,73.6,88.34,4,3,1
81,93,1.35,1.82,46.37,48.3,76.12,79.62,0,4,0
84,87,1.53,1.21,41.96,52.94,68.55,81.88,1,2,1
92,78,1.02,1.61,46.37,56.23,77.33,90.0,5,1,2
84,70,0.61,1.23,34.2,46.25,83.97,81.6,5,0,2
91,79,1.52,1.8,59.71,64.45,74.75,81.45,1,3,1
78,71,1.36,0.9,60.97,52.76,85.88,79.44,4,4,1
74,99,0.98,1.57,73.14,62.35,88.44,77.38,3,5,0
72,89,1.83,1.16,56.95,52.32,77.8,79.93,2,0,1
74,87,1.33,1.62,57.4,51.69,73.08,72.37,1,5,0
88,69,1.26,1.09,53.88,44.76,76.63,77.75,0,0,2
64,84,1.17,2.71,54.26,51.29,77.7,81.82,3,5,0
84,99,2.11,2.07,55.92,43.0,76.1,80.9,2,5,0
67,66,1.97,1.26,40.91,33.07,88.1,82.7,4,1,2
88,86,1.41,0.59,48.85,35.21,85.36,75.15,3,2,1
82,62,1.4,2.08,49.7,57.92,76.85,80.33,1,3,1
70,96,1.65,1.3,60.9,58.5,73.6,80.99,1,0,0
92,86,1.34,1.64,54.72,54.22,82.27,77.84,5,2,2
87,80,0.73,1.27,52.21,43.9,73.68,83.64,2,1,2
95,84,1.23,1.88,40.99,52.96,87.01,79.59,1,5,1
84,96,1.95,1.33,61.11,51.55,83.22,86.41,1,1,0
88,78,0.63,1.63,49.62,35.94,77.5,90.46,0,5,0
77,82,1.74,1.0,55.15,57.73,80.58,83.67,3,2,1
91,78,1.8,1.15,51.46,54.26,81.2,83.96,0,4,1
78,63,1.58,2.39,46.0,57.77,76.6,76.34,2,5,1
84,60,2.27,1.69,52.49,61.64,77.22,88.65,3,0,2
95,71,1.69,1.17,65.0,52.82,76.13,86.28,5,3,2
86,96,1.02,2.34,58.31,45.75,79.39,83.94,3,5,0
62,84,1.1,1.21,48.69,46.84,83.71,81.18,5,1,1
89,79,1.3,1.26,43.93,54.36,79.31,73.36,3,2,2
82,71,1.47,1.66,27.16,53.43,80.0,82.0,0,0,2
83,85,1.42,1.79,37.32,41.2,78.91,78.97,3,4,1
68,91,1.35,0.76,30.52,60.91,81.18,74.99,3,3,0
90,62,1.41,1.61,48.13,34.16,80.39,79.68,5,4,2
80,93,1.76,2.21,62.92,35.21,81.52,75.43,2,4,0
95,97,1.51,1.59,45.25,42.47,83.96,79.21,2,1,1
61,63,0.49,0.35,47.36,34.98,77.96,82.47,3,1,1
94,76,1.34,1.5,37.98,41.87,76.17,79.94,0,2,1
83,80,1.27,0.89,41.89,41.42,82.47,81.87,4,3,1
84,74,-0.01,2.2,43.74,59.83,92.3,89.17,1,5,1
94,81,1.51,1.55,49.95,57.12,84.04,87.43,1,5,1
78,72,1.76,1.2,47.31,57.21,76.33,81.76,5,1,2
81,71,1.27,1.53,20.47,41.45,74.45,80.8,2,3,1
77,60,2.0,1.22,50.74,51.71,82.61,74.21,4,3,2
72,90,1.81,1.51,50.78,45.69,81.06,86.17,2,2,0
62,93,1.21,1.33,51.88,47.46,66.54,73.98,5,4,0
72,81,1.88,1.22,28.65,53.18,83.62,70.63,1,4,0
65,87,0.91,1.67,73.8,29.09,73.94,83.44,2,0,0
60,70,1.34,2.11,56.88,66.59,72.87,86.87,2,4,0
80,69,1.38,2.05,46.26,58.01,84.75,78.05,4,1,2
93,91,1.12,1.54,33.3,36.34,90.65,79.03,1,2,1
85,69,1.62,1.45,49.43,64.79,78.17,74.74,3,3,2
73,60,1.11,1.33,60.88,51.16,88.42,80.58,0,2,1
96,95,1.48,1.92,26.63,45.36,80.58,77.16,0,0,1
84,84,1.84,1.9,52.97,43.07,77.24,82.89,0,4,0
85,60,2.39,1.2,51.38,61.7,83.44,73.12,1,0,2
87,74,1.53,1.33,44.59,54.46,82.73,75.81,0,2,1
70,83,1.36,1.56,72.72,53.64,79.64,82.22,3,5,0
95,94,2.1,2.2,45.64,57.02,79.87,85.08,3,5,1
90,78,1.02,0.8,54.5,58.24,82.73,79.79,1,2,1
72,79,2.84,1.14,47.46,36.97,75.13,83.06,3,4,0
87,64,1.71,1.74,46.22,42.27,84.4,79.58,3,4,2
90,97,1.31,0.86,47.5,60.94,81.52,86.04,4,2,1
70,93,0.88,1.88,58.58,49.26,86.28,69.27,2,4,0
91,68,1.08,1.02,49.87,51.61,82.15,83.59,4,1,2
92,88,1.77,1.61,42.87,50.68,78.58,81.2,3,3,1
99,89,0.97,1.64,69.72,45.53,79.48,76.61,0,3,1
73,86,1.15,1.14,54.57,41.67,69.61,82.92,2,3,0
96,70,1.96,1.77,65.73,61.92,71.56,76.59,1,4,2
78,98,1.01,1.75,41.36,41.19,70.17,77.31,3,3,0
64,93,1.06,2.31,23.32,43.61,83.33,78.92,5,1,1
96,93,1.45,0.72,47.99,44.6,74.55,75.97,4,4,1
64,64,1.68,1.56,61.87,55.93,76.44,70.84,2,2,1
69,71,1.78,1.04,43.91,47.72,78.73,77.69,4,0,2
66,79,1.24,1.1,61.21,55.29,81.82,82.35,3,5,0
67,62,2.11,1.29,59.78,43.1,66.5,82.99,4,0,2
62,91,1.26,1.43,39.31,57.97,74.16,83.25,2,2,0
62,97,0.79,1.45,60.53,53.19,82.78,86.06,4,0,0
70,90,1.65,1.53,46.44,48.96,79.36,76.94,3,4,0
85,86,2.16,1.24,48.82,44.06,77.75,83.91,0,5,0
68,80,1.06,1.59,68.11,55.99,75.12,81.66,5,1,1
84,61,1.21,1.65,41.27,51.76,82.94,76.47,1,5,1
82,73,1.73,1.19,44.63,44.17,79.64,78.39,4,5,1
71,81,1.92,1.74,42.3,47.95,87.88,79.61,2,1,1
86,87,0.7,1.02,35.66,71.72,83.49,77.43,3,4,1
67,74,1.91,1.94,35.12,57.23,81.16,77.7,0,3,0
77,68,1.14,1.77,50.34,58.45,77.44,72.06,2,2,1
79,87,1.74,1.43,66.59,56.77,88.4,77.96,0,5,0
91,75,2.37,0.57,33.03,54.04,87.21,85.49,1,0,2
75,82,1.82,1.74,34.01,61.87,75.07,80.65,4,1,1
83,85,0.82,1.27,66.68,40.29,77.14,88.75,1,1,1
97,68,1.19,1.77,49.13,47.46,77.01,87.49,4,1,2
97,73,1.79,1.3,71.04,48.99,90.83,83.9,0,4,1
69,71,2.06,2.03,43.58,42.45,70.95,79.06,0,4,0
92,86,1.47,1.74,59.85,42.72,82.75,84.63,1,0,2
69,85,2.27,1.18,48.19,38.53,90.12,78.39,3,5,0
99,92,1.68,0.24,53.55,57.28,75.19,84.85,4,4,1
82,69,2.0,1.55,43.41,52.71,79.31,78.4,2,4,1
86,99,1.01,2.14,54.98,56.88,79.81,79.36,4,4,0
95,78,1.5,1.9,50.16,52.59,77.37,75.63,1,4,1
66,87,1.05,1.11,52.68,29.42,80.24,77.22,3,0,1
68,79,0.93,1.17,49.07,42.3,86.13,85.23,1,2,0
92,94,1.64,1.61,40.11,41.06,82.75,87.55,4,1,2
77,90,2.46,2.47,55.82,64.79,75.85,79.99,4,5,0
86,70,1.23,1.37,50.09,34.04,82.01,80.65,0,0,2
77,66,1.62,1.51,39.75,46.82,76.04,80.12,4,0,2
75,60,0.78,1.81,62.09,51.43,79.12,75.37,3,5,1
76,74,1.64,1.23,29.79,57.02,83.82,85.25,2,4,1
85,76,1.91,0.57,36.48,38.29,79.58,80.55,5,3,2
66,91,1.53,1.45,50.87,61.64,86.43,82.17,1,3,0
61,75,1.31,1.24,55.24,58.19,79.68,87.04,1,2,0
75,81,2.45,1.24,42.91,41.06,84.68,82.66,2,0,1
92,71,1.1,1.73,60.76,26.92,85.28,86.89,1,1,2
61,87,1.94,1.2,66.76,55.99,80.91,87.05,5,3,0
68,94,2.07,1.48,74.6,58.2,71.15,77.5,4,5,0
75,72,1.61,1.33,47.8,45.18,86.75,88.29,1,4,0
76,86,1.73,1.1,38.44,39.98,86.86,79.45,4,0,1
63,62,1.4,1.23,64.79,51.87,85.96,79.62,3,0,2
64,97,1.66,0.86,57.53,60.86,66.23,86.22,4,5,0
68,98,2.14,2.04,52.15,58.2,82.96,89.99,3,5,0
72,70,1.75,0.04,52.76,58.27,81.77,75.09,2,3,1
93,66,2.16,1.6,43.79,63.23,83.87,73.48,2,1,2
81,96,0.57,0.9,46.69,50.28,80.87,86.0,5,2,1
76,96,2.18,1.31,45.98,54.15,77.95,77.45,1,5,0
85,73,2.06,0.24,53.09,61.58,70.06,81.29,4,5,1
91,75,1.09,1.7,51.33,36.15,78.45,88.45,4,0,2
71,94,1.26,0.96,47.1,60.44,74.08,83.0,0,0,0
92,91,2.36,1.26,60.8,46.59,81.95,77.69,3,2,1
73,61,1.61,0.81,52.25,21.33,79.19,84.77,2,4,1
79,72,2.18,1.55,50.96,59.5,75.76,76.21,5,0,2
75,77,1.8,1.19,41.86,42.99,88.17,82.14,2,1,1
97,98,0.4,1.53,40.77,47.43,75.11,77.16,1,2,1
84,82,1.64,2.21,52.31,61.26,67.35,82.53,5,5,1
74,98,1.03,2.27,64.24,42.07,76.61,74.36,5,2,1
66,94,1.29,2.57,66.54,63.22,67.22,83.89,3,2,0
87,86,1.24,0.93,24.24,39.63,79.19,80.62,5,2,2
91,99,1.14,2.01,44.19,58.44,83.8,74.65,3,3,1
86,63,1.4,0.73,58.52,54.08,71.2,81.72,1,3,2
81,90,2.27,1.18,54.24,52.04,83.2,86.01,1,4,0
62,91,1.46,1.09,43.95,51.7,87.56,82.33,5,3,0
97,71,1.95,1.09,72.02,41.0,75.15,82.35,3,1,2
66,88,1.61,1.0,68.12,43.38,85.81,75.73,0,5,0
61,70,0.94,1.36,47.21,50.04,86.95,77.65,5,5,1
62,99,1.27,1.75,50.15,56.78,86.51,77.18,4,1,0
63,83,1.58,1.48,47.04,61.47,88.89,82.67,4,2,1
90,93,0.78,0.64,50.41,64.89,83.39,88.77,4,3,1
90,94,1.83,1.4,50.69,39.67,81.07,82.37,5,1,2
76,85,1.15,1.58,48.77,63.73,84.31,81.21,2,4,0
72,92,1.45,2.04,34.56,44.51,81.49,94.16,4,0,1
62,78,2.06,1.91,48.75,37.93,78.14,78.03,4,2,1
66,93,1.68,1.67,47.42,58.49,80.26,79.23,0,0,0
94,70,1.92,1.01,49.93,52.72,85.0,78.94,3,1,2
77,83,1.95,1.5,20.59,42.84,74.41,77.36,4,2,1
84,67,1.57,0.6,48.84,43.15,80.39,77.02,2,1,2
64,89,1.67,1.39,32.35,44.72,78.49,76.96,2,5,0
62,79,1.87,0.63,56.53,36.02,74.13,85.57,4,2,1
73,61,1.78,2.0,41.96,55.37,64.23,81.79,4,2,2
61,86,2.62,1.2,42.31,44.33,85.45,76.76,5,1,1
93,87,2.06,0.48,60.42,54.91,76.13,80.08,4,4,1
95,84,0.52,1.42,41.65,50.17,78.72,84.49,5,1,2
90,70,2.09,1.49,46.11,53.13,83.53,83.0,0,1,2
63,65,1.15,1.57,56.95,64.91,82.9,89.94,2,5,0
88,95,0.88,1.37,39.43,49.04,76.27,84.29,4,4,1
93,84,1.6,1.25,56.96,40.97,74.36,83.09,2,4,1
74,68,1.21,1.24,50.51,37.32,82.92,78.05,4,3,2
70,62,1.78,2.45,57.07,48.05,73.02,76.61,3,5,1
61,65,1.68,0.91,41.24,61.16,75.31,80.75,2,0,1
79,69,1.07,2.16,46.8,64.53,88.97,81.08,2,4,1
80,64,2.41,1.02,60.07,60.74,85.51,79.32,4,0,2
88,61,2.05,1.81,64.88,35.52,79.86,77.9,3,3,2
61,69,1.21,1.47,51.45,35.0,78.07,76.86,2,5,0
92,90,0.97,0.76,40.37,40.29,85.7,76.26,5,5,1
71,77,1.17,0.96,49.04,44.74,76.76,78.51,3,5,0
76,71,2.03,0.98,38.31,66.92,84.18,70.39,0,1,1
94,89,1.35,1.16,49.54,62.09,77.4,85.63,3,4,1
62,88,1.71,1.95,40.41,60.71,78.26,80.56,2,2,0
80,75,1.47,1.62,35.9,52.88,77.24,75.62,1,4,1
90,68,0.83,2.26,40.14,47.74,71.0,72.89,0,0,2
68,87,1.87,1.14,38.82,61.37,88.29,85.6,4,2,1
74,61,1.14,1.48,35.69,53.58,81.4,78.97,5,5,2
70,92,2.23,1.13,45.88,54.2,86.94,82.04,1,2,0
92,77,1.05,1.64,48.13,64.08,84.59,81.0,3,4,1
88,73,1.23,1.41,56.75,58.6,78.13,76.06,1,5,1
81,97,1.53,1.71,32.34,57.39,78.84,83.08,3,5,0
60,65,2.3,0.73,52.34,38.99,82.73,82.72,0,1,1
64,92,1.54,1.98,55.78,52.83,84.5,83.15,0,1,0
79,92,0.85,1.05,69.04,42.05,82.27,80.66,4,5,0
80,72,0.77,0.78,45.34,59.51,77.43,75.93,1,4,1
95,84,1.59,1.15,52.83,56.17,79.02,81.76,5,0,2
69,76,1.32,1.23,48.09,35.26,89.62,76.39,4,0,2
61,89,1.2,2.14,45.55,51.72,81.56,73.5,1,1,0
75,84,1.7,0.79,49.43,46.73,81.22,81.64,1,2,0
77,87,0.56,1.72,48.79,37.55,80.73,80.01,0,0,1
84,62,1.39,2.19,48.64,51.32,78.2,74.79,0,5,1
73,75,2.0,1.13,57.53,55.41,74.65,73.2,5,3,1
66,64,0.97,1.41,60.01,43.51,86.67,78.05,0,1,1
64,83,1.78,1.04,56.87,52.13,79.03,83.72,3,4,0
60,87,1.6,2.4,40.95,65.05,90.54,71.49,1,3,0
70,90,0.95,1.27,63.52,51.69,72.43,85.6,2,2,0
96,80,1.94,1.86,56.23,60.98,78.51,77.66,2,5,1
80,78,2.0,1.37,54.86,58.42,80.18,90.07,0,1,1
61,78,1.43,1.55,44.07,67.57,83.33,80.5,0,2,0
92,89,0.87,2.05,42.48,48.42,83.37,81.31,1,1,1
91,94,0.85,1.07,56.47,40.07,79.32,81.29,4,2,1
73,60,1.63,2.03,54.75,53.9,80.91,76.42,3,2,2
97,83,0.95,1.16,48.38,45.19,85.62,71.75,5,3,2
75,63,1.5,1.06,39.94,47.68,85.65,79.54,5,2,2
64,92,0.85,1.32,69.51,48.24,79.38,81.31,2,5,0
96,69,1.01,1.33,45.14,42.35,84.01,78.01,4,4,2
63,95,2.45,1.51,63.61,32.23,79.64,80.78,4,2,0
63,64,2.49,1.28,57.0,44.26,75.84,70.52,2,4,0
72,95,2.27,1.6,58.28,34.59,73.15,86.5,0,1,0
64,88,1.35,1.19,45.32,69.78,82.04,84.81,0,5,0
66,90,1.87,2.16,53.1,62.53,79.4,85.59,1,3,0
72,80,1.57,1.41,49.9,49.94,87.59,68.54,4,0,2
72,61,1.96,1.7,31.43,57.53,83.77,80.3,3,2,2
80,72,1.84,0.25,41.95,51.43,72.36,76.52,4,4,1
99,65,1.26,1.82,48.1,46.93,80.43,86.27,1,5,2
67,64,2.31,0.94,55.26,59.72,80.67,76.31,4,3,1
90,83,1.59,1.62,59.09,45.35,83.35,75.1,3,2,2
99,97,1.33,2.19,54.34,39.09,74.56,84.04,4,1,2
94,96,1.43,2.59,52.87,63.86,77.96,72.56,3,1,1
71,81,1.32,2.27,41.92,61.96,80.79,80.05,1,2,0
89,62,1.94,1.75,65.49,52.6,79.67,75.83,3,1,2
81,74,2.1,1.3,52.71,41.51,85.5,93.51,0,5,0
74,80,1.48,1.19,55.08,63.85,82.65,79.93,1,4,0
96,96,1.68,1.09,36.91,37.16,83.43,79.72,2,5,0
60,82,1.59,1.48,43.13,54.69,79.6,82.36,3,1,0
88,99,1.41,1.71,48.15,54.6,76.41,79.73,3,5,0
98,82,2.15,1.91,55.06,57.13,73.12,76.87,4,3,2
70,75,2.14,1.71,45.19,45.71,81.59,85.02,2,1,1
64,94,0.89,1.64,48.44,36.66,82.09,86.64,1,2,0
92,72,0.83,2.34,54.59,46.25,72.8,77.56,2,5,1
83,74,1.99,1.01,48.24,61.55,76.75,81.68,3,1,2
69,70,1.23,1.1,50.24,55.17,70.98,79.69,3,5,0
79,91,2.01,2.11,60.12,52.35,84.75,81.85,5,0,2
89,81,1.8,2.07,44.32,66.39,79.67,76.99,0,0,1
68,89,1.35,1.68,41.43,52.38,83.12,82.44,3,0,1
76,61,1.46,1.72,61.2,58.19,77.85,80.54,1,0,2
60,69,2.28,1.48,54.21,51.12,64.33,78.73,3,2,1
67,73,1.79,1.87,56.66,42.72,76.52,84.56,1,3,0
99,69,1.84,1.37,65.85,35.73,86.99,73.99,4,3,2
98,60,1.13,1.6,51.22,43.62,81.7,83.74,3,1,2
86,81,2.4,2.09,43.63,46.7,74.15,74.88,5,4,1
88,96,1.28,1.81,35.42,59.86,86.79,78.05,2,3,0
98,83,2.37,1.26,53.79,66.68,88.88,85.98,2,0,2
75,79,0.93,1.42,61.24,48.36,78.48,83.76,2,3,1
65,66,1.93,1.25,63.13,53.33,83.36,73.69,3,1,1
84,78,1.88,1.58,42.44,58.07,70.72,79.59,1,3,1
85,65,0.92,2.41,48.46,29.35,82.11,84.32,4,0,2
61,98,2.1,1.85,34.91,47.06,77.19,72.49,3,0,0
91,72,1.29,1.6,53.39,41.43,83.31,77.72,4,5,2
66,67,2.01,0.19,47.22,49.63,88.4,84.95,2,1,1
66,85,1.77,1.47,49.74,33.6,76.7,82.89,3,3,0
84,84,2.12,2.86,48.76,46.9,80.81,76.81,4,4,1
66,72,1.66,2.18,52.0,50.64,82.1,81.5,5,4,1
67,80,2.61,2.01,52.09,40.21,79.13,88.09,4,4,0
65,61,1.56,1.78,43.1,62.86,88.82,77.71,3,2,1
81,63,1.32,1.34,55.54,38.6,75.32,77.41,1,0,2
62,68,1.1,1.51,50.11,51.27,76.23,84.3,0,5,0
96,83,1.85,1.02,48.16,72.49,78.76,83.21,2,2,2
95,77,1.52,0.58,44.16,55.64,78.11,72.2,5,4,2
84,80,1.75,0.81,53.74,43.94,77.24,81.13,0,5,0
96,71,1.86,2.34,60.41,39.05,84.66,77.41,2,2,2
92,93,1.77,1.74,57.92,41.81,93.04,78.41,2,4,0
77,87,2.22,0.77,41.94,36.0,82.84,79.84,0,3,0
84,84,2.21,1.42,46.68,48.04,88.06,89.61,3,4,1
73,92,1.21,1.01,49.1,46.85,88.1,83.91,1,5,0
98,97,1.3,1.16,48.42,56.84,77.52,76.08,5,3,2
80,81,1.4,0.96,54.85,50.87,82.56,81.32,4,2,1
90,89,1.22,1.2,57.4,43.51,85.08,75.21,1,3,1
88,78,1.73,1.74,50.67,39.1,90.0,83.65,2,0,2
69,68,1.59,0.52,60.97,56.67,78.8,91.76,0,1,1
81,72,1.22,0.54,47.61,63.67,85.79,81.24,1,3,1
74,98,0.93,1.79,49.13,45.08,75.42,75.97,4,3,0
88,78,1.13,1.2,72.44,38.05,79.4,75.54,2,5,1
80,93,1.83,1.49,60.09,42.7,78.68,80.1,3,1,1
90,79,1.52,1.46,49.94,40.26,76.41,80.79,4,0,2
79,99,2.88,2.57,42.23,53.46,81.42,77.32,0,2,0
81,94,1.0,2.77,42.71,60.35,80.41,85.85,5,2,1
85,83,1.85,1.29,40.93,46.74,82.95,71.51,0,5,0
90,94,1.01,1.34,56.74,61.98,84.61,79.37,4,4,1
75,66,0.78,1.41,46.27,40.71,82.67,85.73,4,0,2
92,94,2.08,2.41,49.06,32.09,80.78,77.06,4,4,1
89,74,1.89,1.53,64.36,39.94,75.44,82.54,4,2,2
68,91,1.77,2.42,64.64,58.5,82.31,75.79,5,2,1
64,73,2.02,1.9,38.78,36.9,81.21,85.48,2,2,1
61,60,1.01,2.12,47.36,49.42,87.82,79.97,1,3,1
60,62,2.88,1.32,54.25,42.03,84.12,69.59,5,0,2
82,82,1.74,1.29,44.84,50.14,76.81,70.97,5,2,2
75,98,1.91,2.16,32.12,50.14,77.5,80.02,3,1,0
63,82,2.59,1.17,39.32,49.81,86.0,86.47,0,4,0
80,71,1.2,1.55,60.33,57.54,75.04,83.44,3,3,1
87,67,1.19,0.98,64.18,56.75,80.93,84.19,3,4,2
60,77,0.07,2.18,57.79,55.37,73.16,88.5,3,5,0
83,72,1.59,1.75,62.7,37.21,83.45,80.01,2,2,2
79,72,2.1,2.19,57.06,61.68,77.66,76.97,3,5,1
92,90,1.67,1.72,61.19,50.12,88.37,81.26,1,2,1
89,60,2.05,1.02,63.63,41.15,73.1,71.48,0,5,1
84,66,1.6,1.49,53.27,53.55,73.05,75.68,5,1,2
61,80,2.08,1.23,36.35,52.81,78.63,79.71,2,5,0
86,74,1.51,1.54,51.56,42.75,75.34,77.4,5,1,2
66,77,2.36,1.61,48.6,32.77,80.85,80.63,3,3,0
69,79,1.67,1.46,51.45,71.43,86.39,78.42,1,1,1
62,86,2.33,1.54,47.26,53.88,83.63,81.15,5,4,0
64,81,2.53,1.93,53.64,53.95,70.27,83.64,5,1,1
70,71,1.55,1.17,67.7,46.09,75.12,90.99,4,2,1
96,78,1.52,1.48,48.59,60.6,83.96,72.7,5,1,2
89,71,1.2,1.69,59.48,54.13,78.55,74.89,4,1,2
62,65,0.89,0.97,27.58,45.91,79.76,75.51,0,1,1
62,71,1.13,1.7,55.3,37.25,79.57,85.23,4,0,2
98,78,1.07,0.96,56.48,62.49,78.25,75.49,2,1,2
94,63,0.64,1.41,59.07,45.8,81.8,86.4,4,5,2
84,82,1.35,1.97,55.55,53.68,77.49,78.07,0,2,1
79,67,0.95,2.77,34.24,51.81,87.67,77.72,2,1,2
71,88,2.15,1.54,49.19,55.81,83.91,84.36,1,5,0
81,97,2.33,1.97,51.36,46.23,73.89,79.42,1,4,0
66,70,0.44,1.84,56.51,22.18,81.13,78.71,2,5,0
80,90,1.49,0.69,55.56,54.36,87.07,75.12,1,5,0
86,62,1.93,1.43,48.77,57.36,85.26,82.82,3,0,2
92,96,1.38,2.23,48.1,41.79,78.22,75.49,5,0,2
76,80,1.48,2.12,34.69,46.67,71.15,76.92,0,0,1
95,90,2.2,1.49,38.71,58.61,76.53,86.18,3,0,2
83,76,2.29,1.19,47.95,45.41,79.76,83.85,3,5,1
87,73,2.63,2.19,39.7,47.97,75.24,83.16,4,5,1
61,60,2.19,1.8,63.06,51.8,82.02,78.76,5,5,1
89,78,1.52,1.73,39.46,62.64,88.39,80.75,4,3,2
99,72,2.38,1.12,50.06,67.63,85.58,76.49,5,1,2
83,62,1.22,2.21,50.68,52.01,78.64,78.61,2,4,2
85,91,1.48,0.79,45.51,52.85,88.24,84.48,2,2,1
75,79,0.71,2.21,46.89,49.94,81.74,79.03,4,0,2
81,82,1.01,1.83,51.47,47.25,72.98,80.59,0,5,0
89,69,1.92,2.28,52.69,74.12,66.95,81.9,2,0,2
70,84,1.15,1.75,51.92,56.29,70.3,83.53,4,0,1
83,71,2.1,3.02,58.38,38.8,76.36,73.28,3,3,2
61,73,0.8,1.3,38.07,67.55,82.88,78.48,0,0,0
82,67,0.94,1.07,49.67,57.88,79.05,71.7,0,5,1
79,87,1.38,1.35,40.21,33.81,82.34,76.99,5,3,1
75,61,1.58,1.34,54.2,48.58,78.23,76.58,3,3,2
93,87,1.25,1.69,44.1,64.7,83.26,82.98,0,1,1
66,77,1.71,1.31,56.62,44.85,84.58,83.13,2,5,0
96,89,1.5,1.3,45.98,63.33,80.21,89.76,1,1,1
92,70,1.62,0.74,42.81,28.79,72.77,76.55,3,0,2
93,64,1.62,1.4,30.63,48.61,82.56,83.51,5,5,2
69,95,1.35,1.57,51.23,49.22,80.71,75.94,1,4,0
70,79,1.39,1.37,47.27,47.54,76.03,79.13,3,4,0
63,61,1.25,0.97,56.56,59.31,83.66,81.77,0,5,0
78,79,0.53,1.84,44.52,37.73,77.14,77.71,3,0,2
69,75,1.39,0.62,64.43,47.8,76.53,81.72,5,4,1
77,90,0.93,1.02,54.83,60.0,71.89,85.09,0,1,0
69,89,1.49,1.22,37.01,40.39,75.88,88.45,0,2,0
96,81,0.9,0.9,51.25,63.12,80.65,80.46,1,3,1
70,86,1.63,2.46,31.12,49.6,79.74,70.15,2,5,0
69,82,1.13,1.33,62.07,43.47,74.0,73.97,0,3,0
69,94,1.35,1.02,48.77,55.61,73.76,77.25,0,2,0
98,75,0.87,1.97,41.9,55.61,82.37,71.15,1,0,2
84,69,2.29,1.0,45.96,43.21,70.04,88.42,3,0,2
89,76,2.11,1.78,48.43,52.99,80.97,67.5,2,5,1
93,62,1.9,1.84,48.17,43.79,77.03,73.78,2,4,2
68,94,1.37,1.29,42.39,51.89,79.03,75.58,4,1,0
63,99,1.69,1.66,47.55,49.83,89.51,82.79,5,5,0
67,97,1.82,1.16,30.86,51.67,72.88,80.83,3,5,0
68,79,2.09,1.66,61.57,38.71,69.9,76.82,1,0,1
92,76,0.99,1.09,50.88,63.46,81.97,74.84,3,0,2
63,86,1.85,2.46,24.59,55.33,73.19,80.95,5,5,0
73,65,1.78,1.79,59.01,37.45,84.58,78.09,0,4,0
79,97,2.34,1.99,55.31,41.83,70.77,89.84,3,5,0
69,92,2.29,1.83,53.21,33.86,80.24,76.68,2,3,0
67,97,1.39,1.6,57.98,42.55,81.77,75.08,0,5,0
65,67,2.66,0.77,57.18,39.9,83.62,76.65,3,3,1
89,82,1.8,1.7,70.72,50.43,85.74,79.84,4,2,2
71,87,1.52,1.69,66.88,60.47,77.21,73.77,3,2,0
70,85,1.38,0.75,45.9,54.09,82.48,73.36,3,4,0
76,98,1.32,1.32,45.63,47.45,77.1,78.8,1,4,0
78,69,0.72,1.35,49.75,56.05,90.43,80.59,3,0,2
84,98,1.22,1.72,44.55,35.53,80.52,82.2,2,2,0
74,92,2.34,0.97,60.46,49.26,77.22,74.42,2,1,0
64,70,1.17,2.35,53.39,52.56,74.79,82.34,3,3,1
93,93,2.07,2.18,57.67,45.92,85.12,93.17,3,1,1
90,94,1.55,2.18,48.39,39.35,89.66,76.6,4,0,2
82,72,0.75,0.84,49.12,69.91,82.71,74.63,3,5,1
93,96,2.46,1.97,46.2,62.9,68.0,76.65,0,1,1
98,87,1.62,0.97,36.52,59.9,87.45,74.59,0,2,1
68,67,1.43,1.62,70.5,53.89,82.3,85.2,4,4,1
76,95,1.58,1.5,38.28,42.2,78.52,78.31,2,4,0
92,99,1.46,1.15,38.0,51.84,88.72,75.51,2,5,0
83,92,1.16,1.52,45.23,57.78,82.26,68.38,2,2,1
92,81,1.94,1.7,48.74,38.24,82.63,76.01,0,5,0
62,64,0.93,0.85,52.13,64.97,88.45,81.88,4,0,2
83,64,0.8,2.14,58.38,46.15,67.77,79.67,4,5,2
91,79,1.2,0.77,33.56,46.69,81.73,78.77,2,2,2
74,65,0.63,1.31,50.42,65.48,80.7,82.93,0,4,0
66,98,1.87,1.58,63.41,44.9,85.46,77.81,3,3,0
67,69,1.3,1.17,43.17,60.96,79.46,83.0,5,2,2
74,62,0.68,1.34,57.94,40.32,85.8,80.15,1,1,2
80,66,1.62,1.53,52.71,53.97,82.05,78.83,5,2,2
74,91,1.08,1.34,50.92,57.68,78.12,73.68,1,2,0
87,81,1.47,1.58,58.28,59.29,68.72,81.13,2,0,2
99,65,1.73,0.83,40.33,60.4,80.88,82.75,5,4,2
90,71,1.76,1.68,47.55,49.01,82.68,80.29,1,2,2
68,69,1.85,1.48,60.83,50.19,80.35,79.21,4,4,1
93,68,1.26,2.42,78.61,32.3,86.62,78.94,5,3,2
82,64,1.74,1.0,38.68,54.12,77.87,76.67,3,4,2
89,87,1.31,1.31,45.93,49.22,90.9,80.81,1,5,0
62,60,1.66,2.2,49.23,50.83,72.87,68.73,1,2,1
83,69,1.35,1.65,28.2,42.2,79.71,81.71,4,1,2
71,89,1.23,2.15,67.18,49.08,88.47,81.05,3,3,0
93,73,1.73,1.34,68.94,32.42,87.1,85.45,5,0,2
84,71,1.8,1.75,66.66,53.19,77.51,75.23,0,5,0
91,78,1.1,1.78,46.81,52.8,83.26,75.91,3,2,2
92,95,1.42,1.11,55.1,53.35,77.07,76.27,2,5,0
65,60,1.23,1.81,34.69,38.41,76.88,74.67,1,2,1
93,77,1.95,1.93,59.63,46.55,77.98,79.95,3,5,1
92,72,2.07,1.56,54.7,59.35,89.22,74.91,5,3,2
66,81,1.33,1.18,61.53,46.2,80.43,79.31,4,3,1
60,75,0.84,1.62,55.37,73.08,79.91,75.8,1,5,0
75,70,1.19,1.86,49.14,52.83,81.49,81.26,1,4,1
90,96,0.86,2.11,56.51,43.23,83.95,80.07,5,0,2
77,99,1.16,2.2,60.58,57.19,83.61,77.99,3,4,0
77,89,1.53,2.02,59.72,65.29,72.09,89.65,3,4,0
81,79,1.77,1.45,40.99,58.89,67.55,81.88,5,3,2
63,67,1.83,0.43,62.69,54.69,79.99,74.56,0,3,0
90,79,0.72,0.6,41.34,49.34,89.26,82.53,2,3,1
96,61,0.87,1.55,45.45,52.28,79.47,78.34,4,5,2
91,73,1.24,1.29,69.29,50.12,74.21,79.52,1,5,1
86,89,1.64,1.97,45.73,54.17,77.32,88.31,1,0,1
92,67,1.72,1.76,27.68,37.4,83.84,77.7,3,3,2
98,64,1.89,0.95,43.49,55.67,78.16,85.49,5,5,2
70,92,1.41,1.51,47.74,49.6,82.69,93.36,3,1,0
99,88,1.16,1.49,38.82,46.16,78.49,75.96,0,4,1
80,99,2.07,2.28,38.35,56.23,78.1,79.75,2,4,0
64,77,0.67,1.03,59.71,53.39,90.48,88.2,5,3,1
63,83,2.4,1.67,57.3,26.98,70.67,81.68,4,4,0
99,99,1.77,2.31,49.72,47.56,82.37,74.46,0,3,0
61,82,2.14,1.64,34.52,55.28,81.43,77.77,1,0,0
74,91,1.12,1.87,64.38,56.59,73.64,85.92,2,3,0
81,74,1.54,1.24,62.71,52.79,84.07,86.17,4,5,1
91,92,1.91,1.31,43.22,56.1,71.08,78.93,3,1,1
88,80,0.5,1.24,32.65,47.15,80.86,70.98,0,3,1
68,91,1.7,1.47,42.41,35.71,72.17,70.94,3,5,0
90,65,1.25,1.57,44.57,44.56,75.13,80.94,0,3,1
69,94,1.42,0.58,41.74,33.81,74.42,77.86,5,2,1
96,66,1.36,2.14,50.7,37.51,77.83,86.79,1,5,1
77,76,1.73,0.94,68.04,59.51,77.87,85.63,2,2,1
65,69,0.91,1.94,47.49,39.41,73.09,81.73,0,4,0
86,79,1.33,2.19,47.03,43.02,82.32,92.63,5,2,2
78,66,1.51,1.92,41.08,42.06,80.23,77.84,5,4,2
69,68,0.95,2.24,34.62,29.6,89.84,79.87,1,1,1
93,99,1.56,1.02,36.05,43.86,82.36,80.48,0,0,1
99,63,1.49,1.9,54.3,61.63,91.57,83.37,2,3,2
82,91,1.25,1.88,47.99,39.11,83.25,83.04,3,0,1
96,83,1.46,1.87,59.34,56.57,76.93,90.64,4,3,2
76,94,1.09,1.71,29.01,48.94,79.88,82.72,1,3,0
75,80,2.21,1.38,65.61,44.44,76.72,87.33,5,1,2
62,72,0.88,1.3,51.86,53.03,76.86,70.5,0,3,0
68,60,1.23,1.02,54.26,44.53,77.63,68.41,2,2,1
89,79,0.86,1.47,41.18,44.58,77.61,82.31,0,3,1
67,68,1.09,1.77,60.83,46.97,81.22,77.72,5,5,1
95,88,0.77,0.79,20.97,55.98,76.83,74.53,0,0,1
86,63,2.31,1.32,49.34,49.37,75.0,82.05,2,0,2
77,98,1.68,1.48,56.15,56.29,79.9,74.04,2,3,0
73,78,1.44,2.23,58.56,42.96,70.76,76.93,1,4,0
84,81,1.43,1.25,37.16,52.23,89.31,78.31,2,1,1
68,82,2.35,1.56,46.87,32.55,76.89,87.05,4,0,1
82,69,1.32,1.96,46.04,63.85,83.31,85.66,0,3,1
65,95,1.37,1.21,21.17,65.61,74.29,81.51,1,0,0
61,85,1.02,1.53,54.7,55.07,83.27,72.98,2,4,0
87,74,1.77,1.67,43.83,44.13,87.81,77.6,1,4,1
94,62,1.61,1.55,56.68,50.04,78.7,78.78,2,5,2
74,66,1.65,1.17,41.59,62.36,82.59,83.19,0,1,1
65,75,1.58,1.35,46.05,58.13,81.3,77.62,0,4,0
86,60,1.79,1.48,47.59,58.7,75.59,70.59,1,1,2
74,62,2.12,1.52,28.6,49.3,81.85,87.18,2,0,2
60,78,1.59,2.51,58.96,58.79,79.8,81.94,1,1,0
74,65,1.25,1.98,37.16,46.46,73.7,80.61,5,3,2
83,99,1.18,1.98,56.16,51.04,82.69,80.11,5,0,1
96,90,1.27,1.92,56.9,72.57,87.17,75.59,3,5,1
93,67,1.42,1.43,53.41,53.52,79.74,77.47,2,0,2
80,90,1.64,1.99,45.95,49.99,75.56,76.56,1,1,1
74,81,1.9,1.15,55.45,47.33,78.29,82.56,4,2,1
65,69,2.28,1.54,63.85,61.38,74.39,84.02,1,5,0
81,84,1.6,1.41,53.07,64.89,83.83,77.98,1,3,0
71,74,1.22,1.37,43.91,43.61,86.19,77.73,0,0,1
80,90,1.19,0.87,41.85,40.01,86.53,72.71,1,2,0
60,69,1.86,0.7,35.4,51.45,86.01,78.78,2,4,0
81,65,1.24,1.98,57.54,55.94,80.52,76.56,2,1,2
75,95,1.26,1.48,41.36,42.33,71.15,83.99,0,1,0
60,87,2.14,-0.04,45.06,31.0,84.9,79.64,2,1,0
82,79,1.59,1.95,49.21,56.61,73.69,89.22,0,3,0
70,82,1.23,0.9,35.4,59.32,85.44,69.23,3,3,0
81,70,1.39,1.22,70.18,49.2,82.68,79.76,5,2,2
95,82,1.4,0.97,59.58,40.63,82.13,82.92,0,2,1
90,92,1.53,1.22,58.4,55.96,81.65,83.42,3,0,2
68,88,2.12,1.62,53.47,37.8,78.46,66.42,4,5,0
61,66,1.1,1.49,46.88,65.82,84.56,74.93,1,5,0
83,75,0.45,1.5,45.59,44.74,82.27,83.12,1,5,0
76,69,1.81,1.88,40.94,36.65,71.47,84.99,4,2,2
88,74,2.2,1.67,61.4,50.31,76.77,77.61,5,0,2
69,70,0.87,2.18,74.4,56.53,78.73,81.11,3,4,1
76,70,1.9,0.98,46.65,53.43,83.74,74.83,1,5,0
91,88,2.14,0.72,49.0,44.08,79.62,80.1,0,1,1
63,66,1.5,1.7,53.07,54.44,74.17,78.0,5,0,2
79,63,1.29,1.49,41.62,60.49,74.82,86.98,3,0,2
77,89,2.25,1.68,42.9,51.61,81.88,75.26,3,2,1
88,82,2.19,1.71,53.55,56.45,80.62,72.1,1,4,1
62,87,1.92,1.45,38.64,51.72,77.37,91.38,5,4,0
67,91,2.14,2.46,58.41,59.25,84.62,81.94,3,0,1
70,94,1.69,1.25,49.73,59.43,79.06,82.05,5,5,0
72,94,1.36,1.28,66.88,74.12,72.7,73.49,4,0,1
78,85,1.62,0.52,52.42,46.69,78.88,79.75,1,0,1
99,96,1.95,1.07,43.86,54.9,86.37,88.99,5,5,1
69,61,1.3,0.36,42.3,53.65,82.91,71.58,0,5,0
83,74,1.04,0.91,60.1,55.5,77.8,79.54,1,4,1
74,79,0.39,1.55,54.05,44.91,75.59,82.46,4,3,1
96,87,1.63,1.39,40.9,40.46,86.62,80.21,3,2,2
74,74,1.46,1.41,49.83,34.95,77.39,78.11,0,4,0
69,91,1.96,1.6,68.04,47.46,79.74,82.19,0,2,0
71,94,0.42,1.59,36.7,56.79,78.43,76.13,2,1,0
88,74,1.14,1.33,36.77,46.13,82.11,80.36,1,5,1
66,79,1.2,1.53,58.27,43.97,77.68,84.68,2,1,1
60,97,1.22,1.02,43.99,63.39,92.0,78.09,5,5,0
92,77,2.55,1.67,41.54,43.77,79.04,82.45,0,1,1
71,89,1.11,1.32,74.22,30.47,89.95,78.88,5,0,1
80,64,0.5,2.29,48.37,45.47,79.7,89.92,1,5,1
96,85,1.94,1.77,67.25,41.92,72.52,84.37,1,3,1
79,76,1.26,1.79,55.82,56.16,82.42,81.74,3,2,1
60,61,1.7,1.04,66.62,65.93,82.51,81.36,3,3,1
75,67,2.12,1.48,59.77,60.56,73.16,70.92,5,2,2
80,73,1.51,1.83,59.8,66.66,71.64,82.26,1,1,1
77,97,0.88,0.67,34.68,46.87,78.76,80.67,4,5,0
88,95,0.8,2.08,42.88,53.15,77.53,80.62,1,0,1
75,79,2.6,1.63,48.82,45.02,81.94,76.75,0,1,1
70,84,0.91,0.99,44.93,45.15,80.51,78.31,0,1,0
78,69,1.49,1.14,35.33,44.15,81.63,73.21,3,3,1
98,97,2.04,1.38,57.95,60.37,83.39,85.13,4,4,1
68,70,1.27,0.89,45.24,36.99,73.11,78.21,0,0,1
70,92,1.05,1.97,33.14,53.17,78.69,79.43,2,0,0
78,81,0.94,1.47,29.09,65.54,82.77,81.05,3,4,1
95,86,1.68,1.63,58.72,59.79,76.69,73.39,5,5,1
76,62,1.83,1.57,67.25,50.85,83.9,75.52,4,0,2
78,65,0.69,1.15,54.78,59.29,82.1,83.08,3,2,2
70,82,1.98,1.77,34.02,59.39,74.14,78.29,3,0,1
78,65,1.04,2.11,23.62,60.54,75.42,89.71,1,4,1
63,97,2.23,1.56,53.68,53.71,71.11,79.87,0,2,0
95,67,1.85,2.09,44.9,61.72,79.07,75.4,0,4,1
65,91,1.5,1.55,49.34,57.04,80.48,79.48,0,1,0
91,70,1.8,1.08,23.78,40.01,80.34,86.83,2,0,2
96,74,1.05,0.73,45.61,62.34,75.33,79.5,1,2,2
81,87,1.94,2.12,36.36,47.31,72.13,87.57,0,4,0
79,92,0.35,0.81,54.66,26.44,78.51,86.97,3,2,1
77,66,1.69,1.91,48.06,20.22,86.98,90.0,0,1,1
87,93,1.92,1.49,58.57,31.34,83.43,71.02,3,0,1
67,84,2.22,1.14,53.27,34.04,76.42,79.22,1,5,0
84,92,2.12,1.71,63.84,34.6,84.49,70.41,0,0,1
80,90,1.54,2.26,53.14,56.37,81.24,80.65,0,0,1
94,89,1.9,1.24,55.17,40.18,87.23,81.83,1,1,1
69,73,1.43,1.08,21.88,49.78,84.21,84.91,4,5,1
83,72,2.52,1.87,59.06,63.35,90.13,83.79,1,1,2
93,83,1.07,0.99,41.02,48.6,86.27,80.24,2,3,1
71,68,0.36,1.43,53.17,37.23,82.13,73.62,4,0,2
90,83,2.56,2.09,54.69,39.28,74.39,76.96,0,1,1
83,91,1.64,1.21,41.1,51.13,88.09,72.15,0,2,0
78,81,1.75,1.57,52.57,32.02,75.16,77.28,2,4,0
76,63,1.07,0.5,29.62,58.66,73.27,75.96,0,1,1
77,62,1.93,2.32,44.7,51.4,81.34,84.11,5,4,2
92,64,0.83,1.79,52.37,48.41,86.31,89.23,2,3,2
71,75,1.75,0.41,43.57,61.42,79.8,81.18,2,5,0
70,97,1.46,1.68,41.4,46.3,93.36,83.66,4,2,0
81,82,1.82,1.64,68.17,51.9,89.77,78.76,4,3,1
68,79,1.23,2.13,50.05,74.01,79.95,80.22,1,5,0
75,92,1.51,1.8,57.18,47.51,83.85,79.11,1,3,0
76,83,0.48,1.2,50.8,46.59,87.39,76.02,1,0,1
79,82,1.37,1.07,49.73,38.18,78.61,76.84,5,1,2
75,62,0.89,2.57,45.85,36.48,76.24,85.63,4,0,2
91,88,1.43,1.59,61.45,62.26,85.3,77.0,3,3,1
88,95,1.45,1.05,49.44,45.42,78.22,84.42,4,5,0
84,94,1.98,1.01,46.42,38.81,72.58,82.92,5,5,1
88,62,0.36,1.21,53.92,44.31,78.77,89.45,1,2,2
84,62,1.61,1.61,51.04,52.43,70.49,83.43,5,5,2
95,92,1.09,1.55,48.86,42.39,72.97,84.27,0,0,1
96,66,1.31,1.13,57.21,30.7,78.7,78.63,0,3,2
86,82,1.26,1.52,43.2,41.72,80.9,75.12,1,0,1
69,66,1.29,0.63,38.85,51.29,72.18,78.85,4,4,1
75,73,1.5,1.37,23.27,72.37,67.81,81.22,3,5,1
95,84,1.12,1.84,50.26,45.33,82.3,78.3,3,3,2
67,70,1.61,1.14,73.98,29.85,79.61,77.12,5,1,2
87,63,1.87,1.95,49.32,56.4,79.55,84.95,1,3,2
84,69,2.51,1.69,61.21,52.01,84.09,81.46,0,2,1
74,86,0.59,1.05,57.02,46.04,79.09,84.06,2,5,0
91,98,1.39,1.28,52.45,45.04,79.48,80.86,3,2,1
89,91,1.34,1.89,35.85,43.13,73.66,87.44,1,2,1
90,71,0.88,1.44,60.63,41.21,76.32,76.58,2,3,2
70,97,0.4,1.98,26.88,54.69,79.46,83.4,1,5,0
80,60,0.21,2.57,46.37,50.63,69.46,85.23,4,1,2
90,79,1.23,2.08,75.37,51.06,81.04,76.93,5,3,2
88,83,0.56,1.99,52.05,35.51,76.78,84.3,4,3,1
85,75,1.46,0.87,53.36,43.98,78.82,84.64,3,5,1
87,74,1.56,1.49,42.31,42.21,78.83,84.22,4,0,2
72,99,1.25,1.41,44.43,42.99,75.8,78.67,0,0,0
61,90,2.73,1.62,47.52,59.01,83.48,82.46,1,1,0
63,68,1.13,1.9,54.61,40.7,71.0,81.16,1,1,1
66,81,0.56,0.6,34.16,52.27,83.01,72.86,0,3,0
64,82,1.3,1.45,47.86,46.79,83.76,80.78,4,4,0
93,75,1.16,1.41,41.08,58.77,81.61,85.38,4,0,2
80,90,1.92,1.09,48.93,45.84,80.95,80.59,3,3,1
67,71,1.3,1.96,45.03,42.51,73.22,86.8,5,5,1
79,85,1.79,0.56,49.52,63.29,66.87,78.79,5,4,1
81,79,1.97,2.05,50.74,44.4,88.1,79.11,5,5,1
94,70,1.82,0.91,51.36,48.39,91.84,85.53,0,1,2
60,67,0.86,1.78,71.92,39.96,87.45,86.81,5,1,2
77,91,1.12,2.41,55.5,46.43,77.79,81.01,4,5,0
90,63,1.43,1.05,40.74,64.19,77.92,80.13,5,0,2
97,88,1.2,1.41,45.71,56.75,84.69,78.09,1,0,2
96,69,1.22,0.84,45.32,46.47,78.96,78.49,5,0,2
98,85,1.91,1.57,75.37,35.67,83.54,78.43,0,0,2
60,80,1.24,0.97,54.88,55.26,75.92,78.53,2,2,0
93,70,1.79,2.32,36.07,59.46,76.47,75.8,4,0,2
85,78,1.7,1.9,46.86,57.98,82.94,80.57,1,0,2
78,96,1.06,1.21,32.86,62.63,80.21,76.15,3,1,1
74,82,1.7,1.36,54.94,53.45,80.93,80.76,5,3,1
75,99,1.2,0.66,57.49,36.4,80.97,77.56,3,3,0
75,60,1.47,1.3,59.24,44.51,77.78,84.64,1,5,1
78,60,2.39,2.02,57.27,55.02,81.72,81.19,1,4,1
65,80,2.32,1.21,52.87,49.2,79.4,72.61,2,0,1
86,69,0.63,1.86,45.82,51.68,75.93,77.58,5,3,2
60,81,2.1,2.26,57.91,56.22,75.58,73.24,5,5,0
83,65,1.07,1.4,46.88,53.34,78.52,80.45,5,2,2
85,93,1.46,1.07,45.12,59.32,80.45,85.85,2,0,1
63,68,2.07,1.59,32.47,48.73,76.29,88.46,1,0,1
66,80,1.13,1.38,55.3,46.63,77.52,80.07,4,2,1
71,90,1.14,1.75,36.22,56.96,83.22,74.46,3,1,1
94,90,2.08,1.47,35.22,38.51,75.65,83.58,2,4,1
88,79,1.58,1.59,57.66,44.6,72.53,81.0,2,4,1
70,91,1.45,1.12,64.43,50.12,74.13,76.95,0,2,0
72,63,2.23,2.05,54.24,41.9,76.5,75.67,0,5,0
66,69,0.7,1.39,49.45,44.0,74.67,81.72,5,2,2
88,68,1.18,1.63,58.89,56.42,85.02,86.65,5,5,2
80,69,1.7,1.16,37.49,55.75,74.11,85.55,4,3,2
76,77,1.63,1.68,58.53,42.09,77.22,80.96,4,1,2
83,83,1.58,1.54,62.53,44.77,78.52,78.5,2,1,1
60,79,1.53,1.36,48.41,71.23,77.75,79.83,1,4,0
