age,education_level,experience_years,num_certificates,english_level,score_test,has_recommendation,city_size,hired
56,bachelor,40,0,intermediate,60.31852907329001,1,medium,0
46,bachelor,25,4,basic,82.13781413815131,1,large,1
32,primary,10,4,basic,20.71502496242863,0,small,0
60,master,40,1,advanced,78.84260407291237,0,large,1
25,bachelor,5,1,advanced,70.3944442315009,0,large,0
38,high_school,19,2,basic,63.637638236369575,1,medium,0
56,high_school,38,0,advanced,45.62880100582157,0,medium,0
36,bachelor,15,3,advanced,40.10184019239558,0,medium,1
40,bachelor,17,1,intermediate,76.2663593560203,0,large,0
28,bachelor,8,1,intermediate,68.63219910755765,0,small,0
28,bachelor,10,0,basic,68.34828098102655,1,large,0
41,bachelor,19,2,basic,63.46293738582264,0,large,0
53,phd,31,2,intermediate,77.7471144940421,0,medium,1
57,bachelor,34,1,advanced,56.21192234548326,0,small,0
41,master,26,2,intermediate,59.95392280110211,0,small,1
20,high_school,0,3,basic,62.35106611612472,1,medium,0
39,high_school,17,1,basic,61.7951017090488,0,small,0
19,high_school,0,2,intermediate,85.04858736898686,0,small,0
41,bachelor,23,1,intermediate,46.183430920891034,1,medium,0
47,master,24,1,basic,35.68144222845717,0,medium,0
55,primary,40,0,intermediate,43.189606448956326,1,large,0
19,primary,4,2,intermediate,75.25476426787148,0,medium,0
38,master,22,1,basic,63.48838064721324,0,small,0
50,high_school,32,4,basic,41.01919194304128,0,small,0
29,bachelor,9,1,basic,66.49497545524129,0,medium,0
39,bachelor,17,2,advanced,60.14021935300642,0,medium,1
42,master,26,0,intermediate,73.39241894281179,0,large,1
44,high_school,27,0,intermediate,76.91399605167194,1,medium,0
59,high_school,39,2,intermediate,100.0,0,large,0
45,bachelor,24,0,intermediate,47.267737697983,1,small,0
33,master,15,3,basic,37.05859760901954,1,small,1
32,bachelor,9,1,intermediate,73.83676315379181,0,large,0
20,high_school,0,1,intermediate,79.80068955535194,0,medium,0
54,bachelor,37,0,basic,45.86458422568484,0,medium,0
24,master,11,0,basic,45.879067710529306,0,small,0
38,master,17,2,intermediate,70.16549430515435,1,small,1
26,phd,3,4,intermediate,90.71724228650439,0,small,1
56,primary,34,0,basic,51.850868748650484,0,medium,0
35,high_school,21,1,intermediate,66.30600193018608,1,medium,0
21,bachelor,7,1,advanced,36.51282909877742,1,medium,1
42,master,27,2,basic,62.021216883954025,0,large,1
31,high_school,14,2,intermediate,63.29528376022919,0,small,0
26,high_school,9,1,intermediate,87.01310668106261,0,medium,0
43,master,29,3,basic,54.399833093915355,0,small,1
19,primary,3,0,intermediate,75.29615590738288,0,medium,0
37,high_school,21,0,advanced,53.423571512283196,1,large,0
45,bachelor,30,0,advanced,66.35498391756744,0,large,0
24,bachelor,2,2,basic,96.15981781047586,1,small,1
25,bachelor,9,1,advanced,91.89652143982462,0,medium,1
52,high_school,36,1,intermediate,94.40851907335596,0,large,0
31,bachelor,12,1,basic,70.96358311942096,0,large,0
34,bachelor,15,1,basic,61.846063046166954,0,small,0
53,bachelor,33,1,advanced,69.27388522441045,1,medium,1
57,bachelor,38,3,intermediate,71.99072408759294,0,small,1
21,high_school,0,1,advanced,70.83972084633973,0,medium,0
19,primary,0,3,basic,54.32920188568903,0,medium,0
23,high_school,4,1,intermediate,53.726603256456656,1,small,0
59,high_school,40,1,basic,56.05613127294583,1,medium,0
21,bachelor,0,1,basic,81.05473140479853,1,large,0
46,master,23,0,advanced,82.68555689970698,0,small,1
35,bachelor,20,1,basic,100.0,0,large,0
43,master,21,1,intermediate,71.38468657398722,0,medium,1
51,high_school,37,0,advanced,53.17356309897657,1,large,0
27,bachelor,5,2,advanced,57.81664879262073,1,small,1
53,high_school,33,1,intermediate,62.637467446144754,0,small,0
31,high_school,9,2,intermediate,87.59372934439432,0,small,0
48,primary,31,3,intermediate,75.9940822669789,0,large,0
32,bachelor,18,2,basic,44.79787090003698,0,medium,0
25,phd,2,1,basic,64.1473463177681,0,medium,0
31,high_school,18,0,intermediate,42.92785202082186,1,small,0
40,primary,18,2,intermediate,73.88716920432338,0,small,0
57,master,40,2,basic,54.39788308304297,1,medium,1
38,high_school,19,0,basic,55.8314887670192,0,small,0
33,master,11,3,intermediate,36.819030180114225,1,large,1
35,bachelor,20,0,intermediate,76.35227607618435,1,medium,1
41,master,21,1,intermediate,83.13000073074392,1,small,1
43,bachelor,28,0,basic,54.605866062679944,0,small,0
42,bachelor,29,3,intermediate,62.56977566190512,1,small,1
58,bachelor,35,0,advanced,57.81039607195558,1,medium,1
46,bachelor,23,4,basic,61.72610170385246,0,small,0
32,bachelor,9,0,basic,52.705169251761205,0,medium,0
18,high_school,0,0,intermediate,48.49623050034522,1,large,0
42,bachelor,27,2,advanced,85.5292956878775,1,small,1
24,bachelor,8,1,basic,25.404267500623654,0,large,0
26,master,9,1,basic,72.56171403522194,0,medium,1
41,bachelor,18,1,basic,69.24998336950922,0,large,0
18,bachelor,0,4,intermediate,89.80878411035897,0,medium,0
25,high_school,10,0,advanced,61.45421195722438,1,small,0
41,bachelor,26,4,intermediate,59.430456370096664,0,large,0
28,bachelor,9,1,intermediate,52.87308369400008,0,small,0
34,master,16,0,intermediate,70.33345533760149,0,medium,1
25,master,12,0,basic,54.37652661056722,1,large,1
52,primary,34,0,intermediate,48.06821859590689,1,small,0
52,master,38,1,intermediate,53.943741353374136,0,medium,0
50,primary,30,2,basic,50.79780251548736,1,large,0
22,high_school,0,1,basic,49.91064961148379,1,medium,0
59,bachelor,40,1,intermediate,66.27963296962908,0,medium,0
56,high_school,33,2,intermediate,62.08195106581683,0,medium,0
58,bachelor,35,0,intermediate,73.24389040258451,0,medium,0
45,primary,32,0,basic,67.20844814572041,0,large,0
24,high_school,5,2,basic,46.95917426333969,0,medium,0
26,bachelor,7,1,basic,33.16173841728646,1,medium,0
25,bachelor,8,3,basic,49.15762298207315,1,large,1
29,master,7,1,intermediate,76.45649696010099,0,medium,1
51,bachelor,33,1,basic,76.11664813859556,0,large,0
50,bachelor,28,3,intermediate,79.77016279280325,0,small,1
40,high_school,26,2,intermediate,77.56909944420164,0,medium,0
41,primary,22,4,intermediate,81.30718316566721,0,medium,0
54,high_school,34,3,intermediate,71.09474576224386,0,small,0
52,bachelor,39,2,basic,92.04411476396085,0,large,1
57,bachelor,40,0,intermediate,69.40475871595325,0,large,0
39,bachelor,20,1,advanced,94.98895726677596,0,small,1
44,bachelor,22,4,intermediate,55.6041713792641,0,medium,0
52,bachelor,36,2,basic,55.220908610528326,1,medium,1
18,primary,2,2,advanced,62.11426173769942,0,medium,0
52,high_school,34,2,intermediate,64.43780819279361,0,large,0
54,master,33,2,intermediate,60.181339686097395,0,small,1
31,bachelor,11,1,intermediate,73.09501816944666,0,large,0
20,master,0,1,basic,63.465190749776895,0,medium,0
18,high_school,3,1,intermediate,55.89237087572901,0,medium,0
22,phd,8,1,intermediate,59.05957671400117,0,small,0
43,high_school,24,6,advanced,83.26434762625156,0,large,1
31,primary,15,1,basic,69.75748766725063,1,medium,0
56,phd,35,3,intermediate,39.85584662636512,1,small,1
44,high_school,24,0,advanced,87.65936629004243,0,small,0
26,bachelor,6,0,basic,71.50262914566379,0,medium,0
32,high_school,16,2,advanced,74.58696186261214,0,small,1
32,bachelor,17,1,basic,78.93607151666089,0,medium,0
43,master,22,3,basic,79.7109816798768,0,large,1
59,high_school,40,0,intermediate,51.21329613196223,0,medium,0
30,bachelor,15,0,intermediate,48.946778183643865,0,small,0
49,high_school,27,1,basic,100.0,1,small,0
56,bachelor,36,0,intermediate,54.528833762821456,0,small,0
49,high_school,28,4,basic,70.67980205157046,0,large,0
21,high_school,5,2,basic,89.47197450189361,0,small,0
47,high_school,27,3,intermediate,58.347410636779706,0,small,0
54,high_school,39,1,intermediate,59.598163395040245,1,large,0
40,master,17,3,basic,78.89696129971689,0,medium,1
56,high_school,33,1,intermediate,68.19310808365228,1,medium,0
32,high_school,12,1,intermediate,72.42668682148867,0,large,0
60,bachelor,39,0,basic,63.79360135528085,1,medium,0
46,high_school,25,2,intermediate,57.10450785426359,0,small,0
53,bachelor,39,5,basic,60.00588333346924,0,large,0
30,phd,8,2,intermediate,82.90963871131991,1,small,1
49,bachelor,35,3,advanced,60.565718163703515,1,medium,1
24,master,10,3,advanced,71.43085508580862,1,large,1
39,bachelor,17,0,basic,50.467993961183375,0,large,0
45,high_school,29,2,intermediate,95.6041871437273,1,medium,1
19,bachelor,0,3,intermediate,69.78312215532058,0,medium,0
59,bachelor,40,2,advanced,70.09418095435055,0,small,1
23,bachelor,9,1,advanced,78.89418090374582,0,medium,1
45,master,24,1,intermediate,57.78656341747171,0,medium,0
45,bachelor,23,2,advanced,82.90622189885381,0,medium,1
37,master,22,0,advanced,42.255424736661894,0,large,1
47,master,28,1,intermediate,55.78369307264799,0,medium,0
28,bachelor,9,0,intermediate,52.98158376265591,0,small,0
45,bachelor,27,0,intermediate,36.79103286912988,1,medium,0
42,high_school,22,2,intermediate,57.06972421786614,0,small,0
56,phd,39,3,intermediate,64.22072568727555,0,small,1
50,bachelor,33,4,intermediate,48.6512222158763,0,small,0
18,primary,5,3,basic,46.485151905587784,0,large,0
44,high_school,29,0,advanced,65.61612771343125,1,large,0
30,bachelor,12,2,advanced,63.80012730658804,0,large,1
58,primary,35,2,basic,61.013834075025045,0,medium,0
20,primary,5,3,intermediate,46.008023835650725,1,small,0
56,bachelor,40,1,intermediate,59.08194548286971,1,small,0
23,high_school,8,1,intermediate,55.00588446510771,1,small,0
25,bachelor,6,1,intermediate,66.28817806637379,1,large,0
44,high_school,27,1,intermediate,56.61751560995272,1,small,0
26,high_school,3,2,intermediate,64.41869081182445,1,small,0
54,bachelor,34,2,advanced,45.33773586787998,0,large,1
50,bachelor,36,1,intermediate,44.04729726403147,1,small,0
59,high_school,39,2,intermediate,73.36309997009919,0,medium,0
41,high_school,22,1,intermediate,76.48028624431772,1,medium,0
32,bachelor,14,1,advanced,59.10913805261349,0,large,0
49,primary,29,1,basic,65.41454191561607,0,large,0
49,high_school,31,0,intermediate,58.2543020687641,0,medium,0
41,primary,27,1,advanced,81.4583859967955,1,large,1
58,master,40,1,intermediate,61.95348549077875,0,large,0
29,master,8,3,advanced,57.51686520695382,1,large,1
56,master,40,1,basic,79.49448279604677,0,large,1
19,bachelor,3,2,advanced,53.388795399666854,0,small,0
20,bachelor,0,1,intermediate,67.34924504759897,0,small,0
54,bachelor,32,0,advanced,49.27295015982717,0,medium,0
34,bachelor,12,0,intermediate,74.96824429912152,0,medium,0
19,primary,5,2,basic,77.23128289316737,0,large,0
19,bachelor,4,1,intermediate,45.66959302512498,0,small,0
45,master,30,1,intermediate,43.33037312040937,1,medium,1
40,bachelor,25,1,intermediate,69.32812555270574,0,medium,0
54,high_school,31,1,intermediate,94.11228483842984,1,medium,0
49,high_school,32,0,intermediate,78.2595660859072,0,small,0
50,bachelor,37,1,basic,61.81497799121582,1,small,0
18,bachelor,0,3,intermediate,52.18548088786247,1,small,0
36,master,23,1,basic,46.758176607098775,1,medium,1
19,high_school,4,3,basic,75.75611537921621,0,medium,0
43,master,27,1,intermediate,78.84161178036553,1,small,1
49,bachelor,28,3,intermediate,55.532609072119,0,large,0
23,master,0,0,advanced,61.29907733434572,1,large,1
49,bachelor,34,1,intermediate,65.70434507172055,1,small,0
21,bachelor,7,1,advanced,92.19269688292243,1,large,1
28,bachelor,5,1,basic,65.97729737814642,0,small,0
34,bachelor,13,2,advanced,50.28572217616936,0,large,1
55,phd,37,0,advanced,47.65036544051543,0,large,1
41,primary,23,0,intermediate,51.33163590195487,1,small,0
22,primary,9,0,basic,83.96033013946348,0,large,0
51,master,37,1,intermediate,72.69710598618437,0,small,1
23,bachelor,3,1,basic,59.81759519992458,0,large,0
39,bachelor,17,2,intermediate,21.120550457032316,0,medium,0
28,bachelor,14,4,basic,52.21051792512691,0,medium,0
33,primary,15,3,intermediate,70.15954140662393,1,large,1
50,master,36,1,basic,70.28251421754965,0,small,1
26,bachelor,7,0,basic,70.15188610256935,0,medium,0
23,high_school,5,1,basic,44.790428162584604,0,small,0
33,high_school,16,4,basic,67.65502085837832,1,medium,0
46,master,33,0,intermediate,50.36134260416025,1,large,1
20,primary,5,0,intermediate,65.02836541253295,1,large,0
37,master,20,1,intermediate,53.48338575558524,1,medium,1
53,high_school,33,0,intermediate,81.05647904999182,1,large,0
36,bachelor,22,2,basic,70.06170445986376,0,small,1
43,master,24,4,intermediate,62.851509741548085,1,large,1
20,bachelor,2,4,intermediate,85.70566494436142,0,small,0
36,bachelor,21,1,advanced,59.41261231072225,0,small,0
37,bachelor,18,4,intermediate,43.77390501929321,0,medium,0
49,high_school,30,0,intermediate,80.83810303396504,0,medium,0
24,high_school,7,2,intermediate,68.78314788022725,0,medium,0
58,phd,36,2,advanced,60.21984227970155,1,large,1
50,master,29,3,advanced,55.34382074846998,0,medium,1
57,bachelor,35,1,intermediate,72.66175314761256,1,medium,1
56,high_school,40,2,basic,77.2045256650625,1,medium,1
35,primary,21,4,intermediate,53.499276218211875,0,large,0
57,primary,35,1,basic,73.4801030553749,0,medium,0
18,bachelor,0,2,intermediate,68.7590915175256,0,large,0
28,master,10,0,intermediate,52.55870833960792,0,small,0
45,bachelor,26,3,intermediate,65.05787645047596,1,medium,1
42,master,29,2,intermediate,56.800211289598394,0,medium,1
40,primary,21,1,basic,83.60507306617413,0,medium,0
48,high_school,26,2,advanced,55.26624090800487,1,medium,1
47,high_school,25,4,basic,87.63310694194297,1,medium,1
59,bachelor,36,1,basic,66.97117145993543,0,medium,0
52,primary,31,0,intermediate,38.81730419802337,1,medium,0
24,phd,11,0,advanced,32.4032209227819,0,large,1
33,high_school,16,1,intermediate,61.87089284463645,1,small,0
43,master,30,1,intermediate,85.00439280662508,0,medium,1
19,bachelor,0,1,intermediate,83.45929766657466,1,small,0
18,phd,1,1,basic,67.49469617890384,0,medium,0
29,bachelor,14,0,intermediate,53.9439714610212,1,small,0
22,master,4,1,intermediate,58.74051884300965,1,medium,0
54,primary,32,2,advanced,68.1102491581989,1,large,1
49,bachelor,26,1,basic,81.30959725446189,1,small,1
26,master,3,2,intermediate,73.53799664995607,1,large,1
58,high_school,40,1,intermediate,79.52426849295983,1,small,0
52,primary,37,3,intermediate,74.6551198578806,1,large,1
36,bachelor,18,1,intermediate,79.08327360420996,0,small,0
33,master,15,0,intermediate,31.0820065601515,1,medium,1
20,bachelor,0,2,basic,51.61163298192291,0,medium,0
37,bachelor,15,2,advanced,48.427808180462115,1,medium,1
41,high_school,27,1,intermediate,47.00214839357998,1,medium,0
50,primary,29,2,intermediate,65.0835529078104,1,large,0
41,master,20,3,intermediate,43.290808854193855,1,large,1
28,primary,12,2,intermediate,50.843505766997545,0,large,0
25,bachelor,7,2,intermediate,63.51941727778478,1,small,1
53,master,36,2,intermediate,40.945868180358204,0,small,1
55,high_school,40,1,basic,57.70747846374723,0,large,0
57,bachelor,34,0,intermediate,74.5826453413132,1,small,1
37,primary,15,1,basic,46.61873731641221,1,small,0
52,bachelor,37,2,intermediate,76.94448141832518,1,small,1
42,high_school,23,2,intermediate,52.907395904275646,1,medium,0
52,bachelor,32,0,basic,69.07473855087936,0,medium,0
42,high_school,19,2,intermediate,48.40695036402959,0,small,0
46,bachelor,31,2,basic,71.8003959170709,0,small,1
35,bachelor,22,3,advanced,60.44625823924908,0,medium,1
35,high_school,20,2,basic,71.9929543205836,0,small,0
19,bachelor,0,2,advanced,56.82200481958799,1,small,1
52,high_school,37,0,intermediate,73.34093035422227,0,medium,0
33,bachelor,19,2,basic,77.70349581971251,1,medium,1
58,high_school,35,2,basic,66.79587542983728,0,small,0
53,bachelor,34,0,basic,57.80687389774122,1,medium,0
50,high_school,27,2,basic,61.4945783296367,0,large,0
21,bachelor,1,2,basic,46.036028378253675,1,small,0
50,high_school,31,0,intermediate,68.04377688211619,0,small,0
31,bachelor,18,2,basic,74.34444912606533,1,medium,1
38,high_school,17,0,intermediate,88.49403566743551,1,small,0
37,master,15,1,intermediate,84.62465846690793,1,medium,1
25,master,7,1,intermediate,50.34019482324891,0,large,0
24,high_school,11,2,basic,68.18161208789121,1,small,0
20,bachelor,0,3,advanced,63.00520474615436,1,medium,1
34,primary,20,2,intermediate,83.26994333836825,1,large,1
50,high_school,27,3,intermediate,54.36241009161872,0,large,0
29,bachelor,16,0,basic,78.1712145668934,1,medium,1
39,bachelor,20,2,intermediate,50.19451451562823,0,small,0
39,bachelor,17,1,intermediate,63.41028119155274,0,medium,0
47,high_school,25,0,advanced,51.73233018508337,1,large,0
55,high_school,35,2,advanced,35.52438839793514,1,large,1
55,high_school,35,2,intermediate,51.43374156376677,0,large,0
25,bachelor,5,3,intermediate,61.1373139905259,0,medium,0
44,bachelor,27,1,intermediate,86.39253959549944,1,medium,1
44,bachelor,21,1,basic,48.68972438364861,1,medium,0
51,high_school,35,1,intermediate,55.91405028584957,1,medium,0
38,high_school,24,2,basic,43.3947632752584,1,small,0
47,high_school,32,1,intermediate,82.32918654984181,0,large,0
50,primary,36,1,basic,58.09306894178335,0,small,0
45,high_school,27,0,intermediate,59.924499964869035,0,small,0
50,master,30,1,intermediate,59.78398154150175,0,medium,0
22,master,4,2,intermediate,35.741433393046954,0,large,0
36,bachelor,22,1,intermediate,43.00091546507926,0,medium,0
21,bachelor,4,3,intermediate,50.72326681077976,0,small,0
52,primary,34,1,advanced,74.24025078821693,1,large,1
34,master,21,3,intermediate,27.511333104221684,0,medium,1
45,primary,22,2,intermediate,73.11960098695045,0,medium,0
47,master,28,0,advanced,70.14647655601523,0,large,1
46,bachelor,30,2,basic,37.7766557819388,0,medium,0
23,high_school,7,0,intermediate,60.24541838370616,1,large,0
52,master,38,2,intermediate,82.45790666621667,0,small,1
58,primary,40,5,basic,48.94218043138821,0,small,0
54,bachelor,34,1,basic,56.720349591668906,1,medium,0
41,bachelor,27,1,intermediate,100.0,0,medium,0
46,high_school,28,1,basic,69.88846812959164,1,medium,0
48,bachelor,31,0,basic,61.13009073621921,0,large,0
52,bachelor,33,0,intermediate,57.84412067832339,0,large,0
50,bachelor,37,3,intermediate,70.5958943253758,0,large,1
38,primary,22,1,intermediate,75.27362424833248,0,medium,0
49,master,28,0,basic,32.66357731744131,0,large,0
40,high_school,24,0,basic,31.490966625650643,0,medium,0
50,high_school,31,3,intermediate,50.02929240286756,0,large,0
20,high_school,0,0,intermediate,62.69234904730006,1,large,0
35,primary,17,2,advanced,66.13353896538007,0,small,0
42,high_school,20,4,intermediate,39.44812169492907,0,small,0
59,phd,40,0,advanced,61.92824519426641,1,medium,1
48,high_school,33,0,basic,63.92241651646456,0,medium,0
20,high_school,0,1,intermediate,52.252288849956656,0,small,0
57,high_school,40,4,intermediate,56.98264468416817,1,large,0
41,bachelor,21,2,intermediate,54.10248724647487,0,medium,0
49,master,29,1,advanced,71.96450459632837,1,small,1
39,high_school,19,5,intermediate,65.10304286166217,0,small,0
40,primary,19,0,intermediate,47.865744963121415,0,medium,0
19,high_school,0,1,advanced,79.3257012353724,0,medium,0
44,primary,29,3,basic,44.49061055235495,1,small,0
59,high_school,40,0,basic,39.306369884023695,0,medium,0
19,bachelor,3,1,intermediate,61.32273932707646,0,small,0
43,high_school,29,2,basic,61.246705559806095,1,large,0
34,bachelor,12,3,intermediate,66.09180533237802,0,medium,0
57,high_school,40,1,advanced,47.28018486355072,1,large,0
50,master,36,3,intermediate,78.39620697974603,1,large,1
26,master,4,0,intermediate,90.72106770321544,0,medium,0
60,bachelor,40,1,basic,64.6752742682182,0,medium,0
56,high_school,37,2,intermediate,69.74015616029716,1,medium,0
46,high_school,29,0,basic,33.27288490627238,1,large,0
59,bachelor,40,2,intermediate,58.4766507747884,0,medium,0
43,bachelor,25,2,basic,54.56005257653034,0,medium,0
52,bachelor,36,0,intermediate,52.12842961405461,0,medium,0
42,master,19,3,intermediate,55.13748775306518,1,small,1
41,master,28,1,intermediate,56.63427341635126,0,medium,0
30,high_school,7,2,basic,43.17600552561388,0,large,0
24,bachelor,5,2,basic,57.6909805383346,0,small,0
53,primary,30,1,intermediate,49.37477850943115,0,medium,0
37,high_school,16,1,advanced,76.82500028966255,1,medium,1
18,bachelor,4,0,intermediate,69.95494548626371,1,large,0
25,high_school,10,0,intermediate,69.97550019945857,0,large,0
33,master,16,2,advanced,79.65179579887779,0,large,1
31,high_school,13,1,basic,52.6058130692811,1,medium,0
29,bachelor,13,1,intermediate,69.04683535866802,1,large,0
40,bachelor,24,0,intermediate,81.05329677901415,1,medium,1
32,bachelor,14,0,basic,51.557584162638214,0,medium,0
45,high_school,25,2,advanced,34.56243117878108,0,small,0
51,master,31,1,intermediate,54.63961146173914,0,large,0
19,bachelor,0,0,basic,79.34781239852822,1,medium,0
49,bachelor,31,3,basic,50.703954356381615,0,medium,0
40,primary,17,1,intermediate,58.023511952871196,1,small,0
39,bachelor,17,1,intermediate,53.3045739307955,0,medium,0
42,master,24,0,advanced,62.14469561159941,0,large,1
39,bachelor,26,2,intermediate,49.27246560828202,0,large,0
39,master,16,1,intermediate,42.75313616575994,0,large,0
59,bachelor,40,1,basic,58.38729643699524,1,medium,0
23,high_school,5,1,basic,60.94386819383013,0,small,0
32,primary,15,2,intermediate,81.74722031631104,0,medium,0
60,high_school,37,3,advanced,65.99393262344469,0,medium,0
54,bachelor,38,1,intermediate,47.4242736604598,0,medium,0
50,master,31,2,intermediate,54.024771212112306,0,medium,1
25,high_school,6,0,intermediate,75.70239203100886,0,small,0
22,bachelor,4,2,intermediate,58.64275557462614,0,large,0
56,bachelor,39,2,basic,48.60339661347474,0,large,0
21,bachelor,4,0,intermediate,66.23493527188047,1,small,0
23,high_school,4,2,intermediate,53.15167740536742,0,medium,0
49,high_school,26,0,intermediate,72.17217238305857,1,medium,0
47,high_school,34,1,intermediate,70.44449215143551,1,small,0
52,primary,37,2,basic,47.78929637719631,1,large,0
57,high_school,39,3,intermediate,91.7745283333626,0,small,0
33,primary,18,1,intermediate,63.15576733110765,0,medium,0
30,bachelor,17,0,basic,25.04337205192052,0,medium,0
59,high_school,39,1,intermediate,70.70832136172476,0,large,0
47,phd,25,1,intermediate,26.02591022572465,0,medium,0
36,high_school,15,2,advanced,80.5974502971201,0,large,1
34,high_school,14,2,advanced,65.85593635882582,1,medium,1
36,high_school,22,2,intermediate,62.80727114867348,0,small,0
45,primary,29,2,basic,63.730253577619266,1,small,0
43,master,22,3,intermediate,72.5261651818044,0,large,1
54,primary,38,2,intermediate,56.522672831498426,1,medium,0
43,master,25,1,intermediate,63.576626703111,1,medium,1
40,master,20,4,basic,65.50059753379495,0,medium,1
26,bachelor,9,2,intermediate,20.51066362783795,1,small,1
29,bachelor,16,1,intermediate,72.63954586821299,0,large,0
18,bachelor,0,2,intermediate,75.17153938951664,1,medium,1
18,high_school,0,2,advanced,70.5114590514918,0,medium,0
51,bachelor,36,2,intermediate,69.45075605636363,1,medium,1
49,primary,28,2,intermediate,87.67178258152747,0,small,0
42,primary,28,3,intermediate,63.06419150042297,0,small,0
57,bachelor,37,1,basic,63.58053019696635,0,medium,0
18,bachelor,0,3,intermediate,53.94275159845844,0,small,0
33,master,10,3,intermediate,35.01893120189939,0,medium,1
56,high_school,39,3,intermediate,70.59407222040632,1,small,1
22,master,6,2,intermediate,55.56216095592238,1,large,1
39,high_school,21,2,intermediate,34.855214473364626,0,small,0
46,high_school,31,1,intermediate,62.5971779132943,0,large,0
20,high_school,0,1,intermediate,62.177895746850325,0,small,0
29,bachelor,7,3,intermediate,60.272484908382005,0,large,0
43,high_school,24,1,intermediate,65.7600332462173,0,medium,0
33,bachelor,18,1,basic,40.31050090094301,1,medium,0
54,master,40,0,intermediate,78.60723976498517,1,small,1
39,bachelor,16,3,intermediate,70.2279813049993,0,small,1
46,bachelor,23,4,intermediate,82.36655909141426,1,medium,1
31,master,17,2,basic,55.40597223373885,1,medium,1
45,bachelor,24,3,intermediate,70.17780897610753,1,medium,1
22,bachelor,8,0,intermediate,35.695240940109954,1,small,0
47,high_school,26,2,basic,51.22377335825189,0,medium,0
22,master,3,1,advanced,43.14281260837033,0,medium,0
29,bachelor,9,2,intermediate,67.62318138209073,0,small,0
33,high_school,15,2,advanced,47.158465554248636,0,large,0
43,high_school,27,3,intermediate,57.16463403541977,1,large,0
43,master,27,0,basic,63.665658440803455,1,medium,1
38,primary,25,1,intermediate,57.61327029946279,0,medium,0
56,phd,36,1,intermediate,43.98267360893733,0,medium,0
53,high_school,30,1,intermediate,88.4166094336266,0,small,0
50,master,33,3,intermediate,65.45592103679091,1,medium,1
47,high_school,29,1,intermediate,88.55150964127944,0,small,0
54,bachelor,35,0,basic,48.24793810873652,0,medium,0
40,master,20,4,intermediate,58.08955426810074,0,large,1
27,bachelor,9,3,intermediate,65.03121912358776,1,medium,1
22,bachelor,6,1,intermediate,86.71236373189903,0,small,0
53,primary,35,1,basic,88.44549443297578,1,medium,0
51,primary,30,1,intermediate,57.213986650683104,0,large,0
48,high_school,33,2,intermediate,52.781624800260786,1,small,0
27,bachelor,6,1,intermediate,63.644528032231925,0,medium,0
36,high_school,16,2,intermediate,81.73102982835496,1,large,1
49,high_school,30,1,intermediate,65.76311001185628,1,large,0
18,bachelor,5,1,basic,68.49943808917465,0,large,0
22,bachelor,0,1,advanced,81.59191806212556,0,large,0
21,bachelor,8,6,intermediate,79.17228797974605,0,small,1
33,high_school,19,2,intermediate,79.75213628984315,0,small,0
41,primary,28,0,intermediate,74.33063403122463,1,small,0
33,master,19,1,basic,85.28144990206386,1,small,1
19,high_school,0,1,intermediate,46.774264684158325,1,small,0
45,master,27,5,intermediate,98.73893999487865,0,large,1
49,master,27,1,intermediate,80.90538748599201,0,large,1
44,master,30,1,basic,62.595374761843324,1,medium,1
37,high_school,14,3,intermediate,81.64572108892835,1,large,1
41,master,25,2,basic,59.78830393620605,0,medium,1
29,master,15,5,advanced,72.12238291433073,0,small,1
52,bachelor,38,1,basic,73.87962307796613,0,medium,0
50,high_school,27,0,advanced,77.9322745728198,0,medium,0
50,high_school,36,3,advanced,58.104880347318066,0,small,0
60,high_school,40,2,intermediate,78.25075150863658,0,large,0
54,bachelor,31,2,advanced,58.37147234003534,0,medium,1
29,bachelor,13,1,advanced,75.96460712380302,0,medium,1
20,high_school,1,3,basic,64.73181661533836,0,large,0
18,bachelor,0,1,advanced,37.64060322561342,1,large,0
50,high_school,31,0,basic,53.948609198350795,0,medium,0
57,bachelor,34,1,basic,77.72183898218049,1,small,1
27,master,4,2,intermediate,60.4452434470622,0,small,0
60,high_school,40,1,basic,83.20321768711298,0,medium,0
46,high_school,31,0,basic,46.80060983016722,1,large,0
30,high_school,15,2,advanced,75.44206517616213,1,large,1
29,bachelor,6,2,advanced,64.28701557441167,1,small,1
48,bachelor,27,3,intermediate,61.29822164936189,1,large,1
19,master,0,2,intermediate,47.325414944085026,0,small,0
52,high_school,30,0,advanced,68.1503051611805,1,large,0
40,phd,23,0,basic,49.86654724713808,0,small,0
34,primary,13,0,advanced,55.45908646176946,1,small,0
43,bachelor,20,1,intermediate,62.8899818238339,0,medium,0
25,primary,2,2,advanced,59.51412088434295,1,large,0
46,master,25,2,intermediate,80.416847272486,1,medium,1
43,bachelor,25,2,advanced,26.14770126247224,1,large,1
27,bachelor,7,0,advanced,62.324367176358265,0,large,0
43,master,20,1,advanced,59.558320928934585,0,small,1
51,high_school,34,1,intermediate,64.87233471354355,1,large,0
58,primary,36,1,advanced,56.83587843588949,0,small,0
24,master,5,2,intermediate,80.35821702465745,0,medium,1
21,high_school,5,1,basic,61.134307525090705,0,large,0
28,high_school,11,1,intermediate,66.99419402683276,0,medium,0
46,bachelor,33,2,basic,78.3838371725914,1,large,1
53,bachelor,37,1,advanced,65.78003806781008,1,medium,1
42,primary,28,0,basic,45.961857116412475,0,medium,0
38,high_school,25,2,advanced,58.60123503822784,1,large,1
53,primary,35,2,intermediate,63.13824333722842,0,medium,0
27,bachelor,10,4,basic,40.30156724749922,1,large,1
54,master,39,4,advanced,54.32286076910004,1,medium,1
26,phd,8,2,basic,63.9759991928443,1,small,1
41,bachelor,26,1,intermediate,95.1830590960488,0,medium,0
52,high_school,30,3,intermediate,70.56652940494027,0,small,0
52,master,30,0,intermediate,67.36608609626585,1,large,1
53,bachelor,31,2,intermediate,90.35941953509408,0,medium,1
35,high_school,17,0,intermediate,73.81772136393984,0,small,0
56,master,34,2,advanced,75.93342404577945,0,large,1
49,master,28,2,basic,58.89656326503219,1,large,1
41,bachelor,25,3,basic,46.017882607260674,1,large,1
40,bachelor,24,2,intermediate,68.92471325746325,0,medium,0
49,high_school,36,2,intermediate,92.33298606932745,1,large,1
54,high_school,34,1,intermediate,87.6954805665619,1,medium,0
29,bachelor,14,0,basic,74.86761198570498,0,medium,0
30,high_school,14,0,intermediate,54.70093222962515,0,medium,0
40,bachelor,17,1,advanced,41.74048978264623,0,medium,0
42,master,26,4,basic,52.66629076623833,0,large,1
52,master,29,0,basic,68.26567399270145,0,large,0
58,bachelor,38,0,intermediate,57.93483238038069,1,large,0
47,master,33,0,basic,80.03083526852568,1,medium,1
34,master,16,1,intermediate,42.6621788998238,1,medium,1
37,bachelor,20,1,intermediate,63.0686215388745,0,small,0
42,high_school,28,1,intermediate,53.49967170154074,1,small,0
39,high_school,19,1,intermediate,79.8693134066687,0,small,0
30,high_school,14,0,intermediate,73.13916459035835,1,large,0
36,high_school,20,1,advanced,52.53491659465057,1,large,0
53,high_school,38,2,advanced,77.81314581833665,1,small,1
29,high_school,11,2,intermediate,40.65854822021789,0,medium,0
58,bachelor,38,0,intermediate,38.20257554961607,0,small,0
36,master,14,2,basic,51.72244757301317,1,small,1
29,high_school,12,1,intermediate,35.256484320364635,0,medium,0
26,bachelor,12,1,intermediate,63.31154900194265,0,medium,0
24,bachelor,3,2,basic,63.78817923403289,0,large,0
45,primary,32,0,basic,58.917444628441395,1,small,0
31,master,10,1,basic,73.08373540364074,0,medium,1
48,bachelor,27,1,basic,54.14912420927896,0,medium,0
36,high_school,16,2,intermediate,45.5354600297767,0,large,0
33,master,11,0,advanced,53.0415235414449,0,medium,1
22,high_school,3,0,intermediate,46.694359860939244,0,medium,0
52,bachelor,31,0,intermediate,55.823654618034794,1,small,0
29,primary,15,1,intermediate,73.94025995666775,1,small,0
42,master,23,3,intermediate,38.653726543070405,1,large,1
38,bachelor,21,2,intermediate,59.90466481299399,0,medium,0
53,bachelor,38,2,intermediate,79.36427346040928,0,medium,1
40,high_school,18,1,basic,81.07565705769164,0,large,0
33,bachelor,18,0,intermediate,54.7696147794526,0,small,0
56,master,40,0,intermediate,98.19835831128957,0,medium,1
59,bachelor,40,0,basic,49.22587072452217,0,small,0
56,bachelor,38,2,basic,61.572947811466925,1,large,1
31,bachelor,18,1,basic,47.44568440888733,0,large,0
48,master,27,3,intermediate,71.49628835248143,0,large,1
22,bachelor,8,1,intermediate,100.0,1,small,1
52,master,37,1,basic,92.6561154524993,0,large,1
40,master,20,1,basic,77.69590651299728,0,medium,1
46,bachelor,27,3,basic,55.887643476649735,1,large,1
60,high_school,39,2,advanced,62.48100531925455,0,small,0
28,bachelor,9,4,intermediate,81.74069579301711,0,small,1
35,master,19,1,basic,76.24259403861555,0,large,1
29,high_school,13,2,intermediate,66.24376084626795,0,small,0
26,bachelor,10,3,basic,67.12868613280253,0,medium,0
27,master,9,3,intermediate,80.83551230594482,0,medium,1
34,high_school,11,0,basic,84.55070408215325,1,large,0
55,bachelor,40,2,advanced,42.48893177421833,0,large,1
24,high_school,10,1,advanced,68.40544579675237,0,large,0
30,high_school,12,2,intermediate,73.67259843969848,1,small,1
57,master,40,2,intermediate,57.0176566595308,0,large,1
59,primary,40,0,intermediate,84.18531089107334,0,medium,0
26,high_school,9,3,advanced,60.67218895965129,0,small,0
44,master,29,6,intermediate,84.60185123497945,0,small,1
19,high_school,3,1,basic,59.47486473674755,0,large,0
22,phd,9,2,basic,68.89062006339446,0,small,1
46,phd,30,0,basic,68.55892674145537,0,large,0
54,high_school,37,1,intermediate,89.93940051186479,1,large,0
55,primary,33,3,basic,76.11495550144159,0,small,0
36,bachelor,13,1,intermediate,58.13532048744703,1,large,0
25,bachelor,3,3,intermediate,60.91618079983479,0,small,0
18,high_school,0,2,advanced,60.857461397898426,0,small,0
39,bachelor,17,2,intermediate,65.27746130508731,0,medium,0
34,primary,20,2,intermediate,50.83173366682598,1,medium,0
24,master,4,1,intermediate,63.78002646517341,1,small,0
42,high_school,28,1,advanced,85.52112103067566,0,medium,0
21,high_school,0,0,basic,84.85475096562303,1,medium,0
53,high_school,35,1,basic,41.527240436185686,1,small,0
23,phd,7,0,intermediate,39.15207154113371,1,medium,1
48,bachelor,35,1,intermediate,56.10302666240639,1,medium,0
36,master,18,1,intermediate,38.313429828625516,0,small,0
56,high_school,34,3,intermediate,46.049186919875666,1,large,0
44,high_school,25,2,basic,70.26813372000711,1,small,1
27,high_school,14,1,basic,64.43175457799482,0,medium,0
43,bachelor,25,2,advanced,39.185923984714954,1,medium,1
36,bachelor,21,1,basic,82.5504945202058,0,medium,0
56,bachelor,38,2,intermediate,58.67058516545536,0,large,0
20,high_school,6,3,intermediate,57.225832994687956,0,medium,0
30,master,11,0,basic,80.24833724295178,0,small,1
45,high_school,22,2,basic,71.16318921756886,1,large,1
37,phd,23,1,intermediate,64.363688722611,0,medium,0
45,primary,26,1,intermediate,57.58118018700861,0,medium,0
25,bachelor,6,0,basic,73.54431178674653,1,medium,1
58,high_school,40,2,basic,58.507811960083465,1,small,0
56,bachelor,39,1,basic,61.57448390411034,0,large,0
18,bachelor,0,2,basic,47.35256411621059,0,medium,0
20,bachelor,3,3,basic,82.13840501407952,0,medium,0
30,bachelor,11,2,intermediate,88.28893621849633,0,small,1
45,bachelor,27,1,basic,68.17839832137737,1,large,0
42,bachelor,22,2,intermediate,57.70777537428364,1,large,1
50,master,34,1,basic,79.03174615430746,0,large,1
55,high_school,40,0,intermediate,73.82976388904379,0,small,0
23,bachelor,1,1,intermediate,58.34345655413227,1,large,0
49,bachelor,36,1,advanced,82.26715058091065,0,small,1
38,high_school,18,0,basic,58.63314715991909,0,small,0
33,bachelor,20,3,basic,45.70808990570971,1,medium,1
38,high_school,22,2,advanced,64.0131213777899,0,medium,0
28,high_school,12,2,advanced,81.26516045492325,0,small,1
54,high_school,39,1,basic,66.54152555222662,0,medium,0
53,high_school,32,0,basic,47.41047981600872,1,large,0
52,bachelor,29,2,advanced,58.953133971123,0,small,1
36,bachelor,21,2,basic,82.94472522956504,0,medium,1
37,phd,14,2,advanced,69.10736751352722,0,medium,1
35,bachelor,14,0,advanced,64.71680401019849,0,large,0
58,primary,37,0,basic,63.043803239641136,0,large,0
31,master,16,1,advanced,81.19815785544712,1,large,1
32,master,9,1,intermediate,80.22001534618623,0,medium,1
48,bachelor,31,2,intermediate,43.98232419604849,1,medium,1
18,bachelor,0,2,intermediate,79.09892233459522,0,medium,0
20,phd,3,2,basic,72.74634206324943,0,medium,1
33,bachelor,10,1,intermediate,88.89478749014037,0,medium,0
40,master,26,0,basic,63.96302755182582,0,large,0
28,primary,14,0,advanced,82.02849076684289,1,medium,1
29,high_school,13,4,intermediate,72.03399465017027,0,large,0
27,bachelor,13,0,basic,48.29153527482404,1,small,0
49,bachelor,35,2,basic,80.30896490946296,1,medium,1
33,master,11,0,advanced,77.14131913609478,0,small,1
25,phd,4,1,intermediate,55.25110377039817,0,medium,0
55,high_school,39,0,advanced,69.34267859848272,0,large,0
29,primary,8,1,basic,96.61631136336726,0,large,0
41,master,18,4,intermediate,57.75441698357788,1,small,1
45,bachelor,30,0,advanced,75.8925287083144,1,large,1
25,high_school,9,1,basic,48.57680044588128,1,large,0
45,bachelor,25,2,intermediate,56.445367171333054,0,large,0
53,bachelor,37,1,advanced,77.15845087150166,0,medium,1
43,master,24,2,intermediate,68.85021800435244,1,medium,1
25,bachelor,4,3,intermediate,61.98143634938466,1,small,0
45,high_school,22,1,advanced,90.5374484164998,1,medium,1
45,phd,31,1,intermediate,51.17281124716834,0,small,0
54,bachelor,35,1,advanced,62.810311741170324,0,large,0
58,bachelor,40,0,intermediate,72.37658774739128,1,medium,1
53,high_school,35,3,intermediate,51.927386124942714,0,small,0
44,bachelor,24,1,basic,72.63845348856586,0,large,0
34,high_school,17,3,advanced,81.1201317129178,0,small,1
26,high_school,5,1,intermediate,63.28096941373742,0,large,0
50,bachelor,33,1,basic,54.72110797929964,0,small,0
37,high_school,14,0,intermediate,60.31339789938418,0,large,0
30,bachelor,13,1,intermediate,24.82387834694766,1,medium,0
45,high_school,22,4,intermediate,80.09185496077777,0,large,0
46,bachelor,33,2,advanced,68.96885498047465,1,medium,1
30,high_school,7,3,basic,62.35360529678017,0,medium,0
52,primary,30,1,advanced,39.99814630896335,1,small,0
23,high_school,1,0,basic,81.63558988179273,1,large,0
35,master,15,2,intermediate,58.43604980260696,0,medium,1
22,master,0,1,intermediate,73.47864818650801,1,large,1
42,high_school,22,2,basic,64.82910126937477,0,large,0
19,master,0,1,intermediate,40.77652372353055,0,medium,0
27,bachelor,7,2,advanced,84.02814657205933,0,large,1
47,phd,27,2,basic,81.17875366991647,1,medium,1
22,high_school,7,0,basic,76.46050358107969,1,large,0
50,bachelor,35,0,intermediate,69.72270787627747,0,large,0
18,primary,0,2,intermediate,47.03781871132736,0,small,0
35,high_school,16,2,advanced,78.03446127606418,1,large,1
49,phd,32,2,basic,98.07498266182628,0,small,1
28,bachelor,8,3,advanced,66.74203670335032,0,large,1
38,high_school,19,2,intermediate,67.03532457394114,0,large,0
43,high_school,21,1,basic,48.47241234046727,0,large,0
42,bachelor,21,2,advanced,33.94400163228762,0,small,1
39,bachelor,22,2,basic,59.61326606047017,1,medium,1
44,high_school,30,1,intermediate,87.22502253199181,1,medium,0
30,phd,13,3,intermediate,85.15638070540672,0,medium,1
50,primary,30,0,intermediate,64.01887582475928,1,medium,0
51,high_school,28,3,intermediate,71.45193941572865,0,large,0
58,master,35,1,intermediate,46.72457366188788,0,large,0
52,high_school,32,1,basic,66.66839387713928,1,small,0
18,high_school,0,1,intermediate,57.13353285651284,1,small,0
38,bachelor,20,1,advanced,65.82006731434831,0,medium,0
23,master,6,0,intermediate,60.88019840442445,1,small,1
45,high_school,30,1,advanced,60.61240790132424,1,medium,0
34,master,19,1,intermediate,79.945984066005,0,medium,1
22,master,8,4,intermediate,94.45884122607238,1,medium,1
48,high_school,29,0,intermediate,62.45816517760457,1,small,0
22,bachelor,8,2,basic,86.27945578829119,0,medium,1
55,high_school,40,0,advanced,46.37653546323818,0,medium,0
20,bachelor,0,3,advanced,63.616420957433846,1,large,1
40,master,19,1,advanced,45.55709552278502,1,large,1
54,phd,36,3,intermediate,60.31454237331199,0,medium,1
54,high_school,31,0,advanced,75.73548284745236,0,medium,0
27,bachelor,10,2,intermediate,81.77951187925512,1,small,1
27,bachelor,6,2,intermediate,53.32211808207271,0,small,0
36,high_school,17,2,advanced,71.87099781009826,1,large,1
34,high_school,17,4,intermediate,83.44991521495163,1,large,1
38,primary,21,2,intermediate,81.31591396622642,1,small,1
31,bachelor,16,0,basic,68.88435528967199,0,large,0
26,bachelor,3,2,advanced,56.1622364449579,1,medium,1
18,high_school,0,1,basic,54.6674645581854,1,large,0
30,master,15,1,basic,52.360250202788365,0,medium,0
21,master,5,3,basic,64.52582816495595,0,small,0
18,bachelor,0,3,intermediate,52.65266824730716,0,medium,0
57,high_school,40,1,basic,75.17059052575682,0,medium,0
49,bachelor,33,2,intermediate,68.42505050491722,0,large,0
51,high_school,29,1,intermediate,67.74525317539023,0,large,0
45,high_school,29,3,intermediate,37.392866815290574,1,large,0
48,bachelor,27,1,basic,65.41669863053238,0,medium,0
25,primary,8,1,basic,58.11322531010356,1,medium,0
56,primary,40,2,advanced,97.4962643618175,1,small,1
43,primary,23,2,intermediate,45.80078690255054,1,large,0
51,high_school,38,1,basic,61.91863128234245,1,small,0
20,primary,2,2,advanced,70.74647769990034,1,large,1
29,phd,14,0,basic,50.409308175834475,1,small,1
18,high_school,5,1,basic,93.92379030187139,1,small,0
22,high_school,9,3,intermediate,94.23182216789556,0,large,0
47,high_school,28,3,basic,52.12373505416376,0,large,0
47,master,24,1,basic,56.122877080428495,0,small,0
34,bachelor,13,1,advanced,97.20219340676408,0,medium,1
40,high_school,27,1,basic,85.92906173325767,0,small,0
32,master,17,2,basic,59.459799098229446,1,large,1
54,high_school,33,2,advanced,71.47153691163793,1,medium,1
38,high_school,25,3,intermediate,44.19907458983088,0,small,0
31,high_school,18,1,basic,97.95107400523358,0,small,0
19,high_school,5,1,intermediate,66.09292328217107,1,small,0
28,high_school,6,2,basic,73.7837960382179,0,small,0
56,bachelor,36,0,intermediate,50.97431101727956,1,medium,0
55,high_school,36,1,intermediate,47.958638085518025,0,small,0
51,bachelor,34,5,advanced,71.76636927473622,0,medium,1
55,primary,38,1,intermediate,93.74448612155187,0,small,0
51,high_school,36,4,intermediate,56.89282340499272,0,medium,0
35,bachelor,19,1,basic,50.31345547275487,1,medium,0
47,master,25,2,intermediate,69.5769632034245,0,medium,1
32,high_school,16,2,basic,89.55789551457505,0,large,0
44,bachelor,28,2,intermediate,55.42116658759715,1,medium,1
51,high_school,32,3,intermediate,61.251606975152676,0,small,0
55,high_school,34,1,advanced,77.55686496824053,0,large,0
50,primary,35,2,advanced,79.16623223018404,1,small,1
41,high_school,24,3,intermediate,60.73334352185157,1,large,0
32,high_school,9,0,basic,81.44969349799861,1,small,0
47,high_school,31,0,intermediate,72.93152530302194,1,medium,0
59,master,40,0,intermediate,65.242866921274,1,medium,1
34,primary,15,3,basic,78.53684628467758,0,large,0
22,bachelor,4,1,intermediate,76.46907178667463,0,large,0
46,high_school,31,2,basic,49.29480886540526,0,small,0
21,bachelor,7,1,basic,87.25268371104124,1,medium,1
27,bachelor,11,4,basic,70.18099198996167,0,small,1
34,high_school,21,2,advanced,85.63420408385687,1,small,1
27,high_school,6,0,basic,65.77690507944475,1,small,0
34,bachelor,15,1,basic,68.71458997617793,0,small,0
37,master,17,0,advanced,70.98329985211225,0,large,1
41,high_school,18,0,intermediate,73.20274258074119,1,large,0
22,primary,3,0,intermediate,87.92299124416769,1,medium,0
51,master,37,0,intermediate,71.99662069771925,1,large,1
23,high_school,6,0,intermediate,64.58016236328741,1,large,0
19,bachelor,0,1,basic,80.14299600091213,0,large,0
30,high_school,10,0,intermediate,71.45628474604355,1,small,0
60,high_school,40,1,intermediate,100.0,1,medium,0
60,bachelor,40,0,intermediate,69.3712688126779,1,small,0
28,bachelor,13,1,intermediate,83.56496749199113,0,medium,0
40,high_school,27,1,intermediate,78.23123206300414,1,small,0
33,bachelor,17,3,intermediate,34.25152578149855,1,small,1
48,master,26,1,intermediate,53.94817581621263,0,small,0
28,bachelor,15,1,basic,58.408633822858,1,large,0
33,primary,12,1,advanced,42.5052292378579,0,small,0
25,bachelor,11,3,intermediate,59.071146107815686,0,medium,0
21,bachelor,2,1,intermediate,44.43221903027575,0,large,0
57,master,40,2,intermediate,48.362525944341996,1,medium,1
21,bachelor,4,3,advanced,68.62373314373858,0,large,0
42,high_school,21,3,advanced,93.79096995673876,1,medium,1
20,bachelor,3,3,basic,44.56684573083676,1,medium,0
49,bachelor,30,1,intermediate,46.767733517079904,0,large,0
20,primary,6,2,basic,57.00890915412249,0,small,0
44,bachelor,26,3,basic,62.79234756732198,0,small,0
46,high_school,28,0,advanced,41.867995238466335,1,small,0
49,bachelor,36,2,basic,54.51372587965051,0,medium,0
36,high_school,23,1,basic,53.12824024018899,0,large,0
38,bachelor,18,2,intermediate,69.77544036367227,0,large,0
22,master,6,2,advanced,71.38443070554818,0,small,1
35,master,20,3,basic,62.70858396969412,1,small,1
45,master,23,0,basic,59.33353114037719,0,small,0
59,phd,40,0,basic,54.35449738021093,0,large,0
39,primary,26,1,basic,65.77367123027652,0,medium,0
38,bachelor,18,1,basic,50.35871383004689,0,small,0
23,bachelor,5,3,advanced,88.20857007042474,1,large,1
18,master,1,3,basic,42.531473411177096,1,small,1
22,high_school,2,2,intermediate,55.15544333224337,1,medium,0
58,phd,40,1,advanced,78.02302180973884,0,small,1
29,bachelor,15,1,intermediate,59.02044029278776,0,large,0
43,master,27,1,basic,75.0795983255318,1,small,1
51,primary,28,0,intermediate,90.75790763944883,0,small,0
31,high_school,15,1,advanced,77.49654402931216,0,medium,0
43,master,29,1,intermediate,46.96962251232307,0,small,0
44,primary,23,1,intermediate,47.68657652174143,0,medium,0
26,master,7,1,basic,62.18899384946728,1,medium,1
43,primary,29,0,intermediate,71.64571696430738,0,small,0
39,bachelor,23,1,basic,83.09203339995953,0,medium,0
47,high_school,34,6,intermediate,53.225198711043376,1,large,0
60,bachelor,40,1,intermediate,57.72643877359943,1,large,0
34,bachelor,14,2,intermediate,61.240248393100174,0,large,0
43,high_school,23,1,intermediate,60.939264139749866,0,large,0
53,high_school,33,1,basic,87.43467807617608,0,large,0
18,primary,0,1,intermediate,63.43929488004391,0,medium,0
25,bachelor,8,1,intermediate,67.29579740134346,0,large,0
52,bachelor,33,1,intermediate,78.67224953684965,0,medium,0
32,bachelor,18,1,basic,88.86631825659111,0,medium,0
39,bachelor,23,1,intermediate,64.47206178512513,1,large,0
31,bachelor,14,0,intermediate,83.88787041633307,0,small,0
43,high_school,27,0,intermediate,92.41656155894735,1,small,0
45,primary,25,1,intermediate,63.34490438933065,0,large,0
40,high_school,24,3,basic,56.545423032995615,1,medium,0
31,phd,13,2,intermediate,97.80600927152328,1,small,1
41,master,20,3,intermediate,81.81623224026926,1,small,1
19,high_school,3,0,intermediate,65.18736120326099,0,medium,0
43,bachelor,26,1,intermediate,74.74942444562754,0,large,0
31,master,17,1,basic,49.32535737870962,1,large,1
24,bachelor,5,3,basic,81.64128229890858,0,medium,0
20,primary,7,1,intermediate,37.99954410752696,1,small,0
40,primary,20,2,intermediate,81.05963209759805,1,large,1
60,bachelor,37,2,intermediate,54.17433697864308,1,large,1
35,phd,21,1,advanced,40.191820999519166,1,medium,1
55,bachelor,34,2,intermediate,34.97937843370538,1,small,1
52,primary,30,0,basic,57.85771130703068,0,medium,0
32,high_school,16,3,intermediate,75.66670738662438,0,small,0
42,master,26,2,intermediate,44.15162207811891,0,medium,1
54,master,35,0,intermediate,46.466411158365275,0,small,0
45,bachelor,26,2,advanced,57.58669277722004,0,medium,1
27,bachelor,14,3,intermediate,77.11329521728362,1,medium,1
56,primary,36,1,intermediate,78.98794228769803,0,medium,0
34,master,11,1,advanced,67.09805398553074,1,large,1
56,master,33,0,basic,79.75054450236362,0,medium,1
39,high_school,21,2,basic,75.31416103116612,1,small,1
43,bachelor,23,2,intermediate,58.74519056349716,0,medium,0
42,high_school,22,2,basic,78.64268165883304,0,large,0
34,primary,13,1,basic,45.73733770462199,1,large,0
30,high_school,15,0,advanced,72.29729597315173,1,medium,1
37,high_school,16,0,advanced,47.509784159363704,0,small,0
42,high_school,26,2,intermediate,67.14200809083502,0,medium,0
21,bachelor,0,1,intermediate,83.27851550794712,0,medium,0
27,bachelor,7,1,basic,68.19797269872728,0,large,0
20,bachelor,0,1,intermediate,64.8113352538649,1,medium,0
58,high_school,40,1,basic,68.39046649246255,1,large,0
35,primary,16,5,intermediate,74.94964238126593,0,medium,0
53,bachelor,31,3,intermediate,97.01003027987855,0,small,1
39,high_school,26,3,intermediate,74.78661005640464,0,large,0
51,high_school,28,1,basic,57.46229256451598,1,small,0
25,master,2,1,basic,61.87020570465322,1,medium,0
57,bachelor,35,1,intermediate,51.48310074786191,1,large,0
36,master,17,1,intermediate,46.41142778733732,0,large,0
59,bachelor,40,1,intermediate,28.512857563809504,0,medium,0
58,high_school,40,1,basic,58.07596862667799,1,medium,0
54,bachelor,34,0,advanced,43.93343579200151,0,medium,0
23,high_school,2,3,basic,66.45579992127296,0,medium,0
43,bachelor,27,1,intermediate,57.357878729191945,0,large,0
51,primary,30,1,basic,48.71717370014919,0,large,0
23,master,0,1,intermediate,33.44741905234795,1,large,0
54,high_school,34,0,intermediate,59.7599181893206,0,large,0
50,master,37,1,advanced,38.71423942151224,1,small,1
39,master,20,0,intermediate,75.59242772427673,0,medium,1
38,bachelor,19,0,basic,68.82346354142489,0,medium,0
23,bachelor,4,0,advanced,61.5980238417117,1,medium,0
23,bachelor,7,2,intermediate,86.76120889482992,1,small,1
21,master,5,1,advanced,65.14739768363283,0,medium,0
47,bachelor,27,2,intermediate,70.79123237747376,1,small,1
28,master,13,2,intermediate,75.31196678285066,1,medium,1
47,bachelor,24,0,advanced,57.24676472447799,1,small,1
48,master,29,1,intermediate,57.33063834876508,0,medium,0
41,bachelor,22,0,intermediate,65.62170380209379,0,medium,0
26,bachelor,7,2,intermediate,44.80212425565778,1,medium,1
20,master,4,2,intermediate,91.77970768750482,1,medium,1
48,master,33,3,intermediate,67.41167217962871,0,medium,1
57,bachelor,36,3,intermediate,61.98587733852132,0,medium,0
54,high_school,39,0,intermediate,96.28290458558854,1,medium,0
53,bachelor,40,1,intermediate,48.47761153252617,0,small,0
41,phd,25,1,intermediate,88.04226085608413,0,medium,1
48,master,27,2,basic,77.1994069967149,1,small,1
23,master,1,3,basic,81.75544232544198,1,small,1
19,primary,0,3,basic,62.36675188099369,0,small,0
37,bachelor,15,2,intermediate,65.83797982166489,1,small,1
45,bachelor,25,0,advanced,59.85060022885885,0,medium,0
28,master,9,1,intermediate,79.94513312195885,0,medium,1
21,primary,0,2,advanced,70.87603534465491,1,large,1
32,master,16,0,basic,56.62272259038188,0,medium,0
23,bachelor,0,4,intermediate,57.31162489556789,0,medium,0
47,high_school,26,1,intermediate,64.77780539962146,0,small,0
55,high_school,38,2,basic,60.015748355349274,0,small,0
19,high_school,5,2,advanced,86.62659284388134,0,medium,0
32,bachelor,9,3,basic,77.123225254021,1,small,1
28,primary,15,1,basic,77.0916789455444,0,medium,0
25,high_school,3,2,intermediate,68.50875797709578,0,medium,0
43,master,22,3,intermediate,52.60241282660967,1,medium,1
22,high_school,0,2,intermediate,75.44161330505173,0,medium,0
23,high_school,1,1,basic,33.52726122058793,1,small,0
43,bachelor,30,0,basic,67.6108280036605,0,large,0
21,bachelor,3,2,basic,52.818216008713954,1,small,0
36,master,19,0,basic,51.66324709345186,0,small,0
37,bachelor,19,3,advanced,58.04998766346322,1,large,1
50,master,37,0,advanced,63.74094716497611,1,medium,1
37,bachelor,19,3,advanced,64.64876566800764,0,small,1
29,high_school,14,0,advanced,76.85357229171682,1,medium,1
18,high_school,2,1,advanced,62.391728299023654,1,medium,0
43,bachelor,27,1,advanced,63.47399696999361,1,small,1
31,high_school,13,0,advanced,44.065808056451615,1,large,0
55,bachelor,36,1,advanced,46.019178182055505,0,medium,0
54,bachelor,39,1,intermediate,69.30603565568666,0,small,0
28,high_school,6,2,intermediate,74.46002572098682,1,large,1
53,high_school,36,1,intermediate,61.092921872046475,0,small,0
30,high_school,12,2,intermediate,78.99436949224058,1,small,1
60,bachelor,40,2,intermediate,43.88162118635809,0,small,0
20,bachelor,0,2,intermediate,70.97808084195607,1,small,1
50,bachelor,35,2,intermediate,52.22333591165827,1,small,1
23,high_school,6,3,basic,51.038747472125934,1,medium,0
27,bachelor,5,1,basic,53.52626113872785,1,medium,0
22,master,2,0,advanced,63.788516466814215,0,large,0
40,high_school,21,1,intermediate,71.58345394285683,0,medium,0
27,bachelor,5,0,intermediate,70.44468813523022,0,medium,0
19,phd,5,2,advanced,60.64276724093716,1,medium,1
30,high_school,14,3,basic,74.48401013634603,1,large,1
57,bachelor,34,2,intermediate,90.30112090025014,1,medium,1
19,primary,0,2,basic,63.20883197823441,1,large,0
37,bachelor,14,1,advanced,66.42193660641566,1,small,1
18,primary,0,3,intermediate,55.82405032529615,1,small,0
54,phd,38,6,intermediate,59.120621888490575,0,small,1
26,bachelor,9,5,advanced,83.7252089802342,0,medium,1
34,master,19,1,advanced,83.87987327634751,1,large,1
26,bachelor,4,2,intermediate,61.983987813937006,1,small,0
28,bachelor,12,2,advanced,72.35377499131613,1,medium,1
32,bachelor,16,5,intermediate,78.80685931038622,1,small,1
41,master,23,0,intermediate,58.30224441873415,0,medium,0
55,phd,34,3,intermediate,45.41137623208247,1,medium,1
52,bachelor,30,1,basic,75.33963424637034,1,large,1
47,master,31,0,basic,78.44581424194817,0,large,1
48,bachelor,30,1,advanced,76.23918200213399,0,medium,1
22,bachelor,2,3,basic,59.3877676383593,0,large,0
31,bachelor,12,3,intermediate,87.84666307113505,0,medium,1
28,high_school,9,0,basic,69.26397137680189,1,large,0
26,primary,11,2,intermediate,47.78615647629486,1,small,0
51,high_school,36,3,intermediate,41.058688108544146,0,large,0
29,bachelor,13,2,advanced,60.542086760677705,0,medium,1
52,high_school,36,1,advanced,68.37217295153842,0,large,0
52,bachelor,30,3,advanced,60.68080725401424,1,large,1
18,phd,0,2,intermediate,94.90343598259142,1,large,1
57,high_school,40,0,advanced,71.059752893671,0,medium,0
39,bachelor,20,4,intermediate,50.402768955688146,0,medium,0
46,high_school,29,0,intermediate,30.944873627019135,1,medium,0
25,primary,9,3,basic,68.5252107379974,0,large,0
28,master,10,1,advanced,79.83431134541232,0,medium,1
58,bachelor,39,1,basic,92.95650812944741,0,large,0
54,master,38,3,intermediate,61.9638238057335,1,small,1
31,high_school,8,2,intermediate,90.82998657137239,0,medium,0
47,bachelor,24,2,intermediate,44.616085411725265,0,medium,0
52,high_school,29,0,basic,59.841379310208666,1,small,0
38,high_school,17,2,intermediate,49.784038187643304,0,small,0
54,primary,40,0,intermediate,76.88151363126147,1,medium,0
22,high_school,4,2,basic,45.48383930222266,0,small,0
36,high_school,18,2,intermediate,71.02624436876943,1,large,1
31,high_school,12,2,advanced,46.37255942853318,0,large,0
43,phd,26,0,advanced,91.3667232957707,1,small,1
21,high_school,2,2,intermediate,59.38615943709814,0,large,0
42,high_school,20,2,basic,70.6694877372869,1,medium,1
59,high_school,39,2,intermediate,38.16841065901467,1,medium,0
42,bachelor,19,2,intermediate,42.577966773692175,1,medium,1
35,primary,18,0,advanced,53.39905294227128,0,large,0
57,master,37,0,advanced,77.75777191653835,1,large,1
25,phd,5,1,advanced,74.88635729290331,1,medium,1
56,high_school,36,2,intermediate,81.28084941649914,0,large,0
57,bachelor,36,1,intermediate,42.354037652233686,0,medium,0
31,primary,15,0,basic,72.60304059906987,1,medium,0
49,bachelor,29,1,intermediate,56.60153798348734,0,small,0
55,bachelor,39,2,advanced,52.87843495276512,0,small,1
50,high_school,35,1,intermediate,56.94158503816681,0,medium,0
40,high_school,17,1,intermediate,63.25298308899402,1,medium,0
32,bachelor,12,1,basic,74.91566623951597,0,small,0
50,bachelor,32,2,basic,81.84207951333318,0,medium,1
42,high_school,26,2,intermediate,72.81608192511582,0,small,0
34,bachelor,16,1,advanced,74.49906104331299,1,large,1
50,bachelor,32,1,basic,92.3457432196941,0,medium,0
19,master,5,1,basic,75.45609637409842,0,medium,0
31,high_school,11,0,intermediate,61.79247752761355,1,medium,0
57,master,40,1,basic,73.7165710222711,0,large,1
57,bachelor,40,1,basic,90.61468856342674,1,large,1
56,high_school,40,2,basic,51.94459002045146,0,large,0
23,bachelor,5,0,intermediate,58.535945624849944,0,medium,0
23,bachelor,0,2,intermediate,86.75191624023927,1,small,1
20,master,0,0,advanced,60.64290623854248,1,medium,1
24,high_school,6,0,intermediate,76.4643451276168,1,large,0
25,bachelor,12,2,intermediate,84.33630885496979,1,medium,1
59,high_school,36,1,basic,46.162692815409386,1,large,0
32,phd,19,1,intermediate,58.87366083814389,0,small,0
46,high_school,27,1,intermediate,83.07033926059029,1,small,0
50,phd,27,3,basic,63.10360101488314,0,medium,1
47,master,26,0,intermediate,34.7211126208458,1,medium,1
56,high_school,39,1,basic,57.35045340436823,0,medium,0
44,master,25,2,intermediate,76.91693682268146,0,medium,1
53,phd,39,4,intermediate,84.14739649408669,1,large,1
46,high_school,23,4,intermediate,65.76267947922206,1,medium,0
55,bachelor,32,0,advanced,72.25672412464996,0,small,1
50,bachelor,34,6,advanced,59.46409810696045,0,medium,1
54,high_school,40,3,advanced,78.5477632030749,1,medium,1
44,primary,29,0,advanced,86.3779333581474,0,large,0
50,high_school,33,0,basic,76.52299850381722,0,large,0
21,high_school,0,0,intermediate,63.22749880230899,0,small,0
39,bachelor,21,0,basic,71.51166597862225,0,small,0
19,high_school,0,2,basic,79.28731851705675,1,medium,0
27,master,13,2,intermediate,65.41552531818775,0,medium,1
22,bachelor,2,2,advanced,77.00793524241027,1,small,1
27,primary,7,1,intermediate,70.55463466345655,0,medium,0
50,bachelor,29,1,intermediate,86.29036704519064,1,small,1
55,bachelor,40,1,intermediate,75.50206469093975,0,medium,0
30,phd,12,3,intermediate,57.52163904740272,0,large,1
48,primary,29,0,advanced,86.06741014821841,0,medium,0
53,high_school,40,1,intermediate,71.90082788365726,0,medium,0
41,master,26,2,advanced,62.90396091810795,0,large,1
32,master,17,0,basic,44.689944605111364,0,small,0
46,bachelor,25,3,advanced,68.47068393587253,0,medium,1
25,master,10,1,basic,92.52333341614346,1,small,1
22,primary,1,1,intermediate,24.059356248799247,0,small,0
46,bachelor,26,1,advanced,24.654302998186637,0,medium,0
21,high_school,0,2,intermediate,76.51009029166877,1,small,0
29,high_school,10,2,intermediate,68.54258464096704,1,medium,0
19,master,4,0,intermediate,75.08575573747045,0,small,0
44,high_school,22,2,basic,57.10421107336389,0,medium,0
48,bachelor,28,0,basic,32.873339970504794,0,medium,0
53,master,39,0,basic,52.520224976214806,0,small,0
53,high_school,31,4,basic,88.40007952587983,1,large,1
43,phd,27,1,advanced,58.22616149708263,1,medium,1
60,phd,40,1,advanced,58.356069953306026,1,medium,1
44,bachelor,23,1,intermediate,25.55900009802616,1,medium,0
22,high_school,7,0,advanced,37.9328002303195,0,small,0
37,high_school,19,0,basic,81.65250745870443,0,medium,0
28,bachelor,10,2,basic,61.108579175444504,1,medium,1
27,high_school,10,3,intermediate,79.86802828483286,0,large,0
57,high_school,38,1,intermediate,53.69450942655437,0,large,0
55,phd,37,2,basic,42.98326943015502,0,small,1
23,high_school,10,1,intermediate,61.08614628672239,0,small,0
25,bachelor,2,3,advanced,56.40570321300803,0,small,0
40,primary,19,1,intermediate,52.503647358260906,0,small,0
43,bachelor,28,2,basic,52.894859250736545,0,medium,0
60,master,40,3,intermediate,62.975928460530454,0,small,1
29,high_school,10,3,intermediate,57.6264705730719,0,medium,0
43,high_school,27,0,intermediate,51.01597509256644,0,small,0
30,bachelor,17,1,advanced,92.07071559924941,0,large,1
57,bachelor,40,0,advanced,71.86932537247849,0,medium,1
35,bachelor,13,3,advanced,67.37724131172801,1,large,1
42,high_school,25,2,intermediate,64.00181896947753,1,large,0
50,high_school,35,1,intermediate,74.98421999743277,1,medium,0
57,phd,40,1,intermediate,72.97735150045185,1,small,1
60,master,40,2,intermediate,49.485812673548324,1,small,1
29,bachelor,11,3,basic,42.01594812308801,1,small,1
53,master,33,1,intermediate,30.888731239190044,1,medium,1
21,bachelor,4,0,basic,91.87896667316919,1,medium,0
22,bachelor,0,1,advanced,58.32035092171911,0,medium,0
54,high_school,34,2,intermediate,73.88089307252494,0,small,0
25,bachelor,4,3,advanced,68.03091903233425,0,medium,0
59,bachelor,39,3,intermediate,78.68838107492424,1,small,1
45,primary,22,2,intermediate,64.03193205326448,0,large,0
48,bachelor,26,0,basic,45.080463958561374,1,small,0
26,master,13,0,intermediate,49.4432477000056,0,medium,0
46,bachelor,31,2,basic,59.7386266849457,0,medium,0
31,bachelor,14,0,intermediate,41.220948817810566,0,medium,0
57,master,39,2,basic,52.18508933612385,1,small,1
58,primary,36,2,intermediate,47.017663597047274,0,large,0
39,bachelor,16,0,advanced,60.069698495751645,0,medium,0
28,master,6,1,intermediate,57.559517034952556,1,medium,1
40,bachelor,23,1,basic,66.79222629281904,1,small,0
18,high_school,0,0,intermediate,77.81701016534349,0,large,0
54,high_school,33,2,advanced,61.36077221310237,0,small,0
38,master,22,2,intermediate,42.463852408813636,1,small,1
43,bachelor,26,1,basic,34.274939332861734,1,medium,0
53,master,40,2,intermediate,67.43476714213247,0,large,1
40,bachelor,27,2,intermediate,55.01750702107356,0,small,0
18,bachelor,5,0,basic,62.63957916704174,1,small,0
57,master,40,1,intermediate,69.94311732728305,1,large,1
32,bachelor,12,3,intermediate,86.64765520747312,0,large,1
38,high_school,21,2,basic,38.78741769661125,0,large,0
26,bachelor,3,1,intermediate,49.81313561820908,0,medium,0
26,master,13,1,advanced,63.72148559073353,1,medium,1
27,high_school,14,2,intermediate,47.897096220998705,0,medium,0
43,high_school,21,3,basic,42.66416047976668,0,medium,0
58,primary,40,2,intermediate,84.64366053023333,0,large,0
52,master,30,1,basic,49.280644392334295,1,medium,1
42,primary,24,0,advanced,45.36222168264991,0,small,0
43,bachelor,29,2,advanced,47.77775767728704,0,small,1
28,bachelor,13,1,advanced,81.28990692619459,1,large,1
55,bachelor,40,1,intermediate,54.569275249267456,1,medium,0
19,bachelor,0,1,intermediate,44.215759186532765,1,medium,0
24,primary,10,1,advanced,52.39757148725397,0,medium,0
35,bachelor,18,1,basic,64.27744007186733,1,small,0
44,master,21,1,basic,78.37656493409413,1,medium,1
51,master,35,1,intermediate,77.11652718839224,1,large,1
44,high_school,29,3,advanced,53.333464910668376,0,medium,0
34,master,15,1,intermediate,57.033138104933975,0,large,0
60,bachelor,40,2,intermediate,96.54326106468633,1,large,1
41,master,28,1,intermediate,79.9352679572225,0,medium,1
42,bachelor,26,2,intermediate,61.22329713602601,1,large,1
24,bachelor,4,3,basic,30.572713397799106,1,large,0
23,master,1,1,intermediate,58.117570123967724,1,medium,0
41,master,27,1,intermediate,45.100709567911444,1,medium,1
50,bachelor,34,2,intermediate,52.05977921328413,0,small,0
46,high_school,24,1,intermediate,50.52002267340547,0,medium,0
60,high_school,40,1,intermediate,61.53187755774386,1,medium,0
39,high_school,21,1,advanced,66.04639424851065,1,large,0
43,high_school,24,2,intermediate,54.02628737622031,0,small,0
45,high_school,27,1,intermediate,45.8344053461892,0,large,0
38,master,20,1,intermediate,62.31603099074137,0,small,0
24,primary,3,2,advanced,57.52581834340763,1,large,0
34,bachelor,21,2,intermediate,36.536912092826,0,medium,0
37,high_school,24,2,basic,74.11356413789366,0,medium,0
58,high_school,37,0,intermediate,54.06729146071684,0,medium,0
37,primary,22,2,basic,60.95821627803389,1,small,0
39,high_school,18,2,basic,61.70230445233267,0,large,0
45,master,24,0,intermediate,64.76838635759441,0,medium,0
57,master,40,2,advanced,67.19064982053419,0,large,1
24,high_school,2,2,intermediate,45.43103348354846,1,medium,0
18,bachelor,1,5,basic,69.68537738823312,0,small,0
49,bachelor,35,1,basic,59.83799898306799,0,medium,0
30,master,16,2,intermediate,81.2666448269413,0,large,1
47,master,27,3,intermediate,77.22468535977843,0,large,1
40,bachelor,17,0,advanced,84.84144245500255,1,medium,1
36,bachelor,18,1,advanced,50.92451828453015,0,small,0
49,master,30,1,advanced,84.2999750178623,1,medium,1
47,primary,34,2,intermediate,66.41111798196741,1,medium,0
46,bachelor,24,3,intermediate,75.35281662959798,1,medium,1
46,master,28,2,basic,75.11571362681475,0,small,1
47,bachelor,24,0,basic,71.88582491701135,0,small,0
33,bachelor,12,1,basic,48.67663842123548,1,medium,0
57,bachelor,37,1,basic,79.32620933124187,0,large,0
36,high_school,15,1,basic,70.27517768152205,0,small,0
35,bachelor,17,1,advanced,42.90371845841364,0,small,0
18,bachelor,5,1,intermediate,57.74479129195993,0,large,0
31,bachelor,11,1,advanced,46.803775062138655,0,medium,0
19,bachelor,0,1,advanced,43.60689074684309,0,medium,0
45,master,26,0,advanced,77.79986366539524,0,small,1
47,high_school,28,2,advanced,42.809397191571655,1,medium,1
55,bachelor,40,1,intermediate,45.18322557325793,1,large,0
21,bachelor,5,1,intermediate,94.6733444950824,0,small,0
18,bachelor,2,2,intermediate,58.281712975259566,1,small,0
25,high_school,6,2,advanced,74.86491191545713,1,large,1
46,bachelor,30,1,advanced,81.87247301853806,1,medium,1
56,master,40,0,advanced,76.61320412765858,1,medium,1
20,bachelor,3,2,intermediate,67.24359263737219,0,large,0
49,master,26,0,intermediate,64.44103881163205,1,medium,1
27,phd,10,2,advanced,73.06409523271148,0,small,1
27,high_school,14,0,advanced,61.63006170833369,1,small,0
36,high_school,20,1,intermediate,75.42330385795819,0,small,0
51,phd,30,2,intermediate,61.11561620796487,0,medium,1
50,phd,35,2,advanced,62.81695846668908,0,large,1
40,primary,24,1,intermediate,93.2264018481522,0,small,0
45,primary,23,0,advanced,57.79414626021045,1,small,0
49,high_school,31,1,basic,65.28862084142114,1,medium,0
24,phd,4,0,intermediate,71.45844090198233,0,small,0
46,high_school,25,5,intermediate,72.42190185470847,1,small,1
25,bachelor,12,0,intermediate,69.39293625571707,1,small,0
18,master,0,1,basic,46.24414757491512,0,medium,0
20,primary,6,1,basic,67.43065052425546,1,medium,0
41,bachelor,26,0,advanced,68.6424340095249,0,small,0
40,high_school,18,2,intermediate,82.09940406327492,1,medium,1
25,master,11,0,intermediate,76.08862290684031,1,small,1
54,high_school,40,1,intermediate,83.08790539376298,0,medium,0
20,bachelor,6,1,intermediate,49.951919127950376,1,small,0
50,bachelor,31,3,advanced,50.05969417378926,1,medium,1
45,high_school,27,1,intermediate,69.92149506248879,1,medium,0
25,primary,5,2,intermediate,81.99277978759437,0,small,0
51,bachelor,34,4,intermediate,61.99349116200933,1,small,1
52,high_school,30,2,advanced,53.895656947111235,1,small,1
49,master,32,2,intermediate,40.97799197890775,0,medium,1
41,master,19,2,intermediate,70.44543898497795,0,large,1
31,bachelor,8,1,advanced,63.30629279167581,1,large,1
49,bachelor,36,0,intermediate,58.49080518754133,0,medium,0
60,bachelor,40,1,intermediate,78.57785054139777,1,large,1
33,master,11,0,basic,63.69808065683835,0,large,0
21,bachelor,5,0,intermediate,65.0133032933775,1,medium,0
54,high_school,38,2,intermediate,78.49810583886972,0,medium,0
38,high_school,15,2,basic,97.86103669042035,1,large,1
31,bachelor,11,1,intermediate,58.33306293048658,1,medium,0
48,bachelor,33,0,advanced,51.85640338271085,0,medium,0
35,bachelor,16,1,basic,50.16411545631091,1,medium,0
24,primary,11,1,basic,72.15236257675541,0,large,0
27,bachelor,13,0,basic,48.642215189436286,0,medium,0
24,high_school,6,2,intermediate,59.401664739250435,0,small,0
50,high_school,29,2,intermediate,60.720800295666734,0,small,0
40,bachelor,21,4,intermediate,88.34598636007573,1,medium,1
38,high_school,15,0,advanced,82.89290327645348,0,medium,0
36,bachelor,20,0,basic,41.949272059201675,0,small,0
36,high_school,23,3,intermediate,88.77236386727905,0,large,0
53,bachelor,35,0,basic,46.75773170960122,1,medium,0
46,bachelor,24,2,basic,67.40436511145084,0,medium,0
35,high_school,15,0,basic,52.48184619845633,0,small,0
19,high_school,0,1,intermediate,59.17543087085468,1,medium,0
18,master,3,3,intermediate,50.293865819816716,1,medium,1
22,bachelor,7,1,basic,90.13283780840645,1,large,1
37,bachelor,18,2,basic,62.89856685730187,1,large,1
28,primary,7,1,basic,68.38384728380696,0,small,0
59,bachelor,36,0,basic,48.91585673008589,1,small,0
19,bachelor,1,2,basic,43.77402690099021,1,medium,0
20,bachelor,4,2,basic,58.337832900585504,1,large,0
40,bachelor,17,0,advanced,72.82190102765544,0,small,1
29,high_school,16,2,intermediate,63.17821772875778,0,large,0
37,high_school,14,3,intermediate,79.6180924460238,0,medium,0
22,master,9,2,advanced,66.86256336054358,1,medium,1
54,master,37,2,intermediate,65.09697824169419,1,large,1
55,high_school,38,2,intermediate,73.0266902838877,0,medium,0
47,bachelor,25,0,intermediate,66.50449297215926,0,large,0
26,high_school,5,5,intermediate,79.1604380710257,1,medium,0
51,primary,29,0,advanced,73.32816181649892,0,large,0
52,high_school,34,1,basic,78.66447382735164,1,medium,0
39,high_school,23,1,basic,75.74685123710454,0,large,0
41,bachelor,25,1,basic,85.40405917130323,1,medium,1
34,bachelor,11,0,advanced,77.43401233000361,0,medium,1
27,high_school,14,1,intermediate,91.21393309613086,1,small,0
47,primary,32,4,advanced,56.88221774138438,1,small,1
40,master,27,1,intermediate,77.52176227349659,1,medium,1
49,high_school,33,0,intermediate,44.28924830592142,0,small,0
34,bachelor,19,3,intermediate,79.20609567191865,1,small,1
34,high_school,19,0,intermediate,65.84666870640167,0,medium,0
31,bachelor,18,4,intermediate,79.05200886008384,1,large,1
26,high_school,8,0,intermediate,90.19266570372045,0,medium,0
57,primary,36,0,intermediate,77.01645074669653,1,medium,0
19,high_school,0,0,basic,58.80881596696929,0,small,0
42,high_school,29,1,intermediate,48.68041893416071,0,small,0
56,bachelor,40,3,intermediate,73.04016282998263,0,medium,1
26,bachelor,12,2,advanced,60.710944391698945,0,large,1
39,high_school,18,3,advanced,74.95398641986192,0,large,1
60,primary,40,0,intermediate,57.3988915572705,0,large,0
21,bachelor,7,1,basic,51.057832142528284,0,small,0
43,bachelor,25,0,advanced,61.37390279096412,0,medium,0
46,phd,25,3,basic,72.51428264628277,0,medium,1
51,bachelor,33,6,intermediate,66.83298056890237,0,large,0
40,bachelor,19,0,basic,52.80371412939214,1,large,0
54,bachelor,39,0,intermediate,92.00771169940398,1,large,1
28,master,5,3,intermediate,62.91885649200354,0,medium,0
23,master,7,0,intermediate,31.072637499300782,1,medium,1
35,high_school,16,1,advanced,78.98446081347197,1,medium,1
38,high_school,18,2,intermediate,64.83344144589837,0,medium,0
59,high_school,36,1,intermediate,62.44217038886785,1,large,0
53,bachelor,38,4,intermediate,62.144085400162844,1,small,1
58,bachelor,40,0,basic,62.22855601458427,0,large,0
55,bachelor,36,1,intermediate,90.03464960685764,0,large,0
51,primary,38,3,intermediate,71.9679820256236,0,medium,0
34,bachelor,19,1,intermediate,68.90566788559731,0,large,0
54,master,40,1,intermediate,61.05891464943879,1,large,1
42,high_school,27,3,intermediate,90.92710740364168,1,medium,1
55,bachelor,38,1,intermediate,77.64395844363737,0,large,0
29,bachelor,13,0,intermediate,79.83581026303021,0,small,0
40,master,17,1,intermediate,69.17251957527648,0,medium,0
59,master,39,3,advanced,79.99906283585439,0,small,1
39,bachelor,25,0,intermediate,70.89776347903174,0,small,0
38,bachelor,24,1,basic,59.43066143277368,0,large,0
44,master,24,0,intermediate,70.54123724374811,0,medium,1
48,bachelor,33,0,intermediate,96.45628326810242,0,medium,0
23,high_school,2,1,basic,68.05727500864604,0,medium,0
44,master,30,3,intermediate,84.05254591340268,1,medium,1
57,high_school,40,3,intermediate,82.87069577920805,1,medium,1
51,high_school,28,2,intermediate,73.4430451429835,1,large,1
29,master,16,0,advanced,89.85161554284453,1,large,1
24,bachelor,5,4,advanced,32.40613148061935,1,medium,1
27,bachelor,10,1,basic,37.45433319018899,0,large,0
34,high_school,14,2,intermediate,90.91739810134574,0,medium,0
43,high_school,28,0,intermediate,55.288609138307706,0,large,0
38,high_school,20,2,intermediate,66.67658107897513,0,medium,0
45,high_school,27,2,basic,91.25867333121154,0,medium,0
19,bachelor,0,1,basic,67.99475346804698,0,large,0
60,high_school,40,0,basic,90.34413152042869,0,medium,0
18,bachelor,4,2,advanced,59.17640475865013,1,large,1
53,high_school,34,0,basic,74.23841502309584,0,large,0
43,phd,29,2,basic,65.87202812089934,0,medium,1
46,high_school,28,1,basic,87.35950411870866,1,medium,0
38,primary,18,1,intermediate,61.07577219596569,0,large,0
28,primary,7,1,basic,50.535449728038415,0,small,0
57,bachelor,38,2,basic,57.98571479364679,0,large,0
28,bachelor,11,1,intermediate,58.65121063731357,1,medium,0
53,bachelor,40,0,intermediate,55.29274942119955,0,large,0
56,bachelor,38,2,intermediate,54.66915431656951,1,medium,1
57,primary,35,0,intermediate,81.82575913841342,0,medium,0
52,bachelor,29,1,basic,86.11729264234276,0,small,0
51,bachelor,32,2,basic,70.87891244483822,0,large,1
41,high_school,22,5,basic,55.29005687436298,0,small,0
39,high_school,21,3,advanced,56.23954235807449,1,medium,1
22,high_school,1,3,basic,33.90633052575344,0,medium,0
50,high_school,27,1,advanced,70.69528567017963,0,large,0
53,bachelor,33,3,advanced,54.759046712058336,0,medium,1
37,high_school,17,2,intermediate,87.06650531015795,1,small,1
36,high_school,22,0,intermediate,44.32829147817951,0,medium,0
52,high_school,30,2,intermediate,56.11471351177284,1,small,0
60,phd,40,2,intermediate,63.56657496094385,0,small,1
34,master,16,0,intermediate,71.97844329625228,1,medium,1
60,high_school,39,1,intermediate,92.04418494258073,1,medium,0
51,high_school,28,2,basic,44.44353648207787,0,small,0
26,high_school,13,1,intermediate,60.470930211854956,1,small,0
43,bachelor,22,2,intermediate,43.57746378928238,1,medium,1
19,primary,3,2,intermediate,76.84927385965764,1,large,0
26,bachelor,6,3,advanced,55.29658729039419,1,large,1
26,bachelor,5,3,basic,63.45044420413711,1,small,0
57,master,40,2,advanced,62.41604692629467,1,large,1
34,high_school,14,2,intermediate,66.74430407523944,0,small,0
18,master,5,1,intermediate,62.6559448200808,0,medium,0
42,master,22,4,advanced,50.424769459834046,0,large,1
60,high_school,38,2,advanced,66.27349963071813,0,medium,0
57,high_school,37,3,intermediate,53.084192371309776,1,medium,0
59,high_school,40,2,intermediate,77.2184480308072,0,large,0
42,high_school,27,1,basic,65.86120341080108,0,small,0
56,high_school,36,1,intermediate,49.40385830371939,0,small,0
52,bachelor,29,0,advanced,100.0,1,large,1
20,bachelor,0,1,basic,89.88277807937911,1,large,0
54,master,31,1,basic,100.0,1,medium,1
47,high_school,28,2,intermediate,59.8565703658581,1,medium,0
55,phd,37,2,intermediate,52.47220888909604,0,small,1
51,high_school,33,2,intermediate,77.09748744746305,1,large,1
29,master,11,1,intermediate,81.62042166500918,0,medium,1
36,high_school,21,1,intermediate,67.95090866843336,0,medium,0
54,high_school,31,0,intermediate,33.443895513648734,1,small,0
34,master,20,3,intermediate,50.28343140217237,0,medium,1
27,high_school,9,4,advanced,71.33756968406092,1,medium,1
29,bachelor,13,0,advanced,55.09740029222664,0,small,0
33,bachelor,17,1,intermediate,44.5248463470919,0,large,0
41,bachelor,20,2,basic,61.135165402737776,0,small,0
36,bachelor,17,1,intermediate,16.300424283348782,1,large,0
25,bachelor,11,0,advanced,55.9504161855742,0,large,0
48,primary,28,1,intermediate,58.60965060186079,0,large,0
38,bachelor,15,3,advanced,69.65595395399352,1,medium,1
34,master,19,0,intermediate,73.21431726394451,1,medium,1
40,primary,21,1,advanced,70.6656472386197,0,medium,0
54,high_school,32,0,basic,78.45873249440143,0,large,0
33,bachelor,11,1,intermediate,62.4803125830058,1,small,0
23,bachelor,10,0,intermediate,43.16617918156376,0,small,0
25,bachelor,8,1,advanced,65.66291769460015,1,small,1
42,high_school,22,0,intermediate,51.86749119695491,0,large,0
35,bachelor,12,1,basic,44.646694187183414,0,large,0
42,high_school,23,1,advanced,73.68524717952084,0,small,0
29,bachelor,7,2,intermediate,43.80675777230559,0,medium,0
32,master,15,1,basic,75.20314292255878,1,medium,1
43,high_school,28,2,intermediate,45.617619040660564,1,small,0
58,bachelor,35,2,intermediate,60.64181431558784,0,medium,0
43,phd,21,2,intermediate,56.53965902862956,1,small,1
49,bachelor,36,3,advanced,82.05342495370395,1,small,1
27,master,9,1,intermediate,73.91504913105484,0,small,1
33,bachelor,17,1,intermediate,52.63632570817849,0,small,0
24,master,7,1,basic,62.636072779569915,0,small,0
34,primary,19,1,intermediate,84.94118790434362,1,large,0
40,high_school,18,1,basic,87.39529406433326,1,medium,0
43,high_school,28,2,basic,44.467858453150996,0,small,0
38,bachelor,18,1,basic,84.74295108823013,1,medium,1
39,master,26,0,basic,83.59471892504689,1,small,1
24,high_school,3,0,basic,67.67919796148307,1,medium,0
31,bachelor,14,0,intermediate,63.6385989071093,1,large,0
32,bachelor,13,1,basic,56.743465227059914,0,medium,0
24,bachelor,5,0,basic,46.19894216652786,0,medium,0
26,high_school,4,1,advanced,70.08414643908915,1,medium,0
25,bachelor,7,2,intermediate,62.449149369057814,1,medium,1
40,high_school,22,2,intermediate,71.52380727918238,1,small,1
46,primary,26,1,basic,71.88216080268984,0,medium,0
35,phd,16,1,intermediate,100.0,1,large,1
48,high_school,31,0,intermediate,82.95025511509485,1,large,0
47,primary,31,1,intermediate,73.20374973005225,0,large,0
56,master,38,0,intermediate,32.945574746322336,1,small,1
52,high_school,33,2,intermediate,70.8846412533126,1,medium,1
35,bachelor,14,2,advanced,88.73401323486166,0,large,1
59,high_school,40,3,advanced,58.59559414225232,0,small,0
56,high_school,40,1,basic,97.86021506316908,1,large,0
34,high_school,13,2,intermediate,73.15796593751227,0,small,0
31,high_school,12,2,basic,69.41832468662291,1,large,0
48,bachelor,35,0,intermediate,50.13845264068836,0,small,0
41,bachelor,19,0,intermediate,87.5555047765294,1,medium,1
52,bachelor,38,3,intermediate,52.54060477097215,1,small,1
51,master,37,0,intermediate,56.53439535713123,1,small,1
20,primary,0,2,intermediate,36.78384492823885,1,large,0
54,bachelor,34,2,intermediate,78.44230767678877,0,small,1
60,bachelor,40,2,basic,73.81497738272162,0,large,1
57,master,36,1,intermediate,65.15303191330192,1,large,1
43,primary,24,2,advanced,76.10367389805734,1,large,1
40,bachelor,27,2,basic,74.68985062599508,0,large,1
56,master,37,0,intermediate,59.517249105217324,1,large,1
32,high_school,10,1,intermediate,53.227442370602304,0,small,0
21,master,6,1,intermediate,39.27091602480931,0,large,0
46,primary,26,0,intermediate,62.33485487746445,0,small,0
39,bachelor,24,0,intermediate,45.37776048094517,0,small,0
42,master,27,2,advanced,67.44002148942062,0,small,1
30,bachelor,8,0,advanced,62.5937394433712,1,large,1
35,bachelor,20,1,basic,58.96953810497635,1,small,0
50,primary,35,1,intermediate,80.69774239022775,0,small,0
33,master,11,1,intermediate,50.204536969809524,0,medium,0
59,bachelor,40,2,basic,37.280262928972036,0,medium,0
19,primary,1,1,intermediate,61.61910429414232,0,small,0
52,bachelor,37,1,intermediate,53.90085149764741,1,medium,0
59,bachelor,39,2,advanced,66.82353741830062,1,medium,1
51,high_school,29,1,advanced,51.29605924251581,1,medium,0
47,high_school,30,2,basic,71.30792032805878,0,medium,0
30,primary,15,1,intermediate,50.40679015380996,1,large,0
30,bachelor,12,1,intermediate,50.244465143605645,0,large,0
35,bachelor,22,3,basic,74.24652241805393,0,small,1
49,bachelor,36,1,intermediate,64.3032200023804,1,small,0
49,master,29,2,advanced,47.19399038682579,0,large,1
52,master,29,2,intermediate,50.72276500399387,0,medium,1
56,bachelor,36,0,advanced,59.407782617702026,0,large,0
46,primary,25,2,intermediate,47.855573105482975,0,medium,0
46,bachelor,29,0,intermediate,60.68097565698238,0,large,0
33,bachelor,20,1,basic,61.20884614258448,1,small,0
27,bachelor,14,1,basic,51.24402656107318,0,large,0
47,bachelor,33,0,intermediate,74.75057502274126,0,large,0
42,high_school,23,1,intermediate,49.694263261453784,1,small,0
56,master,35,1,intermediate,83.68502395192364,1,medium,1
37,high_school,15,2,intermediate,61.72273747983822,1,medium,0
22,bachelor,0,1,advanced,55.10512314125301,0,large,0
18,primary,0,2,intermediate,73.09048164990908,1,large,0
47,master,31,1,intermediate,65.51669387205628,1,medium,1
20,high_school,4,1,intermediate,76.39839045089846,0,medium,0
31,primary,12,2,basic,34.984146507335595,0,large,0
47,high_school,25,2,advanced,72.75277142509108,1,small,1
21,high_school,1,1,intermediate,57.21084436291635,1,large,0
35,high_school,18,0,basic,65.56376421736893,1,small,0
54,bachelor,36,2,advanced,63.67744976666603,1,medium,1
42,bachelor,28,2,advanced,85.19924132956507,1,large,1
18,primary,1,1,intermediate,37.09255449846886,0,medium,0
32,high_school,13,2,intermediate,89.2114178271131,0,small,0
26,master,4,1,advanced,75.59666146915414,0,large,1
32,bachelor,16,0,basic,67.28204685863288,0,medium,0
41,bachelor,19,2,intermediate,43.497125973826776,1,small,1
21,bachelor,5,1,basic,39.91898289815198,0,small,0
29,high_school,12,3,intermediate,56.58579942524891,1,small,0
54,primary,33,2,advanced,74.52654536162764,1,small,1
54,high_school,34,2,intermediate,64.9099607620272,0,medium,0
60,master,40,2,intermediate,73.67360200430858,0,medium,1
23,phd,3,1,intermediate,43.049654186648624,0,large,0
56,bachelor,40,3,advanced,65.66599509661566,0,medium,1
41,primary,24,0,intermediate,81.43072062799706,0,small,0
28,high_school,5,3,basic,86.77830155473453,0,small,0
30,high_school,7,1,intermediate,46.19049156878676,1,small,0
51,bachelor,31,3,intermediate,59.72116440137694,0,large,0
42,primary,27,0,basic,59.888044168433424,0,small,0
24,master,4,2,advanced,55.604528659068514,1,medium,1
21,high_school,2,1,intermediate,78.61654998302414,0,large,0
25,master,2,0,advanced,100.0,0,large,1
37,master,15,3,intermediate,48.294281160038494,1,small,1
46,master,33,1,basic,71.37152110792584,0,small,1
27,bachelor,7,1,basic,69.43298712749574,0,small,0
60,bachelor,40,2,advanced,69.75475370551628,1,small,1
51,bachelor,38,1,basic,84.99495854243932,0,medium,0
43,bachelor,29,1,intermediate,70.59939461319142,1,medium,1
58,bachelor,40,1,basic,32.95552960946897,0,large,0
20,phd,2,0,intermediate,43.44763117097313,1,medium,0
23,bachelor,7,4,basic,48.995887238791326,1,medium,1
22,master,7,0,basic,53.7715089538956,0,small,0
22,master,0,2,intermediate,62.906272645546146,1,large,1
40,high_school,17,0,intermediate,61.77938025052163,1,large,0
26,primary,8,1,intermediate,37.649034102112836,1,medium,0
52,bachelor,32,1,intermediate,40.86946605502762,1,small,0
37,bachelor,24,1,intermediate,33.21527325426997,0,large,0
59,master,39,3,intermediate,41.68979724792011,0,large,1
52,bachelor,29,3,intermediate,79.86746380788568,0,small,1
35,bachelor,20,2,advanced,60.943201953860346,1,medium,1
34,bachelor,21,1,intermediate,50.70944089462573,0,small,0
41,primary,20,1,intermediate,36.23636362593905,1,small,0
20,bachelor,1,1,advanced,49.80763944918335,0,small,0
49,master,35,2,advanced,74.107739913637,0,medium,1
52,high_school,29,0,intermediate,72.1349602833505,0,small,0
55,bachelor,39,2,advanced,61.21305642570559,0,medium,1
30,bachelor,9,0,basic,60.994419414436315,0,small,0
42,high_school,19,2,advanced,38.43121934248175,0,small,0
26,high_school,12,1,basic,53.359155436589305,0,large,0
21,phd,3,2,intermediate,73.33369751451954,0,medium,1
31,high_school,8,1,advanced,54.877779807769436,0,medium,0
54,high_school,33,1,basic,89.35214607284661,0,small,0
51,high_school,32,2,basic,83.08348286546638,1,large,1
28,bachelor,8,1,intermediate,58.19338369300689,0,large,0
58,bachelor,40,0,intermediate,61.019509680757615,0,medium,0
20,bachelor,2,1,basic,98.34612864657966,0,small,0
45,primary,24,2,intermediate,77.70792374195317,0,medium,0
46,master,33,3,intermediate,66.05412809558105,0,small,1
26,high_school,10,2,basic,67.78553862408529,1,small,0
20,high_school,4,0,intermediate,67.23338463425682,0,medium,0
42,bachelor,20,1,basic,64.74539609054604,0,small,0
51,high_school,34,3,intermediate,48.93533678879382,0,large,0
29,master,6,1,intermediate,58.965255642364646,0,large,0
59,master,37,4,advanced,43.459407216879846,0,small,1
26,high_school,10,4,intermediate,75.87215897424102,0,large,0
32,master,9,2,basic,63.01268319378401,0,medium,1
57,master,35,1,intermediate,76.632271497781,0,medium,1
42,master,19,2,advanced,45.88357913846697,0,medium,1
22,high_school,3,0,intermediate,86.33118895407029,1,medium,0
28,bachelor,11,1,intermediate,84.46565083283035,1,small,1
51,high_school,33,1,advanced,41.38357394510242,0,large,0
41,master,23,0,intermediate,57.41179707834959,0,small,0
32,primary,14,0,advanced,59.04006539688446,0,medium,0
55,bachelor,39,1,intermediate,43.43157554829284,0,large,0
25,high_school,6,3,basic,61.10197935290364,1,large,0
22,high_school,8,3,basic,73.37137794982287,0,medium,0
43,bachelor,26,1,intermediate,57.958567086102896,1,large,0
35,master,14,2,intermediate,39.30677137836858,0,small,1
23,bachelor,8,0,intermediate,76.58732156085179,0,large,0
54,master,40,0,basic,53.12456206090512,1,large,1
30,high_school,9,1,advanced,54.70593890842095,0,medium,0
45,bachelor,27,2,advanced,90.2193860756575,0,medium,1
22,bachelor,1,0,intermediate,70.94981381437138,1,medium,0
30,primary,7,2,intermediate,52.86410747052336,1,small,0
34,bachelor,11,2,basic,47.163531253729715,1,medium,1
57,bachelor,36,0,intermediate,79.48835841338202,0,large,0
49,bachelor,29,2,intermediate,78.45567441212347,0,medium,1
46,bachelor,24,1,intermediate,57.39903444890667,0,medium,0
20,bachelor,5,0,intermediate,46.11485021899162,1,large,0
57,primary,40,2,intermediate,70.78398919709186,0,medium,0
51,high_school,35,1,basic,73.908828302789,0,medium,0
57,bachelor,36,0,basic,59.408898629872766,1,large,0
44,high_school,27,0,advanced,48.45254903852825,1,medium,0
30,primary,10,0,basic,65.37137900205782,1,large,0
50,bachelor,31,0,basic,71.92623981027161,0,large,0
23,bachelor,3,2,intermediate,57.69351745972751,0,large,0
41,high_school,26,2,intermediate,68.92839814589152,1,small,0
36,bachelor,23,1,intermediate,70.41460543558853,1,medium,1
33,bachelor,16,1,intermediate,82.181959133547,0,medium,0
57,high_school,37,3,basic,58.68975129770317,0,medium,0
45,master,29,0,basic,47.91115938465714,0,medium,0
50,bachelor,28,0,basic,63.990204941960805,0,large,0
58,bachelor,40,1,intermediate,90.31253099977269,0,medium,0
30,bachelor,17,0,advanced,38.553138823350736,0,medium,0
60,primary,37,1,basic,30.304100438676947,0,medium,0
42,bachelor,26,3,intermediate,63.379421376509605,0,large,0
59,high_school,40,0,intermediate,59.31087044988523,0,medium,0
53,master,34,2,basic,61.874524919779205,0,large,1
44,master,29,2,intermediate,61.316391453144476,1,large,1
55,bachelor,40,2,intermediate,80.08365466812097,0,small,1
24,high_school,3,0,intermediate,64.36307369674148,1,large,0
22,high_school,7,0,advanced,77.29384100642991,1,small,1
60,high_school,40,5,intermediate,27.837445559314283,0,medium,0
48,bachelor,26,0,basic,57.064426672120646,0,large,0
40,high_school,21,0,intermediate,52.770557207840774,0,medium,0
59,bachelor,40,1,basic,30.730227922685856,0,small,0
27,high_school,5,2,intermediate,66.55094870788962,0,medium,0
49,phd,26,0,advanced,63.4953502544303,0,large,1
60,high_school,40,0,intermediate,57.99428586596991,0,medium,0
47,master,27,1,intermediate,63.110356459521306,1,large,1
56,master,37,4,basic,66.55085874788892,0,large,1
48,bachelor,28,1,basic,80.19648013166321,1,large,1
35,bachelor,17,2,basic,74.63794627978058,0,small,1
53,bachelor,40,1,advanced,69.9283209102595,1,medium,1
19,bachelor,0,1,advanced,99.60858100843983,0,medium,0
31,high_school,15,2,intermediate,54.378905903374026,0,medium,0
30,high_school,10,0,basic,44.60147962805888,0,small,0
46,bachelor,30,1,intermediate,82.61228146506427,0,small,0
29,bachelor,8,2,advanced,93.00257169345781,0,large,1
56,bachelor,40,2,advanced,55.47211810013988,0,medium,1
19,high_school,0,2,intermediate,85.66702767052615,0,small,0
49,high_school,28,2,intermediate,56.998162739164286,1,medium,0
30,primary,13,0,intermediate,73.77129523260247,0,medium,0
44,primary,23,0,basic,74.6040938781912,1,medium,0
58,high_school,40,4,intermediate,55.53420661218961,0,medium,0
34,primary,19,0,intermediate,92.70087520253489,0,medium,0
57,high_school,35,3,intermediate,94.4237393565325,0,small,0
48,master,27,2,intermediate,49.68190237076207,0,medium,1
51,primary,34,2,intermediate,68.01581369572268,1,large,0
41,bachelor,22,1,intermediate,78.71753413071454,0,medium,0
52,high_school,38,0,basic,36.76124993339819,0,large,0
23,master,6,0,advanced,65.39345919722814,1,medium,1
36,bachelor,14,3,intermediate,40.202332403446825,1,small,1
47,high_school,27,2,intermediate,75.01226379741425,0,small,0
24,bachelor,1,1,intermediate,66.28959790787647,1,medium,0
27,high_school,8,3,advanced,59.393463604902344,0,medium,0
58,bachelor,40,2,intermediate,41.496478873862515,0,small,0
49,high_school,26,0,intermediate,56.02097279112061,1,medium,0
51,phd,34,0,advanced,72.78795470802646,1,small,1
45,bachelor,28,3,advanced,64.38544818455973,1,small,1
32,high_school,15,0,intermediate,82.88796242508228,0,medium,0
47,bachelor,24,3,basic,81.91637798456493,0,large,1
54,high_school,40,3,advanced,81.27942083443594,1,small,1
46,master,25,1,advanced,56.93346976091799,0,small,1
39,bachelor,26,2,basic,69.42462939023791,1,medium,1
21,bachelor,0,3,intermediate,50.521486398002786,0,small,0
37,high_school,18,1,intermediate,46.10098378773023,0,small,0
49,master,27,2,basic,82.72780096988566,0,large,1
53,bachelor,34,3,basic,47.20213966362406,1,large,1
21,high_school,2,2,intermediate,45.59069421348654,0,large,0
44,high_school,24,1,advanced,66.57791984088409,0,small,0
34,high_school,21,0,basic,60.939861800374736,0,small,0
29,phd,12,3,advanced,62.23672570649353,0,medium,1
39,high_school,25,1,advanced,99.58481761092992,1,large,1
34,bachelor,16,1,advanced,50.08300473488128,1,medium,1
27,primary,5,1,intermediate,72.42549817128915,1,small,0
18,high_school,0,2,intermediate,66.3003883694396,0,medium,0
39,bachelor,26,0,intermediate,80.14008391886846,0,small,0
43,phd,26,2,advanced,53.21316690474505,1,large,1
35,bachelor,20,0,intermediate,61.63302745985139,1,medium,0
31,master,16,1,basic,66.7122000406983,1,medium,1
46,bachelor,25,0,basic,43.49268220654214,0,large,0
29,primary,6,1,intermediate,37.91674505989556,0,large,0
53,high_school,38,0,advanced,64.68802040974487,1,medium,0
52,bachelor,36,4,intermediate,85.06456154917535,1,medium,1
29,phd,12,0,intermediate,59.71694403352315,1,medium,1
24,master,6,1,basic,61.77373107344441,1,medium,1
46,high_school,32,0,advanced,82.26058589699028,0,medium,0
28,high_school,11,1,intermediate,62.7677611995914,0,large,0
50,high_school,37,4,advanced,76.65363459707235,1,medium,1
23,master,8,2,intermediate,100.0,0,medium,1
32,master,14,0,intermediate,56.34403549827782,1,medium,1
49,master,35,2,intermediate,62.34417918359122,0,large,1
28,high_school,7,0,basic,70.9432721584222,0,large,0
40,bachelor,19,0,basic,87.37435634382058,0,medium,0
43,bachelor,23,1,basic,63.27309834565763,0,large,0
51,high_school,37,2,intermediate,75.93903874613824,1,small,1
51,bachelor,37,2,intermediate,70.2182767327157,1,medium,1
46,primary,30,2,basic,63.91640051408629,0,large,0
21,high_school,7,0,intermediate,58.693676091665736,1,medium,0
34,master,19,0,intermediate,55.86177081426225,0,large,0
52,master,36,1,intermediate,100.0,0,small,1
30,bachelor,17,2,basic,41.88427662549615,0,medium,0
58,bachelor,40,1,intermediate,43.30565479218571,1,large,0
56,high_school,34,3,intermediate,68.67110671839619,1,small,0
32,bachelor,12,0,basic,68.04898998402187,0,medium,0
46,master,26,2,intermediate,71.39529244789193,0,medium,1
46,master,24,0,basic,51.88182473898985,1,medium,1
28,bachelor,12,1,advanced,49.602912574424074,0,medium,0
49,high_school,28,2,advanced,60.71754756297315,0,small,0
19,high_school,0,1,intermediate,78.61421358346885,1,medium,0
31,bachelor,14,2,intermediate,49.73398357334646,0,medium,0
37,high_school,14,1,intermediate,67.26687225345876,0,medium,0
39,master,21,3,intermediate,57.316106913015226,0,small,1
28,high_school,7,1,intermediate,42.13278638067163,1,medium,0
44,high_school,23,1,basic,45.77888477496356,1,large,0
20,high_school,1,1,basic,78.65521670114104,0,medium,0
34,phd,13,1,basic,55.94250564815197,0,large,0
45,high_school,25,1,intermediate,83.65713020326515,1,large,0
46,bachelor,25,1,advanced,64.44128570166492,0,large,0
38,bachelor,21,5,intermediate,44.48260659178253,0,large,0
33,primary,12,1,basic,72.15798354446672,0,small,0
54,bachelor,40,4,basic,52.97988284814286,1,medium,1
37,bachelor,17,3,intermediate,59.347321655951234,1,small,1
23,bachelor,1,0,basic,81.99086199266195,0,large,0
36,master,14,0,intermediate,45.65482168513648,0,large,0
22,high_school,7,1,basic,58.2557714938198,1,small,0
20,primary,7,1,intermediate,48.747019960328615,0,medium,0
18,master,0,2,intermediate,47.14500612343474,0,large,0
55,high_school,32,2,advanced,57.90213217573781,1,medium,1
32,bachelor,18,4,intermediate,52.136453852659876,0,medium,0
51,master,28,0,basic,60.89139465362509,1,small,1
52,high_school,31,3,intermediate,74.58260091547703,0,large,0
42,bachelor,20,1,basic,53.737092476324776,0,small,0
41,high_school,20,1,intermediate,42.977259025063525,0,medium,0
29,high_school,10,1,basic,74.62213994016128,1,large,0
35,high_school,20,1,basic,53.636319457131016,1,medium,0
32,master,10,3,intermediate,92.41653502045534,1,large,1
33,high_school,20,0,basic,58.86505791918011,0,large,0
44,bachelor,21,2,intermediate,62.96037222432935,1,small,1
25,master,12,2,intermediate,30.43861552082376,0,large,1
42,bachelor,24,2,intermediate,47.57399456296575,1,small,1
34,bachelor,13,0,intermediate,30.812891747593966,0,small,0
46,bachelor,29,1,intermediate,69.41130981564069,0,large,0
25,high_school,7,0,intermediate,63.773048726208195,0,medium,0
32,bachelor,19,4,basic,74.45184815646283,0,medium,1
44,bachelor,27,1,advanced,77.11114963926858,0,small,1
24,phd,5,1,advanced,79.42207903226584,0,medium,1
20,master,0,1,advanced,61.62439719193048,0,large,0
46,master,25,1,intermediate,66.2811917086758,0,small,0
41,master,20,2,intermediate,73.68413032068246,0,large,1
20,bachelor,3,1,intermediate,53.07907970139233,0,medium,0
37,bachelor,16,0,basic,50.929813299301394,0,medium,0
32,master,19,1,basic,88.10100859614238,1,medium,1
42,high_school,23,2,intermediate,37.907536874315326,1,medium,0
47,phd,27,6,intermediate,72.50006127984294,0,small,1
31,bachelor,11,2,basic,70.11817574813529,1,small,1
24,bachelor,7,2,intermediate,48.15019138143141,0,medium,0
34,bachelor,11,3,basic,54.98235412308631,1,large,1
37,phd,20,1,intermediate,59.64738455014695,1,large,1
53,high_school,37,2,intermediate,68.25008428645698,0,small,0
26,bachelor,5,0,basic,70.27506903830113,1,large,0
55,bachelor,34,2,basic,64.53605683730542,1,small,1
39,high_school,19,2,basic,67.8258894820247,1,large,0
19,master,1,1,basic,74.89175402565557,1,large,1
41,bachelor,24,0,intermediate,74.19894844768501,1,large,1
25,bachelor,2,1,advanced,88.01459609722383,0,medium,0
28,high_school,8,1,intermediate,80.64703603763307,0,large,0
30,bachelor,13,1,advanced,65.26686985890372,0,large,0
34,bachelor,21,4,advanced,74.61023101384193,0,medium,1
25,bachelor,3,1,intermediate,71.35734717645595,0,large,0
38,high_school,15,2,basic,67.46609870533779,1,small,0
35,phd,12,1,advanced,51.97102352079907,0,large,1
47,bachelor,33,1,intermediate,67.43383811857605,1,large,0
35,bachelor,17,2,advanced,34.02126968860999,1,medium,1
48,bachelor,29,4,intermediate,81.08487776489653,1,small,1
55,high_school,32,2,intermediate,70.25521575055116,1,small,1
49,bachelor,35,0,advanced,62.61222449664896,1,large,1
28,bachelor,7,2,intermediate,58.68922584537869,1,large,1
42,bachelor,29,2,intermediate,74.8175382581563,0,large,1
50,bachelor,33,1,intermediate,92.56271120303217,1,medium,1
55,bachelor,40,0,advanced,70.62619844948658,0,large,1
58,high_school,40,0,intermediate,93.533717835791,1,large,0
25,bachelor,7,1,intermediate,76.76531323309948,0,large,0
28,high_school,7,2,intermediate,52.918962565380525,1,small,0
39,high_school,16,1,intermediate,72.31593879796301,1,medium,0
41,master,20,0,basic,70.85102134252513,0,small,1
58,bachelor,40,3,basic,52.91011821822749,0,medium,0
34,bachelor,12,2,basic,58.884104661379666,1,large,1
29,bachelor,16,2,advanced,58.58674561467834,0,small,1
49,master,30,0,intermediate,66.50338218740134,0,small,0
32,bachelor,16,4,intermediate,60.79941837274518,0,medium,0
33,master,14,3,advanced,69.03000268429295,1,medium,1
39,high_school,16,1,basic,71.46029379083409,0,medium,0
45,phd,24,3,basic,84.01502650570018,0,medium,1
37,master,18,0,advanced,73.23709688237233,0,medium,1
50,master,33,0,intermediate,54.47088772104114,0,small,0
27,high_school,8,3,basic,96.6665437160971,1,medium,1
57,high_school,40,0,advanced,54.56799148899866,0,small,0
49,high_school,30,0,intermediate,59.18611432510965,0,small,0
50,high_school,33,0,advanced,73.9624373051491,1,large,1
19,master,3,4,basic,100.0,1,large,1
50,primary,34,1,intermediate,71.02378177237576,1,small,0
50,primary,33,1,intermediate,55.37627191901116,0,small,0
58,high_school,37,0,intermediate,40.410103714153344,0,small,0
30,high_school,17,2,basic,39.412635749163854,1,medium,0
47,high_school,25,1,basic,65.16437281437645,0,medium,0
50,master,27,1,intermediate,73.17118654426613,1,large,1
30,bachelor,12,0,intermediate,43.70279994949168,0,small,0
43,primary,28,1,basic,68.32958302066389,0,medium,0
39,bachelor,18,2,intermediate,45.29641952629834,1,medium,1
56,bachelor,37,2,intermediate,51.13392745667733,0,large,0
19,high_school,4,2,intermediate,74.47622480923874,0,small,0
55,bachelor,40,2,intermediate,53.78560355346764,0,small,0
56,bachelor,39,2,intermediate,84.65122600110381,0,medium,1
43,bachelor,23,0,intermediate,56.23432906078841,0,medium,0
32,bachelor,19,2,basic,81.6416278252374,1,large,1
51,primary,29,2,basic,98.97822775666162,1,small,1
59,phd,37,2,intermediate,53.81477933044446,0,small,1
57,master,37,2,advanced,100.0,0,medium,1
28,master,5,2,basic,65.20229165791908,1,small,1
20,primary,0,2,intermediate,55.511490481212505,0,large,0
23,master,10,1,basic,60.55938338261033,0,medium,0
26,master,8,2,intermediate,58.94831952150869,0,small,1
23,master,5,1,basic,86.02685449828034,0,medium,0
26,primary,9,0,advanced,84.76756088705591,0,large,0
56,bachelor,37,1,intermediate,84.5895222743952,1,medium,1
48,phd,33,1,basic,45.50880637742978,0,medium,0
49,bachelor,27,0,intermediate,67.83954036208983,1,large,0
58,bachelor,36,1,basic,41.754585347678045,1,large,0
29,master,9,2,basic,80.16647799755452,0,small,1
25,bachelor,5,1,basic,57.74520039124297,1,small,0
25,bachelor,5,2,advanced,72.54617225859414,0,large,1
45,bachelor,22,0,basic,57.47212240119835,1,small,0
37,master,17,1,advanced,38.6622057788356,0,medium,1
24,primary,5,1,basic,78.27729867680834,1,large,0
28,bachelor,13,2,basic,79.4358671996353,1,medium,1
37,bachelor,16,3,advanced,67.09053683563796,0,medium,1
33,master,12,0,intermediate,33.328993318008415,0,large,0
21,bachelor,2,1,intermediate,76.255314668611,0,medium,0
23,master,9,0,intermediate,53.936178390906065,0,medium,0
39,master,21,3,basic,72.74864470448495,1,medium,1
43,primary,22,2,intermediate,57.64095801268772,0,small,0
20,bachelor,0,0,intermediate,59.18058252535596,1,medium,0
58,primary,40,2,basic,72.46426256992441,0,large,0
59,high_school,40,1,advanced,52.68642614106589,0,large,0
31,bachelor,8,4,intermediate,62.49973811158857,1,medium,1
28,master,6,0,basic,72.64398287474198,1,medium,1
35,master,14,2,intermediate,97.49673692474543,0,large,1
29,high_school,11,4,advanced,63.88296023008959,0,medium,0
40,primary,20,3,intermediate,77.59233972203364,0,large,0
29,bachelor,9,1,intermediate,47.42287778442524,0,large,0
30,bachelor,15,1,advanced,90.41949266509042,1,small,1
42,high_school,24,0,intermediate,52.879428617825454,0,small,0
36,master,14,0,intermediate,63.01712682525963,1,medium,1
53,master,36,1,basic,72.66823061167352,0,large,1
25,bachelor,4,1,intermediate,53.30128687045578,0,medium,0
46,master,31,0,intermediate,81.21362598721896,0,large,1
49,high_school,31,2,advanced,55.07288979113501,0,large,0
35,bachelor,19,1,basic,77.45935884741806,1,medium,1
23,bachelor,0,2,basic,81.01552960553832,1,medium,1
35,high_school,13,0,basic,73.67643334006623,0,small,0
36,master,18,0,intermediate,75.6264645176643,0,large,1
39,bachelor,18,0,basic,100.0,1,medium,1
54,bachelor,31,7,advanced,71.24816407492006,0,small,1
49,high_school,31,2,advanced,66.64758955618406,1,small,1
58,primary,39,3,intermediate,70.04349400588274,0,small,0
20,high_school,5,1,basic,84.06990077604388,0,small,0
45,bachelor,27,4,intermediate,99.93912928389548,0,medium,1
27,bachelor,8,1,advanced,62.50301382135378,1,medium,1
52,high_school,29,0,basic,51.314310119890315,1,medium,0
46,bachelor,23,1,intermediate,82.43824154855866,0,large,0
32,bachelor,19,1,intermediate,44.553677963371285,0,small,0
50,bachelor,27,4,advanced,68.86638167903678,1,large,1
24,bachelor,7,1,basic,69.56937648700828,0,large,0
29,master,11,0,basic,63.38994288204152,1,medium,1
47,bachelor,28,2,intermediate,64.27189734539454,0,small,0
38,bachelor,18,1,intermediate,40.212595910822074,1,medium,0
48,high_school,35,2,intermediate,51.97577939103004,0,large,0
41,high_school,28,1,basic,79.05636242160996,0,large,0
37,primary,21,0,intermediate,34.38096809101361,0,small,0
54,bachelor,40,1,intermediate,63.71008681395097,1,medium,0
21,high_school,5,0,intermediate,60.31151173912765,0,medium,0
45,high_school,26,2,advanced,35.113420181103294,1,small,1
37,master,17,0,advanced,90.38564673405533,0,small,1
41,high_school,19,0,intermediate,49.54597861699899,1,small,0
49,high_school,32,2,intermediate,73.23390069879896,1,small,1
58,high_school,39,0,intermediate,57.966535876504146,0,small,0
53,master,32,2,basic,52.32710331553019,1,medium,1
51,high_school,36,2,intermediate,61.460291518713696,1,medium,0
53,bachelor,38,1,basic,59.65468881177276,0,large,0
19,bachelor,6,1,basic,62.19899731024833,1,medium,0
32,bachelor,19,2,intermediate,53.19572323714591,1,small,1
51,bachelor,37,1,intermediate,49.79023135009691,0,small,0
53,master,40,1,intermediate,80.06684635969381,0,large,1
23,primary,7,1,intermediate,65.1040343328895,0,large,0
56,high_school,33,0,advanced,64.09529799582728,0,small,0
59,high_school,38,4,intermediate,51.62782909074729,0,small,0
29,high_school,7,0,intermediate,88.6159828569304,1,large,0
20,high_school,0,1,basic,63.688571359021736,0,medium,0
35,high_school,13,0,advanced,36.564362141829704,1,medium,0
57,bachelor,40,1,basic,69.13735471159994,0,medium,0
38,bachelor,22,1,advanced,53.53709246449372,0,large,0
32,high_school,9,0,advanced,78.66250943982314,0,small,0
50,bachelor,30,1,intermediate,80.576474366406,1,medium,1
52,high_school,33,2,advanced,78.8440065824584,1,small,1
43,high_school,29,1,intermediate,58.07889641714131,0,medium,0
25,bachelor,5,3,advanced,63.306524745814414,0,large,0
53,primary,37,0,intermediate,68.72908433070458,1,small,0
47,primary,25,1,intermediate,78.389919760059,0,large,0
40,bachelor,25,1,basic,49.43370217951245,1,large,0
59,master,37,1,intermediate,66.40138938710047,0,small,0
31,bachelor,9,2,advanced,93.0188440850232,1,medium,1
31,primary,9,2,advanced,56.969095952804025,1,medium,1
19,master,5,0,advanced,64.60893845633618,0,small,0
54,bachelor,38,2,basic,100.0,1,small,1
22,bachelor,1,0,intermediate,61.38145080543242,1,small,0
55,master,40,0,intermediate,41.9180891522597,0,large,0
58,bachelor,40,2,intermediate,64.13929057110104,1,large,1
31,high_school,17,1,intermediate,90.09394333187014,1,medium,0
56,bachelor,40,2,intermediate,80.85071899312199,0,medium,1
42,bachelor,25,1,intermediate,50.30463471198602,0,medium,0
37,bachelor,23,0,intermediate,71.23092070570118,0,large,0
19,bachelor,0,0,intermediate,62.36232723778366,0,medium,0
56,master,39,2,intermediate,77.18050592262463,0,small,1
23,master,10,2,basic,55.769038494193374,1,medium,1
34,master,18,0,advanced,72.41776554700098,1,medium,1
42,master,24,1,basic,93.65379235093909,1,large,1
45,master,27,1,intermediate,25.814504352286733,0,small,0
19,primary,0,3,basic,73.89338891357966,0,medium,0
52,high_school,33,2,intermediate,84.78600611120575,0,small,0
54,bachelor,40,0,advanced,41.65494526430669,1,large,1
22,master,0,2,basic,54.191047148405026,0,medium,0
18,bachelor,0,2,advanced,59.09444541227436,0,medium,0
57,bachelor,38,3,basic,54.0363477939679,1,large,1
29,high_school,12,2,basic,52.91279504866013,1,medium,0
53,high_school,33,1,advanced,59.37885621645829,1,small,0
40,bachelor,27,1,intermediate,77.77542264493177,0,large,0
48,high_school,30,1,basic,87.31478485280937,0,large,0
28,high_school,13,1,advanced,84.53981130681389,0,small,0
27,high_school,7,1,intermediate,79.90701260180609,1,large,0
20,high_school,7,1,basic,92.4817263968046,0,small,0
31,bachelor,13,2,advanced,95.4699146701662,1,medium,1
33,high_school,18,2,intermediate,67.49088675550874,0,small,0
27,bachelor,13,1,basic,86.46447883514568,1,large,1
46,primary,23,0,advanced,71.35878797782736,0,small,0
27,master,11,3,intermediate,61.75641434901857,0,large,1
29,high_school,6,2,intermediate,64.25346931444855,0,medium,0
47,bachelor,27,1,advanced,80.18776198748895,0,small,1
58,bachelor,37,3,advanced,86.9838674765094,0,medium,1
18,high_school,0,1,basic,73.70681547727644,0,large,0
22,master,5,2,advanced,59.05943172585063,0,medium,1
37,bachelor,22,3,intermediate,57.657816098947315,0,small,0
25,bachelor,10,1,intermediate,37.200732773211755,0,small,0
60,high_school,40,0,advanced,70.41401047915859,0,small,0
29,master,6,0,intermediate,69.39338890686393,0,small,0
18,master,4,0,intermediate,49.33043974237944,1,medium,0
37,high_school,14,0,intermediate,72.0965738082443,0,medium,0
45,high_school,30,3,intermediate,71.84500043699494,0,medium,0
60,master,40,1,basic,42.74431371296725,1,medium,1
54,bachelor,33,3,advanced,60.17384033376655,0,medium,1
54,master,39,0,advanced,86.13568577965769,0,large,1
29,bachelor,10,2,intermediate,55.502292139218,1,medium,1
54,bachelor,36,1,intermediate,65.26462523770478,0,large,0
45,high_school,22,1,basic,67.40685206545868,0,medium,0
32,high_school,9,0,advanced,64.6049570697197,1,small,0
23,bachelor,6,0,intermediate,75.33056073995594,1,large,1
37,phd,23,1,basic,79.02832555287499,0,large,1
31,high_school,15,2,advanced,83.96874036030727,0,medium,1
19,bachelor,6,1,advanced,60.29753107692444,0,medium,0
26,bachelor,10,1,intermediate,72.85799908393008,0,small,0
54,bachelor,37,1,basic,77.5974393092051,0,small,0
37,master,24,0,basic,63.22499852269807,0,large,0
43,master,28,5,intermediate,54.21257457325152,0,large,1
46,primary,23,1,intermediate,67.15367280582718,1,medium,0
18,phd,0,3,intermediate,55.914027026996834,0,medium,0
52,master,31,1,intermediate,54.43657859224145,0,large,0
23,master,4,1,intermediate,68.30200862230068,1,large,0
54,bachelor,34,1,intermediate,62.17525522665856,0,medium,0
22,master,2,0,advanced,67.63282842094733,1,medium,1
50,high_school,34,1,intermediate,41.73160147444665,0,medium,0
31,high_school,15,0,advanced,62.36679306145467,0,small,0
29,master,16,4,advanced,31.09602647290292,1,medium,1
59,high_school,40,2,basic,49.317947380453546,0,medium,0
37,primary,14,1,advanced,63.66599672802922,0,medium,0
41,master,27,1,basic,83.19683847135248,1,small,1
60,master,40,3,advanced,73.05276291750391,0,medium,1
51,high_school,28,1,intermediate,66.35415302326739,0,small,0
42,master,29,1,intermediate,59.34882542212184,1,large,1
46,bachelor,27,1,intermediate,61.24111308120128,1,small,0
56,bachelor,35,3,basic,84.58668796819309,0,large,1
48,master,27,1,basic,48.40477105744328,0,large,0
60,bachelor,40,0,advanced,54.1169260915769,0,large,0
40,high_school,18,0,intermediate,81.00133114800717,0,medium,0
55,high_school,38,1,intermediate,59.84109279947381,0,small,0
37,bachelor,17,1,advanced,94.08628979160238,0,medium,1
40,bachelor,21,2,basic,75.36049825958531,0,small,1
33,master,11,1,intermediate,82.32435595010858,1,small,1
59,master,40,1,intermediate,40.61558718796109,0,large,0
25,bachelor,10,2,basic,80.89139934174436,1,small,1
38,master,22,3,advanced,52.259154751266216,1,medium,1
18,high_school,2,0,intermediate,75.73646855362178,1,large,0
25,primary,3,2,basic,59.5444804900543,0,small,0
46,master,26,1,intermediate,68.342051278408,1,large,1
49,primary,33,1,advanced,48.40654577519592,0,medium,0
55,high_school,40,2,basic,39.191294011493355,0,medium,0
22,bachelor,0,1,intermediate,67.2583464568895,0,small,0
39,bachelor,23,1,advanced,60.59300161351536,0,medium,0
51,master,30,0,advanced,51.5930656497662,0,medium,1
18,high_school,2,1,intermediate,39.769250179884814,0,large,0
43,primary,25,2,intermediate,24.87418957647023,0,medium,0
60,high_school,40,0,intermediate,72.85338846177655,1,large,0
27,bachelor,5,1,intermediate,61.17402769590309,1,small,0
47,high_school,24,1,basic,55.9420254253374,0,large,0
35,bachelor,17,3,intermediate,68.19217257269746,0,medium,0
34,master,13,1,intermediate,80.2160639044432,1,medium,1
43,master,23,0,advanced,69.04349790380958,1,large,1
25,high_school,10,2,basic,58.3530646516568,0,large,0
57,bachelor,36,0,intermediate,96.98732742675031,1,small,1
29,bachelor,7,3,intermediate,55.463709762650396,1,large,1
44,master,22,3,intermediate,43.8555363911229,0,large,1
25,phd,3,0,intermediate,66.49723456579409,1,medium,0
42,high_school,24,1,basic,61.16658821434723,1,medium,0
21,bachelor,0,1,basic,79.20641364914118,1,large,0
50,high_school,37,0,intermediate,57.10566963387669,1,large,0
18,primary,1,1,advanced,62.52269140177726,0,large,0
36,primary,19,2,intermediate,52.01348373138602,1,small,0
48,bachelor,31,1,intermediate,77.11487782890885,0,large,0
33,bachelor,11,4,advanced,67.15354997276029,0,medium,1
31,primary,14,4,intermediate,60.872228558868734,1,medium,0
22,bachelor,8,2,intermediate,62.7501445085137,1,large,1
58,high_school,40,4,basic,64.68034251264692,1,large,0
43,bachelor,27,4,advanced,43.43958563619981,0,medium,1
45,high_school,23,2,intermediate,82.44062572362718,0,medium,0
19,high_school,0,2,intermediate,81.5604246761034,1,medium,0
23,bachelor,5,2,basic,65.6102058410401,0,medium,0
26,high_school,11,1,intermediate,64.00714329311367,1,medium,0
50,bachelor,32,2,basic,50.050129803426266,1,large,1
58,high_school,40,1,intermediate,90.91002443524556,0,small,0
42,bachelor,24,0,advanced,87.28181847501267,0,large,1
30,high_school,16,1,basic,70.91592100112578,0,medium,0
26,bachelor,12,1,intermediate,77.3007213000741,1,small,1
30,master,12,1,basic,83.45721451836779,0,small,1
48,high_school,33,4,intermediate,80.41205082381165,1,medium,1
58,bachelor,40,1,intermediate,52.157075428270986,1,medium,0
28,primary,11,1,basic,60.333102643662755,0,small,0
21,bachelor,0,3,advanced,72.02273278909199,0,medium,1
51,high_school,28,1,intermediate,68.04987398462677,1,medium,0
55,bachelor,35,0,advanced,76.29588603529515,0,large,1
21,bachelor,0,0,basic,74.65588104488334,0,small,0
55,master,34,2,intermediate,68.70456992397227,1,large,1
36,bachelor,19,2,advanced,25.943949402825396,1,small,1
23,bachelor,6,2,advanced,82.59254417436247,0,small,1
51,bachelor,30,2,advanced,77.58553723623443,1,small,1
35,master,13,1,intermediate,96.0382119337907,0,small,1
30,master,7,0,intermediate,57.837536216426294,1,small,1
58,high_school,40,2,advanced,37.35640805134759,1,small,1
40,master,26,2,basic,62.29327489460195,0,small,1
36,bachelor,15,4,intermediate,71.85020508315976,1,large,1
28,master,13,0,advanced,58.36941707210765,1,medium,1
18,master,0,0,basic,85.5769050213819,0,medium,0
41,high_school,27,1,basic,55.097907723780274,0,small,0
24,bachelor,6,1,intermediate,63.48672014804776,1,medium,0
42,high_school,25,1,advanced,61.31015109259783,0,medium,0
38,high_school,24,3,intermediate,100.0,0,large,0
32,high_school,14,3,intermediate,51.40883509823661,0,medium,0
18,bachelor,0,2,advanced,73.75597206780257,0,small,1
29,high_school,11,1,intermediate,46.98188742260051,0,small,0
24,primary,11,1,advanced,70.14447122671677,1,medium,1
32,bachelor,14,1,basic,50.682992299133005,1,medium,0
38,high_school,19,1,intermediate,81.49916847861459,0,medium,0
36,high_school,15,2,basic,78.62192923726472,0,medium,0
46,high_school,32,2,basic,69.0728038464582,1,medium,0
42,high_school,21,5,basic,44.12855792112824,1,large,0
50,bachelor,37,2,intermediate,64.2019354659671,1,small,1
49,primary,35,1,advanced,60.43793444782117,0,small,0
52,phd,35,0,intermediate,77.45589296370935,0,large,1
55,bachelor,39,3,basic,51.46267380740435,1,medium,1
43,high_school,22,1,advanced,82.32592221728669,1,medium,1
28,high_school,7,1,basic,79.51080602230157,1,large,0
52,bachelor,35,3,advanced,44.38398608743971,1,large,1
25,bachelor,11,0,advanced,61.70595379321234,0,medium,0
31,high_school,14,1,intermediate,64.22996795181685,0,large,0
27,high_school,14,3,basic,80.08921789039601,0,medium,0
19,master,4,0,intermediate,54.69768990304374,0,small,0
26,high_school,8,3,advanced,68.11406253901544,1,large,1
20,high_school,3,1,intermediate,81.48587778026541,1,large,0
38,master,25,5,basic,68.7690396939299,0,large,1
43,bachelor,29,1,advanced,37.14018582326325,0,medium,0
25,high_school,2,1,intermediate,57.582189173993704,1,large,0
19,bachelor,2,3,basic,78.5634860586033,0,medium,0
23,primary,1,1,advanced,76.690632029985,1,large,0
45,bachelor,28,2,advanced,31.259139952328674,1,small,1
46,bachelor,25,5,intermediate,68.01106685915235,0,small,0
43,master,28,2,basic,79.19006841023023,0,medium,1
42,phd,23,2,intermediate,73.08386732239578,1,medium,1
29,master,12,3,intermediate,74.8036249511813,1,large,1
22,master,6,2,basic,95.9347463074226,0,small,1
51,bachelor,29,4,advanced,64.34820290626705,0,large,1
54,high_school,40,1,advanced,69.57164817659968,0,large,0
32,bachelor,9,4,intermediate,50.907567326681026,1,large,1
53,bachelor,36,0,intermediate,55.47993315559495,0,medium,0
32,master,14,2,basic,60.02038643210649,1,large,1
60,high_school,40,0,intermediate,77.74588485267174,1,large,0
40,master,18,1,basic,53.78586830670386,0,medium,0
23,master,2,3,basic,83.51934634402551,0,large,1
60,phd,40,0,intermediate,48.60250652381235,0,medium,0
38,master,17,2,advanced,74.59407354382587,0,medium,1
40,high_school,18,1,intermediate,73.28099838364875,0,small,0
60,high_school,39,2,intermediate,68.86217130982457,0,large,0
33,high_school,15,2,basic,79.76957988570493,0,small,0
32,high_school,17,4,intermediate,53.86187947243687,0,small,0
42,bachelor,22,2,intermediate,58.008099457090985,0,medium,0
53,master,35,1,basic,50.54970187739295,1,small,1
28,master,5,1,basic,65.13518006449361,0,large,0
32,bachelor,14,3,basic,63.20086869654984,1,large,1
21,primary,0,2,intermediate,77.84682587753021,0,large,0
38,high_school,23,0,basic,70.80217535869,0,medium,0
30,primary,10,3,advanced,75.34125986578965,1,small,1
39,high_school,22,4,advanced,62.043063527211956,0,small,0
36,bachelor,16,0,basic,71.085117123675,1,large,1
51,primary,38,0,intermediate,92.19103126231865,1,small,0
31,high_school,13,0,intermediate,44.81686874195226,0,large,0
21,high_school,4,1,advanced,37.41358591086095,0,large,0
44,bachelor,22,2,basic,74.5536953364831,1,small,1
46,bachelor,32,2,intermediate,52.27185899653288,1,medium,1
45,bachelor,27,2,intermediate,44.27403077930031,0,medium,0
52,bachelor,36,1,intermediate,73.0086168476965,1,small,1
25,phd,7,1,basic,49.93435774782308,1,medium,1
33,high_school,11,4,basic,88.0858412765031,1,large,1
59,bachelor,39,5,basic,67.34704420964142,1,large,1
53,bachelor,30,3,basic,61.96091250958451,0,small,0
47,bachelor,30,0,basic,52.67629373826234,1,medium,0
35,master,19,1,intermediate,68.22782560746636,1,medium,1
19,high_school,5,2,intermediate,41.136179919948795,0,medium,0
30,bachelor,8,1,intermediate,27.975649592183856,0,medium,0
21,primary,7,1,basic,41.687689221805854,0,large,0
43,bachelor,24,3,basic,82.05785234792988,0,large,1
42,high_school,29,0,advanced,51.137912831374095,1,large,0
47,high_school,31,1,basic,43.48246600793533,0,large,0
28,bachelor,15,1,advanced,63.66797895993372,1,medium,1
24,bachelor,8,1,advanced,98.37031443485552,0,large,1
48,primary,29,1,basic,81.37841912991139,0,small,0
27,bachelor,11,1,advanced,52.99332879628011,0,large,0
56,bachelor,38,1,intermediate,52.72303842279991,1,large,0
30,high_school,11,1,intermediate,53.06067331828684,0,large,0
48,bachelor,35,2,advanced,51.346030545678126,1,medium,1
24,bachelor,4,1,intermediate,73.15689947157806,1,medium,0
59,bachelor,40,0,intermediate,59.9607727191073,0,small,0
59,high_school,39,2,intermediate,48.30290183978802,0,small,0
53,high_school,30,2,intermediate,44.95599316224275,0,small,0
37,bachelor,16,1,intermediate,99.5155041382003,1,small,1
21,master,5,1,basic,76.08119332065442,0,medium,0
24,bachelor,7,0,basic,52.158647908839754,0,medium,0
18,primary,1,0,advanced,83.18539201193931,1,medium,0
59,bachelor,40,1,basic,47.7141623879885,0,small,0
30,master,9,1,intermediate,62.9433425982506,0,medium,0
39,primary,24,1,intermediate,61.30153718522708,1,medium,0
38,phd,20,0,basic,67.73489250225133,0,medium,0
39,master,23,1,basic,50.868466917677125,0,small,0
45,primary,29,2,basic,66.92736873229558,1,large,0
26,master,5,0,intermediate,38.77430533685236,1,small,0
43,high_school,23,1,advanced,59.349021289718586,0,large,0
26,master,8,2,intermediate,85.02846154474537,0,medium,1
32,bachelor,10,1,intermediate,80.38028726924188,1,small,1
27,bachelor,14,0,intermediate,54.559788600654926,1,large,0
41,bachelor,24,1,advanced,42.11096175778304,0,small,0
59,master,37,2,intermediate,32.252826642307696,0,medium,1
25,primary,12,3,basic,74.26206284334538,0,medium,0
41,bachelor,22,0,intermediate,69.17584299022452,0,small,0
33,high_school,13,4,advanced,70.78509781957389,1,medium,1
43,high_school,28,1,intermediate,90.35904205339607,0,medium,0
44,high_school,22,2,advanced,67.29341367102764,0,large,0
54,bachelor,37,3,basic,68.4212318909742,0,large,0
21,high_school,4,0,advanced,44.03930612429397,0,medium,0
41,high_school,24,1,basic,89.35905603749528,0,large,0
36,high_school,13,1,basic,62.54063271855704,1,medium,0
53,primary,37,4,intermediate,52.746858684317395,0,large,0
56,bachelor,34,2,basic,68.11784965051201,1,large,1
27,phd,8,1,intermediate,95.00467418510549,1,medium,1
42,high_school,20,1,advanced,97.02798784654848,1,medium,1
35,master,16,0,advanced,50.44400636588497,0,medium,1
36,bachelor,19,3,intermediate,82.63057412030909,0,large,1
53,bachelor,35,1,intermediate,70.03597182405782,0,medium,0
27,bachelor,8,1,advanced,79.81388276370186,0,large,1
50,master,30,1,intermediate,69.15074463379852,0,medium,0
22,high_school,6,3,advanced,74.22327332121931,0,small,1
52,bachelor,39,2,advanced,84.8195787286815,0,small,1
51,bachelor,35,4,basic,38.762453886057486,0,medium,0
50,bachelor,27,0,basic,70.40560962975928,0,medium,0
38,master,24,3,intermediate,47.45731704077932,0,large,1
34,primary,12,2,advanced,58.04601050954233,0,small,0
39,bachelor,18,3,advanced,65.01456926680969,1,medium,1
54,bachelor,31,0,intermediate,49.882519214770824,0,medium,0
32,high_school,19,0,basic,56.27918305195027,1,large,0
52,high_school,31,2,basic,43.989253081488975,0,large,0
45,bachelor,31,1,advanced,56.100800588911866,1,medium,1
24,master,8,3,intermediate,72.67777266887234,0,medium,1
49,bachelor,29,1,intermediate,77.98178988078527,1,large,1
28,master,11,1,advanced,53.45931871626735,0,small,1
27,bachelor,10,0,advanced,84.91687006139372,1,medium,1
26,high_school,13,0,intermediate,73.66076336550083,0,small,0
31,primary,12,2,intermediate,86.50083607472659,1,small,1
30,primary,7,2,intermediate,38.43833185867888,0,medium,0
42,high_school,28,0,intermediate,69.66876313372168,0,large,0
19,high_school,0,2,intermediate,74.1681972214507,0,large,0
52,bachelor,35,2,basic,39.22213893514113,1,large,1
24,bachelor,5,0,advanced,100.0,0,small,0
38,primary,16,1,advanced,55.451561863774565,0,large,0
35,high_school,19,1,advanced,73.15788035654316,1,large,1
20,high_school,0,3,intermediate,78.9011627525382,0,medium,0
59,bachelor,40,2,intermediate,66.51774327331005,0,medium,0
56,high_school,40,1,basic,85.78742108690308,1,large,0
58,high_school,40,2,intermediate,94.9281980147803,0,small,0
28,master,6,0,intermediate,48.355825191162396,1,medium,1
56,master,40,2,intermediate,66.74219106836618,0,medium,1
41,high_school,22,0,basic,78.73515284165731,0,medium,0
36,bachelor,16,1,intermediate,40.504419298872264,0,large,0
21,high_school,0,3,intermediate,80.9640992602616,1,medium,0
43,master,27,3,basic,90.59803556186323,1,medium,1
55,bachelor,40,1,basic,84.2583029351506,0,large,0
59,high_school,38,4,intermediate,71.5766733052902,0,large,0
49,bachelor,29,1,intermediate,88.09189453199862,1,medium,1
56,high_school,36,0,intermediate,70.36176913001162,1,small,0
53,high_school,34,1,intermediate,45.20574877736935,0,small,0
57,high_school,36,2,basic,57.17158190934313,0,large,0
54,bachelor,39,3,basic,61.165638379758676,1,small,1
50,high_school,30,2,basic,64.04074439252854,1,medium,0
53,high_school,39,1,basic,63.586553655244394,0,small,0
20,high_school,7,3,advanced,59.92624517865167,0,medium,0
26,primary,13,1,basic,68.2826528594285,1,small,0
25,master,5,0,basic,87.56354456200255,0,medium,0
50,high_school,32,0,basic,68.21168771704914,0,large,0
23,primary,7,1,intermediate,74.43074722737236,1,large,0
58,bachelor,40,1,intermediate,32.091177607172675,0,small,0
56,master,36,1,basic,66.88965777136667,0,medium,0
21,master,1,0,basic,81.30252206990762,1,medium,1
30,bachelor,11,3,advanced,83.70275101946325,0,medium,1
19,high_school,5,3,advanced,82.17653697494845,0,large,0
22,bachelor,3,2,intermediate,69.55117357732534,0,small,0
44,bachelor,21,3,basic,71.20902847719472,0,small,1
49,high_school,33,1,intermediate,54.909181522329945,0,small,0
38,master,24,1,intermediate,77.67527514342326,1,small,1
25,high_school,6,0,basic,54.989092716014206,0,small,0
55,phd,34,1,intermediate,75.21341325692588,1,large,1
25,master,4,1,intermediate,65.62269414715877,1,small,0
20,bachelor,0,0,intermediate,65.22412378309284,0,small,0
20,master,3,2,intermediate,80.01862807994452,0,medium,1
39,bachelor,20,1,intermediate,73.41810415280227,0,large,0
23,high_school,0,1,intermediate,69.2389612618917,0,large,0
19,bachelor,0,3,intermediate,57.53409802903449,0,medium,0
40,primary,21,1,intermediate,89.03469852334749,1,small,0
19,high_school,1,0,intermediate,69.99445209660787,1,small,0
55,bachelor,38,3,intermediate,76.21080990561288,0,medium,1
34,high_school,15,2,advanced,66.2142066640556,0,small,0
52,high_school,39,4,intermediate,54.59401545729926,0,large,0
51,bachelor,29,2,intermediate,70.32418129151434,0,large,1
40,master,18,0,intermediate,56.06351203930407,0,small,0
47,primary,27,0,intermediate,71.56666711219168,0,medium,0
25,high_school,2,0,advanced,16.020480799758964,0,large,0
39,high_school,22,1,intermediate,58.9877907200868,0,large,0
53,bachelor,30,0,intermediate,64.78476964098228,0,large,0
22,high_school,1,1,intermediate,50.683574362056305,1,large,0
30,bachelor,16,0,basic,70.45673275877617,0,medium,0
46,high_school,29,0,intermediate,58.66664367476208,1,medium,0
48,high_school,35,0,basic,64.9113562179215,1,large,0
33,master,15,1,intermediate,56.72711477243089,0,medium,0
59,primary,40,1,intermediate,79.57866488828206,0,medium,0
47,bachelor,28,0,intermediate,73.18957755945176,1,large,1
33,primary,17,1,basic,69.46858935436515,0,large,0
29,bachelor,11,0,intermediate,65.92986252214588,1,medium,0
34,bachelor,14,1,basic,100.0,1,medium,1
33,high_school,20,1,intermediate,62.638853334739345,1,small,0
29,high_school,6,3,intermediate,54.54670441018132,0,large,0
25,high_school,3,1,advanced,47.4040871334265,1,small,0
37,bachelor,19,0,basic,78.58032669296531,1,medium,1
20,master,0,0,basic,89.46828228604869,0,medium,0
33,bachelor,12,3,advanced,52.27915960586586,1,medium,1
47,bachelor,30,6,basic,60.72654981725287,0,medium,0
40,high_school,23,2,intermediate,59.60854699608244,0,small,0
45,high_school,23,1,intermediate,63.13854759665349,0,large,0
57,high_school,40,1,intermediate,38.48341802742927,1,small,0
22,high_school,9,1,intermediate,77.10089290935517,0,small,0
37,high_school,14,1,basic,82.8536622225594,1,small,0
57,bachelor,40,3,advanced,36.43168244092906,1,medium,1
18,bachelor,4,1,intermediate,91.36902610468259,0,medium,0
47,master,30,0,basic,89.26307137872193,1,large,1
38,high_school,24,2,intermediate,18.952239729496306,0,small,0
37,bachelor,14,5,basic,32.40022664863116,0,large,0
23,master,2,3,intermediate,63.006052323685346,0,small,0
39,bachelor,18,1,intermediate,84.74060623049152,0,medium,0
35,high_school,21,0,basic,69.34656130918647,1,large,0
25,high_school,3,2,basic,65.32076550247344,0,medium,0
56,primary,40,0,basic,73.60493093099956,0,large,0
49,high_school,30,1,basic,52.87858686102575,1,medium,0
50,bachelor,30,0,intermediate,84.16039570042207,1,large,1
33,primary,15,2,advanced,63.44575031003874,0,medium,0
29,high_school,7,2,basic,40.50457971960296,0,medium,0
55,bachelor,35,1,basic,53.06783475415637,0,small,0
51,master,34,4,intermediate,70.5351295373658,0,small,1
31,bachelor,8,4,intermediate,60.65480972835235,0,medium,0
53,bachelor,40,3,intermediate,59.10103828201679,0,medium,0
50,high_school,29,2,advanced,68.04399106921,0,large,0
40,high_school,17,2,intermediate,70.37936664016871,1,large,1
19,high_school,0,2,basic,46.54428263977913,1,large,0
58,bachelor,40,0,basic,83.35237525333358,1,small,1
38,master,24,0,basic,63.033173661711515,0,medium,0
19,primary,0,0,intermediate,71.29529496813674,1,small,0
44,bachelor,24,1,intermediate,66.46072884488726,0,medium,0
26,high_school,6,3,basic,58.848248840666486,0,small,0
18,bachelor,2,1,advanced,78.67465573598417,0,medium,0
28,primary,7,3,advanced,66.21753810347805,0,medium,0
20,high_school,0,3,advanced,66.09976398054405,1,small,0
40,master,18,1,basic,27.66959438649088,1,large,1
43,bachelor,25,1,basic,77.29927981094629,1,medium,1
21,bachelor,6,0,basic,62.441995122838186,0,small,0
35,high_school,15,0,intermediate,76.32398599714222,1,large,0
23,high_school,10,6,intermediate,89.67441996271853,1,medium,1
52,high_school,34,1,advanced,77.35049857395944,1,small,1
39,master,19,2,basic,65.8122698964747,1,medium,1
60,phd,38,3,intermediate,60.703593273638155,1,large,1
32,bachelor,14,2,intermediate,100.0,0,large,1
39,high_school,22,1,basic,72.25077970712977,1,small,0
54,master,34,2,basic,68.14445132229609,0,large,1
59,bachelor,40,1,intermediate,62.25590181211797,0,medium,0
29,bachelor,12,1,intermediate,51.55164853543933,1,small,0
59,high_school,40,2,advanced,35.73969750461633,0,large,0
55,bachelor,39,1,advanced,87.8176443613277,1,medium,1
35,bachelor,22,3,advanced,53.30925399710067,0,medium,1
52,master,31,1,intermediate,62.14526670725121,0,medium,0
47,master,25,0,basic,63.40912285570129,0,medium,0
41,high_school,22,0,advanced,86.49661895818284,1,large,1
59,bachelor,37,1,advanced,53.50562141768425,0,medium,0
47,master,33,2,intermediate,68.86023127074938,1,small,1
31,high_school,12,2,intermediate,72.68245009361279,1,large,1
23,high_school,9,2,intermediate,44.233212768019236,0,small,0
20,primary,2,0,advanced,42.823037281175196,0,large,0
33,bachelor,17,5,basic,54.27470685542925,0,medium,0
24,high_school,6,2,intermediate,68.6550493711193,0,small,0
31,bachelor,11,0,advanced,66.74735271384249,0,medium,0
26,high_school,5,2,intermediate,63.213761550663826,0,medium,0
32,master,10,2,intermediate,74.7857899933662,1,small,1
38,high_school,15,1,advanced,52.14806582525806,1,small,0
52,high_school,30,1,basic,62.441827903459306,0,large,0
19,bachelor,0,1,basic,63.29686271547861,1,medium,0
44,bachelor,25,1,intermediate,52.55318573379847,0,small,0
19,high_school,4,1,basic,99.52542426920493,1,medium,0
52,high_school,29,4,intermediate,32.59343016877406,0,small,0
35,high_school,15,2,basic,83.61021248318397,0,small,0
31,bachelor,17,1,intermediate,77.00108319063888,0,small,0
37,master,20,1,intermediate,77.12431407282966,0,large,1
35,bachelor,22,1,intermediate,66.43772802172298,1,small,0
27,bachelor,13,2,basic,85.00367860083382,0,medium,1
42,bachelor,21,0,basic,58.274606043554925,0,small,0
19,high_school,3,2,basic,70.88658787242598,0,medium,0
42,phd,21,3,basic,66.09800638243078,0,medium,1
50,master,34,1,basic,61.51533642606645,0,medium,0
53,high_school,31,1,basic,66.82778009028169,1,medium,0
48,high_school,29,2,intermediate,50.768613675685785,0,medium,0
31,high_school,11,3,basic,55.039510997983676,1,large,0
18,high_school,5,2,intermediate,88.70470630094003,0,medium,0
33,bachelor,18,1,basic,100.0,0,medium,0
20,bachelor,0,1,advanced,72.79932994396525,0,large,0
52,master,39,0,basic,77.50337067971861,0,small,1
58,bachelor,39,0,intermediate,68.78047227786575,0,large,0
23,bachelor,9,1,intermediate,71.82581838448884,0,large,0
42,bachelor,27,0,intermediate,73.15687786556842,0,medium,0
30,primary,12,4,intermediate,80.5314264964181,1,medium,1
51,high_school,29,2,intermediate,88.0542472630803,1,small,1
25,bachelor,2,1,intermediate,51.733787921385336,0,small,0
38,primary,25,2,intermediate,100.0,0,medium,0
51,primary,28,0,basic,67.074034413857,0,small,0
21,master,4,0,intermediate,67.07894099304816,1,small,0
42,bachelor,20,3,advanced,58.806359864819754,0,large,1
32,high_school,15,0,intermediate,58.86376968573806,1,small,0
21,bachelor,0,1,intermediate,74.24556355594063,0,large,0
29,master,9,4,basic,74.55735009045951,1,medium,1
49,high_school,35,4,advanced,73.47835506854096,1,medium,1
49,primary,36,3,basic,58.17746505281737,0,large,0
45,master,25,0,basic,24.482251053457396,1,small,1
30,high_school,11,1,intermediate,38.06699601363023,1,large,0
48,high_school,34,0,intermediate,65.19931777441533,0,large,0
31,bachelor,8,1,advanced,70.03822006280387,0,small,1
37,master,20,1,basic,58.70456332704873,1,medium,1
35,high_school,22,0,intermediate,54.60646655109157,1,small,0
46,high_school,24,2,basic,69.45039813668006,1,large,0
23,high_school,10,0,intermediate,63.38553068073683,1,large,0
49,phd,36,5,intermediate,57.8526098262548,1,medium,1
46,high_school,24,0,intermediate,40.76741221319778,0,medium,0
60,bachelor,40,5,intermediate,52.34098103614233,0,medium,0
19,master,4,0,intermediate,78.98888675199794,0,medium,0
40,high_school,22,0,intermediate,50.56050787700528,0,medium,0
36,phd,23,1,intermediate,74.95481711991935,1,small,1
48,master,25,0,intermediate,85.79606147564517,1,small,1
22,master,0,2,intermediate,53.13406672799397,1,large,1
36,high_school,23,1,advanced,58.33019241421969,0,medium,0
51,bachelor,34,1,intermediate,79.81024957900763,1,medium,1
27,master,11,1,advanced,83.49247625459978,0,medium,1
42,phd,21,1,basic,55.32808050756649,1,medium,1
19,high_school,4,3,basic,40.68008234210993,0,small,0
28,master,8,3,intermediate,83.82314617381004,0,medium,1
48,high_school,28,2,basic,73.7578636517346,0,medium,0
32,high_school,11,1,intermediate,71.00944588809307,0,large,0
26,bachelor,10,3,basic,78.73388220932577,1,medium,1
40,master,25,0,advanced,47.22337097099036,1,small,1
36,bachelor,13,3,intermediate,70.8679855336885,1,large,1
26,bachelor,4,0,intermediate,60.72100211677021,0,medium,0
52,phd,29,2,intermediate,74.04133729515236,0,large,1
38,high_school,18,1,basic,76.98557552408845,0,large,0
26,bachelor,12,0,advanced,79.64829964543179,1,large,1
45,high_school,28,3,intermediate,73.97841463603332,0,small,0
24,high_school,7,0,basic,68.7602489723839,0,small,0
33,bachelor,15,2,advanced,69.26243856046051,0,large,1
33,master,20,3,intermediate,70.50146427532653,0,medium,1
50,bachelor,31,2,intermediate,55.63541223040462,1,small,1
21,master,8,0,advanced,59.44255378094543,0,small,1
21,primary,1,0,advanced,71.03504964122644,0,medium,0
56,high_school,40,2,advanced,74.75719978663145,0,large,1
57,bachelor,40,2,intermediate,55.23510705775966,0,medium,0
34,primary,21,1,intermediate,48.85052026962876,0,medium,0
54,high_school,40,3,basic,39.87051369033096,0,large,0
56,bachelor,40,2,advanced,46.079970601106126,0,large,1
46,primary,23,0,intermediate,56.90663955157648,1,large,0
53,high_school,35,1,intermediate,58.30077151976781,0,small,0
55,bachelor,33,1,advanced,60.75744833288846,0,large,0
56,bachelor,36,1,advanced,46.924723820965696,0,medium,0
54,master,35,0,advanced,37.81186463643604,0,small,1
52,bachelor,36,1,intermediate,66.89845072727303,0,medium,0
24,bachelor,6,2,basic,66.90452619223825,0,small,0
44,master,31,0,advanced,74.3200361257912,0,small,1
45,master,23,0,intermediate,77.22557026622704,1,large,1
39,high_school,20,2,advanced,70.88537107592191,0,small,1
31,high_school,12,1,intermediate,66.72001453292748,0,large,0
24,bachelor,6,1,advanced,78.14009092302993,1,medium,1
54,bachelor,31,1,intermediate,86.36088487589168,1,large,1
39,master,23,2,advanced,54.8498565771752,0,large,1
22,bachelor,1,2,basic,76.55391007184373,1,medium,1
19,bachelor,0,0,advanced,55.6373496930405,0,medium,0
44,phd,27,2,basic,68.28551616920006,0,large,1
38,bachelor,17,3,basic,81.04309550729249,0,medium,1
55,high_school,40,2,intermediate,60.894984010974156,1,small,0
32,master,14,1,intermediate,50.71884705058723,1,large,1
38,high_school,19,4,intermediate,58.11182016480443,0,medium,0
27,master,10,0,intermediate,50.70427678936247,0,small,0
40,phd,26,3,intermediate,48.8868081103077,1,large,1
56,bachelor,40,1,advanced,83.09860097045606,0,medium,1
22,bachelor,1,0,intermediate,72.98556252338112,0,medium,0
18,bachelor,0,2,intermediate,54.20669427705616,0,medium,0
30,high_school,10,2,intermediate,50.23412659322016,0,small,0
38,high_school,17,4,advanced,51.26889888272228,0,medium,0
43,bachelor,23,0,advanced,54.204098584408506,1,medium,1
38,master,21,2,basic,82.28987318142664,0,medium,1
35,bachelor,16,0,basic,63.34865039483806,1,large,0
54,high_school,34,4,basic,96.97421569099416,0,large,0
49,bachelor,31,4,intermediate,64.40391187954239,1,medium,1
53,master,36,2,intermediate,56.365327725888356,1,medium,1
34,bachelor,21,1,intermediate,78.91653834719074,0,large,0
52,bachelor,33,3,intermediate,39.94786421685366,1,medium,1
28,master,11,2,intermediate,67.82672531939525,1,medium,1
38,bachelor,17,3,basic,46.81738748940955,1,medium,1
43,bachelor,26,0,intermediate,32.268049850034416,0,medium,0
21,master,0,3,basic,63.23528428807603,0,large,0
51,high_school,33,0,advanced,77.52164377015033,0,small,0
35,phd,19,2,intermediate,68.20888950530001,0,medium,1
57,high_school,39,4,intermediate,66.40603059430228,1,large,0
52,primary,38,0,intermediate,26.018282437474355,0,large,0
58,master,40,0,intermediate,62.67554577431011,1,large,1
46,high_school,25,1,intermediate,62.82217010808629,1,medium,0
46,bachelor,27,1,basic,74.31892676376772,0,medium,0
55,master,40,2,intermediate,49.12802755419996,1,small,1
59,master,40,2,basic,77.44483591099598,1,medium,1
38,phd,20,2,intermediate,57.359334820876185,0,medium,1
59,high_school,40,4,intermediate,60.51050317318381,0,small,0
30,bachelor,8,0,intermediate,72.91909219558143,0,large,0
58,high_school,40,2,intermediate,47.15861532941062,0,medium,0
34,bachelor,19,3,basic,77.36309575997868,0,large,1
26,master,12,1,basic,44.68037753965487,1,medium,1
58,high_school,40,0,basic,74.82763238997964,0,medium,0
18,bachelor,0,0,basic,61.46793382084311,1,small,0
19,bachelor,4,0,intermediate,62.693453141187,0,medium,0
46,bachelor,26,2,intermediate,19.022918413742794,0,medium,0
50,phd,31,1,intermediate,56.13862429636274,0,large,0
27,primary,5,1,advanced,61.84666801050613,1,medium,0
57,bachelor,36,1,intermediate,88.22936398483566,0,medium,0
38,master,15,1,intermediate,64.46120426505554,1,large,1
45,bachelor,25,4,basic,55.20547666998808,0,medium,0
28,primary,6,0,intermediate,77.50487308307285,0,large,0
51,bachelor,29,1,basic,57.42254258702163,1,medium,0
25,high_school,2,1,intermediate,80.48318717606548,1,medium,0
39,high_school,25,0,advanced,68.92024084334793,1,medium,0
25,master,3,1,intermediate,51.506649930647,1,medium,0
32,bachelor,12,3,basic,79.06798308514948,0,small,1
34,master,16,2,advanced,74.01554324903421,0,medium,1
40,master,23,2,basic,78.4356113504034,0,medium,1
41,bachelor,24,3,advanced,62.2682565373343,0,medium,1
36,primary,19,2,advanced,74.01696703992977,0,medium,1
22,bachelor,2,0,intermediate,93.80732585694273,0,medium,0
49,high_school,30,2,basic,67.57101660937812,0,large,0
18,master,5,1,advanced,59.02036114826962,1,medium,1
40,high_school,19,0,intermediate,88.15939422252028,0,small,0
54,high_school,31,4,basic,75.00663487893804,0,large,0
25,bachelor,9,2,intermediate,58.242697240316765,0,medium,0
30,high_school,16,2,intermediate,91.02689900382055,1,large,1
25,high_school,12,1,basic,46.94874516054635,0,medium,0
40,bachelor,23,1,basic,72.93747030957556,0,large,0
60,primary,40,2,basic,82.1973299125886,0,small,0
18,primary,4,3,basic,81.0761745911072,0,small,0
41,high_school,21,0,basic,51.50046333539398,0,medium,0
52,bachelor,33,3,basic,46.391594571621596,0,large,0
41,bachelor,22,1,basic,68.44259500077571,0,small,0
34,bachelor,17,0,basic,75.57122419609841,0,large,0
22,bachelor,7,1,advanced,48.83061152207594,0,small,0
37,high_school,21,0,intermediate,69.52674229983644,0,small,0
38,master,21,3,intermediate,43.13770318727995,0,medium,1
57,primary,34,2,intermediate,80.91266467547206,0,medium,0
48,bachelor,34,1,basic,56.43076146621472,0,small,0
53,master,35,2,advanced,62.539597590351875,1,small,1
28,master,14,2,intermediate,77.96475640541384,1,small,1
32,high_school,17,0,intermediate,76.56805085421385,0,medium,0
36,high_school,19,1,advanced,72.109192653385,0,small,0
24,bachelor,1,0,intermediate,80.44223362558368,1,medium,0
45,primary,30,1,intermediate,71.13569898840687,1,small,0
60,master,39,3,advanced,86.71299172681718,0,medium,1
22,bachelor,7,2,advanced,39.33823850605033,0,large,1
22,bachelor,2,1,advanced,64.10649891554098,1,small,0
47,high_school,32,1,basic,63.46901248146141,0,medium,0
49,bachelor,33,3,advanced,61.715439103482055,0,small,1
25,bachelor,8,1,intermediate,72.46143195596831,1,large,1
27,master,7,0,intermediate,68.2099400279175,0,large,0
55,primary,40,2,basic,77.37230246724289,0,medium,0
49,primary,29,2,basic,47.24190364991183,0,small,0
45,high_school,22,2,basic,99.38317460550068,1,small,1
34,high_school,16,0,intermediate,59.13541834206437,0,medium,0
48,bachelor,28,1,basic,69.30134544464357,1,medium,0
25,master,11,0,basic,61.90637639646754,0,medium,0
57,high_school,36,1,advanced,66.21599976576212,1,medium,0
42,master,23,0,intermediate,56.976342479375106,0,small,0
26,primary,5,3,intermediate,68.08704520678653,1,medium,0
19,high_school,6,2,intermediate,73.70145106271701,0,small,0
32,primary,17,2,intermediate,28.973990457787465,0,large,0
20,high_school,2,3,basic,60.0717831141308,1,small,0
53,master,32,0,intermediate,59.501307294396085,1,small,1
21,primary,2,0,intermediate,99.81602766032297,0,medium,0
31,bachelor,15,2,basic,77.90106770151085,1,small,1
58,bachelor,40,1,intermediate,87.50089428577942,1,large,1
58,master,40,4,intermediate,73.37173801011787,0,large,1
42,high_school,23,2,intermediate,66.23536553244594,1,medium,0
27,high_school,8,3,basic,70.46236015363114,0,large,0
38,primary,15,0,intermediate,81.84461590042041,0,large,0
53,bachelor,31,1,intermediate,91.25177437167693,0,small,0
29,high_school,16,2,intermediate,69.53076762608025,1,large,0
44,master,24,2,advanced,55.656028995081996,0,large,1
57,bachelor,39,4,advanced,78.86861494952005,1,medium,1
19,bachelor,6,3,intermediate,52.20239158160643,1,large,1
30,bachelor,13,1,basic,70.85597006516842,0,large,0
49,primary,26,1,intermediate,75.21970576900237,0,large,0
48,bachelor,32,1,intermediate,63.3788599368839,0,small,0
33,phd,10,2,intermediate,51.42769422610487,0,small,1
49,master,34,0,advanced,58.18173235746568,1,large,1
49,master,29,1,intermediate,60.25368918000831,1,medium,1
51,master,34,1,intermediate,49.19611227919425,1,medium,1
28,high_school,15,1,basic,59.20855766443192,0,large,0
27,high_school,9,2,intermediate,43.22053869949427,1,small,0
32,primary,17,0,intermediate,73.86691912932908,1,medium,0
34,high_school,12,2,intermediate,70.00011080040059,1,medium,1
57,high_school,40,1,intermediate,68.9854750564581,0,small,0
35,bachelor,18,0,intermediate,59.211535716974424,0,medium,0
26,bachelor,13,0,intermediate,61.21926469273641,1,large,0
42,master,23,0,advanced,52.56581893694646,1,small,1
57,bachelor,40,1,intermediate,72.57756085206019,1,large,1
31,master,8,1,advanced,44.63239941272927,0,large,1
42,primary,29,1,intermediate,66.25646349492696,0,large,0
39,primary,26,3,intermediate,55.49453799833762,1,medium,0
47,bachelor,33,1,intermediate,91.35965573548388,0,large,0
37,high_school,22,4,intermediate,72.90173869971015,0,large,0
38,high_school,15,1,intermediate,64.99331865181287,0,large,0
49,high_school,30,4,intermediate,48.40965198979043,0,medium,0
38,high_school,22,2,intermediate,44.547213084864616,0,medium,0
52,bachelor,29,4,advanced,72.43700390535828,0,small,1
49,bachelor,32,0,basic,91.9819298041258,0,small,0
47,bachelor,25,3,intermediate,71.13430088966066,0,medium,1
56,bachelor,39,3,intermediate,67.62935783213824,1,medium,1
29,high_school,12,1,basic,67.84620141223662,1,medium,0
58,high_school,40,1,advanced,66.54527950034647,0,large,0
35,high_school,17,3,intermediate,68.05007101725307,0,small,0
38,high_school,18,0,intermediate,54.722613893989354,1,large,0
30,bachelor,13,2,intermediate,50.39649203591425,0,small,0
38,master,21,3,intermediate,66.63849852154087,0,medium,1
25,bachelor,5,4,basic,87.40126571459513,1,medium,1
57,high_school,35,2,intermediate,76.65545950062135,0,small,0
24,bachelor,11,2,intermediate,46.49865508591644,1,large,1
40,bachelor,25,1,advanced,61.17216107132576,0,medium,0
49,bachelor,33,0,intermediate,75.93494768328554,0,medium,0
28,bachelor,9,2,intermediate,87.75303933732687,0,large,1
39,bachelor,20,2,advanced,91.86931180526284,1,small,1
39,bachelor,16,3,advanced,61.83925610515729,0,medium,1
60,bachelor,40,0,intermediate,77.36346434288372,1,medium,1
42,high_school,27,1,basic,68.73907539262794,1,medium,0
39,bachelor,26,1,intermediate,63.20408349987669,0,medium,0
45,high_school,31,1,intermediate,65.93520024131213,1,large,0
46,primary,33,1,intermediate,66.11937916349345,1,medium,0
30,phd,14,0,basic,82.62745629506703,0,medium,1
35,phd,16,5,intermediate,43.932956374654,0,large,1
19,primary,5,0,intermediate,72.02219246040788,0,small,0
46,bachelor,28,0,intermediate,88.0912694004908,0,medium,0
38,high_school,24,1,basic,86.47681287463861,1,medium,0
32,bachelor,19,1,intermediate,73.53460166314682,1,medium,1
44,master,30,0,intermediate,53.64424385962183,0,medium,0
48,phd,32,1,basic,76.65167444726089,1,large,1
32,bachelor,14,1,intermediate,84.87410167940953,1,medium,1
40,high_school,26,2,basic,57.272894300570165,0,large,0
41,bachelor,21,1,intermediate,70.36416163321252,1,medium,1
30,high_school,9,3,intermediate,61.920951142575426,0,large,0
39,master,22,0,intermediate,55.79019209602932,0,medium,0
60,master,38,1,intermediate,60.27245067735224,1,large,1
54,bachelor,37,0,basic,66.9279586853383,0,large,0
50,high_school,27,1,basic,51.22645949426892,0,medium,0
20,high_school,6,1,advanced,48.76834902043012,0,medium,0
36,primary,17,6,intermediate,51.655909259395614,1,medium,0
40,master,25,2,advanced,69.9185112384346,0,medium,1
46,bachelor,23,0,advanced,43.012806309864466,0,small,0
47,high_school,31,3,advanced,31.745306994184666,1,large,1
56,bachelor,40,1,intermediate,85.5875573548128,1,small,1
42,master,27,1,basic,49.80167841841531,0,small,0
54,high_school,38,1,advanced,62.089863166451934,0,large,0
25,master,5,0,basic,78.83433434886646,0,medium,0
59,master,40,1,intermediate,43.426108544752935,0,small,0
33,master,10,1,advanced,43.408373666757115,1,medium,1
25,high_school,8,1,intermediate,55.51125300698946,0,large,0
18,high_school,0,1,basic,79.41957011037935,0,medium,0
22,high_school,3,2,intermediate,64.67530239513191,1,medium,0
20,high_school,0,2,advanced,64.87885817649153,1,medium,0
18,high_school,2,3,advanced,60.5686542211333,1,small,0
21,bachelor,7,3,intermediate,73.4320214071293,1,medium,1
57,bachelor,34,2,advanced,86.47769747263936,1,small,1
52,master,29,3,basic,100.0,0,medium,1
49,primary,28,2,basic,62.77871551757817,0,medium,0
59,bachelor,40,1,intermediate,87.88921797721537,1,medium,1
51,master,35,0,basic,79.98897209574228,0,medium,1
60,master,40,2,intermediate,69.00491532631153,1,medium,1
42,master,23,2,basic,31.850096789139926,0,medium,1
27,bachelor,11,0,intermediate,59.33169254709988,0,medium,0
38,master,16,2,basic,59.9260511116557,1,medium,1
56,high_school,40,1,basic,70.38201239033363,0,medium,0
44,bachelor,31,2,advanced,62.03799836610612,1,large,1
44,primary,22,3,basic,56.552016123737054,0,medium,0
19,primary,5,2,basic,95.45014917265252,0,large,0
58,high_school,39,1,basic,84.62265781371075,0,medium,0
30,high_school,17,0,advanced,34.65764678012898,0,medium,0
26,high_school,6,2,intermediate,60.78368927722218,0,large,0
53,high_school,30,3,intermediate,74.46384279059227,0,large,0
39,primary,20,2,basic,84.96360072517858,0,medium,0
59,master,40,1,intermediate,58.70034862853708,0,large,0
43,primary,20,3,basic,61.76944354616759,1,medium,0
29,bachelor,7,1,intermediate,66.4217670569993,1,large,0
34,high_school,19,2,intermediate,74.9277120525889,1,small,1
31,master,12,1,advanced,41.96694670202233,1,large,1
31,master,14,3,basic,34.76933231043602,0,medium,1
51,bachelor,29,2,intermediate,83.81825480933767,1,small,1
37,bachelor,20,4,basic,50.148878618049594,0,large,0
28,primary,11,2,intermediate,96.83989327954365,0,large,0
33,phd,16,3,basic,52.0464109567001,0,large,1
48,master,29,2,advanced,62.225633744766235,1,medium,1
23,master,8,1,basic,70.52899661616388,1,large,1
36,bachelor,14,4,intermediate,33.02064721831144,0,medium,0
54,high_school,34,2,basic,100.0,0,large,0
21,master,0,2,intermediate,59.07504734551999,0,medium,0
21,high_school,5,1,intermediate,52.4223222563126,1,large,0
37,bachelor,24,3,basic,47.5044875075714,0,large,0
27,primary,4,3,advanced,70.42630220660297,0,medium,0
41,master,26,2,intermediate,69.36281547586202,0,large,1
52,high_school,33,1,basic,48.010553204503495,0,small,0
43,high_school,30,3,intermediate,44.42087560945036,0,medium,0
54,bachelor,33,1,intermediate,80.82884409500306,0,medium,0
55,master,40,1,intermediate,55.164388649008195,0,large,0
38,bachelor,18,1,intermediate,39.18475594082925,0,medium,0
57,high_school,34,0,basic,62.78117358367129,0,medium,0
56,primary,35,0,advanced,58.97410621317255,0,large,0
38,master,25,2,basic,94.25044884050416,0,small,1
27,phd,11,2,basic,57.16722826273537,0,medium,1
55,master,33,2,intermediate,60.37660960584529,1,large,1
21,bachelor,0,1,basic,68.29184277765798,1,medium,0
37,master,22,1,basic,56.43697236454618,0,small,0
34,bachelor,15,3,intermediate,71.61435256335697,0,large,1
24,bachelor,5,0,advanced,49.74692035324494,0,medium,0
21,bachelor,0,2,basic,61.410308419194656,1,small,0
46,bachelor,28,1,intermediate,71.10220871858589,1,small,1
31,master,15,1,basic,82.06456108246272,0,large,1
20,bachelor,2,2,intermediate,56.20719257589907,1,medium,0
41,high_school,24,3,intermediate,56.028098822152,0,large,0
54,high_school,34,1,intermediate,88.1184737481352,1,medium,0
33,primary,11,4,intermediate,56.72269563058719,0,large,0
21,bachelor,0,2,intermediate,64.14887768484704,0,large,0
41,high_school,23,1,intermediate,90.69129150357632,0,medium,0
51,high_school,36,4,intermediate,66.0118605602753,0,large,0
47,bachelor,33,1,intermediate,61.28366887259137,0,medium,0
35,bachelor,16,2,intermediate,62.40259950187097,0,small,0
36,master,14,1,advanced,53.893219966252076,0,small,1
48,bachelor,25,0,advanced,71.76174965200568,0,large,1
36,master,15,1,intermediate,51.13966201450675,0,medium,0
36,master,16,1,advanced,76.67763267842776,1,small,1
39,master,22,1,intermediate,65.22823267812883,0,medium,0
41,bachelor,26,2,basic,68.53210578370846,1,large,1
29,high_school,13,1,intermediate,90.94552130797003,0,small,0
47,phd,32,1,basic,43.2638142151259,0,medium,0
55,high_school,38,3,intermediate,65.3663298752167,0,large,0
48,high_school,34,0,intermediate,74.57122567091896,0,large,0
53,bachelor,37,2,basic,55.756495145958226,1,small,1
36,primary,20,1,intermediate,79.2667440880833,0,medium,0
53,phd,30,0,intermediate,56.82970689814988,0,medium,0
47,bachelor,32,1,basic,69.37434597074277,0,medium,0
50,bachelor,28,1,basic,63.14758437309456,1,small,0
35,bachelor,22,1,intermediate,67.42677650118353,1,large,0
45,bachelor,28,2,intermediate,66.10923094992214,1,medium,1
28,primary,14,0,advanced,64.52051463679346,0,small,0
50,bachelor,36,0,advanced,57.89799400250376,1,large,1
34,bachelor,15,1,intermediate,55.02942816333726,1,medium,0
23,bachelor,3,2,intermediate,69.73978749434306,0,small,0
21,master,0,0,intermediate,65.79059200976772,0,medium,0
37,high_school,14,1,basic,54.61853136832568,1,small,0
44,high_school,23,1,intermediate,70.15076244020842,1,large,0
32,high_school,9,0,intermediate,58.06169989626962,0,small,0
23,high_school,7,3,intermediate,88.33159994468411,0,large,0
31,master,10,2,intermediate,100.0,0,small,1
28,master,15,1,intermediate,85.83570271040313,1,small,1
56,high_school,40,1,intermediate,84.99986802313082,1,medium,0
26,bachelor,4,1,basic,77.21251069429788,0,large,0
43,bachelor,25,4,intermediate,61.85252672609189,1,large,1
33,high_school,13,3,intermediate,36.51409426206325,1,small,0
22,high_school,9,3,intermediate,49.62491135543129,0,medium,0
27,phd,14,2,intermediate,54.84890788285528,0,medium,1
20,bachelor,0,4,intermediate,83.11605679283377,0,small,0
30,phd,8,0,intermediate,68.84197914922277,0,medium,0
60,high_school,38,0,intermediate,55.107148200073325,1,large,0
47,bachelor,34,0,intermediate,37.322204885977904,0,small,0
23,high_school,5,1,basic,99.77220392704899,1,medium,0
34,high_school,15,0,basic,72.99970333944462,0,small,0
36,bachelor,21,3,intermediate,78.62764750142685,0,medium,1
59,high_school,39,1,advanced,56.965091400144914,0,medium,0
52,high_school,33,2,basic,62.92081594005815,0,large,0
43,high_school,20,3,intermediate,59.84201817790098,0,large,0
22,primary,0,4,advanced,65.96505108442244,0,large,0
46,bachelor,25,0,basic,92.6868074364352,0,large,0
54,bachelor,35,0,basic,46.935783241158276,0,medium,0
37,primary,18,0,advanced,64.38103767053602,1,small,0
38,high_school,18,1,basic,70.41311796876764,0,large,0
27,high_school,13,2,intermediate,63.247740905792334,1,medium,0
22,bachelor,1,0,intermediate,79.92987272748248,0,medium,0
53,primary,38,1,basic,38.965333662446525,0,small,0
23,master,0,3,basic,93.25653565248152,1,medium,1
43,primary,25,2,intermediate,44.44221190620452,0,large,0
21,high_school,4,2,intermediate,48.0483849585126,1,medium,0
56,master,40,1,basic,58.25820244217478,0,large,0
56,bachelor,36,0,intermediate,55.28621063582472,0,small,0
52,primary,38,1,intermediate,71.36755184733387,1,medium,0
18,master,0,1,intermediate,69.63037742358048,1,small,0
41,bachelor,25,1,intermediate,66.70335492795854,1,medium,0
53,master,38,5,basic,43.73177423006317,0,medium,1
23,bachelor,0,2,intermediate,62.90821362829181,0,small,0
58,bachelor,40,1,intermediate,65.29598843331668,0,medium,0
48,phd,34,2,intermediate,83.48411594175337,1,small,1
37,high_school,22,4,intermediate,67.99165324662796,1,medium,0
41,bachelor,24,0,intermediate,70.73986147392978,0,large,0
42,bachelor,19,1,intermediate,94.43742272823448,0,small,0
53,primary,36,1,intermediate,47.5983994859629,0,medium,0
38,primary,19,0,advanced,59.178385499033475,1,small,0
47,high_school,33,0,advanced,47.96225194953965,1,small,0
41,bachelor,24,2,intermediate,89.09779097672853,0,medium,1
59,bachelor,40,0,intermediate,90.12265490806367,0,medium,0
47,bachelor,31,4,intermediate,87.9278902936834,0,large,1
39,primary,21,4,basic,73.21095744846198,0,medium,0
45,bachelor,23,2,intermediate,70.70752562657451,0,small,1
24,master,8,4,intermediate,58.12937806982453,0,small,1
52,high_school,32,0,advanced,76.5414985495593,0,small,0
45,bachelor,29,0,advanced,45.77948255420746,1,large,1
31,master,14,2,intermediate,45.728298025156406,0,small,1
27,master,7,3,intermediate,58.70191436852829,1,small,1
33,bachelor,17,0,intermediate,93.3050150965943,0,small,0
33,master,20,2,intermediate,57.298170232755595,0,medium,1
48,high_school,35,1,advanced,59.324318665181366,0,medium,0
59,master,40,1,intermediate,69.3165825208975,0,small,0
42,high_school,20,2,intermediate,78.47919595527625,0,large,0
30,high_school,15,1,basic,83.78031108816617,1,large,0
23,primary,5,0,intermediate,48.194356622785236,1,medium,0
26,master,9,0,intermediate,63.54987728051691,0,medium,0
53,bachelor,39,3,basic,68.36770278843963,0,small,0
60,high_school,37,0,intermediate,69.8714829807185,1,medium,0
37,high_school,16,2,basic,77.98690349668895,0,large,0
35,master,21,1,advanced,77.30125983745218,0,small,1
60,master,40,1,intermediate,65.38241759547877,0,large,0
38,bachelor,21,0,intermediate,82.28568768165115,0,large,0
21,bachelor,0,1,basic,79.53177551313948,0,large,0
50,bachelor,35,0,intermediate,78.32572886310243,0,medium,0
44,high_school,25,1,basic,57.06787206921719,0,small,0
24,master,3,1,intermediate,75.69346658783012,0,medium,0
23,high_school,6,3,advanced,83.05351512170516,0,medium,1
32,bachelor,18,0,basic,57.29225439953664,0,small,0
35,high_school,19,2,basic,66.97338444537127,1,medium,0
49,bachelor,35,0,basic,88.47119285846863,1,large,1
28,bachelor,14,0,intermediate,70.9473553574623,1,medium,1
37,bachelor,16,2,advanced,63.68222117854836,0,small,1
41,high_school,24,2,intermediate,86.92405453142659,1,medium,1
32,bachelor,15,2,intermediate,57.94251345026262,1,medium,1
24,high_school,4,0,basic,39.55811523476696,1,large,0
38,high_school,24,1,intermediate,53.31248396129812,1,small,0
59,primary,40,4,basic,82.04014100820103,0,medium,0
43,master,20,1,intermediate,72.81040497000367,0,large,1
31,bachelor,8,2,intermediate,66.02167239423,0,small,0
54,bachelor,35,1,intermediate,80.91694279050763,1,medium,1
38,bachelor,17,2,intermediate,67.5028791444144,0,small,0
35,bachelor,21,4,intermediate,61.664930440177734,1,medium,1
22,bachelor,7,2,basic,77.526807140826,1,large,1
20,high_school,1,1,advanced,59.26962218872396,0,medium,0
40,high_school,23,2,advanced,72.35369253157174,1,medium,1
43,bachelor,20,2,intermediate,53.079019680476215,1,small,1
54,bachelor,32,0,basic,49.181783503993,1,medium,0
41,master,28,2,intermediate,52.01408836256796,1,small,1
36,master,16,1,advanced,64.60903012470017,0,medium,1
42,high_school,27,1,basic,55.2807147364393,0,medium,0
38,high_school,19,1,advanced,55.70187512825382,0,small,0
29,bachelor,10,2,intermediate,62.698375884748444,1,large,1
58,high_school,40,2,advanced,63.91669342760795,1,small,1
50,primary,34,2,advanced,41.73423257393256,0,large,0
21,master,0,2,basic,27.16365151724832,1,small,1
59,high_school,40,1,intermediate,70.99952288842583,0,large,0
24,master,1,2,basic,67.08831766274619,1,medium,1
39,bachelor,25,2,basic,44.44647548364466,1,large,1
50,master,37,4,intermediate,71.54417443558224,0,large,1
34,high_school,21,0,advanced,71.51678174360634,0,medium,0
41,high_school,26,1,advanced,60.46681305648625,0,medium,0
51,bachelor,30,0,basic,94.39049468167275,1,medium,1
45,high_school,23,2,basic,84.03817488865457,0,large,0
60,high_school,40,2,intermediate,59.01393057842031,0,medium,0
58,high_school,38,1,basic,59.293684020234565,1,medium,0
56,high_school,35,0,basic,43.13178997768557,0,small,0
39,high_school,17,3,advanced,83.37088790220247,1,large,1
34,master,15,3,advanced,68.70230079396478,0,small,1
51,high_school,31,1,advanced,77.34591466235533,0,small,0
23,primary,4,0,intermediate,32.99072790794105,1,small,0
23,bachelor,7,2,intermediate,76.66292994174542,0,large,1
51,phd,38,1,intermediate,57.35529891194062,0,medium,0
18,high_school,0,1,basic,73.76456485907897,0,small,0
27,high_school,12,1,advanced,72.8183640452313,0,medium,0
38,bachelor,24,0,basic,64.69030802854718,1,small,0
22,master,0,2,intermediate,54.539959939020534,0,medium,0
19,master,3,1,intermediate,70.98292415969219,0,large,0
39,bachelor,20,3,intermediate,52.46133025654883,1,small,1
19,high_school,0,1,intermediate,80.7586085052897,0,small,0
27,bachelor,11,3,basic,54.17525935106764,1,small,1
51,primary,32,3,intermediate,65.34115249642288,1,medium,0
33,bachelor,19,3,intermediate,53.8131076175128,0,small,0
56,bachelor,40,5,intermediate,67.38104499409755,0,large,0
39,phd,18,4,advanced,49.523590674920534,1,large,1
29,high_school,12,1,basic,52.862839924894104,0,small,0
41,primary,21,1,intermediate,99.41794262945359,0,small,0
57,bachelor,40,0,advanced,77.66325919073877,1,medium,1
55,bachelor,40,2,intermediate,70.54174141207032,1,large,1
27,master,13,2,advanced,72.71175448070248,1,large,1
52,high_school,34,1,intermediate,69.58460982918598,0,medium,0
49,high_school,35,2,intermediate,63.666619518962506,0,large,0
24,bachelor,8,1,advanced,76.35080275352286,1,small,1
38,high_school,15,0,advanced,52.595229558396646,1,small,0
37,master,15,1,advanced,88.93302974041899,1,large,1
43,bachelor,27,1,basic,66.80502501430065,0,medium,0
21,master,4,3,intermediate,77.02557903378879,0,small,1
39,bachelor,25,2,basic,88.60073863491655,0,small,1
32,master,17,1,basic,72.36811205376786,1,small,1
57,high_school,35,1,intermediate,52.84267602147366,1,medium,0
38,master,22,1,advanced,83.2931628706423,1,large,1
32,high_school,14,4,intermediate,90.44285916303667,0,medium,0
39,bachelor,16,1,advanced,35.802167555870284,0,large,0
45,high_school,25,2,advanced,63.4718904033667,1,medium,1
31,bachelor,9,1,basic,69.37157396139727,1,small,0
44,high_school,27,0,basic,61.03917607680379,0,large,0
58,high_school,40,2,basic,46.31086695956025,0,medium,0
57,phd,39,2,intermediate,51.754196663164386,0,medium,1
45,high_school,25,3,basic,37.263137587591544,0,small,0
43,master,24,0,intermediate,79.32663021198559,1,small,1
19,phd,6,0,basic,85.60335348128208,1,large,1
42,primary,19,0,basic,85.39442409127176,1,medium,0
20,bachelor,0,1,intermediate,64.55644946787855,0,medium,0
25,high_school,11,1,intermediate,69.07875360979294,1,large,0
50,primary,29,3,advanced,81.0488479874634,1,large,1
59,bachelor,40,3,advanced,61.506710018326345,1,small,1
52,master,34,2,advanced,50.76077506330883,0,large,1
23,primary,3,4,basic,56.439247246794324,0,small,0
56,bachelor,35,1,intermediate,67.63321804987696,1,large,0
40,bachelor,20,1,intermediate,54.29542316613864,0,large,0
42,master,26,1,basic,72.09945354357103,1,medium,1
60,primary,40,1,intermediate,44.67344727544554,1,medium,0
36,bachelor,23,1,intermediate,61.3602018296372,0,medium,0
22,bachelor,0,2,intermediate,71.08324506944406,0,medium,0
28,bachelor,9,1,basic,66.98767546157994,0,small,0
29,master,13,0,advanced,53.973177308571415,1,small,1
27,master,14,1,intermediate,76.02571602232352,1,large,1
25,primary,5,1,basic,68.9373387536955,0,medium,0
41,bachelor,19,1,advanced,33.66505167685269,0,medium,0
45,high_school,24,0,advanced,71.82976536961418,0,medium,0
58,high_school,40,0,advanced,58.667037090207536,0,large,0
53,bachelor,38,0,intermediate,57.125527204403404,0,medium,0
54,high_school,37,2,intermediate,52.551115711037646,0,small,0
38,bachelor,17,1,intermediate,49.954588739299965,0,medium,0
25,phd,6,1,intermediate,68.09874840889448,1,large,1
26,primary,5,1,advanced,73.19039220747399,0,large,0
32,master,18,1,intermediate,67.29758518909497,1,large,1
57,bachelor,37,1,basic,79.24180230034662,0,medium,0
35,bachelor,19,1,intermediate,73.72106897854803,0,large,0
59,master,38,0,intermediate,34.89556902426539,0,medium,0
37,high_school,16,2,advanced,51.25220124490406,1,small,1
23,bachelor,10,1,basic,82.82628832203436,0,medium,0
29,bachelor,16,2,intermediate,45.959246454425696,1,large,1
19,high_school,3,1,intermediate,23.974579881428483,0,large,0
24,master,10,2,basic,92.47175046595208,1,medium,1
33,master,19,5,intermediate,69.44918795798867,0,small,1
20,high_school,3,2,intermediate,54.75414799413144,1,medium,0
20,high_school,3,2,intermediate,52.27401340189022,1,large,0
44,bachelor,30,2,basic,74.44109237564068,1,small,1
60,primary,38,3,advanced,72.16996820753293,1,large,1
57,bachelor,40,2,advanced,69.90803509922172,0,small,1
55,high_school,40,1,basic,62.168757030401274,1,large,0
50,bachelor,37,1,intermediate,45.79125391481125,0,medium,0
45,primary,31,3,basic,64.4605278869118,0,small,0
18,high_school,0,2,intermediate,80.97717544927714,0,small,0
25,bachelor,8,1,basic,56.87073511699516,1,large,0
54,bachelor,34,3,intermediate,74.01603174194831,0,medium,1
49,phd,33,1,advanced,58.93053111400877,0,medium,1
60,master,40,2,basic,77.01866210769272,0,small,1
54,high_school,36,0,intermediate,50.30080554805574,1,small,0
21,primary,0,3,basic,65.20531432190822,1,medium,0
47,master,29,1,intermediate,71.84710644507636,0,large,1
23,master,5,3,basic,54.868242241085014,0,large,0
36,master,15,1,intermediate,70.43920077082127,1,medium,1
49,high_school,36,2,intermediate,64.55672403881313,0,medium,0
26,phd,6,0,basic,64.33766521977314,0,medium,0
29,high_school,7,0,advanced,54.83369320398266,0,medium,0
28,bachelor,5,3,advanced,79.96013842438029,1,small,1
33,master,11,2,advanced,50.823060211059754,0,large,1
18,high_school,1,1,basic,69.19647110956089,0,medium,0
38,master,24,2,basic,52.26187974009344,0,small,1
47,high_school,28,2,intermediate,64.00743428149772,1,large,0
30,phd,15,2,advanced,74.64294142714228,1,large,1
51,high_school,30,0,intermediate,60.667230385375596,0,large,0
21,phd,0,1,intermediate,18.85705813331259,1,large,0
45,primary,25,3,advanced,44.8295603194309,0,small,0
55,bachelor,33,2,basic,32.630031247587326,0,large,0
48,bachelor,35,3,advanced,66.01865163148682,0,large,1
44,bachelor,27,1,advanced,64.92481521419813,1,medium,1
22,high_school,8,1,advanced,59.74063863649983,0,large,0
42,bachelor,24,1,basic,55.60315417681645,0,medium,0
20,high_school,4,3,intermediate,68.31697802960473,1,large,0
50,bachelor,31,2,intermediate,43.290213189142506,1,medium,1
21,high_school,0,3,basic,79.34084219717201,0,medium,0
42,phd,22,1,intermediate,66.12680033159731,0,medium,0
37,primary,14,1,intermediate,50.82807035933482,1,large,0
51,high_school,29,0,intermediate,58.72370788329299,0,medium,0
43,high_school,23,3,intermediate,63.02999491541421,0,large,0
22,bachelor,4,2,basic,44.28819075910663,0,small,0
52,high_school,32,2,advanced,75.06316988985293,0,large,1
45,bachelor,25,2,advanced,79.48206243355591,0,medium,1
46,master,33,1,intermediate,66.76120660270281,1,large,1
26,bachelor,12,1,basic,79.10822469628584,0,medium,0
55,bachelor,40,2,intermediate,100.0,1,large,1
23,primary,1,4,basic,36.82409997815907,1,medium,0
36,bachelor,21,0,intermediate,65.77859460391481,0,large,0
28,high_school,14,2,intermediate,44.853234999707915,0,medium,0
19,master,3,1,advanced,88.41075629988745,0,large,1
26,high_school,10,0,basic,68.69463680482706,0,large,0
38,bachelor,19,1,basic,54.528570812563004,0,medium,0
41,high_school,20,3,advanced,61.09463848682119,0,medium,0
51,master,33,1,advanced,85.04449649108005,0,medium,1
39,high_school,24,1,intermediate,71.7842702618746,0,small,0
20,bachelor,4,4,basic,73.6838011299271,1,medium,1
29,high_school,12,1,intermediate,87.32119094716077,0,large,0
45,bachelor,32,1,intermediate,79.31557320268803,0,medium,0
47,master,31,1,advanced,81.86011350804966,0,large,1
43,bachelor,23,2,intermediate,63.10496292751779,0,medium,0
38,bachelor,20,0,basic,31.19173209861117,1,small,0
45,master,26,2,intermediate,66.55345192035612,0,medium,1
43,bachelor,21,2,basic,55.03312669828747,0,large,0
50,bachelor,34,1,basic,76.82877378027949,1,medium,1
38,bachelor,17,1,intermediate,38.44522281101003,0,medium,0
52,bachelor,33,0,basic,77.42352931934191,0,large,0
51,high_school,35,1,advanced,67.82811279360902,0,small,0
58,master,40,1,intermediate,70.30696804110946,0,small,1
35,bachelor,20,1,intermediate,74.28141957956396,1,small,1
28,primary,13,1,intermediate,64.5730351883642,0,small,0
40,master,21,4,advanced,60.00516725218863,1,large,1
39,high_school,17,0,advanced,82.02465822831125,0,medium,0
34,high_school,17,1,advanced,73.89739349580304,0,small,0
22,bachelor,9,5,intermediate,75.33260804256558,1,medium,1
28,master,15,3,basic,63.762130669277916,0,large,1
47,master,30,1,intermediate,66.6429584249386,0,small,0
32,phd,16,0,intermediate,64.80139656414029,1,medium,1
44,master,28,1,basic,38.83763279521813,0,small,0
52,primary,33,2,basic,44.28312429443693,0,medium,0
50,high_school,27,0,intermediate,63.15224933030876,0,small,0
37,master,24,2,intermediate,36.83863321061369,0,large,1
33,high_school,13,1,intermediate,63.34791764480968,1,small,0
51,bachelor,31,2,intermediate,51.58610565150227,1,small,1
19,bachelor,6,4,intermediate,63.86034908750614,1,large,1
52,high_school,31,4,intermediate,67.550053974818,1,medium,0
57,master,40,1,intermediate,37.12672298803838,0,medium,0
45,bachelor,24,0,advanced,69.87615050598316,1,small,1
56,bachelor,37,2,basic,58.25684629274798,1,medium,1
23,phd,1,1,intermediate,30.157915212013016,0,small,0
26,bachelor,8,3,intermediate,58.086794114336776,0,large,0
37,high_school,19,6,basic,70.69507981220984,1,large,1
18,bachelor,2,2,intermediate,58.91478683707972,0,medium,0
25,master,9,1,intermediate,58.000227643675245,1,large,1
40,master,17,2,intermediate,67.30798481197458,0,small,1
20,master,1,1,basic,57.81135759764886,1,medium,0
21,bachelor,0,1,intermediate,60.99271797980878,0,small,0
42,high_school,28,0,basic,45.10308565714064,1,small,0
55,master,36,1,intermediate,57.225735633851826,1,medium,1
32,master,18,2,intermediate,93.26118977054567,0,large,1
38,high_school,23,3,advanced,67.67623040557207,0,medium,0
52,high_school,32,1,basic,69.03686428309446,0,medium,0
31,phd,15,2,intermediate,55.35990717084256,0,large,1
53,master,30,3,intermediate,59.07969276047078,0,medium,1
29,master,13,0,intermediate,61.57272581598733,0,medium,0
34,master,16,1,intermediate,78.11296812899499,1,large,1
56,bachelor,40,1,intermediate,82.98272107068306,0,small,0
26,bachelor,8,1,intermediate,58.184744299685754,0,small,0
52,bachelor,39,1,basic,64.6487205331279,1,medium,0
30,primary,9,4,advanced,61.47450102014749,1,medium,1
32,bachelor,19,2,intermediate,76.43545596318356,0,small,1
35,bachelor,19,2,basic,72.0288007508345,0,medium,1
50,bachelor,31,0,intermediate,63.65069752509633,0,small,0
23,bachelor,9,2,intermediate,80.14469163863781,1,large,1
44,bachelor,25,4,basic,72.77170373983229,1,large,1
40,high_school,23,2,advanced,53.43312864737668,1,small,1
44,high_school,26,1,intermediate,65.12318265392618,1,medium,0
51,high_school,36,1,intermediate,62.35219967591456,1,medium,0
55,high_school,38,0,intermediate,50.18188707769761,0,small,0
31,phd,10,2,basic,61.62035478734286,0,large,1
53,high_school,40,0,advanced,82.08631301193313,1,medium,1
25,high_school,12,2,intermediate,81.42368478227652,0,small,0
52,bachelor,33,0,intermediate,78.6987452897215,0,medium,0
36,bachelor,21,2,intermediate,76.68715708959326,0,large,1
47,high_school,34,2,advanced,68.11974919960484,0,small,0
31,master,17,1,intermediate,55.97955981653216,0,small,0
37,master,15,2,basic,73.4563603881107,0,small,1
42,high_school,19,2,intermediate,40.3050957238448,1,small,0
57,high_school,40,4,intermediate,54.92177023831992,1,small,0
41,master,25,1,advanced,81.5713457256511,1,large,1
31,master,15,3,intermediate,57.61855665110968,0,medium,1
43,bachelor,21,5,intermediate,74.59964140919742,0,medium,1
55,primary,39,0,basic,59.554115449934514,0,small,0
40,bachelor,21,0,intermediate,73.25251378154911,0,small,0
39,bachelor,17,1,intermediate,41.89861601547111,0,large,0
36,high_school,19,2,basic,84.07698310591583,0,small,0
20,bachelor,3,0,intermediate,48.26067087189654,0,large,0
59,bachelor,38,0,advanced,44.57245999140759,1,medium,1
36,high_school,13,0,basic,83.27091612141913,0,medium,0
26,master,13,0,intermediate,64.95771352194015,0,small,0
45,master,25,2,basic,60.40628766829999,0,medium,1
37,high_school,15,0,basic,88.51469046272912,0,large,0
24,master,4,2,basic,75.96622462447986,0,small,1
31,high_school,15,2,intermediate,58.257486353730584,0,small,0
26,master,4,1,advanced,62.98421553701982,1,large,1
36,high_school,13,2,intermediate,81.10867019373168,1,medium,1
31,primary,18,1,basic,50.54636288503467,0,medium,0
55,bachelor,34,2,basic,86.65184435798571,1,medium,1
53,bachelor,39,0,intermediate,58.34961166456486,0,medium,0
57,master,40,1,basic,51.927657185008215,1,medium,1
34,high_school,16,0,intermediate,81.3036992399058,1,small,0
47,high_school,29,1,basic,76.01908494063093,1,large,0
26,bachelor,9,1,basic,38.35109745233132,1,medium,0
50,bachelor,34,0,intermediate,63.39762420794768,1,large,0
42,high_school,21,1,intermediate,48.422022105761016,0,large,0
31,bachelor,10,3,basic,76.97507656222707,0,small,1
28,master,14,1,basic,90.79420350118899,0,large,1
52,master,36,1,intermediate,73.06578479274236,0,large,1
58,phd,40,1,intermediate,53.60498499690653,0,large,0
31,high_school,17,0,advanced,78.34911285957823,0,small,0
47,bachelor,28,1,basic,64.24467573802389,1,large,0
58,high_school,38,5,basic,63.89322725004429,1,large,0
21,bachelor,3,0,intermediate,57.72057935554783,1,medium,0
21,bachelor,6,2,basic,66.57027087563245,0,medium,0
45,phd,27,2,intermediate,63.93537552652288,0,large,1
25,bachelor,9,2,basic,28.937038975703373,1,small,1
19,phd,0,2,advanced,65.38798379226797,1,large,1
58,master,40,0,intermediate,62.93574307522694,0,large,0
39,master,17,1,intermediate,70.20228407868888,1,medium,1
58,master,37,0,advanced,34.899017484152445,0,large,1
33,bachelor,15,2,advanced,72.68004114676356,1,medium,1
46,high_school,24,1,intermediate,65.42910847280329,0,small,0
47,high_school,27,4,advanced,72.42703206683275,1,large,1
29,primary,11,2,intermediate,40.56309335240658,1,small,0
52,bachelor,33,2,basic,46.479206625031864,0,small,0
28,bachelor,10,1,advanced,36.87519816658474,0,large,0
38,bachelor,20,2,intermediate,67.1947614420637,1,small,1
38,phd,22,2,basic,59.82395203595638,0,medium,1
22,master,7,2,intermediate,62.84006110500481,0,large,1
37,high_school,18,2,intermediate,44.11322947739481,0,medium,0
54,high_school,36,0,advanced,46.85251985093091,1,small,0
20,bachelor,2,2,advanced,27.558621989835736,0,small,0
50,high_school,32,0,intermediate,44.81678426248786,1,large,0
26,master,4,0,basic,55.249457304485475,0,medium,0
26,bachelor,6,1,intermediate,56.02478221463209,0,medium,0
21,bachelor,0,2,intermediate,63.985627259094464,0,small,0
52,master,29,1,basic,76.42444974819051,0,large,1
34,master,11,2,basic,54.66529794790465,0,medium,1
51,high_school,34,2,basic,72.33183626480503,1,medium,1
41,bachelor,18,1,intermediate,76.67391519494834,1,medium,1
49,bachelor,31,2,basic,82.25057083916023,0,large,1
18,high_school,0,1,basic,72.346793341958,1,small,0
25,primary,7,1,intermediate,66.09931523147498,0,large,0
40,bachelor,22,1,basic,48.79944179173711,1,small,0
57,high_school,40,0,basic,69.08764649575659,0,small,0
29,high_school,8,0,advanced,59.35567660107754,0,small,0
29,bachelor,13,0,intermediate,85.6473162352375,1,small,1
32,master,19,0,intermediate,66.36903264990939,0,medium,0
58,high_school,38,3,advanced,62.60046619047318,1,small,1
36,primary,19,0,basic,86.23892516250055,0,small,0
43,master,23,1,intermediate,57.76436971716326,1,large,1
46,primary,23,3,intermediate,64.95205662723235,1,large,0
39,master,21,1,intermediate,95.14088282030009,0,medium,1
57,bachelor,38,3,intermediate,68.99353238243197,1,medium,1
38,high_school,23,2,basic,81.87707854972342,0,small,0
55,high_school,40,1,intermediate,87.5568517091341,0,large,0
37,primary,24,1,intermediate,56.722050964239116,1,small,0
46,high_school,30,0,intermediate,78.63162187469467,0,medium,0
21,high_school,4,1,intermediate,60.00876809546723,0,small,0
24,bachelor,2,0,intermediate,95.59908536188902,1,large,0
45,high_school,29,3,intermediate,86.65432561312129,0,medium,0
45,bachelor,24,3,intermediate,76.14938581186377,1,medium,1
21,bachelor,3,0,basic,80.66896534970292,1,small,0
39,high_school,25,0,advanced,54.56613498627148,1,large,0
29,primary,12,2,advanced,90.7632151954089,0,small,1
20,primary,2,1,advanced,51.434282154569274,0,small,0
39,primary,20,2,intermediate,71.10549313190533,0,small,0
19,bachelor,0,0,intermediate,54.29059804314144,0,medium,0
41,high_school,19,1,advanced,77.90581447142891,0,medium,0
51,master,36,4,basic,91.17610815321157,0,small,1
44,bachelor,27,2,advanced,71.7731444286493,0,medium,1
58,bachelor,40,2,basic,69.7262226594702,1,medium,1
18,bachelor,0,0,basic,63.29573066660349,1,medium,0
25,bachelor,6,1,basic,66.50693151960037,1,large,0
40,high_school,22,0,intermediate,59.9639263880849,1,small,0
55,high_school,40,4,basic,89.5002351375205,0,medium,0
23,bachelor,1,3,basic,76.90959754904506,0,small,0
39,high_school,19,3,intermediate,59.7888770033869,0,medium,0
42,bachelor,22,1,intermediate,65.90592548352043,0,medium,0
35,bachelor,15,2,advanced,100.0,0,medium,1
34,bachelor,17,1,basic,69.08230303623914,1,medium,0
29,bachelor,12,1,basic,86.79426920086694,0,small,0
23,bachelor,6,2,basic,56.35162164023778,0,medium,0
43,bachelor,26,0,intermediate,72.10395283845786,1,small,1
44,bachelor,22,4,intermediate,55.632502914250324,1,medium,1
25,bachelor,6,6,intermediate,56.97034227655115,0,large,0
36,bachelor,22,2,intermediate,76.90613076941813,0,medium,1
59,master,37,2,advanced,51.56610348069357,1,medium,1
18,bachelor,0,0,basic,47.11943667996773,0,small,0
46,bachelor,28,0,intermediate,75.27840952914339,0,small,0
52,master,31,2,basic,57.677178480077174,1,medium,1
57,bachelor,39,2,basic,60.79999203470166,0,small,0
31,primary,12,0,basic,37.98326804249983,0,large,0
52,master,32,2,intermediate,45.96054303736805,0,large,1
37,primary,23,3,intermediate,68.31017530564372,0,large,0
30,bachelor,15,0,advanced,61.496341641424195,0,large,0
55,master,40,1,advanced,78.63763335733816,1,large,1
25,phd,9,1,intermediate,51.50417657414961,1,large,1
60,primary,40,1,basic,62.50907282443312,1,medium,0
37,bachelor,24,4,advanced,65.69727717622268,1,small,1
50,bachelor,27,2,intermediate,61.938074062187994,0,large,0
43,high_school,28,2,intermediate,73.96262455362196,1,small,1
56,primary,40,1,basic,48.71335747993608,1,medium,0
38,bachelor,20,2,intermediate,72.68444223973941,1,large,1
59,bachelor,40,2,advanced,82.08659490115363,1,medium,1
60,high_school,39,1,intermediate,52.64999982956096,0,medium,0
58,bachelor,39,3,intermediate,71.01003517031286,0,small,1
26,bachelor,9,1,intermediate,70.3606627170927,0,large,0
41,master,18,1,intermediate,73.83180338322838,0,large,1
54,master,31,0,advanced,65.02236710600941,0,medium,1
58,bachelor,39,0,intermediate,86.27438508634921,0,small,0
34,phd,19,2,advanced,96.65431228757284,1,medium,1
41,master,24,0,advanced,74.3762650161467,0,medium,1
38,high_school,15,4,intermediate,69.70868241293591,1,medium,0
56,high_school,37,3,basic,65.20668842175346,1,small,0
58,bachelor,40,2,basic,45.29691614471868,1,medium,1
56,bachelor,40,3,advanced,43.58879485648136,1,large,1
30,bachelor,8,1,intermediate,47.690519029361596,0,large,0
28,bachelor,11,2,intermediate,68.98608838952849,0,large,0
36,bachelor,22,4,intermediate,62.10905217764877,1,small,1
28,bachelor,9,3,basic,87.90674757470923,0,large,1
30,high_school,15,1,intermediate,27.422196821083844,0,large,0
18,master,0,3,intermediate,65.61090998319806,0,large,0
57,high_school,34,1,basic,71.50084232966066,0,medium,0
36,phd,16,3,intermediate,78.4652551443512,1,medium,1
29,high_school,12,1,intermediate,67.149850924417,0,medium,0
25,phd,2,2,intermediate,70.4719290276253,0,large,1
25,primary,3,2,intermediate,67.64047838075177,0,small,0
29,high_school,10,1,advanced,71.5962843240426,1,small,1
50,primary,35,3,intermediate,64.71076985371653,1,small,0
43,bachelor,20,1,intermediate,96.74267803631375,0,large,0
56,master,36,0,intermediate,73.66766792551152,0,large,1
45,bachelor,24,1,advanced,67.96084207651215,0,small,0
22,master,3,2,intermediate,53.92813267513198,0,small,0
25,bachelor,6,1,intermediate,59.865610058542174,1,small,0
42,bachelor,28,0,intermediate,87.65180525023905,0,large,0
44,master,22,1,basic,27.725361773001637,1,small,1
40,high_school,21,1,basic,65.851984586403,0,small,0
47,high_school,32,1,basic,64.62615682217682,0,small,0
40,master,21,2,basic,72.50127225852287,1,large,1
37,master,24,0,intermediate,68.97823119863833,0,small,0
35,phd,21,1,basic,87.7371658291195,1,large,1
35,master,13,1,advanced,66.47309218518586,0,medium,1
19,high_school,2,2,advanced,64.03837656685094,1,medium,0
21,master,3,0,intermediate,79.27686134029304,1,medium,1
47,bachelor,30,1,intermediate,87.9924671213933,1,medium,1
50,phd,34,2,intermediate,75.30270416201925,0,medium,1
53,bachelor,39,0,intermediate,80.17315626755695,1,large,1
35,bachelor,16,1,intermediate,61.738936515403786,0,medium,0
54,bachelor,32,0,intermediate,66.88107209208702,1,large,0
36,high_school,19,2,intermediate,87.2859811039946,0,medium,0
45,primary,28,0,intermediate,72.90067190387343,0,large,0
57,master,40,1,intermediate,61.36955186355777,1,large,1
37,master,20,2,intermediate,65.48825832181062,1,medium,1
50,high_school,36,2,advanced,80.55726935456825,1,large,1
29,master,12,1,intermediate,81.89340515486224,0,small,1
32,bachelor,17,2,intermediate,52.36803287570339,0,small,0
58,bachelor,40,3,intermediate,70.43886912570306,0,medium,1
56,high_school,34,1,intermediate,64.88235736170033,0,large,0
19,master,0,0,intermediate,64.01696227844438,0,medium,0
46,bachelor,29,2,advanced,84.95461925646075,1,medium,1
58,bachelor,40,3,basic,61.43692790159111,0,small,0
27,bachelor,14,2,basic,56.366343450873174,0,medium,0
19,primary,5,3,intermediate,52.77513043447229,1,medium,0
28,bachelor,7,1,basic,62.38179603191533,1,small,0
30,high_school,7,3,intermediate,53.97130596832767,1,medium,0
27,high_school,12,0,intermediate,52.02827356191422,1,small,0
31,bachelor,10,0,intermediate,51.65044811499358,0,small,0
35,master,12,1,intermediate,52.541859438398006,0,medium,0
26,bachelor,8,2,intermediate,53.58751416473989,0,small,0
56,high_school,36,1,basic,70.98579082487811,0,large,0
45,bachelor,22,2,intermediate,35.60026216089293,1,medium,1
20,master,0,0,intermediate,54.47370128024715,1,small,0
37,bachelor,21,3,intermediate,63.49805138962651,1,large,1
23,master,10,1,intermediate,82.22936930267208,0,small,1
44,bachelor,27,4,intermediate,61.311094413851244,0,medium,0
19,master,0,1,basic,62.700149481759894,0,medium,0
46,high_school,32,0,intermediate,63.6807994403282,0,large,0
55,high_school,40,1,intermediate,37.644685193334105,1,small,0
20,high_school,2,3,intermediate,74.88639651387398,0,small,0
33,bachelor,11,0,basic,74.26132355317061,1,small,1
47,master,26,0,basic,77.21744238930009,0,medium,1
57,master,40,2,advanced,100.0,1,small,1
19,high_school,0,2,intermediate,45.522175955191855,0,medium,0
34,high_school,13,2,intermediate,42.6796000309149,0,medium,0
58,high_school,39,3,intermediate,75.58800971898482,1,small,1
29,high_school,8,1,intermediate,59.93766348221462,0,large,0
52,bachelor,31,1,basic,50.21557619694589,1,medium,0
60,master,40,0,intermediate,60.76156298268546,0,medium,0
18,phd,0,3,basic,55.72484562362419,1,medium,1
32,bachelor,13,3,intermediate,90.8716560169575,1,small,1
43,master,28,0,advanced,98.92718456034953,1,medium,1
54,bachelor,31,3,intermediate,40.46658062984801,0,medium,0
38,high_school,15,2,intermediate,42.85176780100045,0,small,0
48,bachelor,35,1,basic,53.609479930521395,0,large,0
42,bachelor,27,0,advanced,54.65707937481482,0,large,0
40,bachelor,21,3,intermediate,53.371093299523714,0,medium,0
41,high_school,21,1,intermediate,62.086487306847296,0,medium,0
55,high_school,33,2,intermediate,58.29747798917089,0,medium,0
45,high_school,30,2,intermediate,44.69581110657023,0,small,0
38,phd,20,1,intermediate,49.59787638704029,1,small,1
60,bachelor,40,0,basic,88.19508248314347,0,medium,0
35,master,16,2,basic,59.638276298979754,1,small,1
53,master,33,1,intermediate,58.870536625610164,0,small,0
52,high_school,35,0,advanced,42.193442812587904,0,small,0
26,bachelor,7,2,basic,58.05174909043751,0,large,0
55,master,39,3,intermediate,79.41353644351373,1,small,1
47,bachelor,31,2,basic,73.93327217704109,0,small,1
51,master,29,1,basic,77.16648946960335,0,medium,1
49,high_school,30,0,intermediate,46.94604385885505,0,medium,0
20,primary,6,1,intermediate,46.705734748942284,1,small,0
20,master,4,2,basic,82.00153583261081,0,large,1
45,master,24,1,intermediate,77.3941120980165,0,small,1
32,phd,15,3,basic,61.12305857276529,1,large,1
58,bachelor,37,0,intermediate,77.79560402673616,0,small,0
40,master,22,1,intermediate,46.955054416193164,0,small,0
57,master,35,1,intermediate,46.332978383038025,0,large,0
28,master,10,3,intermediate,40.73808271227915,0,medium,1
49,bachelor,31,0,basic,70.42205649505468,0,large,0
53,high_school,37,1,basic,68.250768116571,0,large,0
50,master,31,2,basic,57.16375219728565,1,small,1
41,bachelor,18,2,intermediate,53.29411085582733,0,large,0
56,bachelor,40,2,basic,100.0,1,small,1
51,bachelor,36,2,intermediate,61.11303509617419,0,medium,0
45,bachelor,22,0,basic,85.82100521800965,1,small,1
54,bachelor,35,2,basic,62.80477348325778,0,medium,0
24,primary,6,1,advanced,57.48930938317002,1,large,0
21,master,1,5,intermediate,86.24989264709585,1,medium,1
54,bachelor,40,1,basic,76.84946180623996,0,medium,0
18,bachelor,0,1,intermediate,64.63836465503525,1,small,0
18,high_school,0,2,intermediate,82.00571167628918,0,small,0
37,primary,17,2,basic,100.0,0,large,0
36,high_school,19,3,intermediate,54.014699502167666,1,large,0
46,bachelor,28,2,advanced,72.07604970117877,0,large,1
27,primary,6,1,intermediate,58.861847543873786,1,small,0
35,master,20,2,intermediate,50.98188468847547,0,small,1
45,high_school,25,1,intermediate,50.56599820825801,1,medium,0
52,high_school,39,2,intermediate,88.88499719027898,1,medium,1
60,high_school,40,0,intermediate,37.62859089040482,0,medium,0
48,primary,27,2,intermediate,72.61789037700194,0,large,0
44,master,28,2,intermediate,52.62135383569649,0,small,1
28,master,15,0,basic,91.5874242735199,1,small,1
55,bachelor,38,1,intermediate,60.90385026598509,0,large,0
22,high_school,9,4,intermediate,59.53988490076601,0,large,0
25,high_school,12,2,basic,88.54263956741354,0,large,0
51,bachelor,34,1,intermediate,78.15200123468321,0,medium,0
29,phd,13,2,advanced,73.31340476544005,0,medium,1
55,high_school,38,1,advanced,77.08717933258676,1,large,1
18,bachelor,0,3,intermediate,48.750896168513854,0,medium,0
48,bachelor,27,4,basic,76.12569808307205,0,large,1
21,high_school,0,4,intermediate,62.014186787374726,0,medium,0
22,bachelor,0,1,basic,70.4138704874339,0,large,0
47,primary,28,2,intermediate,72.26829389391938,0,medium,0
41,master,21,6,intermediate,48.34236375189039,0,small,1
20,high_school,7,5,advanced,73.90733893761242,0,small,1
28,bachelor,6,3,advanced,62.204640650429354,1,large,1
21,primary,0,3,basic,46.40117831034695,0,medium,0
43,phd,22,1,basic,62.80151290206438,1,small,1
44,high_school,26,1,advanced,65.30037671172762,0,small,0
60,master,38,0,advanced,73.90447836901943,1,small,1
44,master,30,0,intermediate,29.17563443288973,0,small,0
59,phd,40,4,intermediate,70.8220434481499,0,large,1
23,bachelor,10,1,intermediate,57.3220991474691,1,medium,0
32,bachelor,15,1,intermediate,77.14810169615737,0,small,0
47,high_school,34,1,basic,64.97200780573648,1,medium,0
59,high_school,38,0,intermediate,59.99927743467577,1,medium,0
54,bachelor,31,0,intermediate,62.337494055856084,0,large,0
54,high_school,39,2,basic,70.00114613286667,0,large,0
59,phd,40,1,advanced,78.6186411150703,1,small,1
54,primary,35,4,basic,51.63333053487411,0,large,0
52,bachelor,30,0,intermediate,59.845102108515455,0,large,0
40,bachelor,24,0,intermediate,87.04019076228012,1,small,1
23,bachelor,9,2,intermediate,59.583324600695484,0,small,0
21,bachelor,7,0,basic,70.50874596222901,0,large,0
35,high_school,15,1,intermediate,46.487120934705956,0,small,0
26,bachelor,13,3,basic,39.28239063254796,0,small,0
46,high_school,32,1,intermediate,49.39692702428056,0,medium,0
30,master,13,2,basic,54.65161915973482,1,medium,1
34,master,15,1,basic,80.59866746071374,0,medium,1
49,phd,28,1,advanced,82.24289394031058,1,medium,1
39,primary,25,1,intermediate,36.120195396568235,1,small,0
21,high_school,5,1,basic,56.881322910622075,0,small,0
22,high_school,0,0,advanced,75.46684095560727,1,medium,0
54,primary,31,3,basic,63.419703133531634,0,small,0
58,high_school,39,2,basic,87.5683769872614,0,medium,0
30,bachelor,17,0,basic,75.10251413196953,0,small,0
51,high_school,31,1,intermediate,60.984723435667775,0,medium,0
39,bachelor,26,5,intermediate,62.31995943306384,0,medium,0
40,master,26,1,basic,64.1481525109273,1,large,1
20,bachelor,3,2,basic,52.31063904858589,0,small,0
59,high_school,40,0,intermediate,79.08821203474248,1,large,0
51,high_school,33,1,intermediate,76.13643226612328,0,medium,0
49,bachelor,36,2,advanced,71.81406151478646,0,large,1
38,high_school,15,1,intermediate,68.63862034035493,1,large,0
38,bachelor,22,3,intermediate,49.72703331450481,1,large,1
28,high_school,6,2,intermediate,72.56289798712623,1,medium,1
56,master,36,0,intermediate,66.93653708997127,1,small,1
21,master,0,1,intermediate,95.03403642461619,1,medium,1
18,bachelor,0,0,basic,45.60063353128068,0,medium,0
45,high_school,23,1,intermediate,54.15056918166052,0,medium,0
41,high_school,22,3,intermediate,41.200331643242514,1,medium,0
52,master,39,2,basic,61.72970312349396,0,small,1
30,bachelor,15,2,intermediate,38.8865094800676,1,medium,1
51,high_school,30,0,intermediate,82.78252454252865,1,small,0
28,high_school,6,1,basic,81.38355963305251,0,large,0
53,high_school,31,3,basic,62.60552032414035,0,large,0
34,master,19,2,basic,49.79417317654446,0,large,1
52,high_school,34,1,intermediate,42.138461771611105,1,medium,0
35,bachelor,13,2,intermediate,54.4420307803939,0,small,0
57,bachelor,36,3,intermediate,74.38057058511245,0,small,1
39,bachelor,16,0,basic,53.194209650151976,0,medium,0
41,master,19,0,intermediate,93.6286426401008,0,large,1
36,master,14,1,basic,87.36043159847225,1,medium,1
54,bachelor,40,2,basic,65.01235915106655,1,large,1
56,primary,34,3,intermediate,58.07197617197175,0,small,0
38,bachelor,21,0,intermediate,56.46206150380323,1,medium,0
25,bachelor,4,2,intermediate,88.97565140789014,0,large,0
45,bachelor,32,3,basic,55.149570026640646,1,medium,1
22,bachelor,2,4,intermediate,79.0155342910004,1,large,1
34,high_school,12,4,intermediate,65.32688319602455,0,large,0
54,bachelor,35,2,intermediate,75.70343320886265,0,medium,1
53,high_school,38,4,basic,52.694040626468535,0,large,0
36,master,21,3,intermediate,60.006221067174074,0,medium,1
44,high_school,27,3,intermediate,64.63726220444507,0,medium,0
51,bachelor,35,0,intermediate,55.52950073494148,1,medium,0
28,primary,9,4,advanced,83.73836254061746,0,small,1
29,bachelor,10,6,advanced,53.5353780550094,1,medium,1
38,bachelor,17,1,intermediate,56.344517875847046,0,medium,0
28,high_school,10,1,advanced,85.38050035441964,0,small,0
56,master,33,1,basic,82.47390855193254,1,medium,1
45,bachelor,24,3,basic,88.81968158488445,0,medium,1
22,bachelor,9,0,intermediate,36.37590253883698,0,large,0
34,high_school,12,2,advanced,68.01084123562781,0,medium,0
37,bachelor,20,2,intermediate,66.35421986946659,0,medium,0
58,bachelor,40,0,intermediate,56.57400673331222,0,large,0
29,bachelor,9,1,intermediate,69.86689084785732,1,medium,0
23,bachelor,6,2,basic,60.178374044738,0,small,0
34,bachelor,18,0,intermediate,67.42988402604267,1,large,0
36,high_school,22,2,basic,100.0,1,large,1
43,high_school,21,1,basic,69.75696146192686,0,small,0
49,primary,32,1,basic,70.38697397154328,0,large,0
23,high_school,2,1,intermediate,77.31829002523762,1,medium,0
53,bachelor,37,2,intermediate,67.70966796494477,1,small,1
55,master,37,1,basic,48.529509857598825,0,medium,0
28,high_school,7,0,intermediate,40.299324062850914,0,large,0
50,phd,34,3,intermediate,64.56063405947137,0,medium,1
41,bachelor,28,2,advanced,60.963334574400825,0,medium,1
40,master,19,1,advanced,35.545968758274924,0,small,1
32,bachelor,17,2,basic,89.4408912743418,1,large,1
44,bachelor,31,1,basic,66.60504565048267,0,small,0
28,primary,7,1,basic,86.59154531996636,1,small,0
34,high_school,11,2,intermediate,31.522065738617563,1,large,0
31,primary,9,1,intermediate,86.87730583633589,1,large,0
44,bachelor,24,5,basic,57.72192380074395,1,medium,1
35,high_school,22,1,advanced,83.88736822775115,0,small,0
45,master,23,0,intermediate,68.22302710714476,0,medium,0
21,high_school,1,1,intermediate,71.79884827879542,0,large,0
24,master,4,4,intermediate,71.81775560417442,1,medium,1
52,high_school,32,2,intermediate,58.62293452832717,0,small,0
26,high_school,3,1,intermediate,55.30227894695818,0,large,0
25,high_school,10,1,advanced,59.58259715758884,1,large,0
34,bachelor,20,2,basic,42.921361875509646,0,medium,0
34,high_school,21,0,intermediate,57.78934544459881,0,large,0
50,master,33,1,basic,54.548128193845386,1,small,1
49,primary,27,2,intermediate,42.56141970995617,0,medium,0
25,high_school,4,2,intermediate,71.8799941357891,0,small,0
36,master,20,2,basic,65.11576147899164,1,large,1
55,primary,38,1,basic,68.69063484975722,0,large,0
20,master,0,0,basic,75.46176187192675,0,large,0
22,phd,2,1,intermediate,61.43209914167909,0,medium,0
30,primary,15,0,intermediate,50.91925380064839,1,medium,0
48,high_school,29,1,advanced,69.55913034961196,0,large,0
33,high_school,20,0,basic,21.1670508643873,0,large,0
49,master,30,0,basic,63.378573627691836,0,small,0
39,bachelor,22,3,intermediate,76.47752935059195,0,small,1
46,bachelor,23,0,basic,80.70387893614433,0,large,0
39,master,18,0,basic,57.05835165684354,0,medium,0
60,high_school,38,2,intermediate,31.379191524360657,1,small,0
20,master,7,3,advanced,25.501012099619984,0,large,1
27,bachelor,13,0,advanced,74.57078160329559,0,large,1
59,bachelor,40,1,basic,59.69025405340188,0,small,0
38,master,25,2,basic,95.25948612954937,0,small,1
33,bachelor,15,1,intermediate,43.83344547626754,0,large,0
29,high_school,15,0,intermediate,70.13503854987904,0,small,0
19,bachelor,0,1,intermediate,89.93527452893827,1,large,0
58,bachelor,40,3,intermediate,68.09692894665918,0,small,0
41,primary,27,1,basic,41.12097212463202,0,small,0
52,phd,30,2,basic,100.0,0,large,1
47,high_school,34,2,advanced,88.70881185569277,0,small,1
47,bachelor,27,1,intermediate,61.59130976162376,1,small,0
52,bachelor,34,1,intermediate,77.28431116326443,0,large,0
36,primary,15,3,intermediate,77.44491740103454,1,medium,1
25,master,4,1,intermediate,74.62656627298938,1,medium,1
43,master,22,3,basic,44.273828379475766,0,large,1
57,bachelor,37,1,intermediate,69.86236431679481,1,large,0
24,high_school,9,1,intermediate,86.91073552388615,0,large,0
47,high_school,27,1,basic,72.56790823626119,1,small,0
24,high_school,4,3,basic,70.95726503461341,0,medium,0
20,high_school,0,2,intermediate,56.94763446277348,0,medium,0
18,bachelor,1,3,intermediate,51.440319942299034,0,small,0
53,phd,34,2,intermediate,41.41223920505763,0,medium,1
42,bachelor,20,1,intermediate,76.3619689689155,1,small,1
54,master,37,0,intermediate,61.68673499628036,0,medium,0
18,bachelor,0,0,intermediate,44.879305826808974,1,small,0
32,bachelor,19,2,intermediate,79.64612999760693,1,medium,1
54,master,31,1,basic,56.196333807001636,0,small,0
30,bachelor,15,2,basic,52.132026496377144,0,large,0
57,master,38,2,intermediate,57.55627979434587,0,small,1
25,high_school,11,1,intermediate,62.1036611024044,1,large,0
22,high_school,0,0,advanced,71.87033105772295,0,small,0
26,master,13,2,intermediate,51.870296135160345,0,medium,1
18,bachelor,0,3,intermediate,80.15560813239813,0,medium,0
53,master,30,1,basic,72.26344382593783,1,small,1
52,master,37,1,intermediate,57.280058810613625,0,large,0
19,primary,3,1,basic,62.60315284140198,1,large,0
57,bachelor,40,1,intermediate,58.660535838621485,0,medium,0
40,high_school,22,0,basic,65.98797093253545,1,small,0
26,bachelor,12,1,basic,87.79810949656844,1,medium,1
51,master,33,3,intermediate,58.505955221862955,0,large,1
31,high_school,13,1,basic,67.84198732689329,0,medium,0
21,bachelor,1,2,intermediate,54.52125841528096,1,large,0
47,bachelor,28,2,intermediate,72.97932566304496,1,large,1
48,high_school,34,0,intermediate,69.14609980276045,1,large,0
55,master,34,3,basic,84.94426683014238,1,small,1
28,bachelor,7,2,basic,52.56214571504411,1,medium,1
52,master,38,0,intermediate,75.35862981424687,0,large,1
25,high_school,8,4,basic,83.96125328552674,1,large,1
20,high_school,1,3,advanced,58.43573396377499,0,small,0
31,bachelor,15,2,basic,63.09569601297549,0,large,0
30,primary,11,2,intermediate,67.86107200121857,0,small,0
49,phd,29,1,basic,61.451319989833145,1,medium,1
51,primary,30,0,intermediate,67.65978794122633,1,small,0
36,master,14,2,advanced,75.10154344117714,0,large,1
55,bachelor,34,2,intermediate,63.290359018614055,1,small,1
33,high_school,16,0,intermediate,63.173018047883566,1,large,0
19,primary,3,3,basic,68.9999268816462,0,medium,0
57,bachelor,38,1,advanced,59.01247396646048,0,large,0
34,bachelor,21,0,intermediate,59.75430106648559,0,small,0
51,high_school,28,3,basic,51.51709568005804,0,medium,0
59,master,38,1,basic,64.36787821134547,1,small,1
33,high_school,13,1,basic,71.71624779682183,0,large,0
55,bachelor,40,3,basic,60.96293990645003,0,medium,0
19,bachelor,0,0,advanced,53.39733426498863,0,large,0
19,high_school,0,1,intermediate,63.556749780775036,0,large,0
43,master,29,1,basic,70.95631765303939,0,small,1
30,high_school,15,3,intermediate,66.91953935597886,0,medium,0
48,primary,34,1,intermediate,98.44324958558418,1,small,0
51,high_school,31,1,basic,55.15376134439588,0,small,0
56,bachelor,34,2,basic,62.74524652460087,0,medium,0
20,bachelor,5,2,basic,76.68946198013793,1,small,1
25,bachelor,5,0,intermediate,54.57980223684468,1,medium,0
40,primary,20,1,intermediate,93.92328316300024,1,small,0
31,high_school,18,6,advanced,65.06924105390378,1,small,1
44,master,26,0,intermediate,73.41715681656736,1,medium,1
46,primary,30,4,intermediate,65.28520453603811,1,medium,0
56,master,37,2,advanced,80.27956917153338,1,small,1
56,primary,40,0,intermediate,49.05733250977832,1,medium,0
18,master,0,2,intermediate,88.57771291546754,1,medium,1
34,high_school,14,3,intermediate,68.47578207460329,0,medium,0
58,bachelor,35,0,intermediate,74.87688315321418,0,large,0
47,high_school,26,0,intermediate,53.9243702115517,1,large,0
30,primary,17,2,intermediate,70.05864520621292,0,medium,0
38,high_school,21,0,intermediate,50.480150572822396,1,medium,0
36,high_school,13,2,intermediate,82.63466645964084,0,small,0
36,high_school,17,4,advanced,45.65287372812682,0,small,0
42,bachelor,19,1,intermediate,67.31260126728318,1,medium,0
39,bachelor,21,2,basic,59.17360827268269,0,large,0
48,master,33,1,intermediate,41.560581687170156,1,small,1
34,bachelor,13,0,advanced,50.96961904780466,0,small,0
40,bachelor,27,3,intermediate,71.7439059017671,1,medium,1
49,bachelor,36,0,intermediate,51.55164503383625,1,small,0
27,bachelor,9,0,advanced,54.962441522837175,0,medium,0
27,bachelor,7,3,intermediate,70.60016859260357,0,small,1
53,master,35,2,advanced,78.72262274351633,0,large,1
25,high_school,3,2,basic,74.91164781496042,1,large,0
37,primary,17,1,advanced,64.30134463890435,0,small,0
49,bachelor,32,2,basic,68.26458596178516,0,small,0
31,high_school,18,0,intermediate,66.78118625643754,1,large,0
45,master,27,1,intermediate,49.45466035179357,1,large,1
41,master,26,0,intermediate,69.19158636070506,1,large,1
32,primary,19,1,intermediate,49.321106780162154,1,medium,0
39,high_school,22,1,intermediate,74.21414212011982,0,small,0
47,bachelor,24,2,basic,67.02703460670101,0,medium,0
21,bachelor,3,0,intermediate,32.53699897689548,1,large,0
30,high_school,17,2,intermediate,79.68675766169348,0,small,0
40,bachelor,19,2,intermediate,57.169523842283695,0,large,0
25,bachelor,9,2,basic,55.927939995008884,0,medium,0
35,high_school,12,2,basic,79.3385531340606,0,small,0
29,primary,15,2,intermediate,62.55107027600059,1,medium,0
48,master,26,0,intermediate,73.96118259169327,0,medium,1
31,high_school,10,2,advanced,55.19966530899547,1,small,1
51,master,30,3,basic,77.05503874454956,1,medium,1
35,bachelor,18,2,advanced,67.95800539560675,1,medium,1
51,bachelor,35,2,advanced,71.07374991726644,0,large,1
28,master,13,0,basic,62.322145730314716,0,small,0
58,master,40,0,intermediate,89.44654900764338,1,large,1
29,high_school,13,0,intermediate,93.05664810991063,1,small,0
32,high_school,19,2,intermediate,31.944241796177884,0,medium,0
48,master,30,2,intermediate,78.89533612562549,0,medium,1
46,bachelor,24,4,intermediate,48.80389039523907,0,large,0
43,high_school,20,3,basic,72.64515265251639,0,small,0
35,master,14,0,basic,38.33485879028923,1,small,1
49,high_school,34,2,basic,71.04857332248912,0,small,0
39,primary,22,1,intermediate,52.45643689101772,0,medium,0
55,primary,33,1,basic,58.1176842732882,0,medium,0
34,bachelor,11,0,advanced,58.51858738083103,1,small,1
40,bachelor,18,5,intermediate,53.98173919202583,1,medium,1
41,high_school,20,0,intermediate,54.388872470283765,0,small,0
25,high_school,7,0,advanced,59.02978762371076,0,small,0
58,high_school,40,1,basic,62.69103214873657,1,small,0
23,bachelor,7,3,basic,69.8469780711669,0,large,0
22,primary,8,0,advanced,92.9106364407962,1,medium,1
46,master,31,2,intermediate,50.79686192641154,1,small,1
45,high_school,32,3,basic,66.90063032707316,0,medium,0
28,phd,15,1,basic,76.58978635289927,0,small,1
18,high_school,2,5,advanced,54.36662071462626,0,medium,0
60,master,40,3,intermediate,31.140950017641323,1,small,1
36,high_school,18,1,basic,36.36083127543013,1,medium,0
26,primary,10,3,advanced,31.692654910028025,1,large,1
44,master,26,5,intermediate,88.10175327037402,0,small,1
51,master,29,1,advanced,74.21232935950147,0,medium,1
21,bachelor,6,0,basic,76.33963041245943,1,medium,1
53,bachelor,38,0,intermediate,79.72112108444736,0,large,0
35,bachelor,14,1,basic,56.36793939696278,1,large,0
32,master,17,0,intermediate,99.5456704713004,1,small,1
30,high_school,8,1,basic,70.03199889616516,1,large,0
36,bachelor,15,2,intermediate,63.908412247098525,0,medium,0
23,bachelor,5,0,basic,81.65002721895681,1,large,0
29,high_school,9,1,basic,75.00949809770337,1,small,0
54,master,38,2,advanced,85.02568894707261,1,small,1
34,high_school,11,2,basic,85.90749867048248,0,small,0
40,high_school,22,0,intermediate,59.70130185608817,0,small,0
43,bachelor,21,1,intermediate,67.8053723135549,1,large,0
46,bachelor,28,1,intermediate,51.36206949823864,0,small,0
50,high_school,27,2,intermediate,40.57576742177818,1,small,0
44,high_school,22,0,intermediate,77.55195827141961,0,small,0
42,master,27,0,advanced,79.3555379593274,1,small,1
27,high_school,9,1,intermediate,35.26640090133034,0,small,0
40,bachelor,24,2,advanced,54.24187905389287,1,medium,1
38,bachelor,21,1,intermediate,65.84125096380241,0,large,0
38,bachelor,23,1,intermediate,67.27081612701393,1,medium,0
60,master,40,1,intermediate,95.67501366622129,0,large,1
30,bachelor,17,2,basic,55.5959282368308,0,medium,0
54,bachelor,34,1,intermediate,62.43040287090266,1,small,0
50,bachelor,33,3,intermediate,74.74786061170443,0,medium,1
41,bachelor,22,2,intermediate,59.74695362138189,1,large,1
28,bachelor,11,2,intermediate,57.425358042682035,0,medium,0
34,master,14,1,basic,56.194101353102305,0,medium,0
21,high_school,7,2,intermediate,68.49470382433863,0,medium,0
42,high_school,29,2,advanced,62.36464335666485,0,large,0
47,high_school,34,0,intermediate,75.23719956122846,0,medium,0
26,primary,3,2,basic,70.36187210408453,0,medium,0
38,primary,18,2,intermediate,21.269152932771263,0,small,0
37,master,23,3,advanced,38.72710138458097,0,small,1
36,bachelor,15,3,advanced,57.488559274458645,1,medium,1
36,bachelor,21,1,advanced,79.7000388395927,1,medium,1
29,bachelor,10,1,basic,55.22482339829777,0,small,0
54,master,34,0,intermediate,70.61886727335829,1,large,1
59,bachelor,40,1,advanced,73.9774360359292,0,small,1
34,master,15,1,intermediate,73.10399387417678,0,medium,1
54,high_school,33,0,basic,56.788635801093264,1,small,0
56,master,34,1,basic,47.77868736058936,0,medium,0
45,bachelor,29,2,advanced,45.316634208476444,0,small,1
58,high_school,36,1,intermediate,100.0,0,large,0
52,bachelor,36,0,advanced,71.83139445796186,1,large,1
35,bachelor,16,0,basic,92.60874365517836,0,small,0
31,high_school,15,1,intermediate,52.50334607286762,0,small,0
52,bachelor,33,1,basic,83.72477665033627,0,medium,0
58,high_school,35,1,basic,57.84783969882022,0,medium,0
24,primary,11,2,intermediate,64.56577335821954,1,medium,0
58,master,40,3,intermediate,60.704543208290104,1,medium,1
30,bachelor,8,2,intermediate,51.808459238654194,0,small,0
35,master,17,3,advanced,52.03646475882901,0,medium,1
54,bachelor,33,1,basic,64.41339046083068,0,medium,0
30,high_school,14,2,basic,56.19380295451303,1,large,0
53,bachelor,34,1,intermediate,66.90080348513338,0,large,0
48,bachelor,27,1,advanced,52.432560317728154,1,large,1
19,phd,5,2,intermediate,75.61191331532743,0,medium,1
33,high_school,16,2,intermediate,58.10054872951898,0,medium,0
26,master,10,2,intermediate,89.55400791318107,1,large,1
26,master,6,0,basic,64.2406262047825,0,medium,0
55,bachelor,40,1,basic,63.467279236551505,1,medium,0
28,master,13,0,intermediate,89.05302611912485,1,small,1
39,high_school,21,0,advanced,57.57080323001934,0,large,0
50,phd,27,2,intermediate,58.89641276247257,0,medium,1
53,bachelor,34,5,intermediate,54.485393028527284,0,large,0
40,primary,21,0,intermediate,68.0665056491419,1,medium,0
51,master,34,3,intermediate,53.97229516838882,1,small,1
26,bachelor,9,2,advanced,76.64997526107004,1,large,1
41,bachelor,23,1,intermediate,64.301321804729,0,medium,0
25,bachelor,9,3,basic,77.58335713891192,0,small,1
24,high_school,2,1,intermediate,75.89277440281175,1,medium,0
53,bachelor,36,0,intermediate,57.31276022665703,1,small,0
35,master,21,1,intermediate,53.94539975059132,0,small,0
20,primary,3,1,advanced,60.07459660885827,1,medium,0
45,high_school,25,1,basic,65.13302258955525,1,large,0
23,primary,9,0,intermediate,70.01033015660434,1,small,0
38,bachelor,16,1,intermediate,71.67697000481847,0,large,0
45,bachelor,25,0,intermediate,64.52109670809048,0,large,0
57,master,37,0,advanced,54.782308883991206,0,large,1
18,master,0,3,intermediate,56.20063996403562,1,large,1
53,bachelor,36,2,intermediate,72.77530568245146,0,medium,1
38,high_school,17,1,advanced,55.24724832960685,0,small,0
60,master,40,1,basic,73.40351727910668,1,medium,1
52,master,29,3,intermediate,73.89440783069203,1,medium,1
30,bachelor,9,2,intermediate,88.00874883977866,0,small,1
27,bachelor,12,1,advanced,57.78719367056119,0,large,0
27,master,4,2,intermediate,60.12268957970648,1,medium,1
30,bachelor,14,1,intermediate,30.309538072200574,1,large,0
54,high_school,32,3,basic,50.85390687435897,1,medium,0
55,bachelor,37,3,advanced,50.65806465625043,0,medium,1
41,primary,20,1,intermediate,72.58507541651363,0,large,0
19,high_school,2,1,intermediate,92.11068353969083,1,small,0
39,bachelor,17,1,basic,73.71136975963537,1,large,1
34,high_school,14,2,intermediate,79.8618789523928,0,medium,0
53,primary,39,3,basic,54.33004694044876,1,large,0
31,high_school,16,0,advanced,47.030380552819196,1,medium,0
27,bachelor,9,0,advanced,61.36967838330595,0,large,0
52,master,32,1,basic,55.643686373862785,1,small,1
42,phd,20,0,intermediate,52.083642441276154,0,large,0
20,high_school,6,3,intermediate,68.27391018848236,0,large,0
55,bachelor,40,0,advanced,47.211195213780385,0,medium,0
34,master,14,5,intermediate,77.39721027248993,0,medium,1
29,high_school,14,1,advanced,59.00838296493687,0,large,0
41,bachelor,19,1,intermediate,64.32142304816927,1,large,0
46,master,29,1,basic,66.49679462132795,1,medium,1
60,primary,40,1,intermediate,57.999282574278254,0,small,0
42,master,29,2,intermediate,83.98323235410243,0,small,1
53,master,34,1,basic,40.913287800382605,0,medium,0
43,primary,27,5,basic,84.25002494163212,0,large,0
55,primary,40,1,advanced,59.794189833644495,1,large,0
18,primary,2,2,intermediate,78.8112117046643,0,medium,0
37,high_school,17,0,basic,68.01861411890458,0,small,0
45,bachelor,25,1,advanced,77.75745130518438,1,small,1
33,bachelor,17,3,basic,63.22382116425893,1,small,1
34,high_school,13,1,basic,68.57654036788004,0,small,0
57,master,40,1,intermediate,81.4685713575011,0,small,1
45,high_school,29,0,advanced,66.43773326025381,1,medium,0
29,primary,13,0,intermediate,84.95117312571071,1,medium,0
44,high_school,31,0,intermediate,70.28295105031722,1,large,0
59,bachelor,40,3,basic,54.00920046015923,0,large,0
47,bachelor,27,1,intermediate,59.67783333794311,1,small,0
58,high_school,40,0,intermediate,78.32161358459284,1,large,0
51,high_school,37,1,advanced,46.403291880604684,1,small,0
54,master,34,1,intermediate,76.89320029200378,0,large,1
23,phd,7,3,basic,59.513473727504014,1,medium,1
24,high_school,6,1,intermediate,45.65421041535833,0,small,0
49,high_school,30,0,basic,68.10884347702985,0,medium,0
49,bachelor,29,1,advanced,54.49714525225299,0,large,0
42,bachelor,23,2,basic,56.42562994895094,0,large,0
50,high_school,37,2,basic,55.613957008786926,0,small,0
24,master,1,2,intermediate,66.72339796051602,1,medium,1
29,bachelor,12,1,basic,59.15050286713578,1,large,0
33,bachelor,17,1,intermediate,70.86423066912154,0,large,0
33,bachelor,18,1,intermediate,80.18630678359933,1,large,1
60,phd,39,1,intermediate,73.1253200475105,0,large,1
53,master,38,1,intermediate,92.07962084699346,1,medium,1
30,primary,16,1,advanced,95.77022825380953,0,large,0
24,high_school,5,1,intermediate,60.64615609283243,0,medium,0
53,bachelor,39,0,advanced,47.71068688157847,1,large,1
26,high_school,8,2,basic,60.66301600965795,0,medium,0
49,bachelor,26,2,basic,66.77531101203796,0,medium,0
28,master,13,2,intermediate,98.38656758623023,0,medium,1
25,bachelor,10,2,basic,59.37796247211683,1,large,1
50,phd,32,2,intermediate,69.16895555699966,0,small,1
40,high_school,24,1,advanced,54.782581745501396,0,large,0
42,master,22,1,intermediate,59.799885640399374,0,medium,0
25,master,6,2,intermediate,46.78420772871561,0,medium,1
39,high_school,20,0,intermediate,43.05901396050456,0,large,0
21,bachelor,4,1,basic,85.41395999215688,1,medium,0
57,high_school,40,1,intermediate,80.99295521573994,0,large,0
20,master,3,1,basic,59.45596951908834,0,medium,0
46,bachelor,27,2,basic,80.95073835362032,0,medium,1
58,high_school,38,3,basic,45.396405432655186,1,large,0
46,bachelor,30,3,advanced,62.39955184133228,0,large,1
51,bachelor,28,0,basic,67.61393768915153,1,small,0
51,high_school,28,1,intermediate,83.99081351175649,0,medium,0
45,primary,27,3,basic,67.96311101538545,1,medium,0
30,bachelor,8,1,intermediate,73.17126341479354,0,large,0
32,bachelor,11,0,intermediate,57.950588476506404,0,medium,0
40,master,20,2,intermediate,68.959370359214,1,large,1
43,master,21,0,intermediate,83.96540119483146,1,small,1
21,bachelor,7,0,advanced,40.752353213469675,1,medium,1
43,master,26,2,intermediate,82.04111945893278,0,small,1
57,bachelor,40,1,basic,61.85043485974713,0,small,0
26,bachelor,3,0,advanced,43.91070186728567,1,small,0
22,high_school,1,0,advanced,60.993030586689244,0,small,0
49,high_school,27,2,intermediate,84.35121735565451,0,large,0
37,bachelor,22,0,intermediate,57.76497524796717,1,small,0
28,primary,12,2,basic,69.49009573458153,0,medium,0
32,bachelor,11,1,intermediate,40.80221027076824,0,small,0
49,master,30,0,intermediate,37.61500599932617,1,large,1
45,high_school,24,4,advanced,48.848914704750015,1,medium,1
39,bachelor,26,1,basic,80.19212014505729,0,small,0
58,master,40,0,intermediate,64.23753023322838,0,small,0
34,master,21,2,intermediate,81.49544317820695,0,small,1
43,high_school,25,2,intermediate,82.3717048780649,0,medium,0
24,high_school,5,2,intermediate,53.627726828768736,1,small,0
59,bachelor,40,1,advanced,88.50501524514104,0,small,1
43,bachelor,21,2,intermediate,56.8343061597772,0,medium,0
42,high_school,28,0,advanced,80.00543326513225,0,small,0
27,high_school,11,1,basic,79.39237253578189,0,medium,0
36,master,18,1,basic,65.97551773120989,0,small,0
28,bachelor,7,2,advanced,65.99994064603995,0,large,1
30,phd,7,2,basic,69.80691040952895,1,medium,1
25,master,6,0,intermediate,66.73156046659331,0,small,0
57,master,40,0,intermediate,59.147944572582176,0,small,0
21,high_school,0,0,intermediate,57.86148430255007,0,medium,0
48,master,26,2,intermediate,59.26788788337411,1,large,1
45,primary,30,1,intermediate,83.27324616823051,0,medium,0
28,bachelor,15,1,advanced,41.17489930573106,0,small,0
60,bachelor,40,4,basic,57.54737367752257,0,medium,0
18,high_school,1,3,intermediate,60.110887987501904,1,medium,0
55,master,37,0,intermediate,61.57852646215908,0,medium,0
41,master,18,5,intermediate,69.45162528376837,0,medium,1
48,primary,34,4,basic,44.776258126632776,0,medium,0
58,bachelor,36,0,intermediate,80.37974094526642,0,large,0
43,high_school,30,1,basic,78.30430712531788,0,large,0
22,bachelor,5,2,intermediate,75.11500916414784,1,large,1
37,master,16,2,intermediate,61.88662117113863,1,medium,1
58,high_school,36,0,basic,53.92471993013167,1,medium,0
28,master,10,2,intermediate,60.12197611695564,1,medium,1
50,high_school,34,4,intermediate,65.9129766397756,0,small,0
55,bachelor,39,1,basic,74.99278649225126,0,large,0
44,bachelor,31,1,intermediate,63.7803319196307,1,medium,0
51,high_school,29,1,advanced,70.40678920104688,0,medium,0
32,high_school,14,2,advanced,58.49136858631448,1,medium,1
49,master,30,3,intermediate,69.29488784217533,1,medium,1
38,master,21,1,basic,61.262000963775314,0,small,0
22,high_school,2,1,basic,69.01927321803115,1,small,0
23,bachelor,1,1,intermediate,38.495879470195625,0,large,0
55,primary,40,1,intermediate,72.30656560041768,0,medium,0
39,high_school,18,3,basic,73.10004669413294,1,medium,1
35,bachelor,20,1,intermediate,72.93443705413742,0,small,0
31,primary,17,2,advanced,50.188362337489885,0,small,0
27,master,11,0,intermediate,54.34803927414003,0,large,0
30,bachelor,15,2,intermediate,51.971170843549075,0,large,0
48,master,29,2,basic,69.94970960500494,0,large,1
47,bachelor,28,0,intermediate,74.87337374145896,1,large,1
20,master,3,1,intermediate,54.55155693909932,1,medium,0
47,bachelor,30,1,intermediate,84.73419099394326,1,large,1
23,bachelor,0,0,intermediate,84.53580149430965,0,medium,0
46,phd,27,0,intermediate,67.06938231907544,0,small,0
25,bachelor,9,2,intermediate,70.56328908480774,0,medium,1
60,primary,40,0,basic,39.80674275721671,1,small,0
50,bachelor,37,0,advanced,57.06440279487782,0,medium,0
34,master,12,2,advanced,46.21460737518366,0,small,1
28,master,12,1,intermediate,51.35020438729563,0,medium,0
30,bachelor,8,2,basic,72.71778266183114,0,large,1
28,bachelor,14,1,basic,76.34086105502013,1,medium,1
48,phd,25,2,advanced,76.96786796932997,0,small,1
45,primary,32,5,advanced,68.62537200893084,1,large,1
23,bachelor,10,3,basic,72.8506179188364,1,large,1
58,high_school,40,2,intermediate,41.16299798715694,1,small,0
33,bachelor,12,2,intermediate,45.65701886783577,0,large,0
21,bachelor,0,1,intermediate,61.861739819345345,0,medium,0
52,high_school,34,0,intermediate,73.96229368016832,1,medium,0
43,high_school,22,2,intermediate,58.29104292122703,1,large,0
29,bachelor,12,5,basic,44.58824790019791,1,small,1
28,high_school,12,1,basic,54.62355965016303,0,medium,0
54,high_school,33,1,basic,50.99772332507405,0,small,0
42,master,27,1,advanced,39.132669975256384,0,large,1
35,high_school,12,0,intermediate,98.36588946720798,0,large,0
36,bachelor,15,3,intermediate,83.49307313846882,0,small,1
40,master,19,1,intermediate,35.365112903943,1,small,1
55,high_school,38,0,advanced,36.169228948316196,0,large,0
35,high_school,22,1,basic,52.910163605815356,0,large,0
43,bachelor,30,0,basic,42.65999573074573,0,large,0
23,master,4,1,basic,100.0,0,large,0
21,master,1,0,advanced,52.96520173995867,0,medium,0
46,master,24,3,intermediate,70.4231050989639,1,large,1
51,master,34,3,intermediate,57.41305989453157,1,large,1
34,high_school,13,0,basic,47.49223375994192,0,small,0
60,primary,40,4,intermediate,80.71020780413593,1,large,1
60,high_school,40,3,basic,74.82245862366317,0,large,0
33,high_school,16,2,intermediate,64.10647449226971,1,small,0
19,bachelor,6,2,basic,100.0,0,large,1
51,bachelor,29,3,intermediate,68.52582648362961,0,medium,0
25,primary,8,0,intermediate,58.152968730427276,0,large,0
30,master,12,3,advanced,93.72909615925509,0,large,1
59,high_school,40,2,basic,71.05813738048555,0,large,0
25,bachelor,5,1,intermediate,89.41879453171921,1,small,0
47,bachelor,34,3,advanced,64.41367118111252,0,large,1
49,bachelor,30,2,basic,19.78338341819193,0,medium,0
53,bachelor,37,2,intermediate,41.61869096098087,1,large,1
47,primary,28,0,intermediate,81.24065800297308,1,medium,0
18,bachelor,0,1,basic,56.16405566271648,0,medium,0
60,master,38,2,basic,68.79987676403938,0,small,1
56,master,38,1,basic,82.0077109803612,1,medium,1
34,bachelor,16,4,intermediate,67.69227127615684,1,medium,1
37,bachelor,20,3,basic,52.10898814610266,1,medium,1
41,bachelor,25,3,basic,64.83369939716489,0,large,0
39,master,19,4,intermediate,66.60397854332373,0,large,1
46,high_school,30,3,intermediate,58.87766648097731,0,medium,0
39,bachelor,16,0,basic,44.2253279486682,0,large,0
26,master,8,1,intermediate,59.66776534497834,1,small,1
54,bachelor,36,1,advanced,63.607789257106965,1,medium,1
27,high_school,6,2,basic,43.352275699058644,1,large,0
53,bachelor,38,1,basic,51.22863141506872,0,small,0
54,high_school,35,1,basic,54.24723930704584,0,small,0
45,bachelor,22,2,basic,37.09457227022176,1,small,1
45,bachelor,28,2,intermediate,66.92353506972199,1,large,1
59,master,40,1,advanced,68.55435202503304,0,medium,1
60,bachelor,39,0,intermediate,56.83511035246002,1,medium,0
38,high_school,24,0,intermediate,44.470769733780486,0,medium,0
41,high_school,27,0,intermediate,71.10479818318353,0,medium,0
59,master,40,0,basic,73.19119630520825,0,large,1
57,high_school,37,2,basic,66.478735056969,0,large,0
19,bachelor,1,0,intermediate,65.62342425863149,0,small,0
25,high_school,9,4,intermediate,73.90915241432474,1,small,1
44,master,24,0,basic,63.56796999030611,1,small,1
39,bachelor,24,1,basic,51.23362936705,0,medium,0
54,high_school,38,1,intermediate,63.94573989997342,1,medium,0
44,high_school,30,2,intermediate,59.11922084296174,0,large,0
46,master,32,3,intermediate,63.94526906430754,1,large,1
20,bachelor,2,1,intermediate,78.26399462323641,0,medium,0
30,bachelor,13,0,intermediate,46.968823271818756,0,medium,0
27,master,11,1,basic,67.6621171252783,1,medium,1
53,master,31,2,advanced,46.211218271865555,1,large,1
26,high_school,7,1,basic,51.22728984211313,0,medium,0
44,phd,27,1,basic,88.6075645198069,1,large,1
51,primary,35,2,advanced,71.85959681410866,0,large,1
18,high_school,0,0,basic,67.41411795714212,1,large,0
49,master,28,1,intermediate,40.1229218539792,1,large,1
42,high_school,24,2,advanced,61.46389598411932,0,medium,0
46,high_school,27,2,intermediate,33.90813651323386,1,large,0
24,high_school,8,1,intermediate,65.55879083338966,0,medium,0
20,bachelor,5,3,intermediate,46.295544516255575,0,large,0
37,bachelor,22,1,advanced,73.36765615339073,0,large,1
37,bachelor,19,3,intermediate,67.41955873327909,1,medium,1
47,master,27,0,intermediate,46.758609441553766,0,large,0
52,bachelor,32,1,advanced,70.7238976468171,0,small,1
52,high_school,37,3,advanced,96.4008239635848,1,medium,1
56,master,36,2,intermediate,61.959118439833624,1,medium,1
44,high_school,28,0,basic,78.20454428428883,1,small,0
43,high_school,28,1,intermediate,33.45520341143167,1,large,0
31,primary,12,4,basic,72.01543916769221,0,medium,0
34,bachelor,16,0,intermediate,56.46090963602564,1,large,0
35,high_school,14,4,intermediate,60.96477765182471,1,large,0
46,high_school,27,0,intermediate,73.92671746830743,1,medium,0
37,high_school,18,3,intermediate,61.347775435417354,0,large,0
44,high_school,22,0,advanced,40.73842918846678,0,medium,0
35,bachelor,21,0,basic,87.90830538978052,0,medium,0
21,master,3,2,basic,43.24699523497676,1,large,1
18,master,3,2,intermediate,52.40697214132891,0,medium,0
18,high_school,5,1,intermediate,66.92177846053946,0,small,0
43,high_school,26,1,intermediate,67.06150282170218,1,large,0
37,phd,21,0,advanced,71.41958700049295,1,medium,1
40,primary,18,1,intermediate,66.9990301078664,0,small,0
27,master,14,2,intermediate,82.22629744274042,0,large,1
28,high_school,13,1,basic,72.35447841704661,1,medium,0
58,master,37,4,intermediate,47.214496073801186,0,medium,1
58,high_school,40,0,intermediate,26.028656217853772,1,medium,0
22,bachelor,3,1,intermediate,67.2663170998523,1,large,0
18,bachelor,1,1,advanced,86.99214245709432,1,medium,1
34,bachelor,14,2,intermediate,46.2144063122052,0,medium,0
39,high_school,22,0,advanced,49.2507617350869,0,small,0
51,bachelor,35,1,intermediate,70.32283332892476,1,medium,1
58,bachelor,40,0,intermediate,72.24489886304407,0,medium,0
46,primary,32,0,intermediate,81.834270262368,1,small,0
21,primary,1,1,intermediate,89.61665394848515,0,medium,0
22,bachelor,3,1,basic,68.54127192411424,1,large,0
28,high_school,15,0,basic,51.09948717807212,0,medium,0
38,bachelor,17,3,basic,51.55825243276757,0,medium,0
52,high_school,33,0,advanced,56.84558739985092,1,large,0
29,bachelor,13,1,intermediate,80.46812826853139,1,large,1
43,high_school,22,2,intermediate,57.4987439784794,1,small,0
36,bachelor,17,0,intermediate,79.42365970030916,0,large,0
24,high_school,10,3,intermediate,42.12749067412173,0,small,0
24,primary,1,1,intermediate,69.30741074781457,1,small,0
43,primary,21,1,intermediate,53.73362055985647,0,small,0
57,phd,36,2,advanced,72.83163690597989,1,medium,1
22,high_school,0,2,advanced,61.15588602228131,1,medium,0
38,bachelor,25,2,intermediate,76.96296195746952,1,large,1
31,primary,18,2,advanced,58.476292574009776,0,small,0
21,high_school,6,0,basic,64.61040274163193,1,small,0
40,bachelor,25,3,basic,77.12122343281574,0,medium,1
59,bachelor,40,1,intermediate,63.471625116970955,0,medium,0
37,phd,17,1,advanced,65.87465792892792,0,small,1
32,master,13,1,intermediate,76.40712637311051,0,large,1
46,master,26,2,intermediate,63.848708378335765,1,large,1
25,bachelor,6,0,basic,41.2278270681685,0,medium,0
58,bachelor,40,0,advanced,56.43439462894404,0,medium,0
36,high_school,23,1,intermediate,36.14824300391218,0,medium,0
56,master,40,1,intermediate,61.250871759004205,1,medium,1
45,bachelor,23,3,advanced,72.06968832487253,0,medium,1
44,bachelor,24,4,basic,66.86897504442506,0,medium,0
21,high_school,5,0,intermediate,85.91985683330051,0,medium,0
32,primary,15,1,basic,84.2400239297625,0,medium,0
52,master,37,2,intermediate,68.85103331187078,0,medium,1
54,high_school,35,3,basic,29.1172851227386,1,small,0
18,bachelor,0,2,intermediate,75.07017399783558,1,small,1
20,high_school,7,1,advanced,53.42441635198696,0,small,0
41,master,25,0,intermediate,78.21842588294444,1,medium,1
44,primary,31,2,intermediate,69.68975490422201,0,large,0
57,master,38,1,intermediate,74.84125472710525,1,medium,1
53,high_school,38,1,intermediate,72.525040647227,0,small,0
51,master,31,4,advanced,100.0,0,small,1
46,bachelor,30,1,intermediate,72.81774864964416,1,medium,1
41,high_school,20,1,intermediate,45.79790325828071,1,large,0
41,bachelor,22,3,intermediate,81.06968665075514,0,large,1
59,high_school,40,0,basic,58.54335563737103,0,small,0
21,high_school,7,2,intermediate,85.17789530486263,1,large,1
20,master,3,1,intermediate,88.1432758009638,0,small,0
51,bachelor,28,1,intermediate,74.32768248280165,0,large,0
40,high_school,20,1,intermediate,45.83549871052429,1,large,0
40,high_school,18,0,intermediate,58.09521692894574,0,small,0
22,high_school,0,0,advanced,85.11127275475371,0,small,0
48,master,31,1,advanced,94.98503881061463,1,small,1
58,high_school,37,0,intermediate,65.92889201740678,0,medium,0
23,phd,2,2,intermediate,60.878008767619384,1,small,1
54,master,36,0,intermediate,47.29808837545821,1,medium,1
27,high_school,9,1,intermediate,47.49425992842768,0,medium,0
57,high_school,34,2,advanced,68.49173206733552,0,medium,0
24,master,1,1,basic,75.51122228408416,1,medium,1
56,high_school,40,1,intermediate,42.68967523302846,0,large,0
55,primary,37,3,basic,77.4400540922886,1,small,1
38,high_school,21,1,intermediate,85.58415999585466,0,large,0
37,bachelor,22,0,basic,74.45885311811152,0,medium,0
20,master,0,0,advanced,89.79292749941226,1,medium,1
39,high_school,25,1,intermediate,70.33204737219394,1,medium,0
21,high_school,3,1,advanced,70.48050154338445,1,small,0
45,master,24,1,advanced,70.1939425715433,0,medium,1
29,master,16,0,intermediate,85.39134601193827,0,large,1
55,bachelor,35,2,intermediate,73.06459173874742,0,large,1
53,master,38,2,basic,57.053693969345,0,medium,1
58,bachelor,35,1,advanced,71.35147546888284,1,medium,1
22,master,3,1,intermediate,71.50171164459347,1,medium,1
30,high_school,17,2,basic,61.81499048764692,1,large,0
40,high_school,23,2,intermediate,80.33874885290783,0,small,0
47,bachelor,26,1,basic,66.37228844420086,0,medium,0
54,bachelor,32,1,intermediate,75.57930528520592,0,medium,0
42,phd,29,0,basic,72.6464041652223,1,large,1
44,high_school,22,3,intermediate,54.11339492538124,1,small,0
31,master,8,1,intermediate,50.306748525229764,1,medium,1
53,master,34,3,intermediate,54.27104759354466,1,medium,1
56,high_school,35,3,advanced,63.78262862889815,1,medium,1
33,master,20,3,intermediate,88.87290555331762,1,small,1
39,bachelor,22,2,intermediate,64.28882362037999,1,large,1
38,master,15,1,advanced,70.60631980882187,0,medium,1
38,bachelor,23,0,advanced,78.09523662820567,1,medium,1
25,bachelor,3,4,intermediate,59.61720400174477,0,large,0
33,bachelor,17,0,basic,58.77991652129381,1,medium,0
48,high_school,34,2,intermediate,80.7736867928464,1,large,1
59,high_school,39,4,advanced,73.52255400142062,1,medium,1
27,bachelor,9,2,intermediate,56.54016722809453,1,medium,1
49,master,34,1,intermediate,58.81481592918458,1,small,1
51,bachelor,34,1,advanced,66.2797505776592,1,large,1
26,bachelor,10,1,basic,69.94431283417529,1,small,0
34,high_school,17,1,basic,83.6596656954641,1,medium,0
28,bachelor,6,0,advanced,72.97992516861936,0,large,1
49,primary,34,0,basic,50.24740225241523,0,medium,0
27,master,4,3,intermediate,53.20582178468935,0,small,0
39,phd,17,1,advanced,69.6458378022032,0,large,1
34,bachelor,13,0,intermediate,67.14171467369036,0,small,0
21,primary,0,1,intermediate,52.34042055507083,1,small,0
42,high_school,28,1,intermediate,80.79345586399192,1,small,0
38,bachelor,18,0,intermediate,31.281027040444414,0,medium,0
54,bachelor,35,4,intermediate,70.0343620906737,1,large,1
55,master,37,0,intermediate,41.79559307516052,0,large,0
18,high_school,0,1,intermediate,78.21047685181688,1,medium,0
42,master,26,4,intermediate,61.02514957957355,1,large,1
53,bachelor,35,3,intermediate,76.21589887387707,1,large,1
34,high_school,20,2,basic,59.1350870417078,0,medium,0
58,bachelor,40,3,basic,84.88615362228822,0,large,1
41,high_school,22,1,intermediate,37.01299937254291,1,medium,0
19,bachelor,2,0,advanced,78.19234476955387,0,small,0
57,master,40,4,intermediate,55.882276011880144,0,medium,1
32,bachelor,12,2,basic,70.62649897824338,0,small,1
49,master,31,2,basic,71.25634889179429,1,large,1
56,bachelor,38,0,intermediate,44.11368197312366,0,large,0
23,high_school,3,1,basic,79.96122496097169,1,small,0
18,bachelor,0,1,basic,70.90553711446961,1,small,0
40,bachelor,24,1,intermediate,66.75411585729886,1,large,0
56,high_school,40,2,intermediate,70.77767231830913,0,large,0
34,high_school,15,1,advanced,66.87847301965915,1,medium,0
51,bachelor,29,4,advanced,77.52018416862792,0,small,1
58,primary,40,0,intermediate,57.92866719430732,0,small,0
46,primary,33,0,intermediate,77.54275597598631,0,medium,0
26,bachelor,6,3,intermediate,73.58446678295363,0,large,1
30,high_school,10,0,basic,62.41973507908796,1,small,0
23,master,10,1,intermediate,92.6936678586872,0,small,1
23,high_school,6,5,basic,71.77402453704312,1,medium,1
37,master,23,1,basic,67.92500115262443,1,medium,1
20,bachelor,6,1,basic,73.60941226434402,0,large,0
34,bachelor,16,3,advanced,63.42849066636278,0,large,1
29,high_school,9,5,advanced,83.01650737194508,1,medium,1
18,master,0,0,intermediate,64.67963615452938,0,large,0
34,bachelor,13,2,basic,77.29142421637987,0,medium,1
20,master,3,2,basic,48.97579989678307,0,small,0
43,high_school,25,0,intermediate,38.06269401377893,0,small,0
32,high_school,11,1,intermediate,71.0395029319823,0,small,0
53,bachelor,30,0,intermediate,59.24290258745148,0,large,0
49,primary,35,0,basic,62.110055026227435,1,large,0
49,bachelor,30,0,intermediate,29.87894925979336,1,small,0
21,high_school,7,3,advanced,90.50938308122397,0,medium,1
35,bachelor,13,5,basic,66.56835472918101,0,medium,0
36,phd,19,1,intermediate,85.0186179183532,0,medium,1
60,bachelor,40,1,basic,44.11131462219779,0,medium,0
52,master,32,1,basic,66.4797340177038,0,small,0
57,bachelor,39,4,advanced,71.11279083725036,0,large,1
31,bachelor,8,3,intermediate,67.00950680083135,1,large,1
50,master,28,1,intermediate,68.50246565228538,1,small,1
31,master,13,3,intermediate,44.15127449605384,0,small,1
51,master,29,3,advanced,69.75517176364482,0,medium,1
21,high_school,8,1,basic,52.35979456733013,0,large,0
41,bachelor,21,1,basic,55.73428284493,1,small,0
46,high_school,26,0,advanced,65.24761642339467,0,medium,0
36,bachelor,22,5,advanced,59.721323146518024,0,large,1
23,bachelor,8,1,intermediate,60.5837287264759,1,small,0
50,master,36,6,intermediate,81.85963693783387,1,small,1
57,master,40,1,basic,62.659251850357634,0,large,0
36,bachelor,19,1,advanced,59.046574159809055,1,large,1
18,primary,5,0,intermediate,63.154688522501765,1,medium,0
22,master,0,1,basic,48.32768626137377,0,small,0
44,high_school,31,0,intermediate,67.43843464920211,0,large,0
33,bachelor,14,2,basic,75.82760792004463,1,medium,1
23,primary,2,4,basic,69.70975511227195,1,small,0
57,high_school,36,1,basic,65.5498522045776,0,medium,0
30,phd,12,0,basic,74.02216170005802,0,large,1
52,high_school,32,1,basic,56.68831537550061,0,large,0
36,bachelor,20,3,basic,65.58871709681107,1,medium,1
29,high_school,9,0,basic,85.97462083334221,0,large,0
33,master,17,1,basic,60.58886382395468,0,medium,0
60,master,40,2,basic,74.1182908754164,0,small,1
27,high_school,6,1,basic,74.49347800872988,1,small,0
42,primary,23,1,intermediate,53.634833154520436,1,medium,0
37,bachelor,18,0,intermediate,75.31912484450534,0,large,0
48,high_school,34,1,intermediate,55.89727606411028,0,small,0
21,bachelor,7,1,basic,71.43594335491412,0,small,0
40,primary,17,0,advanced,55.65559270421236,0,medium,0
19,high_school,3,1,intermediate,69.2159044560677,1,small,0
39,bachelor,23,0,intermediate,66.93835744144694,1,medium,0
54,high_school,38,0,intermediate,66.67907234761965,0,small,0
25,master,11,1,basic,69.07941781849505,1,medium,1
24,primary,4,2,intermediate,57.04017020664653,1,large,0
31,high_school,16,0,intermediate,47.504764432326624,0,large,0
20,phd,6,3,intermediate,66.22409697974271,1,small,1
33,bachelor,12,3,intermediate,81.54189934129639,1,medium,1
36,bachelor,19,1,intermediate,73.74865904526027,0,small,0
35,high_school,17,0,intermediate,71.70871525504901,1,small,0
33,bachelor,18,1,basic,57.33669581988491,0,medium,0
25,bachelor,5,3,intermediate,67.79736818440581,1,medium,0
50,high_school,30,0,basic,52.54256403741316,0,small,0
29,master,11,1,basic,58.646181829689006,1,medium,1
28,bachelor,12,2,intermediate,70.35647906110708,0,medium,1
22,high_school,1,1,basic,37.750050016235676,0,medium,0
44,bachelor,31,2,advanced,90.9430966152222,1,medium,1
29,bachelor,13,1,intermediate,44.987445639688396,1,large,0
34,high_school,18,2,intermediate,93.33072962932798,0,medium,0
23,bachelor,6,1,basic,52.41645900741018,0,medium,0
50,high_school,33,3,basic,52.268279969379805,0,small,0
22,bachelor,3,0,intermediate,59.03599846594747,0,large,0
45,master,23,0,intermediate,58.408652950763,1,medium,1
31,bachelor,9,2,basic,55.92483020368486,0,medium,0
22,master,8,2,advanced,59.4414555711868,0,medium,1
50,high_school,34,2,intermediate,66.37572712334288,1,large,0
58,bachelor,40,2,intermediate,51.53869633663751,1,medium,1
36,master,18,2,advanced,77.61070848088704,1,medium,1
39,bachelor,23,3,basic,86.18327652219307,0,small,1
22,bachelor,1,3,intermediate,35.829401499279726,1,large,0
19,primary,0,1,advanced,92.83081600393916,1,medium,0
47,high_school,29,0,basic,76.5880971410376,0,small,0
56,high_school,34,0,advanced,68.86341007298935,1,medium,0
21,phd,6,1,intermediate,56.38652709324488,1,medium,1
50,high_school,31,1,advanced,67.49924357929986,0,medium,0
30,master,11,1,intermediate,78.46179522369131,0,large,1
37,bachelor,23,0,advanced,100.0,1,medium,1
24,high_school,8,1,intermediate,97.87900383944178,0,large,0
32,bachelor,14,0,intermediate,42.070706868482986,0,large,0
40,master,19,2,advanced,61.88268483215513,1,large,1
31,master,16,0,intermediate,66.16286417158963,0,small,0
40,high_school,26,3,basic,85.15333408795314,1,small,1
36,high_school,16,0,basic,63.74217295959424,1,medium,0
46,high_school,32,2,intermediate,53.67126264590393,0,medium,0
37,primary,17,1,intermediate,65.80683358801963,0,small,0
46,bachelor,24,0,advanced,59.21997694905194,0,small,0
41,master,20,2,intermediate,79.79770373192088,0,small,1
35,high_school,15,0,intermediate,100.0,0,medium,0
27,bachelor,10,1,intermediate,78.65838538801219,1,large,1
58,bachelor,37,1,basic,79.26278923381027,1,medium,1
25,high_school,9,1,intermediate,83.53382397815867,0,medium,0
43,high_school,27,0,basic,71.8181104826454,0,large,0
46,bachelor,32,2,basic,59.01885022335775,1,medium,1
27,master,14,3,intermediate,60.496726724774426,1,medium,1
34,bachelor,12,1,basic,81.44003773436204,0,small,0
19,primary,0,1,basic,69.33406323802635,0,large,0
23,high_school,7,2,intermediate,50.265847149533215,1,medium,0
22,primary,0,2,intermediate,84.63683063379348,0,medium,0
45,bachelor,22,2,intermediate,53.38827076807489,0,medium,0
58,master,38,1,advanced,48.08927175606773,0,large,1
22,high_school,9,1,intermediate,51.84656930858283,0,small,0
35,master,13,6,intermediate,69.59579508289318,0,medium,1
43,bachelor,20,2,intermediate,79.59086257442556,1,small,1
37,bachelor,21,1,intermediate,68.82050443017722,1,small,0
58,phd,36,4,basic,56.647143123920294,0,medium,1
44,primary,24,1,intermediate,52.88111370330567,0,medium,0
29,master,8,2,basic,76.56680879412508,0,large,1
24,high_school,2,1,basic,63.60936689985688,0,large,0
20,high_school,4,1,intermediate,70.11506549889818,0,large,0
27,master,6,2,intermediate,62.89594074354139,0,medium,1
51,master,36,0,intermediate,69.49161579550844,0,medium,0
42,bachelor,28,2,intermediate,70.85371892304043,1,medium,1
52,bachelor,33,4,intermediate,100.0,1,small,1
33,bachelor,18,1,intermediate,71.03731759084879,0,large,0
19,master,0,0,basic,59.189157812565696,0,large,0
41,high_school,22,1,intermediate,67.6341904560184,0,large,0
27,master,13,1,basic,50.75549628888594,0,medium,0
55,bachelor,37,1,intermediate,50.62359993294396,1,medium,0
39,bachelor,24,4,intermediate,83.74515278566903,0,large,1
43,bachelor,27,0,basic,69.56240442415024,0,medium,0
60,bachelor,38,1,intermediate,81.78512762732612,0,large,0
56,master,34,6,advanced,40.62625986062379,0,small,1
44,bachelor,25,1,intermediate,50.36707089297573,1,large,0
46,phd,27,0,intermediate,69.47342188305791,1,large,1
55,high_school,36,1,intermediate,52.634605206284746,0,small,0
37,bachelor,17,3,advanced,43.64040698571341,0,medium,1
44,master,28,1,basic,48.816338547061164,0,large,0
58,bachelor,40,3,intermediate,60.18254243516962,1,large,1
37,bachelor,18,3,intermediate,71.1965298915647,1,large,1
36,bachelor,13,1,advanced,90.72738499236046,0,large,1
37,master,23,1,intermediate,49.21110912284476,0,large,0
52,master,33,2,basic,49.98652089457282,0,large,1
19,high_school,0,2,advanced,43.235930505714904,1,medium,0
47,master,27,4,basic,73.59671833311113,1,small,1
51,bachelor,28,2,basic,66.87214842066628,1,medium,1
39,high_school,21,2,intermediate,50.52750396050476,0,small,0
20,master,2,2,intermediate,52.537658966517725,1,medium,1
23,bachelor,0,3,advanced,63.14106966790414,0,medium,0
32,master,16,1,intermediate,63.989627056085816,0,large,0
44,high_school,24,3,intermediate,49.40479556809723,1,medium,0
27,primary,5,3,basic,67.6578166786502,1,medium,0
26,bachelor,3,1,intermediate,44.356145713406136,0,large,0
50,high_school,37,1,intermediate,65.73519560346917,0,medium,0
49,master,28,2,basic,62.33634146412412,0,medium,1
23,high_school,6,1,advanced,71.01663702080535,1,large,1
58,bachelor,40,3,basic,83.16918734660673,0,small,1
53,primary,40,1,intermediate,59.439852787303046,0,small,0
19,high_school,5,1,advanced,65.00598540602468,1,medium,0
46,master,30,5,basic,35.289795119060614,1,medium,1
21,high_school,2,4,basic,94.5758129905845,0,medium,0
18,bachelor,1,1,intermediate,37.091105801082364,0,large,0
36,master,14,3,basic,63.75696867295949,0,medium,1
43,bachelor,23,2,intermediate,26.77097689819191,1,large,1
42,master,24,0,intermediate,52.61509854319174,1,small,1
27,high_school,8,1,advanced,91.031715396782,0,medium,0
32,high_school,14,1,advanced,82.1706468597294,0,medium,0
39,master,17,0,advanced,79.77517696338973,0,small,1
38,bachelor,21,1,basic,62.10871540515083,0,medium,0
39,bachelor,23,1,basic,89.76392879169791,1,large,1
53,bachelor,40,2,basic,68.86040994788303,0,large,0
51,bachelor,36,1,intermediate,75.34764934355385,1,small,1
47,primary,29,3,basic,100.0,1,medium,1
42,master,25,1,advanced,81.35483312571172,1,medium,1
45,bachelor,22,1,intermediate,64.01813142066027,0,large,0
18,bachelor,3,3,intermediate,72.65643313051743,0,small,0
21,master,3,1,intermediate,86.06201457805935,1,medium,1
24,high_school,4,1,intermediate,74.33706717468917,0,small,0
26,high_school,12,2,basic,76.74593872628172,1,medium,1
53,master,38,1,basic,84.31901948604283,0,small,1
36,master,13,0,intermediate,100.0,0,medium,1
18,bachelor,0,2,intermediate,50.97792648315948,1,medium,0
27,high_school,6,1,basic,75.53119071406692,1,large,0
53,high_school,30,1,advanced,71.89380251171143,0,small,0
26,bachelor,4,1,advanced,59.21462653592539,0,medium,0
59,high_school,37,4,basic,55.28926442892797,1,medium,0
49,master,32,2,intermediate,89.78081684569148,0,large,1
49,master,35,0,intermediate,49.66639179362257,0,medium,0
23,master,5,0,basic,43.86427940800825,0,large,0
55,high_school,40,1,advanced,56.55521425570257,1,small,0
34,master,15,3,advanced,38.27147178244185,1,medium,1
27,high_school,12,1,intermediate,52.31177312602556,0,medium,0
44,high_school,30,1,advanced,49.21165295166883,0,medium,0
52,primary,37,0,intermediate,66.29069375736474,0,large,0
38,high_school,16,0,intermediate,86.68225160850074,1,small,0
42,master,27,3,intermediate,56.16112801730301,1,medium,1
45,high_school,24,0,basic,77.9765234324557,0,medium,0
32,high_school,19,0,basic,76.26893929183811,0,medium,0
21,phd,0,1,intermediate,31.692928374729235,0,medium,0
46,primary,33,0,intermediate,56.72116805669822,0,small,0
26,master,11,2,intermediate,59.359817100563596,0,medium,1
44,high_school,27,3,intermediate,70.72186639768867,1,small,1
43,primary,30,2,basic,73.55098484358007,0,large,0
36,master,20,2,intermediate,69.96240024872849,1,medium,1
45,high_school,28,2,intermediate,51.57510459787619,0,medium,0
34,bachelor,19,1,basic,55.500199179827824,1,small,0
60,high_school,40,0,advanced,42.451362083043705,0,small,0
58,primary,38,1,intermediate,65.99578102167128,0,small,0
59,primary,37,1,basic,59.49221662584366,0,large,0
37,high_school,24,0,intermediate,72.99001455209134,1,medium,0
57,primary,38,2,intermediate,75.45319583125237,0,medium,0
56,master,34,2,intermediate,59.99342734853325,1,large,1
40,bachelor,20,3,advanced,69.23148011208114,1,small,1
49,high_school,27,3,intermediate,61.762713166896766,0,small,0
50,bachelor,31,1,advanced,48.29768344869965,0,large,0
22,master,4,0,advanced,52.99756563432973,0,small,0
60,master,40,0,basic,30.966455930719583,0,small,0
51,bachelor,28,1,basic,59.06381916359728,0,medium,0
57,master,40,1,intermediate,56.096839248613136,0,large,0
28,high_school,6,5,intermediate,48.57294851927503,1,small,0
20,high_school,1,1,advanced,77.28768577946087,1,small,0
50,bachelor,37,2,intermediate,72.89421552047666,1,large,1
28,bachelor,12,0,intermediate,73.30621113722488,0,medium,0
33,bachelor,14,1,intermediate,75.37436353735092,0,small,0
35,bachelor,14,1,intermediate,64.97311676072052,0,small,0
47,phd,29,3,intermediate,64.81885258656793,1,medium,1
27,master,4,2,basic,77.45312223341796,0,small,1
35,bachelor,12,2,intermediate,75.00909525777205,0,medium,1
55,bachelor,39,4,intermediate,80.4112345880053,1,medium,1
36,high_school,19,2,intermediate,64.34588040813749,0,large,0
53,high_school,39,0,basic,50.20430503259025,0,medium,0
30,high_school,16,1,basic,68.55654825861116,0,medium,0
20,bachelor,7,1,intermediate,56.32621135701862,1,large,0
27,primary,14,2,advanced,74.80303382863217,1,small,1
55,master,34,3,advanced,69.31700638984563,1,small,1
18,high_school,2,4,intermediate,65.77161494869326,1,large,0
44,bachelor,31,3,advanced,59.119599771732766,1,small,1
25,primary,9,4,basic,80.01014641309365,0,large,0
59,high_school,36,2,advanced,78.85850250255395,0,large,1
34,master,20,3,intermediate,56.592672789177485,0,medium,1
26,bachelor,9,0,intermediate,46.57425589490721,0,large,0
23,phd,1,1,basic,67.6916808424062,0,small,0
60,phd,38,1,advanced,82.78853794996576,0,large,1
42,high_school,20,2,intermediate,46.07316780987144,0,large,0
56,high_school,37,2,basic,72.05543309670344,0,small,0
45,master,28,2,intermediate,52.685381479065114,1,medium,1
50,phd,30,1,basic,49.746436528484615,0,large,0
54,bachelor,40,2,intermediate,78.96776782764996,1,large,1
26,master,6,1,intermediate,74.75512494545,1,large,1
35,master,20,0,intermediate,62.71564360023101,1,medium,1
38,high_school,24,0,advanced,76.84249770505117,1,small,1
19,bachelor,4,1,advanced,75.25279515641164,1,medium,1
60,master,40,2,basic,42.706280859962035,0,large,1
55,bachelor,40,3,basic,66.2640712721714,1,small,1
57,primary,37,1,intermediate,86.1920788210737,1,large,0
53,high_school,37,0,basic,72.1072105919357,0,large,0
60,high_school,40,3,advanced,25.763325160789748,1,large,1
54,high_school,33,0,intermediate,48.940261936263994,0,medium,0
32,master,11,1,intermediate,79.93660953189445,0,large,1
45,primary,28,0,basic,56.64252361223155,0,small,0
35,high_school,22,2,intermediate,81.82008710992697,1,medium,1
51,high_school,36,3,advanced,95.69153725451761,1,large,1
39,bachelor,26,3,intermediate,61.430782785143734,1,large,1
28,bachelor,8,3,advanced,55.73240699516954,0,medium,1
30,high_school,10,2,basic,49.90772624390772,1,large,0
21,high_school,0,1,basic,76.37365053770685,0,small,0
39,high_school,16,0,advanced,55.95979879103669,0,medium,0
24,bachelor,3,2,intermediate,58.96645195121712,1,large,0
60,high_school,40,0,basic,48.37143182524382,1,medium,0
41,master,26,2,intermediate,58.51153234651778,1,medium,1
21,bachelor,1,2,intermediate,54.39925719157865,0,small,0
45,primary,23,1,intermediate,35.27025103843894,0,small,0
32,bachelor,14,3,advanced,52.41987041971635,0,small,1
18,high_school,0,0,basic,76.19284435967057,1,medium,0
20,bachelor,5,0,intermediate,85.23493479038609,0,medium,0
31,high_school,11,0,intermediate,63.3999537010094,0,large,0
55,bachelor,39,0,intermediate,65.50542747508248,0,small,0
18,master,0,2,intermediate,69.28973694170381,1,large,1
55,master,33,0,intermediate,94.43916249701456,0,medium,1
55,high_school,40,0,basic,49.85224431508071,1,medium,0
38,high_school,20,3,intermediate,46.06785963870507,0,medium,0
46,bachelor,33,1,basic,64.22607719984079,1,medium,0
22,master,6,4,basic,70.91314122752168,0,large,1
27,master,14,1,intermediate,64.4994899051262,1,small,1
45,primary,31,1,basic,44.531873804136296,0,medium,0
38,high_school,23,0,intermediate,78.27211171875697,1,large,0
24,bachelor,1,3,basic,62.92793189457816,0,large,0
20,high_school,0,0,intermediate,73.3156589908613,1,small,0
37,high_school,24,5,advanced,88.29187474997636,0,medium,1
36,high_school,17,0,basic,43.050683641629085,0,medium,0
52,bachelor,37,0,intermediate,39.22460422291223,0,medium,0
21,master,4,1,intermediate,73.48346894670618,1,small,1
22,phd,5,2,basic,34.48283823126346,0,medium,0
18,high_school,0,4,intermediate,59.00183171660379,0,medium,0
21,bachelor,0,1,basic,56.43054755897772,0,medium,0
29,master,9,3,basic,70.39778473119829,1,large,1
44,high_school,22,3,advanced,55.008374952711534,0,small,0
59,bachelor,40,1,basic,72.37949268502486,0,medium,0
40,bachelor,25,0,intermediate,48.995162144963786,0,large,0
42,high_school,23,1,basic,46.36881220790115,0,large,0
38,bachelor,21,2,basic,65.28924418041133,0,medium,0
41,primary,28,0,basic,66.57922214890793,1,medium,0
42,bachelor,27,0,intermediate,69.42810635579248,0,large,0
49,high_school,30,0,intermediate,87.19364805485712,0,small,0
49,high_school,31,0,intermediate,84.20914964123884,1,medium,0
22,high_school,2,3,intermediate,71.77425798568945,1,small,0
53,master,37,0,intermediate,77.14089843246393,0,medium,1
59,bachelor,36,0,advanced,68.9320856419039,0,large,0
59,bachelor,36,3,advanced,82.69253552565893,1,small,1
56,bachelor,37,0,intermediate,70.45823875273409,0,large,0
33,bachelor,19,0,advanced,56.71636270741147,1,small,1
50,high_school,35,1,intermediate,53.713024349118214,1,small,0
38,bachelor,16,2,intermediate,82.26471894633228,0,large,1
26,high_school,13,0,intermediate,62.25372113196863,0,small,0
23,high_school,2,1,advanced,93.75195805750296,1,medium,0
52,bachelor,36,1,intermediate,48.43339967759918,1,small,0
56,high_school,37,0,intermediate,83.77159816017137,1,small,0
39,high_school,18,2,intermediate,58.60270753497208,0,medium,0
58,bachelor,40,1,advanced,71.10898737077409,1,small,1
22,bachelor,4,0,advanced,45.47403708811376,1,medium,0
59,bachelor,40,1,basic,37.42257739260716,0,large,0
40,bachelor,21,3,intermediate,87.19978461438204,0,large,1
34,bachelor,16,3,basic,58.4197354222636,0,large,0
29,bachelor,7,2,basic,79.78056810079448,0,medium,1
40,high_school,22,2,advanced,55.153320095993365,1,large,1
33,high_school,11,0,intermediate,79.8009229621784,0,large,0
20,bachelor,0,0,intermediate,58.57065164697964,0,large,0
47,high_school,25,0,intermediate,46.8428334587108,0,small,0
39,phd,16,4,intermediate,74.69727336425633,0,large,1
26,master,3,0,basic,79.1690078159352,1,small,1
46,high_school,31,4,basic,74.60647858819671,0,small,0
54,primary,34,2,intermediate,62.82870621450961,0,medium,0
40,primary,21,0,basic,38.76714429255754,1,large,0
30,high_school,16,2,basic,48.96579631713426,0,small,0
49,high_school,32,4,intermediate,54.46984238235597,0,small,0
40,bachelor,18,1,advanced,61.12607888568105,1,medium,1
34,master,21,1,basic,81.96198698346689,0,small,1
57,bachelor,40,0,advanced,63.23953178744246,0,medium,0
38,high_school,23,3,intermediate,33.40064891130543,0,large,0
19,high_school,0,1,basic,26.136133054104725,0,large,0
54,bachelor,40,0,intermediate,54.57866217289514,0,medium,0
23,master,9,1,intermediate,57.30013629381407,0,medium,0
35,master,12,3,advanced,70.33471466203746,1,large,1
47,master,31,0,advanced,43.21253954336285,0,large,1
39,bachelor,19,1,basic,44.259879429812685,0,medium,0
50,bachelor,33,1,intermediate,71.80384990439558,1,medium,1
47,high_school,26,1,intermediate,85.01309160938942,1,large,0
34,bachelor,21,2,basic,35.54693146586483,0,medium,0
60,high_school,40,3,basic,53.46591438854421,0,medium,0
49,bachelor,30,3,intermediate,81.66859448213366,0,large,1
59,bachelor,40,0,basic,78.99613743354209,0,small,0
31,high_school,10,0,intermediate,51.11462821092618,1,large,0
27,primary,14,3,advanced,82.39817128535587,0,large,1
53,primary,38,2,intermediate,65.67360563001343,0,medium,0
51,primary,30,6,advanced,74.90077149819966,1,large,1
26,primary,4,3,basic,54.43949698883616,0,large,0
59,high_school,40,2,intermediate,69.38624907028696,1,large,0
45,high_school,30,3,advanced,47.51287659302429,0,large,0
28,high_school,13,0,basic,56.78980046008179,0,small,0
31,phd,17,2,intermediate,60.54682837531301,0,small,1
56,high_school,36,1,basic,67.10190861802465,0,small,0
36,high_school,16,4,intermediate,100.0,0,small,0
32,bachelor,19,1,intermediate,100.0,1,medium,1
45,master,31,3,advanced,59.18142460570863,0,medium,1
41,bachelor,23,0,intermediate,87.1939880902936,0,medium,0
25,high_school,10,0,advanced,48.36271115707224,0,medium,0
60,bachelor,40,1,basic,70.98915689122559,1,small,1
26,bachelor,12,2,intermediate,54.715218151791646,0,small,0
50,bachelor,29,0,intermediate,58.23555120541236,1,small,0
50,bachelor,32,0,intermediate,100.0,0,large,0
36,master,19,1,intermediate,59.19524970612245,1,large,1
20,master,2,1,advanced,55.252367120501745,0,small,0
27,bachelor,6,1,basic,49.995189534543165,0,medium,0
57,bachelor,40,0,basic,53.460999049878,0,large,0
59,bachelor,39,1,advanced,43.673308579757894,0,medium,0
18,master,0,2,intermediate,68.3427698534002,0,large,0
46,primary,31,3,intermediate,68.07301250678461,1,large,0
51,phd,30,1,basic,70.06575879717178,1,small,1
30,high_school,12,1,basic,64.82860677682261,1,small,0
18,bachelor,0,0,basic,56.48930762400231,0,medium,0
51,master,29,2,basic,55.14732948018853,0,medium,1
46,high_school,23,2,intermediate,67.38505482384443,0,small,0
30,bachelor,15,0,intermediate,64.2272823186975,1,large,0
46,high_school,25,0,advanced,55.46350680190007,1,large,0
56,high_school,39,0,basic,60.70101308462597,1,small,0
41,high_school,26,3,intermediate,88.09173147725753,0,large,0
43,high_school,28,3,intermediate,94.55258897527158,0,large,0
34,high_school,20,2,basic,61.696530833594416,1,medium,0
24,phd,6,1,advanced,53.993323526102344,1,small,1
30,phd,14,3,intermediate,64.35350758833364,0,large,1
22,high_school,7,1,advanced,82.03822554820496,0,small,0
43,bachelor,22,3,basic,64.34491726123392,0,medium,0
20,primary,2,1,basic,70.32635688923864,0,small,0
24,primary,5,1,intermediate,55.13699433761774,0,large,0
56,high_school,39,0,basic,47.499652916655386,1,small,0
18,phd,1,0,intermediate,76.42330296606804,0,small,0
34,master,19,1,advanced,67.9226699355407,1,large,1
60,high_school,37,0,basic,74.83753791145514,0,small,0
42,high_school,24,2,basic,39.33810263486909,1,small,0
20,high_school,1,3,basic,92.48964362703133,0,small,0
32,bachelor,12,1,intermediate,68.78420329061004,1,medium,0
46,bachelor,32,2,intermediate,37.891516360091785,0,small,0
60,high_school,40,2,intermediate,79.80362068751953,0,medium,0
49,master,26,2,intermediate,59.39916896017944,1,large,1
43,high_school,23,0,intermediate,65.45761894637558,1,small,0
33,master,19,2,intermediate,57.83416170266253,0,large,1
42,bachelor,29,3,advanced,63.531555975700705,0,large,1
45,bachelor,28,2,intermediate,64.2871964044706,0,large,0
26,master,6,0,basic,39.948945304983155,1,medium,1
18,master,0,1,basic,77.98643268653407,0,medium,0
46,high_school,32,2,basic,66.69302578632079,0,large,0
39,high_school,16,1,intermediate,71.69284267759679,1,small,0
33,master,10,1,intermediate,77.23926426382414,1,medium,1
58,high_school,40,2,basic,66.81289304200133,1,small,0
58,primary,40,3,intermediate,69.96640373128344,0,small,0
24,bachelor,5,1,intermediate,42.94366487924724,0,large,0
31,master,14,1,basic,52.54440699879946,0,medium,0
46,master,31,1,intermediate,66.27518841825383,1,medium,1
36,master,20,1,intermediate,67.78557116816836,0,small,0
36,bachelor,14,3,basic,71.0106119964944,0,medium,1
19,high_school,4,3,advanced,86.09069289446708,0,small,0
58,bachelor,38,1,basic,63.58686604774125,1,large,0
32,master,18,1,intermediate,70.44339603304192,1,small,1
20,primary,7,2,advanced,65.88486263253952,0,large,0
28,high_school,9,1,intermediate,61.254189713038684,0,large,0
47,primary,34,3,intermediate,61.83752630160992,1,small,0
57,bachelor,38,1,advanced,53.235716116734416,1,small,1
35,master,15,3,basic,63.24484425725525,0,large,1
19,bachelor,1,0,basic,61.716813304015034,0,large,0
49,phd,26,1,intermediate,62.72463355803732,0,small,0
25,primary,3,3,advanced,38.871473740647666,0,large,0
39,master,19,1,intermediate,63.51588184641783,1,large,1
23,master,3,1,advanced,51.84419861859827,1,medium,1
29,high_school,13,1,basic,64.07221798562969,1,large,0
57,phd,40,0,advanced,48.57845531773288,1,medium,1
53,high_school,33,1,advanced,65.74890330077115,0,medium,0
32,master,14,4,intermediate,60.54548218820211,0,small,1
45,master,25,1,advanced,55.60577878056234,0,large,1
35,master,15,1,basic,69.3400568559745,1,small,1
19,bachelor,6,1,advanced,70.63214069816252,0,small,1
30,high_school,15,2,advanced,64.2603570007121,0,large,0
32,bachelor,12,2,basic,73.5318224489983,0,small,1
37,high_school,19,1,intermediate,58.8005451807288,1,medium,0
46,master,31,2,intermediate,70.9992809153722,0,small,1
59,master,38,1,basic,64.36664346487902,0,small,0
46,master,29,0,basic,50.01002520667106,1,medium,1
20,primary,3,1,basic,52.979715779795825,1,medium,0
36,master,13,2,intermediate,82.48102662000784,0,large,1
20,master,7,2,intermediate,88.64508681748185,0,medium,1
31,master,9,1,advanced,75.69880570583955,1,medium,1
57,high_school,38,1,intermediate,56.252171197654086,0,medium,0
21,primary,5,0,intermediate,86.41585257173931,1,small,0
28,primary,10,0,basic,74.18823502565898,0,small,0
48,bachelor,31,0,intermediate,70.0346995077893,1,large,1
60,bachelor,39,2,advanced,92.63464384479127,1,medium,1
49,phd,31,2,intermediate,52.100367799253874,1,small,1
44,high_school,29,1,intermediate,76.59478864099994,0,small,0
47,high_school,26,1,intermediate,52.78098714160874,0,large,0
60,bachelor,40,1,intermediate,55.90055049243191,0,large,0
19,master,2,2,intermediate,100.0,0,large,1
26,master,7,0,basic,72.53545253724738,1,medium,1
45,master,31,4,intermediate,92.73780893218876,0,large,1
48,bachelor,32,0,intermediate,73.15371146433817,1,medium,1
51,bachelor,35,1,advanced,71.03629841879422,1,medium,1
32,master,14,0,intermediate,55.60853524094264,1,large,1
42,bachelor,25,1,basic,79.66613388709482,1,medium,1
53,high_school,32,2,basic,65.37965147361142,0,large,0
25,high_school,8,0,advanced,66.20714462752824,0,small,0
26,primary,9,0,advanced,61.08308477311938,1,small,0
54,bachelor,34,2,basic,63.48832982595529,1,large,1
56,high_school,40,0,advanced,65.3739236671783,0,medium,0
49,high_school,29,1,advanced,66.84321959109263,1,medium,0
34,high_school,13,2,intermediate,64.23921471426077,0,medium,0
52,bachelor,38,2,intermediate,41.64728314571275,1,large,1
54,high_school,37,2,intermediate,73.12912977639533,1,large,1
36,bachelor,17,1,intermediate,63.154694559152304,0,medium,0
46,primary,25,2,basic,15.240225180667323,1,medium,0
24,high_school,6,3,intermediate,41.181727884255096,1,medium,0
45,bachelor,27,2,advanced,57.89815644369654,0,large,1
26,high_school,8,4,advanced,84.17894439979518,0,large,1
45,high_school,23,0,intermediate,74.11573194588992,1,small,0
23,primary,10,2,intermediate,54.69273186938668,0,medium,0
46,master,32,0,intermediate,62.139506609766144,1,small,1
34,bachelor,17,1,intermediate,81.56814763698934,1,medium,1
33,high_school,16,2,intermediate,55.75500918937605,0,small,0
40,primary,26,1,intermediate,48.71066808054153,0,large,0
48,phd,28,3,basic,78.20822843652668,1,medium,1
20,bachelor,7,1,basic,81.74103072714607,1,large,1
38,bachelor,20,2,intermediate,55.926553908301806,0,large,0
43,bachelor,23,3,intermediate,72.31419201132914,0,large,1
53,master,33,3,intermediate,64.3910015220504,1,small,1
59,master,40,0,intermediate,56.13999387994426,1,medium,1
54,bachelor,39,2,intermediate,82.53098407013485,0,medium,1
39,bachelor,22,0,intermediate,55.04044509287144,1,large,0
59,primary,37,1,advanced,76.34004803385545,1,small,1
29,master,11,3,basic,66.02114429751839,0,large,1
59,bachelor,40,1,advanced,62.41255071788291,0,medium,0
30,high_school,12,3,basic,56.67161137432454,1,medium,0
28,master,12,1,intermediate,50.20077098427879,0,large,0
33,master,17,2,intermediate,61.251466362017595,0,large,1
25,phd,4,4,intermediate,57.31372889843709,1,medium,1
57,master,40,1,advanced,66.38774676717202,0,medium,1
57,phd,39,0,basic,47.03824685684514,1,large,1
19,high_school,2,2,intermediate,62.724875752719264,0,large,0
47,master,32,0,advanced,71.08944408418881,0,large,1
47,master,30,1,basic,54.90089002281435,0,small,0
29,high_school,15,1,advanced,76.11473651111223,1,small,1
27,primary,12,0,intermediate,77.74347701839861,0,small,0
28,phd,5,4,advanced,46.8927582292347,1,small,1
32,high_school,9,3,intermediate,53.62391446431613,0,small,0
33,master,12,1,intermediate,44.89357493143394,1,large,1
34,primary,19,1,intermediate,71.3461916580451,0,medium,0
43,primary,20,2,intermediate,66.91817036265294,0,large,0
19,bachelor,0,1,basic,40.98309465880933,0,large,0
29,high_school,10,3,intermediate,55.21932129900215,1,medium,0
43,bachelor,27,3,basic,69.62482757772408,1,medium,1
40,bachelor,18,2,intermediate,66.69427952577898,1,small,1
35,primary,15,0,basic,83.15230570306694,0,small,0
49,high_school,31,1,advanced,47.72120651872389,1,medium,0
55,high_school,32,2,intermediate,64.86654847453444,0,small,0
20,high_school,0,2,intermediate,49.97360020308238,1,medium,0
55,master,35,4,advanced,66.65230276261255,0,medium,1
20,bachelor,5,5,intermediate,62.28419183970039,1,large,0
47,primary,32,0,basic,69.07636860343563,1,medium,0
18,bachelor,0,0,intermediate,58.86271917448515,0,small,0
47,primary,31,2,advanced,76.43491665402115,1,medium,1
49,high_school,35,1,basic,54.27979866608922,1,medium,0
45,high_school,25,3,intermediate,49.770920787814894,1,medium,0
38,master,24,2,intermediate,68.37837484858707,1,medium,1
30,master,14,3,intermediate,92.80804766699508,0,large,1
44,master,23,2,advanced,42.18017926926241,0,medium,1
53,high_school,31,1,intermediate,47.83171374981116,1,small,0
24,high_school,6,4,basic,68.47330435967159,0,large,0
39,bachelor,20,0,advanced,81.9083763582656,0,medium,1
27,bachelor,11,3,intermediate,69.59651676557993,0,small,0
56,phd,33,1,intermediate,55.88004940272244,1,large,1
32,high_school,19,0,basic,71.30443241102383,1,small,0
32,primary,18,1,advanced,72.74498027709112,1,large,1
21,bachelor,0,2,basic,54.7971552227923,1,large,0
49,master,32,1,intermediate,77.37268318094559,1,medium,1
40,master,26,1,basic,64.48224884436505,1,small,1
23,bachelor,3,0,advanced,38.75454101703031,1,medium,0
41,phd,27,3,intermediate,62.97754724133601,0,medium,1
37,bachelor,18,0,intermediate,56.4640586319988,0,large,0
54,master,38,2,intermediate,84.5733781707047,1,small,1
37,phd,14,1,advanced,45.06573091514587,0,medium,1
29,master,6,0,advanced,57.753148866421434,1,large,1
50,high_school,33,1,intermediate,68.8581019352995,1,medium,0
45,high_school,30,0,advanced,100.0,1,medium,1
25,bachelor,5,1,intermediate,94.32386687948207,0,large,0
18,bachelor,2,0,intermediate,64.32143728430123,1,medium,0
54,master,40,2,advanced,70.23939022375092,0,large,1
39,high_school,22,2,intermediate,74.02977281566397,0,small,0
23,high_school,1,0,advanced,49.813467630717895,1,medium,0
38,master,19,0,basic,65.15213579293948,0,small,0
49,primary,34,2,intermediate,85.34326339825445,0,large,0
52,high_school,37,2,intermediate,67.12420134040019,0,large,0
32,high_school,11,1,intermediate,94.24707196230605,0,medium,0
22,bachelor,9,1,basic,58.315419899447676,0,medium,0
23,high_school,2,1,advanced,63.670212812482774,0,medium,0
42,master,20,1,intermediate,63.789477801959244,0,small,0
57,bachelor,40,1,intermediate,45.47984018207741,1,medium,0
46,master,28,0,intermediate,81.58956879570631,1,medium,1
24,bachelor,5,0,intermediate,59.993795264175475,0,medium,0
57,high_school,40,0,intermediate,68.87173796503278,0,large,0
30,high_school,10,4,advanced,56.02435648910466,0,medium,0
55,primary,36,0,intermediate,90.87744983379503,0,medium,0
35,bachelor,20,3,intermediate,83.48983975925137,0,large,1
19,high_school,6,0,intermediate,65.87526440677094,0,small,0
25,high_school,10,0,advanced,46.63708824983883,0,medium,0
28,bachelor,8,2,intermediate,76.15927869585137,0,small,1
50,high_school,32,4,intermediate,81.24463543796159,0,medium,0
55,high_school,33,3,intermediate,51.09029050828524,0,large,0
44,master,23,1,intermediate,62.84908971771743,0,large,0
37,master,22,0,basic,66.15271199182564,1,medium,1
29,high_school,11,3,advanced,81.30466236889282,0,small,1
60,high_school,40,2,intermediate,62.72982774876012,0,small,0
48,phd,35,3,intermediate,79.43064683229537,0,large,1
44,primary,25,4,intermediate,53.406555499759946,0,large,0
49,phd,27,1,advanced,49.16858322833852,1,small,1
27,primary,10,0,basic,92.47281712360846,1,small,0
20,master,2,1,basic,45.313370006593686,0,large,0
44,high_school,31,3,intermediate,53.73149495475481,0,large,0
52,master,30,2,intermediate,76.77429385879333,1,medium,1
48,high_school,30,3,basic,57.04020174120541,0,small,0
32,bachelor,16,2,intermediate,56.6403433608122,0,medium,0
33,primary,10,2,basic,62.037174420888356,0,large,0
30,high_school,10,3,intermediate,32.66037832562805,0,medium,0
52,master,29,1,intermediate,81.80897694889427,0,small,1
28,bachelor,6,1,basic,67.63826386448953,0,medium,0
38,master,15,3,basic,52.82839263178596,1,large,1
28,bachelor,10,0,advanced,39.255447217798874,1,medium,1
47,master,34,3,intermediate,44.51964828633986,1,medium,1
52,bachelor,34,1,advanced,41.085457662553495,0,large,0
39,phd,16,2,intermediate,68.40890956212894,1,large,1
55,phd,35,3,advanced,68.5586309840888,0,large,1
48,high_school,28,1,intermediate,74.18238052544655,0,small,0
31,master,15,0,basic,75.98880406327412,0,small,1
41,master,23,1,intermediate,74.42245820717584,0,medium,1
49,high_school,27,0,intermediate,88.06763999237563,1,small,0
53,bachelor,34,3,basic,82.92862186867066,0,small,1
49,primary,29,2,advanced,79.37591222653005,1,small,1
32,master,18,3,intermediate,68.55169395089521,1,medium,1
60,high_school,40,4,basic,75.81108264969544,0,medium,0
52,primary,36,2,advanced,58.840922321816976,0,medium,0
20,bachelor,1,1,intermediate,61.68501086006047,0,small,0
33,bachelor,12,0,intermediate,90.82122161924967,1,medium,1
22,master,8,1,intermediate,56.64327427680692,0,small,0
38,phd,18,2,intermediate,55.539216798820696,0,small,1
27,bachelor,4,1,intermediate,59.56890964478123,0,medium,0
36,primary,18,1,basic,56.76041765642562,0,medium,0
42,bachelor,29,1,intermediate,58.03178113554593,1,large,0
21,bachelor,7,1,intermediate,68.63447657249071,0,medium,0
46,bachelor,26,0,intermediate,69.1254945585394,1,medium,0
36,high_school,18,0,intermediate,78.66638788476786,0,medium,0
60,bachelor,38,1,intermediate,97.82115823365388,1,small,1
19,high_school,0,0,intermediate,59.47489513700382,0,medium,0
27,master,14,3,intermediate,64.01656882795372,0,medium,1
60,bachelor,40,0,basic,37.43076245262618,0,large,0
42,master,26,0,basic,45.6153861306351,1,small,1
37,bachelor,16,0,intermediate,62.80683234727862,0,small,0
36,high_school,13,2,basic,71.95373470286138,0,small,0
40,master,26,2,basic,72.37074164365744,0,medium,1
41,bachelor,20,3,basic,74.25620339287377,0,medium,1
28,high_school,12,2,basic,83.86199910984254,1,small,1
51,bachelor,38,0,intermediate,90.58531716300111,0,medium,0
45,high_school,24,3,intermediate,61.349053864846525,1,large,0
22,master,3,1,basic,52.96810806376683,0,small,0
22,bachelor,0,3,basic,74.82331639720988,1,medium,1
38,bachelor,15,2,basic,79.00735843378449,0,large,1
29,primary,16,4,intermediate,67.0374737273233,0,medium,0
21,high_school,7,0,intermediate,62.31506697783895,0,medium,0
59,phd,40,1,basic,57.437507657668924,0,large,0
37,master,18,3,intermediate,64.36646833789952,1,large,1
55,high_school,37,0,basic,75.3510257567529,0,medium,0
42,high_school,20,3,basic,54.97607121399375,1,medium,0
31,high_school,16,0,intermediate,52.9856779178506,0,small,0
28,bachelor,6,0,intermediate,73.99389798351784,1,small,1
49,master,27,2,basic,52.27932957933352,0,medium,1
28,bachelor,9,2,basic,67.26745630056745,0,medium,0
35,bachelor,20,0,basic,66.47317824036483,0,large,0
44,master,24,2,intermediate,65.00616145063886,0,large,1
35,bachelor,17,0,intermediate,55.36012861313996,0,small,0
40,high_school,18,1,basic,91.00858924394316,0,medium,0
28,bachelor,8,2,advanced,70.97496482529446,0,large,1
38,phd,23,2,basic,57.28388981972816,0,small,1
22,master,0,4,basic,69.96405372709721,1,medium,1
40,bachelor,17,2,basic,92.48337629677953,1,small,1
58,bachelor,38,1,basic,66.34269136647518,0,small,0
42,master,22,0,basic,88.00027827871988,0,medium,1
58,bachelor,35,3,advanced,47.78369096159191,1,medium,1
27,high_school,7,1,advanced,52.23276248509576,0,small,0
39,phd,18,4,intermediate,32.89399162746477,1,small,1
36,master,14,3,intermediate,94.63645485840219,0,small,1
18,high_school,4,4,intermediate,39.47215304429818,1,large,0
24,bachelor,4,2,intermediate,67.61305213269198,0,small,0
21,bachelor,5,1,intermediate,91.06457447367669,1,medium,0
18,high_school,1,0,intermediate,79.56744697490063,0,small,0
32,phd,17,1,basic,70.64438996984853,0,medium,1
57,bachelor,40,1,basic,84.2468543548352,1,medium,1
29,master,6,3,advanced,54.974183466430354,0,large,1
39,high_school,17,2,basic,72.7652901875652,0,large,0
39,bachelor,17,1,advanced,63.31028045571256,1,large,1
34,primary,18,1,intermediate,63.00131118087065,0,medium,0
46,master,26,0,intermediate,67.85882581439331,0,large,0
31,bachelor,16,4,basic,82.62980729797113,0,large,1
37,bachelor,15,3,intermediate,88.49809573846373,0,small,1
50,primary,30,1,intermediate,60.9947769474517,0,large,0
60,high_school,37,4,intermediate,48.66961477794103,0,small,0
32,primary,11,0,intermediate,52.70630099638144,1,large,0
29,high_school,11,2,intermediate,94.21692289996,1,large,1
57,bachelor,40,0,intermediate,87.21164671041127,0,small,0
37,bachelor,24,2,intermediate,48.630785087629924,0,large,0
47,bachelor,24,0,advanced,89.91513688750472,0,large,1
55,bachelor,36,1,advanced,54.325112111267025,0,medium,0
20,high_school,0,2,intermediate,74.96907891286412,0,small,0
45,high_school,28,3,basic,54.31388299881519,1,medium,0
43,high_school,23,1,basic,97.44305004134569,1,medium,0
47,master,28,3,intermediate,56.44788616897262,0,large,1
30,bachelor,14,3,intermediate,49.25285063517587,0,medium,0
30,high_school,8,3,intermediate,58.152132971233044,0,medium,0
19,high_school,0,3,intermediate,100.0,0,medium,0
54,master,40,0,advanced,68.90831599478356,0,small,1
55,bachelor,36,0,basic,49.576777394166534,0,medium,0
19,bachelor,5,2,advanced,53.17428999069793,0,medium,0
53,bachelor,33,2,intermediate,38.784807979566416,0,medium,0
43,high_school,24,3,basic,73.10198537344591,0,large,0
28,phd,7,0,advanced,46.24185678122287,1,small,1
25,master,10,1,advanced,81.58488047187893,1,medium,1
57,high_school,40,1,intermediate,76.85128346927564,1,small,0
60,master,40,0,advanced,63.49971484752955,1,small,1
39,master,16,0,advanced,83.54181795920648,1,medium,1
37,high_school,17,3,intermediate,78.88384095535521,1,small,1
25,bachelor,8,2,intermediate,67.35365784589942,1,small,1
46,high_school,32,1,basic,53.4777625356173,0,large,0
57,high_school,38,0,basic,71.20301004745109,0,medium,0
43,bachelor,23,2,intermediate,71.1154727248183,0,small,1
47,high_school,32,2,intermediate,72.37182394941348,0,large,0
34,master,18,2,intermediate,66.185486167374,0,large,1
37,phd,16,2,intermediate,69.90731277423254,1,small,1
33,primary,15,1,advanced,69.53224723105384,0,large,0
60,bachelor,40,0,intermediate,85.43136746611694,1,medium,1
24,master,7,0,advanced,45.888495449328396,1,large,1
33,master,10,4,advanced,49.976172946400034,0,large,1
44,master,21,1,intermediate,66.12695000375544,0,medium,0
40,high_school,22,1,basic,53.60017464654026,1,small,0
41,bachelor,27,3,basic,68.16308995966251,0,large,0
26,bachelor,13,3,intermediate,48.3026772113328,0,medium,0
52,phd,35,4,intermediate,50.66929645186039,0,medium,1
37,high_school,22,2,intermediate,95.9074398746469,0,medium,0
54,master,37,0,advanced,61.560010731020725,1,medium,1
59,high_school,40,1,intermediate,47.431375040117686,1,large,0
34,phd,20,1,intermediate,63.27765915829892,0,large,0
48,bachelor,33,1,intermediate,80.54631446089033,0,small,0
25,bachelor,9,0,intermediate,83.08295753087772,0,small,0
32,bachelor,15,1,basic,43.08392586833557,0,small,0
48,high_school,27,0,basic,53.494350604678786,0,medium,0
47,high_school,34,2,basic,68.34060251678572,1,large,0
37,high_school,16,1,advanced,64.49038716668286,0,medium,0
56,high_school,40,1,intermediate,40.99990643378645,1,medium,0
29,high_school,10,3,intermediate,43.43014995578121,1,small,0
34,master,17,1,intermediate,48.985951693868444,1,medium,1
59,bachelor,40,0,intermediate,38.436683806489086,1,small,0
47,high_school,30,2,intermediate,58.12293328428562,0,small,0
46,master,23,1,advanced,82.9174505367337,1,medium,1
36,bachelor,20,3,intermediate,55.012351483184204,0,small,0
28,phd,5,0,advanced,81.23383415629665,0,large,1
51,bachelor,38,0,intermediate,65.4454487611207,1,large,0
24,high_school,4,4,basic,62.24926839732659,1,large,0
51,bachelor,29,1,intermediate,40.01390693951552,0,medium,0
37,bachelor,18,0,advanced,82.54725526350556,0,large,1
55,primary,37,1,advanced,66.7464104123674,1,large,0
41,primary,21,2,basic,41.00161001487521,1,small,0
27,high_school,7,0,basic,70.72781946242173,0,medium,0
49,high_school,32,1,intermediate,56.18246916822252,1,large,0
32,bachelor,19,1,basic,65.91982299598182,1,medium,0
54,bachelor,34,1,basic,68.60201230504545,0,large,0
37,high_school,15,2,basic,83.2360352606307,1,medium,1
20,bachelor,0,3,basic,48.09082002872465,1,medium,0
54,bachelor,37,2,intermediate,73.5782322508238,1,medium,1
57,high_school,34,0,advanced,84.92446161672626,0,small,0
25,primary,5,0,basic,100.0,1,small,0
57,primary,39,1,intermediate,80.74339928108394,0,small,0
40,high_school,24,1,intermediate,70.42109691757905,1,small,0
57,high_school,40,3,advanced,69.12532728195802,0,small,0
28,high_school,13,0,intermediate,88.28152504264683,0,large,0
25,bachelor,6,1,basic,60.70344511362006,1,medium,0
46,bachelor,24,1,advanced,76.93853819226953,0,medium,1
47,high_school,26,0,advanced,97.91153990959495,0,small,0
27,high_school,5,1,intermediate,63.35938289514052,1,small,0
56,bachelor,40,3,basic,34.79071674539841,0,small,0
45,master,27,0,basic,52.087799212925155,0,large,0
53,master,40,1,basic,69.4016811386469,1,small,1
30,bachelor,7,2,basic,52.44574342974685,1,small,1
49,high_school,28,3,basic,59.79179034830437,0,medium,0
53,high_school,36,3,basic,60.57431231914293,0,medium,0
54,master,37,0,intermediate,73.41423954880204,0,large,1
43,primary,24,0,intermediate,50.81051224226296,0,large,0
39,phd,18,0,intermediate,56.2435295697025,0,large,0
21,bachelor,4,0,basic,86.10570784551341,0,large,0
48,bachelor,29,0,advanced,57.77056863188888,0,small,0
35,primary,17,1,intermediate,75.88678293971523,1,small,0
55,bachelor,34,3,basic,65.20907150818273,1,small,1
41,bachelor,23,1,basic,64.65323376427304,0,large,0
40,high_school,23,2,basic,76.07212349655518,1,medium,1
39,high_school,23,3,intermediate,37.063066025623684,0,large,0
19,master,0,2,basic,71.65016611826728,0,medium,1
48,bachelor,26,1,basic,73.2914350413624,1,small,1
28,bachelor,10,0,intermediate,77.72665405326454,1,small,1
45,primary,29,0,intermediate,59.3679389133646,0,medium,0
49,bachelor,30,1,intermediate,65.00788446253586,1,small,0
22,bachelor,0,1,intermediate,28.212040869146072,1,medium,0
55,bachelor,40,2,basic,54.95238054554797,0,small,0
27,bachelor,4,2,intermediate,67.6337795071855,0,large,0
57,bachelor,40,1,intermediate,87.05992210181218,0,medium,0
41,bachelor,26,1,intermediate,92.68668369892362,1,large,1
52,high_school,32,3,intermediate,59.86328151650755,0,large,0
40,master,26,2,basic,78.11047389294914,0,medium,1
34,bachelor,11,0,basic,62.791899527947734,1,large,0
18,high_school,5,3,basic,40.76062086700079,0,small,0
48,bachelor,32,1,basic,74.07582919659383,0,large,0
48,master,26,2,basic,92.4692786955117,1,small,1
59,high_school,37,1,basic,59.27844469689384,0,medium,0
59,high_school,36,1,intermediate,51.391146446874814,0,large,0
51,bachelor,28,2,basic,66.01053277426794,0,small,0
26,high_school,11,1,advanced,63.1581265503359,1,small,0
39,master,16,1,advanced,100.0,1,small,1
30,high_school,12,2,intermediate,80.08793181073807,1,small,1
42,master,25,1,intermediate,66.94085146526334,1,medium,1
35,primary,15,1,advanced,21.570053993467184,0,small,0
29,primary,10,2,intermediate,62.85052264236018,1,small,0
57,master,37,2,advanced,92.78339944570956,0,large,1
34,bachelor,14,0,advanced,66.20071265617642,1,small,1
32,high_school,18,1,advanced,77.32774190349326,0,small,0
59,high_school,36,2,intermediate,70.87938994938978,1,small,1
32,bachelor,14,1,basic,57.70006911134156,1,small,0
32,bachelor,18,0,basic,90.36973585835923,0,small,0
56,phd,40,2,intermediate,67.83358879358971,1,large,1
30,phd,13,0,intermediate,54.396945823239896,0,small,0
34,bachelor,17,0,basic,65.32287566434287,0,small,0
49,bachelor,33,1,basic,86.41319998987656,1,medium,1
26,bachelor,9,3,intermediate,42.80822564623731,0,small,0
57,bachelor,39,0,intermediate,69.05399384972729,1,medium,0
37,high_school,21,0,intermediate,66.1045214247918,0,small,0
43,high_school,22,2,intermediate,41.8983691523834,0,medium,0
44,primary,29,0,intermediate,76.50151686432888,1,medium,0
38,primary,17,3,basic,68.84677572762793,0,medium,0
35,high_school,15,2,advanced,78.17792065070458,0,medium,1
30,bachelor,16,1,basic,82.07117360185208,1,medium,1
33,master,15,1,advanced,64.16659938856034,1,large,1
26,bachelor,10,2,advanced,56.665944172615326,1,large,1
29,high_school,8,1,intermediate,43.63205830632748,0,large,0
55,primary,40,0,intermediate,55.33492305069653,1,small,0
36,bachelor,18,1,intermediate,65.16421812893721,1,large,0
24,high_school,5,0,advanced,50.546347757275655,0,medium,0
52,bachelor,33,1,basic,73.75177897852124,1,small,1
35,phd,16,4,intermediate,51.448612655011424,0,medium,1
33,high_school,18,2,basic,38.55770993388418,0,large,0
56,high_school,39,1,advanced,56.33097000940746,0,large,0
21,bachelor,6,1,advanced,67.76342023352142,0,medium,0
42,phd,27,2,intermediate,46.108321443435806,0,small,1
49,master,31,3,intermediate,51.6760678428417,0,small,1
57,master,39,1,basic,55.547408490286244,0,medium,0
30,high_school,10,1,intermediate,57.516827759103506,0,medium,0
34,phd,18,1,intermediate,69.46823319082593,0,small,0
54,high_school,32,1,intermediate,74.56848321514175,0,large,0
23,primary,4,2,intermediate,57.88353418386249,1,small,0
36,master,13,0,advanced,49.415923520547814,0,medium,1
30,master,16,3,intermediate,67.05103567335826,1,medium,1
43,primary,21,0,advanced,72.76586899321634,0,large,0
31,high_school,8,2,intermediate,89.20660831911181,0,medium,0
48,primary,30,1,basic,82.1925686111877,0,medium,0
21,high_school,0,2,intermediate,46.117283174748096,1,medium,0
56,high_school,36,0,advanced,62.88512284607932,1,medium,0
25,phd,6,2,intermediate,71.84242493698282,0,small,1
42,bachelor,25,4,intermediate,52.24711363098811,0,medium,0
30,master,16,2,advanced,59.739441271265235,1,large,1
49,master,26,2,advanced,75.10938894758355,0,large,1
55,bachelor,40,1,advanced,68.74957103890138,1,medium,1
55,master,36,2,intermediate,65.02592634272803,1,medium,1
45,bachelor,25,3,intermediate,55.19676176527423,1,medium,1
47,high_school,30,2,advanced,43.31595016083736,0,large,0
20,bachelor,6,5,intermediate,60.313473882866454,0,small,0
45,bachelor,28,0,intermediate,63.63159986586364,1,medium,0
20,master,4,0,intermediate,42.97358607471736,0,small,0
51,phd,31,0,intermediate,65.71956366707833,0,small,0
33,bachelor,13,0,basic,70.8806621244056,1,large,1
39,master,25,1,basic,54.62012370573521,0,small,0
49,primary,30,4,intermediate,71.05167301171342,1,medium,1
55,master,36,1,intermediate,69.13558835970603,1,large,1
25,high_school,12,2,advanced,60.43202376823587,0,large,0
25,primary,4,1,basic,58.760436745670354,0,medium,0
23,high_school,4,2,intermediate,60.01705452794888,0,medium,0
31,bachelor,12,1,advanced,52.15699609675896,0,medium,0
49,high_school,33,2,intermediate,70.16964504737543,0,small,0
52,master,35,0,intermediate,52.320919898808455,0,large,0
27,primary,11,1,advanced,53.283787188388956,0,small,0
20,master,1,2,intermediate,72.45898291311671,0,medium,1
29,bachelor,16,0,intermediate,61.368936806041106,1,small,0
48,high_school,26,2,advanced,65.92545181997839,1,large,1
46,high_school,30,1,basic,39.325777112849025,0,large,0
22,bachelor,7,2,intermediate,57.15044766205413,1,medium,1
42,bachelor,20,0,advanced,90.21155196750257,0,small,1
58,bachelor,35,2,intermediate,38.287876697796264,0,large,0
48,high_school,30,1,advanced,91.24442988137275,1,medium,1
38,bachelor,17,2,basic,68.91820668175137,0,small,0
37,phd,14,1,intermediate,57.005194501154286,0,small,0
56,high_school,38,0,intermediate,61.933685946551975,0,small,0
39,bachelor,23,1,intermediate,83.4577017691118,0,small,0
21,high_school,6,0,basic,30.837578438839337,0,small,0
30,master,12,1,basic,86.23143242356156,0,large,1
59,master,40,1,advanced,68.98465969700041,0,small,1
37,high_school,14,1,advanced,80.18364574872605,0,medium,0
30,primary,11,1,intermediate,38.775157509904886,0,large,0
34,primary,13,0,intermediate,61.588008729793984,0,medium,0
53,bachelor,36,2,intermediate,30.074726468384583,1,large,1
50,bachelor,35,1,advanced,82.96374845557088,0,large,1
18,phd,5,1,intermediate,50.259368213854856,1,medium,0
32,bachelor,14,3,advanced,50.03893650102826,0,large,1
30,high_school,11,2,advanced,35.983558485026435,0,medium,0
34,master,17,1,intermediate,71.6655416907756,0,medium,1
41,bachelor,28,0,basic,66.07835638753411,1,small,0
25,bachelor,10,2,intermediate,53.78194566264706,1,medium,1
44,primary,25,2,advanced,68.94654849609243,1,small,1
40,high_school,21,2,intermediate,53.30101620160298,0,small,0
25,master,11,1,advanced,38.6106784935895,0,small,1
25,bachelor,5,3,advanced,59.54302983323354,1,large,1
43,high_school,24,1,intermediate,89.67077617495968,1,small,0
30,bachelor,13,2,intermediate,79.57499546756767,0,large,1
56,master,35,0,intermediate,71.8305717269261,1,large,1
54,high_school,34,3,basic,68.66037034417344,1,medium,0
45,bachelor,30,1,intermediate,59.55003663672008,0,large,0
42,phd,20,2,basic,76.03965077601478,0,medium,1
33,high_school,17,0,advanced,73.47985683523825,0,large,0
19,bachelor,4,1,advanced,63.753296208986036,1,medium,0
35,bachelor,16,0,basic,67.98620667465138,0,large,0
34,bachelor,17,1,intermediate,40.912093447166946,0,large,0
47,high_school,29,0,intermediate,57.795541290468414,0,medium,0
56,high_school,33,0,intermediate,47.103401262976035,1,small,0
30,bachelor,14,1,intermediate,46.81731362204256,0,medium,0
49,high_school,34,0,basic,72.05410170301943,1,medium,0
46,bachelor,32,2,basic,46.03085977116101,1,large,1
47,high_school,34,3,basic,76.52133575405246,1,large,1
35,primary,12,4,advanced,80.48000673225152,1,large,1
30,phd,14,1,intermediate,64.07443493200628,1,large,1
60,bachelor,39,2,advanced,55.91725795897249,0,medium,1
38,phd,20,0,intermediate,80.46534708468683,0,large,1
47,high_school,33,0,intermediate,73.28553927760403,0,medium,0
38,bachelor,22,2,intermediate,82.9276944786623,0,medium,1
34,high_school,15,1,intermediate,48.77736630207362,0,small,0
57,master,40,0,basic,61.09477073878377,0,medium,0
36,master,19,1,basic,61.72152671469572,1,small,1
32,high_school,15,2,basic,68.14136990135309,0,medium,0
26,master,9,1,advanced,74.37330154312131,0,medium,1
27,high_school,12,0,intermediate,67.06746995137695,1,medium,0
48,bachelor,30,0,basic,85.03104026158357,1,large,1
40,phd,22,2,basic,59.378823285571265,0,medium,1
47,master,34,2,intermediate,49.26484499110266,0,small,1
50,phd,35,2,intermediate,55.014972320748726,0,medium,1
26,high_school,8,1,intermediate,53.1488422343104,0,medium,0
18,high_school,1,3,advanced,58.1611242863739,1,medium,0
52,high_school,35,1,intermediate,60.96216065836647,0,small,0
28,bachelor,6,0,basic,61.59835073260186,1,small,0
51,master,35,1,basic,68.47891245716292,0,small,0
33,high_school,20,0,intermediate,58.083568478830294,0,large,0
26,bachelor,8,2,intermediate,80.7320151786131,0,medium,1
49,high_school,29,2,intermediate,35.92707337927119,0,medium,0
32,high_school,19,2,intermediate,31.59714576677667,0,large,0
29,bachelor,12,1,intermediate,80.01963906847439,1,small,1
50,bachelor,34,6,intermediate,78.84098864673521,0,medium,1
31,master,8,1,basic,83.58535325656324,1,medium,1
25,high_school,11,1,intermediate,74.5509047137952,1,small,0
25,master,5,0,intermediate,65.03792437754309,0,small,0
44,primary,24,1,advanced,61.123570818634754,0,medium,0
29,high_school,15,0,basic,40.967974953114805,1,large,0
18,bachelor,3,5,intermediate,67.21505914525923,0,large,0
60,master,40,0,intermediate,43.44800926402896,0,large,0
57,high_school,37,2,intermediate,100.0,1,large,1
59,high_school,36,1,intermediate,49.51927215130858,0,medium,0
28,bachelor,12,1,advanced,63.8685038390699,0,medium,0
56,high_school,40,1,basic,87.59616318725048,1,large,0
60,master,40,1,intermediate,59.509573813653056,0,large,0
48,master,29,2,intermediate,59.61078606669421,1,medium,1
34,high_school,15,3,advanced,26.198238056542323,1,medium,1
50,bachelor,36,1,basic,45.35331778854161,0,medium,0
49,master,33,0,intermediate,73.42305455732179,0,medium,1
46,high_school,30,1,basic,90.0925271351899,0,medium,0
38,bachelor,19,2,advanced,51.63273193550454,0,small,1
38,primary,18,1,intermediate,67.9510982477121,0,medium,0
57,bachelor,39,4,basic,100.0,0,large,1
40,high_school,26,1,intermediate,73.50202613875213,0,medium,0
23,master,4,1,intermediate,79.64112208893938,0,small,0
39,high_school,23,1,basic,53.50888628471446,1,large,0
55,high_school,40,2,advanced,88.28560050775344,1,large,1
54,master,31,2,basic,54.61533831826637,0,large,1
25,primary,10,2,intermediate,51.97992514995254,0,medium,0
58,high_school,40,3,intermediate,87.19067614914344,0,large,0
52,high_school,34,1,advanced,55.44592451726372,1,large,0
28,high_school,15,3,basic,64.94487590877125,0,large,0
41,master,27,0,intermediate,89.39278083471083,1,medium,1
38,master,19,1,basic,51.28818573488222,1,medium,1
19,primary,2,1,advanced,61.44787150812736,0,small,0
57,bachelor,40,0,basic,55.84683418054317,0,large,0
36,bachelor,20,3,intermediate,60.0690707608873,0,small,0
56,master,40,2,intermediate,65.58862923535601,0,large,1
45,high_school,30,3,basic,85.10146724366838,0,medium,0
34,bachelor,20,2,basic,89.63436399877591,0,large,1
23,bachelor,10,3,basic,67.33759624519314,1,medium,1
36,bachelor,15,2,advanced,54.1012597386399,0,medium,1
55,bachelor,39,2,intermediate,75.17056394363473,0,medium,1
45,high_school,22,0,advanced,65.07897798106241,0,small,0
19,master,2,0,basic,65.5684653357093,0,small,0
55,bachelor,36,1,basic,49.52265253987114,0,medium,0
54,phd,32,0,advanced,40.74371848057823,0,large,1
21,high_school,0,4,intermediate,64.71620034538604,0,medium,0
39,bachelor,23,0,intermediate,48.95811865396381,1,large,0
43,master,24,0,advanced,57.045989527377316,1,large,1
60,bachelor,40,2,advanced,87.23994627640715,0,small,1
53,master,32,1,basic,63.94764561907312,0,medium,0
30,master,7,2,basic,81.60638673608958,0,medium,1
49,high_school,36,4,basic,69.44214489122565,0,small,0
34,bachelor,17,2,advanced,73.75754878301936,0,small,1
58,high_school,40,5,intermediate,56.7494470370098,0,small,0
53,bachelor,32,0,intermediate,82.29367199281434,0,large,0
36,high_school,19,2,advanced,69.66242397895286,0,medium,0
52,bachelor,30,1,intermediate,61.03397210118942,1,small,0
57,bachelor,37,2,basic,69.65449894402798,0,large,0
45,bachelor,23,2,intermediate,54.27136268369256,1,small,1
18,high_school,0,2,basic,60.59476827441395,0,large,0
59,phd,40,1,intermediate,64.17092849672463,0,large,0
35,primary,19,1,basic,57.114666519613095,1,medium,0
57,primary,35,0,basic,88.38080164878482,0,medium,0
50,high_school,36,2,advanced,58.772256296854096,0,small,0
29,phd,8,0,advanced,96.2377972128311,0,medium,1
25,phd,11,1,advanced,66.00900726768204,0,medium,1
41,bachelor,22,2,basic,61.485055981848205,1,large,1
33,master,20,2,advanced,57.4335816039396,0,large,1
21,high_school,6,2,intermediate,71.33613959033167,1,small,1
55,phd,40,1,advanced,78.41289398656203,0,medium,1
44,high_school,31,1,advanced,26.93095432893481,1,large,0
26,high_school,7,3,advanced,65.07324997226198,1,medium,1
33,high_school,18,2,basic,35.17856681211855,0,medium,0
29,bachelor,9,2,intermediate,79.72738530771804,1,large,1
48,master,34,1,intermediate,79.99529351592275,0,large,1
41,high_school,22,1,basic,65.61460657590358,0,small,0
31,phd,16,0,intermediate,68.12591550620762,0,small,0
42,bachelor,22,2,basic,43.55351672541515,1,large,1
51,high_school,32,4,advanced,56.79070754787865,0,small,0
20,bachelor,1,5,advanced,55.81729906703466,1,large,1
41,bachelor,21,1,intermediate,58.26492599768324,0,medium,0
59,master,39,0,intermediate,78.08261200556689,1,small,1
26,bachelor,13,1,basic,84.22556995552499,0,medium,0
43,bachelor,24,0,intermediate,74.15861360603941,0,small,0
37,high_school,19,6,basic,60.148902412252106,1,small,0
57,bachelor,40,1,intermediate,53.8075494249971,0,medium,0
27,phd,9,3,advanced,66.35786119415862,1,small,1
36,primary,13,2,intermediate,69.44783372323852,1,small,0
20,master,0,0,intermediate,61.68526393473192,1,small,0
41,bachelor,24,0,basic,55.11400988003071,1,medium,0
22,high_school,1,0,basic,74.22883238509758,0,large,0
20,phd,6,1,intermediate,75.7028643331148,0,small,1
44,bachelor,31,2,basic,45.32099466538868,1,medium,1
33,high_school,11,1,intermediate,59.243962134544475,1,medium,0
32,high_school,14,2,intermediate,76.66852539420766,0,small,0
52,high_school,39,1,intermediate,79.8287181976665,0,small,0
29,master,9,3,intermediate,65.96850217168598,0,small,1
58,bachelor,40,0,intermediate,70.48001473308835,0,medium,0
43,master,24,0,intermediate,68.78807214012012,0,large,0
51,high_school,33,0,basic,79.31462894061885,0,medium,0
40,high_school,19,0,basic,48.36185269219051,1,small,0
48,primary,25,0,advanced,69.01408231496158,0,small,0
37,bachelor,16,1,intermediate,51.667121760536794,0,large,0
29,phd,8,2,intermediate,81.3212138380199,1,small,1
40,bachelor,22,1,intermediate,49.12479584342216,0,medium,0
21,high_school,1,3,basic,71.12733454948248,0,small,0
40,master,23,2,basic,51.74748921126128,0,small,1
18,master,5,0,intermediate,76.28636177506421,1,small,1
42,primary,20,3,intermediate,71.58933440494793,0,large,0
19,master,0,1,intermediate,68.59494835693373,0,large,0
47,high_school,31,2,basic,94.41403059002712,1,small,1
20,high_school,7,0,basic,54.462079129514265,0,small,0
38,high_school,20,1,intermediate,78.89106119556463,1,medium,0
42,bachelor,28,0,intermediate,82.58018802293097,0,small,0
37,bachelor,16,1,advanced,78.89536264096712,1,medium,1
39,high_school,25,3,basic,54.839767794272646,0,large,0
38,high_school,16,2,advanced,61.48103287152004,0,medium,0
50,master,29,3,advanced,55.91054427243536,1,large,1
55,phd,32,1,intermediate,60.54049789284054,0,large,0
32,master,9,0,intermediate,52.38244853555281,0,medium,0
32,high_school,10,3,advanced,59.5513563194123,1,large,1
42,high_school,21,1,basic,87.01440502093634,0,small,0
38,high_school,23,3,intermediate,60.21143360557008,0,small,0
41,high_school,25,4,basic,66.58755337986723,0,large,0
22,bachelor,9,1,intermediate,54.11852611326671,1,small,0
23,bachelor,10,2,basic,64.77511362791633,0,small,0
60,bachelor,40,2,advanced,77.40006217670644,0,medium,1
40,bachelor,23,0,intermediate,72.34173547402439,0,large,0
21,high_school,4,0,advanced,86.27439551157698,0,large,0
44,high_school,25,1,basic,46.852882482810614,0,medium,0
35,bachelor,18,2,intermediate,53.6544827442393,0,large,0
38,high_school,18,2,intermediate,58.806488250864604,0,large,0
45,high_school,26,1,intermediate,87.87376757963055,0,small,0
52,high_school,29,0,advanced,69.48177967458693,0,medium,0
39,high_school,26,4,intermediate,43.7440879388252,0,medium,0
57,primary,37,3,basic,81.38355025819911,1,small,1
40,master,19,0,advanced,66.64388988223263,1,medium,1
20,master,0,2,intermediate,78.35480242474216,0,large,1
57,high_school,35,1,basic,88.75326535457046,0,medium,0
27,primary,11,2,intermediate,50.336014087902306,1,large,0
42,bachelor,19,1,intermediate,88.7485009406025,1,medium,1
25,high_school,9,0,intermediate,63.886985433350326,1,small,0
28,high_school,13,1,intermediate,58.791201749480884,0,small,0
22,primary,4,1,intermediate,67.31994912767546,0,medium,0
54,high_school,31,2,basic,47.11248980620492,0,medium,0
55,master,40,1,intermediate,64.70107495907654,1,small,1
46,master,29,0,intermediate,61.35962143191929,0,medium,0
22,high_school,3,2,intermediate,50.92773157584134,0,medium,0
26,high_school,11,4,basic,55.30412595232808,1,large,0
19,high_school,2,2,intermediate,82.0718045087898,1,medium,0
18,primary,0,3,advanced,62.33483278278291,1,large,0
57,phd,35,1,advanced,50.28903997878479,0,medium,1
47,bachelor,27,1,intermediate,71.72239039665413,1,small,1
28,bachelor,6,3,basic,76.49981395325624,1,medium,1
45,master,30,3,intermediate,64.96997803336276,1,large,1
29,master,7,3,basic,46.488099725868956,0,small,1
56,master,34,3,intermediate,26.802373901003342,1,medium,1
43,primary,21,2,intermediate,51.48733567044058,0,small,0
30,high_school,7,1,intermediate,80.81387590411393,0,large,0
25,bachelor,10,3,basic,79.44265093848693,0,medium,1
45,high_school,29,4,intermediate,53.05929431707027,1,small,0
47,phd,25,5,advanced,61.46122653694448,1,small,1
26,bachelor,4,2,intermediate,75.46704174995973,1,large,1
56,phd,37,2,intermediate,62.92320564115891,0,large,1
48,high_school,28,1,basic,79.04480092598959,0,medium,0
38,master,16,1,intermediate,63.54162114186024,1,small,1
51,high_school,35,0,intermediate,72.22396482416637,0,medium,0
48,phd,32,0,intermediate,60.15834344874791,0,large,0
42,high_school,22,1,intermediate,53.241113084416185,0,medium,0
29,bachelor,9,0,intermediate,82.48546266116907,0,large,0
18,master,3,3,intermediate,42.470470998198586,1,large,1
39,bachelor,19,1,basic,56.00455680936689,0,medium,0
57,bachelor,40,4,basic,63.58485375276291,0,medium,0
54,phd,40,4,advanced,77.8798939965474,0,medium,1
18,bachelor,3,1,intermediate,51.816731381259515,1,medium,0
18,bachelor,0,1,basic,66.9026609777864,0,large,0
59,primary,37,0,advanced,44.20220765155048,1,medium,0
59,master,40,4,basic,71.60574083011794,1,medium,1
38,bachelor,22,2,intermediate,92.35570639079512,1,small,1
32,bachelor,11,1,basic,35.60647262423524,0,small,0
34,primary,12,2,advanced,54.08920807725945,0,small,0
39,bachelor,26,1,intermediate,77.554034906542,1,medium,1
55,primary,39,4,intermediate,100.0,1,small,1
52,primary,36,2,intermediate,73.82096901470172,1,medium,1
33,bachelor,14,1,basic,54.058429151294106,0,small,0
25,high_school,10,0,intermediate,62.77133633195189,0,small,0
34,high_school,21,3,intermediate,46.59719914455456,0,medium,0
34,bachelor,16,4,advanced,77.07697790572696,0,large,1
43,primary,24,0,advanced,80.69157525714004,1,large,1
30,high_school,9,2,advanced,86.0941956539804,0,large,1
34,high_school,17,3,intermediate,60.048864082575314,1,large,0
55,bachelor,40,0,intermediate,52.887122594433436,0,small,0
34,bachelor,14,0,intermediate,87.42449015682786,1,medium,1
31,bachelor,18,1,intermediate,85.7123389084683,1,small,1
23,high_school,6,0,intermediate,50.1818859909903,1,large,0
52,primary,31,1,advanced,59.36652652389486,0,small,0
31,primary,18,6,advanced,76.84283268320121,0,medium,1
25,bachelor,3,1,basic,61.21645807902201,1,large,0
32,master,19,4,intermediate,65.47466623083896,1,large,1
44,high_school,21,1,intermediate,42.96344006223433,0,small,0
30,high_school,12,1,intermediate,48.165169698621845,1,small,0
48,high_school,29,2,intermediate,63.62846117142863,0,large,0
52,bachelor,30,1,advanced,54.51835548964042,1,small,1
23,bachelor,2,2,intermediate,47.77975740135882,0,large,0
22,bachelor,7,3,basic,60.28783982572707,0,large,0
39,master,18,2,intermediate,51.83687015991139,1,small,1
40,bachelor,23,1,advanced,65.42102414657515,0,small,0
42,high_school,19,1,advanced,79.88741983318164,1,small,1
51,high_school,34,0,basic,60.48101306174982,1,small,0
43,bachelor,28,1,intermediate,58.60875306925224,1,medium,0
22,bachelor,9,3,basic,81.10547361000526,1,large,1
43,bachelor,27,2,intermediate,76.00285047241331,0,medium,1
37,bachelor,20,2,intermediate,76.97010957435488,1,medium,1
23,bachelor,9,2,intermediate,27.189386409331156,1,small,1
23,master,7,2,basic,58.27542130813063,1,small,1
35,bachelor,15,1,intermediate,56.42390115666002,0,medium,0
21,master,0,0,advanced,52.616241785241286,1,large,1
34,high_school,21,0,intermediate,80.8038587570548,0,medium,0
31,bachelor,16,1,basic,56.84813202045966,1,large,0
31,master,10,3,basic,44.14414388242908,1,small,1
30,high_school,17,0,basic,68.692521439818,0,large,0
24,master,4,1,basic,64.88578970089542,0,medium,0
32,bachelor,15,3,advanced,51.16358999281657,0,large,1
36,primary,14,3,intermediate,80.2681503912961,0,large,0
60,bachelor,40,2,basic,72.96324044697577,0,large,1
52,high_school,38,1,basic,72.91487070813133,0,medium,0
34,phd,18,2,advanced,72.25949607345667,1,medium,1
52,master,33,0,intermediate,81.34391849563659,1,medium,1
36,high_school,21,1,intermediate,62.66891519053643,0,medium,0
37,high_school,21,1,intermediate,46.37665477496664,0,large,0
53,bachelor,30,0,basic,61.89169676915499,1,large,0
52,high_school,37,2,advanced,40.16564617926879,0,small,0
49,primary,30,2,basic,49.06914428934667,1,small,0
57,bachelor,40,0,intermediate,89.28613671215462,1,medium,1
41,high_school,26,0,basic,48.491234858550506,0,medium,0
34,high_school,20,0,intermediate,47.39075838035413,1,small,0
24,master,10,2,advanced,75.04433340781124,0,medium,1
60,master,39,2,intermediate,77.94817592086213,0,medium,1
18,master,2,0,intermediate,40.005338457624674,1,medium,0
52,master,35,6,intermediate,68.73175783733436,1,large,1
49,high_school,32,3,basic,56.77410495559285,1,large,0
53,high_school,39,2,advanced,69.9586569505815,1,medium,1
30,high_school,8,0,intermediate,60.45990209015767,1,large,0
23,master,1,1,intermediate,44.515959526687496,1,large,0
31,master,9,2,intermediate,57.77963908934004,0,medium,1
54,bachelor,40,5,basic,74.38681462002215,1,small,1
32,master,10,2,intermediate,94.15557237030526,1,large,1
21,bachelor,1,3,intermediate,70.84774225082252,1,large,1
57,high_school,40,3,intermediate,59.136111420487154,1,small,0
33,bachelor,11,1,advanced,47.30528727458443,1,large,1
45,primary,26,5,basic,62.62322300632277,0,small,0
33,primary,16,1,basic,59.32335111156213,1,small,0
21,bachelor,6,1,intermediate,69.58668608320306,0,medium,0
43,bachelor,27,2,basic,64.10562373370065,1,medium,1
45,bachelor,30,1,intermediate,72.19369563181932,1,medium,1
49,bachelor,32,1,intermediate,59.60441948789282,0,medium,0
19,high_school,0,2,basic,90.63675646342021,1,small,0
48,bachelor,25,1,basic,73.75732824052217,1,medium,1
20,bachelor,6,4,basic,54.39958338019253,1,large,1
25,high_school,8,0,basic,80.01666025796563,0,medium,0
41,master,28,2,basic,47.65984199221607,1,medium,1
32,bachelor,14,1,basic,52.17979215319847,0,medium,0
60,bachelor,38,2,intermediate,52.98520032043061,0,large,0
48,master,25,1,intermediate,84.92568991307829,1,medium,1
26,master,12,1,basic,62.31872271840381,0,small,0
56,master,36,0,intermediate,55.56970840913465,1,large,1
19,high_school,0,0,basic,67.46155791547253,1,small,0
25,primary,7,1,intermediate,73.13102145025489,0,medium,0
24,high_school,11,1,intermediate,88.83772088262735,0,large,0
56,high_school,37,0,intermediate,42.5451234008561,0,large,0
59,master,40,2,basic,83.949691791853,0,large,1
33,bachelor,17,2,intermediate,33.98982514705728,1,small,1
52,primary,37,1,advanced,78.59429339560391,1,large,1
47,high_school,33,0,intermediate,82.44922898008106,0,large,0
27,high_school,10,2,basic,83.22604467902326,1,medium,1
55,bachelor,40,4,advanced,73.53257026196697,0,small,1
35,bachelor,14,1,intermediate,49.023457583724685,0,medium,0
22,master,7,1,advanced,76.2061921648248,0,small,1
46,master,24,0,basic,48.98740857041854,1,large,1
56,high_school,40,2,intermediate,50.91953331943138,0,large,0
51,high_school,33,1,intermediate,58.156020961299795,0,medium,0
60,high_school,40,5,intermediate,59.50773443063741,0,large,0
40,high_school,27,4,basic,68.6105483754833,0,medium,0
22,master,0,3,intermediate,54.56899236316333,1,small,1
47,bachelor,33,1,intermediate,69.94543317974615,0,small,0
23,bachelor,2,2,intermediate,44.41521911473992,1,large,0
21,bachelor,2,1,intermediate,65.58220283954014,0,large,0
46,primary,31,1,intermediate,60.91314112641527,0,large,0
40,primary,23,3,intermediate,80.20743688324985,1,small,1
23,bachelor,10,1,basic,81.71707498836236,0,small,0
49,bachelor,36,3,intermediate,62.45061733263036,1,small,1
59,high_school,38,1,basic,35.607698166637775,1,large,0
35,bachelor,15,1,advanced,42.88592028503851,1,small,1
32,master,19,3,intermediate,81.85616270649656,1,medium,1
57,bachelor,35,2,intermediate,62.84964959536638,1,small,1
49,bachelor,33,2,advanced,91.23731994076802,1,large,1
26,bachelor,8,2,basic,78.45039425912717,0,medium,1
54,bachelor,33,2,intermediate,68.82756840635838,0,large,0
27,master,8,1,intermediate,66.92824643011791,1,medium,1
37,phd,18,3,advanced,47.766643012703014,0,medium,1
23,high_school,0,3,intermediate,55.53029070367638,0,medium,0
20,bachelor,1,1,intermediate,71.24415183696475,0,small,0
59,high_school,40,1,basic,59.82371360912358,1,medium,0
28,high_school,14,2,basic,72.0242063903685,0,small,0
60,bachelor,40,0,basic,80.43857561920203,0,medium,0
34,master,21,2,intermediate,62.30515382686898,1,medium,1
49,high_school,36,0,intermediate,58.52684189953211,1,medium,0
21,high_school,8,1,intermediate,51.55538531152663,0,large,0
21,high_school,0,3,intermediate,77.52328965010794,1,small,0
34,bachelor,13,1,advanced,76.30250429782888,0,medium,1
58,high_school,40,2,basic,97.80618624638805,1,medium,1
36,high_school,17,1,advanced,67.65289386912816,0,small,0
22,bachelor,1,0,basic,63.55042625988577,0,small,0
49,primary,30,1,basic,72.00988574169055,1,small,0
39,bachelor,20,1,advanced,60.680674584818256,0,large,0
23,master,7,2,intermediate,51.72026507407216,0,small,1
52,high_school,38,5,advanced,66.3317058832365,0,medium,0
39,bachelor,24,0,intermediate,71.86717460887586,0,medium,0
18,bachelor,2,0,advanced,72.86138482094204,1,large,1
37,bachelor,16,3,basic,71.66099790161628,1,large,1
39,bachelor,16,3,intermediate,80.95833412686615,0,small,1
28,high_school,7,5,advanced,72.80779694988027,1,medium,1
30,master,7,2,intermediate,69.0590085989673,1,small,1
59,master,40,1,basic,46.016209390028095,1,small,1
20,high_school,5,2,basic,68.68818013836096,0,small,0
26,high_school,5,5,advanced,62.43724043390259,0,medium,0
29,primary,13,2,intermediate,48.175785260215264,0,small,0
40,primary,22,1,intermediate,72.51304989946948,0,medium,0
31,bachelor,10,4,intermediate,72.77295765032756,1,large,1
50,primary,35,3,advanced,71.38105470097229,0,large,1
35,high_school,19,2,intermediate,73.33392429139148,0,medium,0
58,master,37,0,advanced,66.85870473199726,0,medium,1
26,high_school,9,1,intermediate,61.29908347476991,0,medium,0
40,master,21,1,intermediate,91.55064164910264,1,medium,1
27,bachelor,5,0,basic,67.2235303443473,1,medium,0
36,high_school,20,1,basic,26.86127329370627,0,medium,0
22,bachelor,0,1,advanced,28.584341266812068,0,medium,0
40,bachelor,20,1,intermediate,83.07415592620944,1,small,1
47,high_school,34,2,intermediate,37.490065024384265,1,medium,0
42,high_school,29,3,intermediate,56.834956907956844,0,large,0
45,bachelor,25,1,intermediate,46.762934798586215,0,large,0
51,master,37,2,basic,60.46141089819626,1,small,1
42,bachelor,23,1,intermediate,70.79164937258469,1,medium,1
27,high_school,7,3,intermediate,55.03015048728488,0,medium,0
31,bachelor,8,1,advanced,52.765879237937035,0,large,0
59,bachelor,40,3,intermediate,75.93921524178228,1,small,1
47,bachelor,33,2,intermediate,100.0,1,small,1
58,bachelor,40,2,intermediate,73.10637730782504,0,small,1
42,bachelor,20,0,basic,51.289650570219635,1,small,0
31,master,17,1,basic,78.06707277592669,0,large,1
52,bachelor,31,1,basic,91.1620758999581,0,medium,0
51,bachelor,32,0,advanced,80.9501447795156,0,medium,1
27,high_school,11,0,advanced,41.844317915733036,1,large,0
52,master,38,1,intermediate,72.92672379703518,1,small,1
28,master,12,3,basic,58.114421805336775,0,large,1
28,high_school,6,2,basic,65.78774030524386,0,large,0
38,bachelor,23,1,basic,59.387770795270164,1,small,0
38,high_school,20,1,advanced,76.1412354629114,0,medium,0
39,master,24,2,intermediate,59.70576659119621,0,large,1
24,bachelor,4,2,advanced,86.26748139103177,1,medium,1
34,high_school,13,2,intermediate,64.95544325428193,1,large,0
19,master,0,1,intermediate,61.64782515797442,0,large,0
29,high_school,10,1,intermediate,73.57661364700223,0,large,0
59,master,39,1,basic,70.35814852631968,0,small,1
35,bachelor,18,5,intermediate,74.00626574302252,0,small,1
28,high_school,12,0,advanced,63.001449373646636,0,medium,0
33,high_school,14,1,intermediate,85.01744171327928,0,medium,0
35,high_school,20,1,intermediate,79.85396055392026,0,small,0
52,bachelor,35,2,intermediate,64.81587649581707,0,large,0
43,bachelor,26,1,intermediate,77.34015735843518,1,large,1
33,high_school,17,2,intermediate,61.054924163538836,1,medium,0
23,high_school,3,4,basic,73.55400898843482,1,medium,0
60,primary,40,1,advanced,77.37976365785005,0,medium,0
59,bachelor,40,1,basic,68.74574743510958,0,small,0
29,bachelor,10,0,intermediate,52.6980431364817,1,small,0
30,primary,7,1,basic,47.09845118511018,0,large,0
21,bachelor,6,2,basic,69.40240941032863,1,medium,1
56,primary,34,0,intermediate,54.14199562140213,0,medium,0
19,master,1,0,advanced,80.81487211510644,1,medium,1
43,master,27,2,intermediate,42.36853516560613,1,medium,1
44,bachelor,23,2,basic,84.7585959291667,1,small,1
44,master,25,1,intermediate,65.76449006267833,1,large,1
32,master,15,1,basic,52.18583958187552,1,medium,1
25,master,5,2,intermediate,58.22984568962716,0,small,0
24,bachelor,5,1,basic,61.946359886163116,0,small,0
57,high_school,34,3,intermediate,72.2453912080423,0,small,0
29,high_school,9,0,basic,46.62124679756066,0,small,0
30,high_school,13,1,basic,50.613606404334604,0,small,0
60,bachelor,40,3,advanced,60.13609792379253,1,small,1
34,high_school,17,2,advanced,64.53908366236875,0,small,0
34,high_school,20,1,basic,75.74741731838863,1,medium,0
53,bachelor,39,3,basic,69.03849597492517,0,small,0
38,high_school,18,0,intermediate,59.15774808535451,0,medium,0
25,bachelor,7,2,intermediate,68.54675470246454,0,large,0
22,master,3,4,advanced,67.48225942787543,1,medium,1
43,bachelor,20,3,intermediate,61.22404205763726,0,large,0
33,bachelor,17,1,basic,66.7439354864505,0,small,0
53,bachelor,36,0,basic,32.72697974758708,1,medium,0
45,bachelor,26,1,intermediate,79.00227320227297,1,medium,1
46,high_school,32,2,intermediate,73.21925286644888,0,large,0
29,master,15,1,intermediate,87.46973263804952,0,medium,1
54,high_school,37,0,advanced,52.83575478148495,0,medium,0
47,primary,33,0,basic,73.5724995125143,1,medium,0
40,master,19,1,intermediate,36.42525129384585,1,medium,1
33,high_school,17,0,advanced,38.51553560433827,0,medium,0
31,high_school,12,1,advanced,61.44578148606351,0,medium,0
27,primary,5,0,intermediate,56.31999974559995,1,medium,0
24,high_school,2,2,intermediate,80.71009664847807,0,large,0
54,high_school,34,0,intermediate,82.67515990629187,1,small,0
46,primary,29,2,intermediate,84.25447690254968,0,large,0
20,bachelor,6,1,basic,73.96836648678125,1,large,1
32,master,12,2,intermediate,74.61514215542427,0,large,1
53,high_school,38,0,intermediate,45.77452474525939,0,small,0
36,master,14,2,basic,85.99552846803111,0,small,1
30,high_school,12,1,intermediate,83.77838204180568,0,large,0
59,high_school,39,1,intermediate,44.30089221727465,1,small,0
38,high_school,20,2,intermediate,72.0207062706273,0,medium,0
54,bachelor,40,1,intermediate,56.79929136761673,1,small,0
44,bachelor,29,1,intermediate,92.74422858693343,1,large,1
46,bachelor,32,1,intermediate,50.37481532904556,0,small,0
37,master,22,2,basic,66.38887229790689,0,small,1
42,bachelor,27,3,basic,67.78953686709109,1,medium,1
23,bachelor,8,2,basic,64.19967510170724,1,small,1
53,master,32,4,basic,97.22533633599437,1,medium,1
19,high_school,6,1,intermediate,90.36579699857056,0,medium,0
39,high_school,24,0,advanced,40.43596048111861,1,medium,0
49,bachelor,28,1,intermediate,72.30686127599388,0,large,0
33,bachelor,19,2,advanced,64.82974980055863,1,medium,1
35,high_school,14,1,intermediate,77.51437973290531,0,small,0
22,high_school,3,1,basic,68.19344041372769,1,small,0
53,bachelor,35,1,basic,52.81088934771266,0,large,0
47,bachelor,32,1,intermediate,49.43758389527795,0,large,0
36,high_school,13,0,intermediate,58.97140105692861,0,large,0
40,master,24,0,basic,63.19192517809447,1,small,1
51,master,31,2,intermediate,67.90861582170503,0,small,1
30,bachelor,16,0,advanced,56.4416563435163,0,medium,0
60,bachelor,40,3,basic,90.58960691068512,1,small,1
46,master,28,3,advanced,73.02881777413442,0,small,1
53,high_school,35,4,basic,78.10935918900111,0,large,0
39,high_school,22,2,intermediate,62.91904365408329,0,medium,0
53,bachelor,33,4,intermediate,49.43710013794025,0,small,0
26,master,8,1,intermediate,78.25011210436324,0,medium,1
56,primary,35,2,basic,50.09803381854881,0,small,0
36,phd,17,0,basic,34.65779062549112,1,small,1
55,bachelor,33,1,intermediate,73.48434532114238,0,small,0
23,high_school,2,0,basic,53.66580264947197,0,medium,0
32,high_school,17,1,intermediate,59.98607747529916,1,medium,0
37,high_school,19,1,advanced,75.40983593327005,1,small,1
26,master,5,0,advanced,51.0443147529308,0,small,0
49,phd,27,2,basic,40.96689642745642,1,medium,1
21,bachelor,2,3,intermediate,83.29135463272857,0,large,0
35,phd,21,1,intermediate,64.12537160802701,0,large,0
22,master,3,1,basic,83.86016814159926,1,small,1
37,bachelor,14,2,intermediate,74.39199351869173,0,large,1
40,bachelor,19,2,basic,74.83470440426001,1,small,1
28,bachelor,11,1,intermediate,67.45152517228235,1,small,0
54,bachelor,39,1,advanced,67.4391000468202,0,medium,0
39,primary,20,2,advanced,82.01766150815767,0,medium,1
21,bachelor,1,0,intermediate,77.21707967731088,1,medium,0
46,primary,25,0,intermediate,56.16465590981662,0,small,0
51,master,37,1,advanced,72.39501246150905,0,large,1
30,master,15,1,intermediate,55.70984865959393,0,small,0
59,high_school,40,0,intermediate,60.31090926699223,0,small,0
26,high_school,9,2,advanced,73.52574316461174,1,medium,1
59,bachelor,40,1,basic,55.483430477705326,0,large,0
48,bachelor,34,3,basic,67.21419380788785,0,large,0
24,high_school,1,1,intermediate,70.70153766835703,0,small,0
21,bachelor,8,3,advanced,59.90998519069163,1,small,1
36,high_school,16,2,basic,75.79525726093833,1,medium,1
59,primary,40,2,intermediate,58.408014280476785,0,medium,0
47,primary,28,4,intermediate,79.1394582348006,0,medium,0
48,high_school,25,2,intermediate,66.96043915868553,0,small,0
52,master,31,0,basic,67.59268804857011,0,small,0
38,phd,16,1,advanced,51.51867682268019,1,small,1
48,bachelor,31,0,advanced,61.48064291409843,1,large,1
36,bachelor,17,0,intermediate,67.92284622876663,0,medium,0
48,high_school,27,2,advanced,80.36631210747467,0,large,1
49,bachelor,36,2,advanced,60.1747349430523,0,medium,1
19,high_school,3,1,intermediate,80.31063422486139,1,large,0
27,bachelor,4,0,advanced,53.665676223396844,0,small,0
19,master,0,2,advanced,70.01244451102558,1,large,1
19,high_school,1,1,basic,57.39836032512697,0,large,0
41,master,18,1,basic,88.1625378672048,1,small,1
34,primary,14,1,intermediate,85.45512664659886,1,small,0
49,high_school,31,1,intermediate,69.28560133765589,1,small,0
33,high_school,10,0,basic,56.97391844274159,1,large,0
33,high_school,18,2,basic,42.245387946789435,0,small,0
56,high_school,36,3,advanced,70.67436371973993,1,small,1
48,high_school,33,4,intermediate,68.11306237302897,0,large,0
60,bachelor,40,3,advanced,77.8723971822698,1,medium,1
41,high_school,23,0,advanced,43.00456326623032,1,large,0
18,bachelor,1,4,intermediate,67.1227890810371,1,large,0
28,master,5,1,intermediate,71.43478655738656,0,medium,0
38,bachelor,19,1,basic,51.47044171904264,1,large,0
21,high_school,0,2,intermediate,66.74788314547976,1,medium,0
24,high_school,10,0,basic,54.095765196387205,0,medium,0
43,master,29,1,basic,52.61969545883158,1,medium,1
29,bachelor,11,1,basic,57.040922236638316,1,large,0
48,bachelor,28,2,intermediate,61.00852475246923,0,large,0
34,high_school,19,2,advanced,83.58102315875846,1,small,1
50,bachelor,33,2,basic,60.17342967438482,1,small,1
28,high_school,8,0,intermediate,52.312230288579784,0,large,0
45,master,32,2,intermediate,77.19335494173895,0,small,1
49,master,31,0,intermediate,80.41533107086678,0,medium,1
18,primary,0,0,advanced,77.29171837399767,1,medium,0
45,bachelor,24,3,basic,85.53900958213156,0,small,1
59,high_school,40,3,basic,67.88389461935603,0,large,0
24,bachelor,7,2,intermediate,67.33409221387882,0,large,0
19,master,6,2,intermediate,54.441877378682406,1,large,1
59,bachelor,39,1,basic,85.98527992333752,0,small,0
41,high_school,27,5,basic,63.61754025617833,1,small,0
21,high_school,4,1,advanced,60.44640616638028,0,medium,0
36,master,21,0,basic,59.104879322299624,1,large,1
43,bachelor,24,1,intermediate,74.54860363010151,0,small,0
28,bachelor,5,2,advanced,66.2531744980307,0,small,0
57,high_school,38,3,intermediate,67.84252614339583,0,medium,0
60,high_school,40,3,intermediate,60.13197607887464,0,medium,0
28,phd,15,0,intermediate,62.025493978856765,0,medium,0
20,bachelor,0,1,intermediate,62.77901575595177,0,medium,0
29,bachelor,13,0,intermediate,86.3235576801198,0,large,0
20,bachelor,0,0,advanced,37.98152555982051,0,medium,0
59,master,40,0,intermediate,71.72286968347773,0,medium,1
44,high_school,22,1,intermediate,81.32243517763337,1,large,0
19,high_school,0,3,basic,37.422077650408355,0,small,0
33,bachelor,17,1,basic,63.927821296126325,1,large,0
19,bachelor,6,1,intermediate,79.73166178973926,0,medium,0
47,bachelor,29,2,basic,53.705469013509735,0,medium,0
37,master,14,1,advanced,69.02811486105783,0,medium,1
55,high_school,35,2,intermediate,51.020332545237224,0,small,0
45,primary,26,1,intermediate,65.49627824170017,1,small,0
42,phd,29,2,intermediate,84.16383466090308,0,small,1
49,bachelor,28,1,intermediate,90.43416824947866,0,medium,0
27,bachelor,4,2,intermediate,68.82855027105181,0,large,0
59,bachelor,38,1,intermediate,45.8155197831792,1,medium,0
57,bachelor,40,3,intermediate,60.34293069494974,1,medium,1
50,high_school,28,3,advanced,37.80246068171917,0,large,0
30,master,7,3,advanced,60.59020517926309,0,large,1
58,master,40,1,intermediate,79.4704755880898,0,medium,1
59,bachelor,40,2,advanced,44.55676065087318,0,medium,1
54,bachelor,35,1,advanced,61.89389235781311,0,small,0
33,high_school,11,3,intermediate,52.75718252574871,0,small,0
39,primary,16,0,intermediate,91.90533780390405,0,medium,0
37,high_school,18,3,intermediate,70.98029734781714,0,small,0
60,high_school,40,0,basic,77.75560769218521,0,large,0
44,phd,24,1,basic,69.38893438916179,0,large,0
58,master,40,1,advanced,76.41475757894045,1,medium,1
33,bachelor,14,0,intermediate,81.20961303299237,1,medium,1
51,bachelor,38,0,basic,65.57453686339487,0,medium,0
49,high_school,35,0,intermediate,57.03220646592862,0,large,0
43,phd,21,2,basic,50.97135328067307,0,large,1
42,high_school,22,0,advanced,91.38097671295895,0,small,0
19,high_school,4,1,intermediate,77.31017978032466,0,large,0
29,bachelor,13,5,intermediate,31.65197068165162,1,large,1
57,master,36,3,basic,61.33064359319686,1,small,1
26,master,10,3,intermediate,71.24125407251326,0,large,1
29,primary,7,2,advanced,90.08384232521715,1,small,1
43,master,22,2,intermediate,48.45986524256038,0,small,1
26,high_school,7,1,intermediate,71.39526109635189,0,medium,0
27,primary,14,3,advanced,59.004048712253,1,medium,1
49,master,35,2,basic,47.046030452294914,1,medium,1
51,master,37,1,basic,85.18144782799524,0,large,1
37,bachelor,21,2,intermediate,50.537445641368464,1,small,1
56,bachelor,33,1,basic,79.56175826702903,0,medium,0
19,master,0,0,basic,41.08123159097404,0,medium,0
18,master,0,1,intermediate,57.64979923048666,1,large,0
53,master,30,0,intermediate,73.58050841119214,1,small,1
41,bachelor,22,2,advanced,75.75165940970417,0,small,1
44,phd,26,0,basic,71.5532293132341,0,large,1
19,phd,0,2,advanced,79.78128169692883,0,medium,1
48,high_school,35,1,intermediate,60.67097980184051,0,large,0
31,master,13,2,intermediate,85.88581216597915,0,medium,1
19,bachelor,0,3,basic,70.34925684202929,1,medium,1
46,high_school,26,2,intermediate,76.02210030434016,1,medium,1
32,bachelor,18,2,advanced,70.45388274507407,1,large,1
29,primary,10,3,intermediate,72.3715406526374,0,small,0
54,bachelor,38,1,basic,49.982814051539414,1,small,0
45,master,30,1,intermediate,50.87520100296213,1,medium,1
37,high_school,24,0,intermediate,56.88225953801703,1,small,0
56,bachelor,34,0,basic,72.71475021025381,0,large,0
41,master,23,2,advanced,56.170799393676155,0,large,1
38,bachelor,17,1,intermediate,60.558861981664485,1,large,0
27,high_school,5,3,intermediate,63.91038266037353,0,small,0
31,bachelor,8,0,basic,86.26806933445354,0,large,0
54,bachelor,34,2,basic,74.04178176072216,1,medium,1
35,bachelor,19,6,advanced,43.08041486959389,0,small,1
41,master,20,2,basic,67.3953428330352,1,medium,1
31,bachelor,12,1,intermediate,60.448666387393764,0,large,0
51,master,37,2,intermediate,61.57509967457175,0,small,1
29,bachelor,10,2,intermediate,65.00966729813096,1,medium,1
39,high_school,20,1,intermediate,81.8876227663684,0,small,0
23,bachelor,10,0,intermediate,52.797419710091724,1,large,0
53,bachelor,38,0,advanced,68.05825049621643,0,small,0
53,bachelor,37,2,intermediate,69.35953428440062,0,medium,0
39,primary,23,1,advanced,61.679371505590105,0,medium,0
31,high_school,8,2,intermediate,55.425161090212,1,medium,0
33,high_school,10,0,basic,53.66994725735406,0,small,0
53,high_school,31,0,basic,58.69041260420841,0,medium,0
42,bachelor,26,0,advanced,76.06437376300391,0,medium,1
49,primary,35,2,intermediate,59.624934915733064,1,medium,0
50,master,27,2,intermediate,63.51291616040158,0,medium,1
53,high_school,33,1,advanced,47.64543527335586,1,small,0
37,high_school,22,0,basic,57.884768622770686,0,medium,0
35,bachelor,13,1,intermediate,68.44033952538221,0,large,0
55,high_school,34,1,intermediate,39.99165720782267,0,medium,0
20,master,7,2,intermediate,80.6733940162998,1,medium,1
40,primary,22,3,intermediate,56.10708067292156,1,small,0
49,bachelor,36,1,intermediate,91.44481340485095,1,medium,1
33,master,19,1,basic,71.29976912772301,0,small,1
22,bachelor,1,0,intermediate,37.47728053858922,1,medium,0
21,high_school,1,2,intermediate,69.16291779046762,0,small,0
38,bachelor,23,0,advanced,60.229639793793865,1,small,1
57,bachelor,40,1,basic,69.34975637575303,0,small,0
31,phd,17,1,advanced,89.25103663489385,1,medium,1
56,master,37,0,intermediate,75.57458290992678,1,large,1
48,high_school,31,3,intermediate,61.614113237440414,0,medium,0
31,phd,16,0,intermediate,44.046860914605965,0,large,0
23,primary,7,1,intermediate,78.09166956242183,1,small,0
29,primary,16,5,intermediate,72.64599986067537,1,medium,1
33,master,16,2,advanced,82.36853177137893,1,medium,1
34,high_school,18,2,intermediate,62.85705157787684,1,large,0
40,primary,21,2,advanced,69.4266360028013,1,medium,1
31,high_school,12,3,intermediate,61.30604445448764,1,medium,0
24,bachelor,5,1,advanced,66.30272127162137,0,medium,0
49,bachelor,26,0,basic,42.28216537553215,0,large,0
32,bachelor,14,3,intermediate,69.77403634857453,1,large,1
34,high_school,15,1,advanced,70.73592517001327,0,medium,0
58,bachelor,40,2,advanced,57.442218905493654,1,small,1
51,master,35,3,intermediate,74.09984327904647,1,small,1
22,master,0,1,intermediate,78.08842725026673,0,large,0
44,high_school,31,1,intermediate,86.00247031304801,0,medium,0
40,phd,22,1,basic,49.69922216962445,0,medium,0
57,bachelor,40,0,intermediate,75.04077213888776,0,medium,0
31,primary,17,3,intermediate,85.06849512357556,0,large,0
32,primary,18,0,basic,59.73807262973499,1,medium,0
60,high_school,40,1,intermediate,85.92378703056536,1,medium,0
50,bachelor,29,2,intermediate,54.111394594864905,1,small,1
48,high_school,25,2,basic,66.04563113156784,0,large,0
52,bachelor,35,2,intermediate,39.09450668770799,0,medium,0
34,primary,20,1,basic,36.991105312565644,1,large,0
45,master,26,1,basic,41.6993757475287,0,small,0
36,high_school,22,3,intermediate,86.28100369351613,1,large,1
40,master,21,3,intermediate,53.36616482844469,1,large,1
49,master,36,3,intermediate,53.40423574037062,0,medium,1
57,primary,40,1,basic,71.12374317121555,0,medium,0
30,bachelor,11,1,intermediate,53.8466878751846,0,medium,0
37,primary,18,1,basic,83.07485387321454,0,large,0
52,master,29,3,basic,92.95467274560485,0,medium,1
22,bachelor,0,3,intermediate,31.675056430212585,0,small,0
26,primary,7,1,intermediate,72.80392477856931,0,medium,0
46,high_school,29,3,basic,34.092766951191706,0,medium,0
23,high_school,2,4,basic,44.59806761066034,0,large,0
42,master,19,3,basic,72.16471972835738,1,medium,1
48,bachelor,35,2,intermediate,50.844534960318846,1,large,1
39,master,17,1,basic,68.91380385066415,0,large,0
19,high_school,0,1,basic,65.46590708538706,0,medium,0
22,primary,7,2,advanced,40.27904670783509,0,medium,0
44,phd,28,1,basic,74.86119309750994,0,medium,1
42,primary,22,1,intermediate,69.4849648734181,0,small,0
25,master,9,2,advanced,65.58240031653429,0,medium,1
18,high_school,3,1,basic,55.27925717173872,1,medium,0
37,primary,16,1,intermediate,70.84504905268027,1,medium,0
40,bachelor,22,2,intermediate,45.59157767293705,0,medium,0
49,phd,33,2,advanced,49.879588946759114,0,small,1
28,phd,14,0,advanced,69.81391608508052,0,large,1
56,high_school,39,2,intermediate,80.45228246325352,1,small,1
41,high_school,26,1,basic,57.843044270513296,0,medium,0
28,bachelor,11,1,intermediate,71.85516356541655,0,large,0
46,bachelor,23,0,advanced,68.074372732509,0,medium,0
43,bachelor,28,2,basic,71.21456867681609,0,large,1
33,high_school,14,4,advanced,54.62324944225194,0,small,0
52,phd,34,0,advanced,62.761292672414825,0,small,1
37,bachelor,15,0,basic,64.4264803112343,1,small,0
20,master,0,1,intermediate,87.47581298526738,0,large,0
18,bachelor,0,1,basic,48.43255807004588,1,small,0
18,bachelor,0,1,intermediate,43.94314722495734,1,medium,0
34,phd,15,2,intermediate,100.0,1,medium,1
19,bachelor,2,3,intermediate,69.6345462003107,1,large,0
46,master,33,2,intermediate,73.22759956498514,1,small,1
37,phd,14,0,intermediate,74.63251179960554,0,small,1
23,bachelor,9,2,intermediate,76.5782783348459,0,large,1
25,bachelor,5,1,intermediate,78.4849848085525,0,medium,0
46,primary,31,1,advanced,76.64685840556663,0,medium,0
50,primary,34,0,intermediate,81.9053035788008,0,medium,0
20,high_school,0,2,intermediate,67.51086907461887,0,large,0
52,high_school,34,1,intermediate,81.08337096947238,1,small,0
22,high_school,9,1,basic,93.37979708454439,1,small,0
44,high_school,29,2,basic,67.93873659080612,1,small,0
29,high_school,13,1,intermediate,72.21178264262815,0,small,0
37,bachelor,20,0,intermediate,56.30284376026856,0,large,0
37,primary,20,1,intermediate,62.52759461635737,0,large,0
26,primary,3,0,advanced,70.29279409369342,0,small,0
56,bachelor,37,1,intermediate,59.16149088691164,0,large,0
21,bachelor,4,4,intermediate,66.38718062661584,1,medium,0
36,bachelor,14,1,advanced,70.11991974269476,0,medium,1
55,bachelor,37,2,intermediate,87.80934122809484,0,small,1
44,master,22,2,intermediate,52.04311251125098,0,medium,1
60,bachelor,39,1,advanced,71.30244578649535,1,large,1
30,bachelor,7,0,intermediate,55.93753149148268,1,medium,0
30,phd,9,0,intermediate,76.49054471226259,1,medium,1
39,master,22,3,advanced,77.68249153963461,0,large,1
45,bachelor,26,1,intermediate,90.16191908215518,1,small,1
39,bachelor,19,3,basic,58.614678961588865,1,small,1
60,high_school,40,1,advanced,67.18339076958543,0,medium,0
36,bachelor,20,0,advanced,77.06090106483772,1,medium,1
25,phd,2,2,basic,74.87955455396786,1,large,1
25,bachelor,10,2,intermediate,27.683013870664794,0,medium,0
59,master,40,2,intermediate,54.68829991266353,0,small,1
43,bachelor,21,1,advanced,73.55174633733303,0,medium,1
43,phd,21,1,basic,61.853062186438386,1,medium,1
40,bachelor,24,2,intermediate,77.17176727023048,0,large,1
60,primary,40,0,intermediate,80.63111129077997,0,large,0
30,bachelor,12,2,intermediate,61.79764301932389,0,medium,0
45,high_school,24,3,advanced,74.0123481548893,0,medium,1
26,primary,4,1,advanced,86.84212856426703,0,medium,0
37,master,18,5,basic,80.27755145277065,1,large,1
36,high_school,20,2,basic,53.44029311296832,1,medium,0
56,master,38,4,basic,62.22299820183674,0,small,1
29,high_school,8,2,intermediate,65.41220979578144,0,large,0
32,high_school,17,1,intermediate,50.97161029745413,1,large,0
48,phd,32,3,intermediate,81.0499162200492,0,large,1
31,high_school,17,1,basic,55.32566679125216,0,small,0
28,bachelor,10,1,basic,63.47863574903569,0,large,0
43,bachelor,20,5,basic,81.07760762803724,1,large,1
59,bachelor,37,1,intermediate,58.23510220278903,0,medium,0
44,master,24,0,intermediate,59.95087732498896,0,small,0
28,bachelor,6,2,intermediate,70.07075322167509,1,small,1
55,bachelor,34,2,basic,58.86629250323057,0,medium,0
51,master,35,0,intermediate,87.98916424388804,0,medium,1
60,high_school,40,1,advanced,51.26832682754199,1,large,0
36,bachelor,18,0,basic,30.577807005196206,0,medium,0
23,phd,3,2,intermediate,77.64494813047192,0,small,1
55,bachelor,40,2,basic,59.63646992249866,1,medium,1
59,master,37,1,basic,52.885539878481126,1,small,1
45,bachelor,28,2,intermediate,70.75871023485298,1,small,1
18,master,4,1,intermediate,71.2908671097318,1,large,1
52,master,39,1,intermediate,53.57175007140034,1,small,1
57,high_school,40,2,advanced,82.80333978727128,0,small,1
25,high_school,11,2,intermediate,77.92815519646149,1,medium,1
24,bachelor,9,2,intermediate,94.61859928993738,1,medium,1
28,bachelor,9,1,intermediate,58.12048914105702,0,large,0
56,high_school,40,2,basic,67.3440301653863,0,medium,0
21,primary,1,0,intermediate,68.49997647830888,1,medium,0
42,high_school,28,0,basic,60.095790481860455,1,medium,0
29,phd,11,2,basic,71.04828375861565,1,small,1
43,bachelor,21,3,basic,72.17636563095796,1,small,1
55,bachelor,33,1,basic,72.18319614265467,0,medium,0
29,high_school,14,1,intermediate,60.10260371355327,0,small,0
60,high_school,40,2,advanced,61.86016999483053,0,medium,0
54,high_school,37,0,advanced,56.49357431406694,0,medium,0
41,high_school,22,1,intermediate,53.737667420706146,1,medium,0
33,master,16,1,basic,64.04076401485426,0,large,0
30,phd,15,3,basic,87.74798151746283,0,medium,1
42,high_school,28,2,basic,95.58573838899818,0,small,0
21,primary,2,4,basic,84.70787343144866,0,small,0
28,high_school,13,2,intermediate,58.04182540573551,0,medium,0
49,bachelor,26,1,advanced,71.11507633281796,0,small,1
24,high_school,3,3,intermediate,34.296298063382196,0,medium,0
28,high_school,11,2,advanced,62.67494377526049,0,large,0
45,high_school,25,2,intermediate,59.17169384703222,0,small,0
58,master,36,1,intermediate,93.11505732857006,0,medium,1
40,bachelor,19,2,advanced,68.90613933590228,0,small,1
40,bachelor,23,1,intermediate,65.76082408469206,0,medium,0
45,high_school,29,2,intermediate,63.973488785529895,0,large,0
60,master,40,0,intermediate,60.63706146421863,1,large,1
43,phd,28,3,basic,72.97335798001441,0,large,1
42,high_school,24,0,advanced,55.06396596099949,0,medium,0
46,high_school,32,1,basic,73.24802194232925,1,small,0
36,bachelor,21,3,intermediate,86.47635040360687,1,medium,1
50,primary,30,1,intermediate,66.68960925302277,0,small,0
53,bachelor,34,4,intermediate,60.28503173507439,0,small,0
31,bachelor,8,3,basic,63.870195513917345,0,small,0
31,bachelor,16,1,basic,83.01028190941605,1,medium,1
52,high_school,37,2,intermediate,67.08826214158239,0,small,0
47,bachelor,32,2,intermediate,55.859989127541205,1,large,1
45,phd,24,3,basic,77.12980345819105,1,medium,1
34,high_school,20,2,advanced,54.33962642163564,1,small,1
20,bachelor,6,1,intermediate,61.498586309099366,1,medium,0
33,primary,19,2,intermediate,68.43744333677327,0,medium,0
47,primary,31,1,intermediate,52.89454559824254,0,large,0
46,bachelor,25,2,basic,38.203832807076424,0,small,0
32,high_school,14,1,advanced,71.74164928843099,0,medium,0
42,primary,23,3,advanced,32.12240808695131,1,large,1
55,high_school,39,2,intermediate,51.1015718679355,0,medium,0
59,bachelor,38,2,intermediate,76.6727905891725,1,medium,1
55,bachelor,32,0,intermediate,71.28798911639255,1,medium,1
40,high_school,25,0,intermediate,62.631042905153656,0,large,0
42,bachelor,28,1,intermediate,51.567581170880175,1,small,0
59,high_school,40,1,intermediate,58.53476365644535,1,large,0
24,bachelor,3,1,basic,73.64729865106824,0,small,0
39,bachelor,17,3,intermediate,63.01450372794258,0,medium,0
34,bachelor,14,1,intermediate,46.47262030581065,0,medium,0
35,phd,19,0,basic,51.8010985955611,0,medium,0
58,master,40,0,intermediate,58.48066588023437,1,small,1
27,primary,13,0,intermediate,70.5047218024693,1,medium,0
27,master,4,1,intermediate,66.56842178164187,0,medium,0
24,primary,8,0,basic,46.303193580132984,0,medium,0
55,phd,36,3,intermediate,85.2058448762047,0,medium,1
44,high_school,26,5,intermediate,53.85648607405018,1,small,0
50,high_school,31,0,intermediate,71.61569761369898,1,large,0
18,primary,4,0,intermediate,50.78954774039821,0,large,0
51,high_school,32,1,intermediate,100.0,1,large,0
21,bachelor,0,0,intermediate,84.87525593584928,1,medium,0
34,master,14,1,intermediate,53.383797267164326,0,large,0
21,bachelor,2,2,basic,66.32690892540398,0,medium,0
60,bachelor,40,0,intermediate,49.56158977764489,0,medium,0
43,master,30,3,intermediate,59.66020636246161,0,large,1
21,high_school,0,1,intermediate,71.34419382900768,0,medium,0
18,primary,0,2,basic,77.6757098210697,0,small,0
24,primary,2,2,basic,46.42420122011962,1,large,0
47,high_school,27,3,basic,53.77163667419771,0,medium,0
26,high_school,3,3,basic,79.12648052130187,0,medium,0
52,primary,32,2,intermediate,84.85869400456511,0,medium,0
25,high_school,8,0,basic,53.40309372655602,0,small,0
41,high_school,25,2,intermediate,79.35282803072897,1,large,1
36,master,14,2,advanced,46.46611269747886,0,medium,1
53,high_school,32,2,basic,60.53748417233827,1,large,0
60,bachelor,37,1,advanced,47.83387967064233,0,medium,0
44,bachelor,27,1,intermediate,58.913961310226746,0,large,0
49,bachelor,29,2,advanced,93.63908431027812,1,large,1
31,primary,18,2,basic,64.17648584464389,1,medium,0
35,high_school,21,1,advanced,60.771027994250396,1,small,0
45,primary,29,2,advanced,56.52838394602857,1,large,1
46,high_school,27,3,advanced,60.502728820892365,1,small,1
33,high_school,18,1,intermediate,52.87238309589047,1,large,0
52,bachelor,34,3,basic,67.05205511344032,0,medium,0
48,bachelor,35,2,basic,64.51109026937948,1,medium,1
21,bachelor,7,0,advanced,58.13888458048303,0,small,0
54,bachelor,32,1,basic,56.82096685524251,0,medium,0
34,high_school,11,1,intermediate,67.74254238568155,0,medium,0
56,master,33,2,basic,54.060121501770844,1,small,1
43,high_school,28,2,intermediate,61.397971102388794,1,large,0
56,bachelor,33,3,intermediate,58.23172102859682,1,small,1
58,master,37,1,advanced,31.908557760452112,0,medium,1
21,bachelor,0,1,advanced,77.90137547843946,0,medium,0
47,high_school,27,2,intermediate,37.51022395870511,0,large,0
47,bachelor,24,0,intermediate,38.47575389154956,0,large,0
39,primary,16,2,intermediate,78.43005383632291,1,medium,1
28,primary,8,3,basic,48.37303025552619,0,large,0
19,high_school,0,4,advanced,33.85275232233414,0,large,0
29,high_school,12,1,intermediate,85.06063320871166,0,small,0
47,bachelor,31,1,intermediate,55.42971111977185,1,large,0
53,master,37,1,basic,83.22098775986507,0,medium,1
35,high_school,19,2,intermediate,51.2709349071588,0,medium,0
43,master,28,1,intermediate,40.34777768679912,0,large,0
24,phd,1,3,basic,60.17534051077843,1,small,1
18,phd,3,3,advanced,46.87992602377453,1,small,1
43,master,29,0,basic,71.06380536790968,1,small,1
40,high_school,24,0,intermediate,75.14234269537998,1,large,0
43,primary,20,1,intermediate,78.9456077503937,0,medium,0
23,bachelor,6,0,advanced,60.32571856309655,0,medium,0
23,bachelor,8,1,advanced,85.70505583383196,1,small,1
25,master,5,3,advanced,51.084814514487746,1,large,1
41,phd,26,1,basic,67.01152535914484,0,medium,0
39,bachelor,16,1,advanced,62.92462281276828,0,medium,0
36,high_school,21,3,basic,94.58939153291749,0,small,0
54,high_school,36,1,basic,83.11694873218852,1,medium,0
35,primary,15,3,basic,65.48234475816105,1,small,0
48,bachelor,29,2,advanced,67.97668116908385,1,large,1
54,bachelor,37,2,intermediate,88.03366260104566,1,small,1
47,master,33,1,intermediate,53.72619390663378,0,small,0
59,bachelor,39,2,basic,34.50402954839798,1,large,1
50,master,34,1,basic,50.485222506330224,0,small,0
27,bachelor,6,4,intermediate,58.782532191689576,1,small,1
54,master,32,3,basic,85.4114151378789,0,small,1
29,high_school,6,0,intermediate,80.53661018213381,0,large,0
47,master,29,3,intermediate,64.34209534241295,0,large,1
44,bachelor,22,2,intermediate,71.99870431586106,0,large,1
56,high_school,40,3,advanced,54.366443690402065,1,medium,1
26,high_school,13,1,basic,96.32794877495114,0,small,0
38,master,24,1,basic,83.1962525335294,0,small,1
29,primary,9,1,intermediate,65.80325838775066,0,large,0
46,bachelor,31,3,advanced,63.89592017229992,1,large,1
50,high_school,30,0,intermediate,75.52260775257558,0,large,0
60,bachelor,40,1,advanced,64.14238165868541,0,large,0
32,master,16,0,intermediate,37.679294538967085,0,large,0
19,high_school,3,2,basic,87.99895118602845,0,medium,0
56,bachelor,37,2,intermediate,82.52958150043597,0,large,1
35,phd,14,1,basic,70.580061999441,0,small,1
20,master,0,1,intermediate,58.70591630778423,0,medium,0
24,master,9,0,basic,65.14725713561353,0,medium,0
60,bachelor,40,2,basic,25.341778915885513,0,medium,0
35,high_school,16,3,advanced,48.38914755770219,0,medium,0
55,bachelor,39,0,basic,91.5064748177096,0,medium,0
54,bachelor,37,2,basic,72.75904401934783,1,medium,1
50,high_school,29,2,advanced,35.76951187986989,1,medium,1
48,high_school,29,1,intermediate,52.584184270798715,0,small,0
28,primary,13,2,intermediate,36.120661159001656,0,large,0
21,bachelor,1,0,advanced,53.293119751724234,1,large,0
35,master,14,2,intermediate,62.52254717166947,0,small,1
21,primary,4,0,basic,89.02407269904771,1,medium,0
51,bachelor,35,3,intermediate,76.77665088142405,1,large,1
46,master,27,1,intermediate,60.46781036024004,0,medium,0
41,high_school,25,1,advanced,61.20466771839726,1,medium,0
39,bachelor,20,0,basic,52.99200220095423,0,large,0
19,phd,4,0,basic,81.35479590261089,1,medium,1
23,phd,6,1,intermediate,83.14313611265631,0,small,1
59,high_school,40,1,intermediate,44.925958616229515,0,medium,0
42,high_school,27,0,basic,39.190184504250055,0,small,0
38,high_school,19,2,advanced,60.22225300266657,0,medium,0
33,bachelor,17,0,advanced,62.06131804657754,0,large,0
48,bachelor,28,3,intermediate,68.87998087040651,0,medium,0
31,bachelor,16,3,advanced,39.87950509831571,1,small,1
56,high_school,38,0,basic,54.26573781382061,0,large,0
45,high_school,27,1,advanced,63.763957948701346,1,medium,0
49,bachelor,28,0,intermediate,53.31798354519161,1,small,0
45,bachelor,24,2,basic,77.86791410290684,0,medium,1
26,bachelor,6,2,intermediate,93.0279911793169,0,medium,1
39,bachelor,16,3,intermediate,56.92039407866644,1,medium,1
49,high_school,31,1,intermediate,78.33798498387243,1,medium,0
22,high_school,0,1,advanced,59.64239767837857,0,medium,0
40,high_school,27,1,intermediate,51.04742704223751,0,large,0
22,high_school,2,1,intermediate,54.31638636889228,0,small,0
59,primary,40,2,basic,76.52943165937131,0,small,0
49,high_school,31,0,intermediate,55.375641265392176,0,large,0
27,primary,11,2,intermediate,58.30914519582525,0,small,0
56,high_school,36,0,basic,47.84251769344158,0,large,0
32,bachelor,17,1,advanced,74.50893664103688,1,medium,1
24,high_school,10,2,intermediate,71.87240031907797,1,large,1
46,bachelor,30,4,intermediate,86.82541411477358,1,medium,1
20,bachelor,1,2,intermediate,73.94451647289367,0,large,0
36,bachelor,18,1,advanced,71.19363004644443,1,medium,1
27,phd,8,1,basic,73.74920695414552,0,medium,1
45,primary,27,2,intermediate,61.1609616833252,1,medium,0
46,bachelor,23,0,basic,66.6517355308294,1,large,0
32,phd,12,3,basic,78.96787511749699,0,small,1
52,master,37,3,basic,52.69675655710263,1,small,1
23,high_school,3,1,intermediate,90.52522271680601,0,medium,0
29,high_school,7,0,advanced,74.56975809246656,0,medium,0
55,high_school,37,0,intermediate,95.31744317124021,0,medium,0
30,bachelor,8,4,intermediate,47.368170248094515,1,small,1
46,bachelor,25,1,advanced,47.366311972041395,1,medium,1
36,high_school,19,1,intermediate,70.58018322650891,1,medium,0
20,bachelor,0,1,basic,66.8534220985575,1,small,0
25,bachelor,2,2,basic,58.14411973212923,1,large,0
25,bachelor,10,1,basic,45.95956147341479,0,large,0
37,master,19,1,basic,60.9837419708984,0,large,0
21,master,6,1,intermediate,68.25688160005933,1,medium,1
38,primary,17,1,intermediate,45.37256169445536,0,small,0
20,bachelor,1,1,basic,58.84431319693767,0,medium,0
25,high_school,10,3,intermediate,70.73652931451338,1,large,1
40,bachelor,22,0,intermediate,76.81545636926188,0,small,0
33,phd,11,1,intermediate,60.706472262351284,0,medium,0
30,master,7,1,advanced,52.98422649679794,1,large,1
20,bachelor,5,2,advanced,66.72825300804519,0,large,0
26,high_school,3,2,intermediate,61.89852121127981,0,medium,0
31,high_school,12,1,intermediate,43.02424669536876,0,medium,0
30,bachelor,7,1,intermediate,58.242357437559875,1,medium,0
24,high_school,5,3,intermediate,56.15327467473222,0,large,0
32,bachelor,13,1,intermediate,65.34174443800971,1,medium,0
24,primary,7,1,intermediate,53.9942526467122,1,large,0
55,high_school,38,3,intermediate,56.77336360246573,1,small,0
51,high_school,38,2,advanced,62.26734684628451,1,medium,1
58,phd,40,1,basic,74.57583950752523,1,medium,1
39,bachelor,16,1,intermediate,66.39215985223976,0,small,0
41,high_school,26,5,intermediate,100.0,1,small,1
54,primary,31,1,intermediate,46.02663113178213,0,medium,0
18,bachelor,0,0,basic,78.67529210667792,0,small,0
27,high_school,10,0,intermediate,63.828806484540905,1,small,0
60,bachelor,40,1,intermediate,44.0866547252611,0,medium,0
33,master,11,2,intermediate,59.32406509142782,0,medium,1
25,bachelor,2,2,intermediate,42.29790052799686,1,small,0
42,bachelor,22,2,intermediate,66.2397016286909,0,large,0
29,bachelor,9,0,intermediate,60.425171541681934,0,medium,0
42,master,28,3,intermediate,54.722695359504904,1,medium,1
34,master,16,1,advanced,49.09813026490637,0,small,1
43,bachelor,20,3,intermediate,80.25054426899878,1,medium,1
31,high_school,8,1,basic,62.60446993010942,0,medium,0
58,bachelor,37,0,intermediate,68.1424963931459,1,medium,0
53,high_school,34,2,basic,67.65301252950005,0,small,0
40,bachelor,22,2,intermediate,66.62104816649976,0,small,0
60,bachelor,40,1,intermediate,60.101792706895495,0,medium,0
23,high_school,4,4,advanced,87.76419903275833,1,small,1
22,high_school,7,0,basic,98.54482091069895,0,small,0
60,bachelor,38,1,intermediate,86.71849212468877,1,large,1
42,master,19,1,basic,65.32169150248119,0,small,0
35,bachelor,17,1,advanced,64.28763527016461,1,small,1
30,bachelor,15,1,intermediate,81.39136290352488,0,small,0
60,high_school,40,1,intermediate,53.635530208768834,0,large,0
31,bachelor,15,1,intermediate,90.65471867619647,1,small,1
45,bachelor,26,2,intermediate,76.87133806286184,1,medium,1
35,bachelor,21,3,advanced,60.80402614951053,1,medium,1
45,primary,25,4,intermediate,69.22856990333287,0,large,0
44,bachelor,26,4,intermediate,74.40326155244917,1,large,1
49,high_school,28,2,intermediate,58.58716888945688,0,small,0
26,high_school,3,2,advanced,80.51548877999561,1,small,1
57,phd,40,0,basic,84.09243686237237,0,medium,1
49,high_school,29,1,intermediate,61.06041492919904,0,small,0
37,high_school,22,2,advanced,57.8652397793503,1,large,1
45,bachelor,25,2,basic,63.418835640262785,0,large,0
50,master,27,3,intermediate,47.64756942666771,1,large,1
21,bachelor,1,1,intermediate,39.986363179773285,1,medium,0
51,bachelor,34,1,basic,58.50104739216239,1,medium,0
20,master,0,2,intermediate,50.600688563969044,0,medium,0
43,high_school,29,1,advanced,91.5607737879717,1,small,1
25,high_school,7,5,intermediate,58.156870825627216,0,medium,0
23,high_school,0,1,basic,71.83560652936576,1,large,0
33,master,20,2,intermediate,55.576881503831224,0,medium,1
41,primary,21,2,advanced,91.733530904866,0,small,1
56,high_school,35,2,basic,62.091414831355095,0,large,0
47,bachelor,24,3,basic,46.34513625544847,1,small,1
30,bachelor,9,3,advanced,75.05381127251495,1,medium,1
22,bachelor,2,1,advanced,68.89164312877308,1,large,0
42,bachelor,23,2,intermediate,83.0460111859834,0,small,1
37,high_school,19,0,basic,62.68825656777513,0,small,0
35,bachelor,13,3,basic,66.61815124832552,0,small,0
35,bachelor,13,1,basic,42.3891191089167,0,large,0
19,master,1,2,intermediate,77.53230423250696,1,small,1
27,high_school,8,1,intermediate,65.94069939197041,0,medium,0
29,master,6,1,basic,63.137028370387775,0,small,0
30,bachelor,9,0,basic,61.56063579677161,1,medium,0
28,primary,15,2,advanced,60.76581419439132,1,small,1
36,bachelor,17,1,intermediate,77.73529926310975,1,large,1
52,primary,30,1,intermediate,51.116164396678094,0,medium,0
56,phd,33,0,basic,76.15240425467574,0,small,1
43,master,28,1,advanced,40.919831397711235,0,large,1
31,high_school,12,0,intermediate,36.25163233926724,1,large,0
41,high_school,19,2,intermediate,86.16092203689867,0,small,0
58,high_school,40,0,advanced,49.65678475595213,0,small,0
18,high_school,0,0,basic,66.5869143506291,0,medium,0
60,high_school,39,1,intermediate,60.97992720250418,1,medium,0
39,high_school,22,0,intermediate,70.16260592885573,0,small,0
40,bachelor,17,1,basic,65.77098762351093,0,large,0
36,high_school,22,1,intermediate,80.64514836847403,0,small,0
35,master,15,1,advanced,43.56203116065714,0,medium,1
29,master,12,3,basic,75.06396682115583,0,medium,1
45,bachelor,32,3,intermediate,64.23044789401348,0,large,0
45,master,31,3,intermediate,42.01611171496222,1,large,1
50,high_school,31,2,intermediate,57.05148305179521,1,small,0
36,primary,16,3,intermediate,40.941653445063935,1,small,0
45,bachelor,25,1,basic,39.90157689025979,0,medium,0
54,bachelor,40,1,basic,58.450464539341155,1,medium,0
43,bachelor,21,2,advanced,82.7950595507411,0,large,1
52,master,36,0,advanced,69.68933530851204,1,small,1
51,phd,31,3,intermediate,84.49067382830053,1,medium,1
52,bachelor,30,1,intermediate,66.1392665799832,0,small,0
57,master,40,1,intermediate,88.24651179543058,0,large,1
33,primary,19,2,intermediate,86.69892166009785,1,medium,1
55,high_school,38,0,intermediate,50.750031828491814,1,medium,0
30,bachelor,9,1,basic,66.06500983555244,0,medium,0
40,bachelor,23,0,advanced,54.16357921334478,0,medium,0
39,bachelor,16,4,intermediate,62.8277298706793,1,medium,1
33,high_school,10,0,advanced,89.87318364818223,1,large,1
45,bachelor,25,0,intermediate,55.37580396625263,1,small,0
52,high_school,32,4,intermediate,47.20762147303384,1,medium,0
25,bachelor,5,1,advanced,48.19996138509218,1,medium,0
39,high_school,24,2,intermediate,59.067986470465065,1,medium,0
38,primary,20,1,intermediate,100.0,1,large,0
43,high_school,22,1,intermediate,87.09233458564248,0,large,0
57,high_school,39,1,intermediate,21.90573292347657,1,small,0
38,master,16,2,intermediate,64.4629298375053,1,large,1
42,primary,20,3,intermediate,55.5656158459244,0,small,0
58,high_school,40,0,intermediate,79.79484032712853,0,medium,0
18,bachelor,0,0,intermediate,47.31495109158697,1,medium,0
23,bachelor,6,0,basic,49.45343169884197,0,small,0
40,primary,19,0,advanced,56.42770642554088,0,medium,0
40,primary,18,3,intermediate,54.62440459447506,1,large,0
60,phd,40,5,intermediate,74.7731699266933,0,small,1
60,bachelor,40,3,basic,59.98173297040186,0,small,0
40,high_school,19,2,intermediate,80.04870879986404,1,large,1
49,bachelor,34,0,basic,52.84484585940274,0,medium,0
47,high_school,29,3,intermediate,77.9863812958273,0,medium,0
30,high_school,11,1,basic,47.644263053371944,0,medium,0
60,bachelor,40,2,intermediate,74.22130472333278,1,small,1
35,master,22,0,intermediate,57.501723400482454,0,small,0
40,high_school,24,0,intermediate,78.37453118367117,0,small,0
32,master,13,0,basic,28.38619580111822,0,small,0
50,high_school,30,2,basic,53.25115800914208,0,small,0
38,high_school,21,2,basic,82.52487502158847,1,large,1
56,primary,37,0,intermediate,61.972349749507075,1,medium,0
40,high_school,20,3,basic,39.48113835028229,0,small,0
44,master,25,3,basic,54.39518164996393,1,medium,1
35,bachelor,22,3,intermediate,70.7537683325242,0,large,1
41,primary,21,1,intermediate,52.83631989909246,0,small,0
57,phd,40,1,intermediate,82.41578793689914,0,large,1
59,master,40,2,advanced,81.27651174370486,1,large,1
24,master,1,1,intermediate,75.01571621889431,0,medium,0
37,master,16,5,intermediate,80.46260598882363,1,medium,1
44,high_school,31,2,intermediate,57.27229206871417,0,medium,0
23,master,3,1,intermediate,87.30684907782803,0,medium,0
44,bachelor,22,0,intermediate,81.13445940276705,1,large,1
26,master,7,1,advanced,63.06684004500661,0,large,1
48,master,35,4,intermediate,40.603217149517164,1,medium,1
38,high_school,22,2,intermediate,29.498889568887584,1,large,0
43,master,21,3,intermediate,79.84505653719538,0,large,1
57,high_school,40,4,intermediate,40.834037586917916,1,medium,0
30,high_school,13,2,intermediate,51.180469623161216,1,medium,0
40,high_school,22,1,basic,72.15622498831863,1,medium,0
37,master,21,3,advanced,45.5035744206977,0,small,1
54,high_school,32,2,intermediate,100.0,1,medium,1
45,bachelor,26,0,intermediate,68.56172958137415,1,medium,0
34,high_school,14,2,advanced,87.1713948863111,1,small,1
45,phd,29,2,advanced,80.63880602652493,0,small,1
58,high_school,35,1,intermediate,26.93050191943407,1,small,0
19,master,0,2,intermediate,76.16682655319386,1,large,1
42,master,28,2,intermediate,64.75795867151659,0,small,1
58,bachelor,40,0,intermediate,64.06296894806135,1,medium,0
23,high_school,4,0,basic,64.61900653885465,1,small,0
28,bachelor,8,1,advanced,80.82071431084755,1,small,1
55,master,37,2,intermediate,89.68054067406307,0,large,1
23,master,4,1,intermediate,47.11817685719787,1,large,0
28,high_school,7,2,intermediate,66.15954014699638,1,medium,0
31,master,18,1,intermediate,86.0288624608626,1,large,1
19,high_school,0,1,advanced,61.888829954137485,0,large,0
57,bachelor,37,2,intermediate,68.04471441261659,0,small,0
20,master,0,2,intermediate,68.25928032863027,0,medium,0
52,high_school,29,3,intermediate,96.72155664969179,1,large,1
50,master,33,1,advanced,76.22539358836278,1,medium,1
41,bachelor,21,1,intermediate,96.0593040686285,0,large,0
36,master,13,1,advanced,91.15396888989835,0,medium,1
35,high_school,17,1,basic,61.59437545394887,0,small,0
41,bachelor,28,2,basic,69.51172008642128,1,medium,1
52,master,39,4,basic,95.78233124764591,0,medium,1
18,primary,5,1,basic,47.874067414892075,0,medium,0
53,high_school,40,1,basic,76.41668554912282,0,small,0
42,phd,19,0,basic,76.56762472053339,1,small,1
60,high_school,40,3,advanced,60.85398319183041,0,large,0
51,phd,36,1,basic,59.29359360395626,1,medium,1
42,high_school,29,0,intermediate,61.35185782256948,0,small,0
33,high_school,12,4,advanced,75.53670310813561,0,small,1
51,master,34,0,basic,87.09446586984973,0,small,1
46,bachelor,27,2,intermediate,76.08521211433113,0,small,1
36,bachelor,15,3,basic,46.133452534697,0,large,0
40,bachelor,21,1,basic,87.58781267109636,0,large,0
36,master,22,0,advanced,82.89391039340126,0,small,1
42,high_school,25,3,advanced,61.31597692596227,0,large,0
33,bachelor,16,1,advanced,55.18285016966638,1,medium,1
26,high_school,11,2,advanced,51.377289524859194,1,small,1
18,bachelor,2,1,basic,81.11505748289942,0,large,0
59,high_school,39,2,intermediate,36.80927856228419,0,small,0
36,high_school,17,3,intermediate,81.48305356243927,1,large,1
50,bachelor,31,1,advanced,58.230054410152086,0,large,0
51,primary,37,2,basic,69.27358347366288,1,large,0
33,primary,11,1,intermediate,13.679305681749192,1,large,0
57,bachelor,40,0,basic,38.39992909394813,0,large,0
35,bachelor,18,3,basic,54.80944635611976,1,large,1
51,master,36,0,intermediate,51.31410930090546,0,medium,0
42,bachelor,27,1,basic,76.37636383219335,0,small,0
23,primary,3,4,intermediate,69.54802107444588,0,small,0
38,bachelor,19,0,intermediate,94.01095160640195,1,large,1
23,primary,6,3,basic,72.6999627700241,0,large,0
49,master,35,0,basic,55.2487810507287,0,large,0
58,phd,40,3,advanced,83.35019822705122,1,medium,1
60,bachelor,40,2,intermediate,58.054047978146976,0,small,0
56,bachelor,40,1,intermediate,57.19267701606316,0,large,0
48,high_school,35,2,advanced,65.03184421187653,0,medium,0
59,bachelor,40,0,basic,89.2878824683205,1,medium,1
27,master,11,1,basic,80.76576019924299,1,large,1
47,high_school,25,2,basic,80.29819758444464,1,large,1
35,high_school,20,0,intermediate,94.40768953537874,0,medium,0
41,bachelor,28,1,intermediate,79.9426799979666,0,medium,0
26,bachelor,6,2,basic,46.57319282149507,0,small,0
48,high_school,25,2,basic,73.07484212795752,1,large,1
32,master,9,1,advanced,89.34737245107215,1,small,1
21,primary,2,1,intermediate,42.226623865498055,0,large,0
57,high_school,40,1,advanced,64.76944730139903,0,small,0
26,bachelor,7,0,basic,48.9822294294994,0,large,0
26,high_school,5,0,intermediate,66.92704828137889,1,medium,0
43,bachelor,30,1,advanced,82.02853362033291,1,medium,1
21,high_school,4,1,advanced,85.14104497919794,0,small,0
34,primary,11,1,intermediate,62.237197985753994,1,medium,0
33,high_school,20,1,basic,74.92081764219087,0,medium,0
32,master,9,1,basic,42.439051188463154,0,small,0
52,bachelor,30,1,intermediate,38.773222641950944,0,medium,0
22,master,0,2,intermediate,81.79393004858366,0,large,1
22,high_school,7,0,intermediate,19.602987098389058,0,small,0
37,bachelor,17,0,basic,54.6901114791177,0,medium,0
32,bachelor,15,1,intermediate,75.1536037646711,1,small,1
35,master,16,4,intermediate,68.30932178770784,0,large,1
19,bachelor,2,2,advanced,22.456564228114715,0,small,0
46,bachelor,29,1,intermediate,72.88487174935425,0,small,0
30,primary,7,1,intermediate,52.08066974690067,1,large,0
21,bachelor,0,1,intermediate,66.81223206075707,0,medium,0
59,bachelor,40,5,basic,55.640006940979724,0,small,0
27,master,6,2,intermediate,54.617187316012505,1,medium,1
48,high_school,34,0,basic,38.00554607842237,0,large,0
58,high_school,36,1,intermediate,59.614572479648714,0,medium,0
25,bachelor,8,1,intermediate,83.54283150326648,0,medium,0
20,high_school,0,0,intermediate,58.66045906156117,0,medium,0
26,high_school,9,2,intermediate,59.342142055309566,0,large,0
47,master,32,3,basic,54.43236802061119,1,medium,1
28,bachelor,15,1,intermediate,45.708240251106275,0,medium,0
52,master,29,1,advanced,50.03326301859278,1,large,1
54,master,33,1,intermediate,68.32367712202593,0,small,0
59,high_school,40,2,intermediate,100.0,0,small,0
30,bachelor,12,2,intermediate,79.63308452140357,0,small,1
53,primary,38,0,intermediate,74.30057504032273,0,medium,0
30,master,11,2,intermediate,94.87244010105697,0,medium,1
29,bachelor,8,1,basic,72.0189251320873,1,large,1
54,high_school,38,3,intermediate,81.11941872498703,0,medium,0
27,high_school,8,0,intermediate,68.208874550735,0,small,0
26,bachelor,8,2,advanced,71.7803347555175,0,small,1
24,high_school,2,2,basic,43.872408092956746,0,large,0
19,high_school,0,1,basic,60.35044587041519,1,small,0
40,master,17,0,advanced,56.57114468972652,0,medium,1
56,master,36,1,intermediate,55.775529858839306,0,small,0
57,high_school,34,2,advanced,54.89510415486145,1,small,1
56,bachelor,36,1,intermediate,86.46515742383683,0,small,0
38,master,16,0,intermediate,59.47187708890352,0,large,0
40,primary,22,1,intermediate,62.83311661989657,1,small,0
46,master,28,0,basic,98.97110292400939,0,small,1
31,high_school,15,1,intermediate,76.63186972215696,0,medium,0
43,bachelor,28,3,basic,65.11941023925715,0,medium,0
22,bachelor,6,1,intermediate,80.8758415937131,1,large,1
48,bachelor,25,2,advanced,54.96332443110976,0,small,1
42,master,21,1,intermediate,58.63011837928953,1,large,1
48,high_school,30,0,basic,59.57506503565415,1,medium,0
37,high_school,14,0,advanced,68.74332584309681,1,medium,0
34,bachelor,18,1,basic,72.00070378835335,1,small,1
19,master,1,3,intermediate,50.761784915298065,1,small,1
42,high_school,19,2,advanced,71.1048295243625,0,small,1
30,master,16,3,basic,74.06680879836227,1,medium,1
56,high_school,34,1,advanced,57.98450089395034,1,small,0
45,high_school,27,3,intermediate,62.517088799038184,0,large,0
59,master,40,0,intermediate,47.94573591057291,1,medium,1
23,primary,7,1,advanced,42.36628460488142,0,medium,0
20,bachelor,1,1,intermediate,47.79317518305085,1,medium,0
52,primary,29,0,intermediate,75.80955457108351,1,small,0
35,high_school,21,0,intermediate,72.84528543628174,1,medium,0
28,bachelor,6,2,basic,93.91316397394937,1,small,1
37,bachelor,17,3,intermediate,65.57414763905271,1,large,1
22,bachelor,2,0,basic,65.77564901033405,0,medium,0
36,bachelor,19,1,basic,70.05716304021648,1,small,1
39,high_school,17,1,basic,48.995609112101235,1,medium,0
36,bachelor,19,1,basic,78.55107312640905,1,small,1
33,phd,16,0,basic,70.73126916901919,1,large,1
41,master,24,2,basic,50.78959656551235,1,large,1
58,high_school,37,3,intermediate,70.57509526325654,0,large,0
21,primary,3,0,basic,76.37693700125972,0,medium,0
32,master,14,4,intermediate,45.02813371086738,1,large,1
42,bachelor,22,0,intermediate,80.85956618886372,1,small,1
52,bachelor,29,1,advanced,58.24636535187418,0,small,0
31,master,16,4,intermediate,18.945111098859172,0,large,1
36,high_school,14,1,advanced,79.57945367064809,1,medium,1
55,bachelor,40,2,intermediate,85.14101938361978,1,large,1
53,phd,37,1,basic,48.146812710181266,0,large,0
24,bachelor,1,1,intermediate,39.93483751351557,0,medium,0
47,high_school,34,1,intermediate,84.917877396498,1,medium,0
36,high_school,19,2,intermediate,55.73957907246158,1,medium,0
42,high_school,28,2,intermediate,85.17323731254106,1,medium,1
33,master,12,2,intermediate,38.12057217292788,1,small,1
57,high_school,40,1,basic,86.07734180399737,0,medium,0
25,primary,11,1,advanced,81.10028443065778,0,small,0
35,master,20,3,intermediate,73.10845364826442,0,medium,1
45,high_school,26,1,intermediate,34.9361315177686,0,small,0
33,primary,20,1,advanced,59.56390104747524,0,medium,0
36,high_school,15,0,intermediate,80.1126903943652,0,medium,0
59,high_school,40,1,intermediate,39.69501941554949,0,medium,0
34,bachelor,13,3,advanced,57.16478935362986,1,large,1
30,master,13,2,intermediate,70.94673407335715,0,medium,1
24,master,7,3,intermediate,47.61540519448807,0,large,1
44,bachelor,27,1,advanced,84.50753414817508,0,medium,1
27,bachelor,4,1,basic,81.53911128178507,0,large,0
51,bachelor,38,0,intermediate,68.63286490590295,1,medium,0
53,high_school,34,0,intermediate,71.51038637133789,0,small,0
42,primary,29,0,intermediate,56.89289068055866,1,large,0
23,master,0,1,basic,73.8456199667419,1,medium,1
41,high_school,24,2,intermediate,56.03420734993941,1,small,0
35,high_school,19,4,intermediate,62.04828126690827,0,large,0
40,bachelor,23,1,basic,57.61386693345075,1,small,0
23,bachelor,0,1,advanced,86.53288355474723,0,medium,0
46,primary,25,1,basic,83.10588020432941,1,large,0
42,high_school,28,3,intermediate,49.94831911138824,1,large,0
34,high_school,13,1,basic,85.06436905669608,1,small,0
41,bachelor,24,1,intermediate,53.02973080649248,0,small,0
28,high_school,8,1,intermediate,92.79304988080888,0,large,0
43,bachelor,22,1,advanced,88.56425881604983,0,medium,1
51,bachelor,33,2,intermediate,97.89158486466309,0,medium,1
45,master,31,3,intermediate,69.39417637258111,1,medium,1
20,high_school,2,3,intermediate,60.79267374130956,0,large,0
28,high_school,14,0,intermediate,60.45855084295384,1,small,0
55,bachelor,36,2,intermediate,70.62772719019075,0,small,1
31,bachelor,13,2,intermediate,49.7897371665237,1,large,1
43,high_school,22,0,basic,28.855503453417164,0,small,0
38,bachelor,24,1,basic,59.00503489142161,1,large,0
56,primary,37,2,intermediate,65.6139187051448,1,large,0
47,primary,32,0,intermediate,73.33289803967102,0,large,0
25,bachelor,5,1,intermediate,70.95836615263926,1,medium,0
37,high_school,24,2,intermediate,67.11241027646206,1,small,0
49,master,27,4,intermediate,82.54206303448538,1,medium,1
39,bachelor,20,3,intermediate,51.91066726779196,1,large,1
24,bachelor,3,6,intermediate,54.91963243090468,1,large,0
26,bachelor,5,2,intermediate,96.63761851520798,0,small,0
18,bachelor,0,3,basic,17.24346022994947,0,medium,0
46,primary,26,1,intermediate,81.78547732926664,1,medium,0
25,master,6,2,intermediate,73.45114765764126,1,medium,1
21,phd,4,1,intermediate,64.97924683659039,0,large,0
52,high_school,32,1,intermediate,78.44255997506568,0,medium,0
20,high_school,7,2,basic,75.77739019380675,1,small,1
57,high_school,40,3,basic,43.11050899575183,1,small,0
24,bachelor,9,3,basic,50.3911834717217,1,small,1
44,bachelor,23,1,basic,57.789771547258425,0,small,0
18,master,0,3,intermediate,33.1811440461335,0,medium,0
44,master,24,0,advanced,64.87038940430212,0,small,1
33,bachelor,18,1,basic,74.56269460900512,1,small,1
55,bachelor,36,3,basic,82.48598417498431,1,small,1
24,bachelor,10,2,advanced,66.16954542241938,0,medium,1
40,bachelor,18,3,intermediate,53.75644774475967,0,large,0
58,bachelor,40,0,intermediate,68.36007150103174,0,large,0
28,bachelor,5,3,advanced,63.81907669491874,1,small,1
59,bachelor,40,2,intermediate,76.77621969601257,0,large,1
50,bachelor,37,2,intermediate,64.31927973846793,1,medium,1
53,bachelor,30,1,intermediate,78.34183103452105,0,medium,0
54,bachelor,38,4,basic,61.078684627560094,0,medium,0
58,bachelor,40,0,intermediate,84.35339729267686,1,large,1
34,bachelor,17,4,basic,67.66316737285817,0,medium,0
52,bachelor,37,1,intermediate,56.03168806532183,0,small,0
22,bachelor,8,0,basic,60.0029721947287,1,large,0
49,high_school,31,2,intermediate,75.90564153420247,0,medium,0
20,primary,3,2,intermediate,45.93912893594944,1,small,0
52,bachelor,31,2,basic,63.056834150308426,0,medium,0
31,bachelor,16,1,basic,81.03809441205745,0,medium,0
48,phd,27,3,intermediate,72.7532767443339,0,small,1
48,high_school,30,1,intermediate,47.73782233466417,0,large,0
34,high_school,14,0,advanced,69.66860775854418,0,large,0
41,high_school,26,1,advanced,44.869929335960876,1,medium,0
40,primary,17,3,basic,67.79812539755318,0,small,0
35,master,20,1,intermediate,85.69771577532546,0,medium,1
31,high_school,11,1,intermediate,66.10100198710634,0,medium,0
32,bachelor,18,1,intermediate,48.02132303390728,1,large,0
32,bachelor,13,1,advanced,62.13515869435857,1,small,1
23,bachelor,10,3,intermediate,67.91700930904712,1,medium,1
44,master,21,2,intermediate,81.3815809862655,0,medium,1
32,bachelor,9,4,intermediate,81.24692470310156,0,medium,1
53,high_school,35,1,basic,48.66144993472088,0,small,0
25,master,11,0,intermediate,60.13867707688834,0,medium,0
32,master,9,4,basic,70.9050291629967,1,medium,1
20,high_school,0,0,basic,55.92846435957175,0,large,0
30,primary,9,0,basic,72.47574822056987,0,medium,0
58,primary,40,4,intermediate,44.77953392888027,0,medium,0
51,high_school,29,2,advanced,68.92106353598335,0,medium,0
41,phd,22,1,basic,80.40981441808103,1,small,1
57,bachelor,40,1,intermediate,65.80925633574385,1,small,0
49,high_school,35,1,basic,67.63609647944003,0,large,0
49,master,33,3,basic,77.66462804544206,1,medium,1
47,bachelor,31,0,advanced,58.338439062103994,0,large,0
30,high_school,17,1,basic,74.33052099951095,1,large,0
18,master,0,1,basic,64.54159095827086,0,small,0
51,master,28,1,basic,51.37863459716597,0,small,0
32,master,17,0,basic,78.53468534101677,0,medium,1
31,bachelor,17,3,intermediate,86.01387540474893,1,small,1
46,master,26,4,basic,82.37782921176775,0,large,1
51,high_school,36,0,intermediate,78.53383323299103,1,small,0
35,bachelor,22,3,intermediate,72.65970786993563,0,large,1
24,phd,11,4,intermediate,70.44420017291972,1,medium,1
46,high_school,29,1,advanced,63.592700069257056,0,small,0
48,master,30,1,basic,55.06067086416209,1,medium,1
42,bachelor,28,0,intermediate,34.01157964623859,0,medium,0
55,primary,40,2,intermediate,41.48963413008761,1,large,0
31,master,17,3,basic,65.21866282911199,0,medium,1
25,high_school,5,1,advanced,45.854105066079185,0,large,0
44,bachelor,21,2,intermediate,71.21138733818596,0,medium,1
19,primary,0,0,basic,91.21082806319117,1,large,0
34,master,16,0,basic,16.620407165092445,0,small,0
54,high_school,36,1,intermediate,50.41256976526451,1,large,0
31,high_school,8,4,advanced,97.78817913283615,0,medium,1
42,high_school,25,1,intermediate,77.51337426805313,0,medium,0
47,master,31,0,intermediate,63.32501449210051,0,medium,0
46,bachelor,27,2,basic,57.021654581704176,0,medium,0
37,bachelor,15,1,intermediate,73.78721574033219,1,large,1
38,bachelor,16,4,advanced,79.68807344003329,0,medium,1
39,bachelor,26,1,intermediate,45.95918812314837,0,small,0
52,high_school,33,1,basic,87.3769203848806,0,large,0
54,bachelor,37,0,basic,70.97693896303245,0,medium,0
33,high_school,16,2,intermediate,79.07213908613586,1,medium,1
60,phd,40,0,basic,80.35996511823177,0,large,1
34,master,21,0,intermediate,69.68406317314613,0,medium,0
33,bachelor,12,3,basic,71.68146329108961,0,medium,1
19,high_school,4,2,advanced,72.76623232566325,1,large,1
21,master,4,5,intermediate,59.64348801836596,0,small,0
38,high_school,16,1,intermediate,74.72696685762693,1,small,0
56,high_school,33,3,intermediate,61.10660923843827,1,large,0
51,high_school,38,1,basic,65.00986785083255,0,large,0
47,bachelor,25,6,basic,88.45865990522114,1,small,1
23,master,2,1,advanced,64.459432668714,1,small,1
34,high_school,15,4,intermediate,71.20262075321051,1,large,1
56,primary,35,1,basic,62.37837770185091,0,medium,0
42,bachelor,28,1,intermediate,59.512601354993855,1,large,0
22,bachelor,7,4,basic,93.93068072222661,0,large,1
22,high_school,8,0,basic,43.03372630540932,0,small,0
37,high_school,17,2,basic,65.78155581848043,0,large,0
33,master,16,0,basic,46.972719744843204,0,large,0
58,phd,38,1,intermediate,83.81589470749512,0,large,1
54,phd,33,0,advanced,64.07630353167944,1,medium,1
57,master,40,4,intermediate,57.96780544310985,0,medium,1
26,high_school,3,1,intermediate,37.474825278194785,1,medium,0
22,high_school,7,1,basic,88.64418287899007,0,medium,0
59,high_school,40,3,basic,45.0829218062829,0,large,0
19,high_school,0,3,intermediate,72.30137595734091,0,medium,0
26,phd,13,2,advanced,78.9766792622838,1,small,1
60,master,37,0,basic,97.60845919442315,0,medium,1
53,bachelor,30,1,intermediate,56.73111137937392,1,small,0
39,high_school,20,0,advanced,52.16774629098389,1,large,0
39,master,22,2,intermediate,58.59086945838774,0,medium,1
39,master,22,2,basic,56.17488393892389,0,large,1
51,high_school,37,3,basic,36.74572942199252,0,small,0
46,master,23,0,advanced,89.53177602447482,0,medium,1
55,high_school,37,1,basic,58.729245500253995,0,small,0
50,primary,35,0,intermediate,62.60488261733967,0,medium,0
35,bachelor,17,0,intermediate,74.41185821351549,1,medium,1
24,bachelor,4,1,intermediate,85.79143726894623,0,medium,0
18,primary,4,2,basic,47.59149991150622,1,medium,0
50,high_school,35,1,intermediate,70.36428706548475,1,small,0
18,phd,0,2,basic,46.76323252068889,1,small,1
41,bachelor,27,7,intermediate,70.00472518320721,1,large,1
21,bachelor,1,1,intermediate,69.38321189648188,0,large,0
21,high_school,1,5,basic,57.90481956357712,1,large,0
35,primary,15,2,intermediate,68.5018328672929,0,small,0
44,high_school,26,2,advanced,68.77681038008272,1,small,1
60,high_school,40,0,advanced,63.77481710869305,0,small,0
49,high_school,36,0,basic,61.9310142028529,1,medium,0
50,high_school,33,0,intermediate,44.53440437471432,1,medium,0
45,bachelor,30,0,intermediate,48.639272630573785,1,small,0
59,high_school,40,2,intermediate,55.78662582390451,0,medium,0
58,master,37,2,intermediate,49.869830595008494,0,medium,1
53,high_school,37,2,advanced,56.400678030548534,0,medium,0
23,bachelor,7,0,intermediate,63.85764934225246,1,large,0
33,primary,10,3,intermediate,66.32374973604976,1,medium,0
51,bachelor,32,3,basic,73.42516563084952,0,small,1
40,primary,26,1,advanced,67.35325195698024,0,medium,0
59,phd,40,2,intermediate,66.78511888230939,0,small,1
41,master,25,1,intermediate,73.04609480345673,1,medium,1
30,bachelor,14,0,advanced,51.246681947661884,0,medium,0
35,primary,13,2,intermediate,52.501333285368986,0,small,0
30,bachelor,9,0,intermediate,59.4018359831918,0,medium,0
54,master,32,1,advanced,54.541940332028965,0,medium,1
60,high_school,37,1,basic,38.70395648044074,1,large,0
56,bachelor,34,4,advanced,73.63980193241477,1,small,1
59,master,40,6,basic,50.02522601095806,1,small,1
34,master,16,5,intermediate,92.17409457402599,1,large,1
32,master,9,0,basic,67.48051471583817,0,small,0
35,master,17,4,basic,42.4741134006365,0,small,1
40,master,17,0,intermediate,75.00399979228239,0,medium,1
47,bachelor,25,2,basic,65.49916644987148,0,large,0
51,bachelor,35,1,advanced,69.36471887292088,1,medium,1
21,master,3,0,basic,57.536503529173295,1,medium,0
20,bachelor,5,0,basic,51.031313251056844,1,small,0
24,phd,1,5,advanced,43.08094020881501,0,large,1
35,primary,16,2,intermediate,45.769983290426566,0,medium,0
59,high_school,40,3,intermediate,44.47850246886504,0,large,0
24,high_school,9,2,basic,59.63898460638647,0,medium,0
57,high_school,40,2,intermediate,64.22589011190419,0,medium,0
23,high_school,8,1,intermediate,41.79379557466409,0,medium,0
39,bachelor,19,4,advanced,78.54016815724889,0,small,1
18,primary,0,1,intermediate,67.12467118261536,1,small,0
21,bachelor,1,1,advanced,100.0,1,medium,1
60,bachelor,39,3,intermediate,58.92351819620634,1,large,1
46,high_school,30,1,intermediate,98.49457068797648,0,large,0
38,high_school,19,1,intermediate,76.18977702968593,1,medium,0
43,bachelor,26,0,intermediate,35.60985293477049,0,small,0
31,master,17,1,basic,47.13993416970307,1,large,1
26,master,8,0,intermediate,69.76926141793662,0,medium,0
29,master,14,0,intermediate,38.78613124742793,0,small,0
59,phd,38,0,intermediate,51.55614958854958,0,large,0
23,bachelor,5,1,intermediate,41.11493600173262,1,small,0
37,master,16,2,intermediate,97.0806769383798,1,medium,1
41,master,19,2,advanced,81.4794193518573,0,small,1
44,master,23,3,intermediate,59.91525710523258,0,large,1
55,primary,33,0,basic,87.6860344241833,0,large,0
25,phd,3,2,basic,83.86862255466762,0,large,1
18,bachelor,4,1,basic,84.65509786814906,0,small,0
41,master,28,0,basic,56.61003532921057,0,large,0
24,high_school,7,2,basic,60.366711599617204,1,medium,0
36,high_school,22,2,intermediate,48.55111613197146,0,large,0
39,high_school,18,3,basic,63.29428481077556,0,medium,0
52,high_school,36,0,basic,52.81163672285496,1,medium,0
47,high_school,25,2,advanced,48.888057807870595,0,medium,0
46,master,33,1,advanced,81.97396051183455,1,large,1
39,primary,26,0,intermediate,75.07416824772437,0,large,0
28,high_school,11,1,basic,51.763791906386885,1,small,0
37,high_school,16,2,advanced,79.18180534557654,0,medium,1
46,bachelor,31,2,intermediate,69.63227072224126,0,small,0
58,high_school,40,2,basic,60.26953921700619,0,small,0
59,high_school,40,0,intermediate,88.86141224064141,0,medium,0
51,bachelor,29,1,basic,69.58074047739919,1,large,0
18,bachelor,0,2,advanced,91.66281513362807,1,large,1
48,high_school,29,0,advanced,73.48856913230158,0,medium,0
47,high_school,25,1,basic,74.77808417020084,1,large,0
35,high_school,15,1,intermediate,48.86221656656419,1,medium,0
34,phd,14,1,intermediate,56.64344638585601,1,large,1
55,high_school,39,0,advanced,86.86196108717894,0,large,0
31,bachelor,14,2,intermediate,82.4290488211382,0,medium,1
40,high_school,21,1,basic,59.62500415740674,1,medium,0
42,bachelor,27,1,basic,44.70593871630488,1,small,0
32,primary,9,2,basic,89.89660924831428,0,small,0
39,primary,19,0,advanced,80.99964108558706,0,large,0
20,bachelor,1,0,advanced,47.833623330599195,1,small,0
36,high_school,20,0,intermediate,47.83177704229739,0,small,0
51,high_school,30,1,basic,92.50328232398708,0,small,0
52,bachelor,33,1,intermediate,57.3857469593205,1,medium,0
18,phd,0,2,intermediate,57.652478379732116,0,small,0
38,high_school,21,0,basic,54.7921310609475,1,small,0
46,bachelor,32,0,intermediate,70.33204936966955,0,large,0
23,phd,2,0,basic,43.995869196851785,0,large,0
54,master,37,1,intermediate,68.56393989119053,0,medium,0
18,bachelor,0,2,intermediate,43.89894110444207,0,small,0
18,bachelor,1,4,intermediate,44.00444891410094,0,medium,0
44,high_school,29,0,intermediate,44.51547655169909,1,large,0
38,bachelor,19,0,intermediate,45.092380444635936,0,large,0
33,high_school,15,0,intermediate,75.83546265555759,1,small,0
57,high_school,40,2,basic,75.8403669832469,0,medium,0
43,bachelor,30,1,intermediate,62.55946051148841,0,medium,0
33,high_school,12,0,advanced,55.526573116925285,1,small,0
45,bachelor,31,1,intermediate,85.72696302007522,1,large,1
18,bachelor,0,3,intermediate,75.42259426169396,0,large,0
53,bachelor,34,2,intermediate,47.31971380828055,0,large,0
27,high_school,6,3,basic,70.25840120884362,0,small,0
60,high_school,40,2,basic,69.48479548771763,1,small,0
34,bachelor,16,3,intermediate,75.7767619816445,0,large,1
40,phd,19,0,intermediate,100.0,0,medium,1
24,primary,1,0,advanced,52.7235188698268,0,medium,0
24,high_school,10,1,intermediate,73.31634784981887,0,medium,0
32,master,9,2,intermediate,87.44029331589931,1,medium,1
51,primary,38,0,intermediate,90.77365255706655,0,small,0
21,master,7,2,intermediate,67.70824365364804,0,medium,1
31,bachelor,9,6,intermediate,45.38535598759916,0,small,0
31,bachelor,17,0,intermediate,38.076550268652475,1,large,0
33,high_school,14,1,intermediate,77.39701795129565,1,medium,0
24,high_school,7,1,basic,70.13793416493341,1,large,0
49,high_school,26,1,advanced,66.92192855020433,0,large,0
36,master,13,2,intermediate,69.23968496899514,0,small,1
19,bachelor,0,1,intermediate,79.67773868356544,0,small,0
27,bachelor,13,0,intermediate,73.19515108837615,1,large,1
34,master,16,2,intermediate,70.79983041147995,0,large,1
54,high_school,39,1,intermediate,56.096259181252535,0,small,0
29,bachelor,6,2,advanced,80.59218627560828,0,large,1
23,bachelor,10,4,intermediate,56.34049340753437,0,medium,0
39,master,25,1,advanced,79.51619607017727,0,medium,1
49,high_school,30,2,intermediate,59.110178263666725,1,large,0
58,bachelor,40,1,advanced,73.84143735723711,1,small,1
37,master,21,0,intermediate,91.45418215283098,1,medium,1
18,bachelor,1,1,intermediate,74.90859333685329,0,medium,0
23,primary,9,0,basic,86.24524683518904,0,small,0
36,bachelor,14,1,intermediate,59.42849163921983,0,medium,0
35,high_school,20,1,intermediate,66.44241104457585,0,small,0
23,bachelor,7,0,intermediate,59.68078935111851,1,medium,0
50,phd,37,4,intermediate,40.10449743642968,0,medium,1
40,bachelor,26,2,basic,81.03065340194668,0,medium,1
40,bachelor,26,1,intermediate,73.53316753413684,0,small,0
43,bachelor,28,1,intermediate,72.46883046708994,0,small,0
30,high_school,15,0,intermediate,83.47648811001179,0,small,0
24,high_school,9,2,intermediate,47.968826417707135,0,small,0
32,master,11,0,intermediate,44.369519765624915,1,small,1
44,bachelor,27,0,intermediate,83.62050819496645,1,small,1
43,primary,20,0,intermediate,63.94487870648413,1,small,0
50,high_school,35,0,advanced,68.22275762111079,0,medium,0
32,bachelor,17,0,intermediate,42.993474340622704,1,small,0
53,master,32,0,intermediate,87.08187394423635,0,small,1
44,master,25,1,basic,75.06883176031661,0,medium,1
22,high_school,6,2,advanced,56.36599456900849,1,small,1
19,master,1,0,intermediate,96.28553129774696,0,small,0
50,bachelor,36,1,intermediate,44.54799188631638,0,large,0
33,bachelor,19,1,basic,60.05874738953689,0,medium,0
40,bachelor,25,2,advanced,79.80442037830424,1,small,1
55,high_school,34,1,advanced,82.29915870172303,0,small,0
33,phd,16,5,intermediate,42.60298327675167,0,large,1
31,high_school,13,1,intermediate,60.74947086545769,0,small,0
46,high_school,27,3,advanced,76.18697375989956,0,large,1
43,master,23,1,intermediate,87.09589994535457,0,small,1
52,bachelor,33,1,intermediate,85.83385898874923,0,large,0
32,master,12,2,intermediate,75.50651994738938,1,medium,1
20,bachelor,0,2,intermediate,66.34529588438888,1,medium,0
40,high_school,23,2,intermediate,62.309365169784634,1,small,0
46,master,28,2,intermediate,72.47179641284433,1,large,1
51,primary,31,1,intermediate,86.51028980096535,1,medium,0
50,master,35,0,advanced,61.789685125323395,1,medium,1
58,high_school,35,2,advanced,60.90243991212745,0,medium,0
58,master,35,3,intermediate,82.17880163955206,0,small,1
40,high_school,25,0,intermediate,80.92413775194007,0,large,0
24,bachelor,7,2,intermediate,57.50156773688012,0,small,0
20,master,0,1,intermediate,45.218636067001896,0,small,0
49,bachelor,36,1,intermediate,39.29834531155542,1,medium,0
48,bachelor,34,3,intermediate,66.9524883838932,1,small,1
35,master,16,2,intermediate,48.43103865929443,0,large,1
60,bachelor,40,2,intermediate,78.44391069418573,0,small,1
24,master,1,0,advanced,39.2489688819683,0,medium,0
58,bachelor,40,1,advanced,89.20445138882518,1,medium,1
18,high_school,0,2,basic,59.94805763335096,1,medium,0
31,primary,18,0,intermediate,53.01902971877772,0,medium,0
49,high_school,31,2,intermediate,56.88264319375462,1,medium,0
23,high_school,3,1,intermediate,52.028486296288,0,large,0
56,bachelor,34,1,advanced,87.72056413262452,0,large,1
27,high_school,11,1,intermediate,75.07444757519988,1,medium,0
24,primary,8,1,advanced,66.45276876400072,1,small,0
43,primary,22,2,intermediate,46.95680766258017,0,large,0
51,master,34,2,basic,64.17435551656446,0,medium,1
47,bachelor,30,2,intermediate,53.44066021130516,0,small,0
53,high_school,34,0,intermediate,25.535747236082017,0,small,0
38,master,19,1,intermediate,54.59591228065462,1,medium,1
34,primary,18,1,basic,74.07859611096964,1,medium,0
50,phd,30,3,basic,58.607909190720434,1,medium,1
27,bachelor,4,0,intermediate,62.82515689668709,0,medium,0
59,high_school,36,1,intermediate,80.61491093302537,1,small,0
29,bachelor,14,1,advanced,77.9292711206565,0,small,1
33,master,13,3,intermediate,94.41375818641876,1,medium,1
58,bachelor,35,1,basic,32.096763506344686,0,small,0
49,master,27,1,intermediate,52.36568390302243,0,medium,0
32,high_school,18,0,intermediate,78.62212552315233,0,small,0
44,high_school,27,2,intermediate,71.47093081551728,0,small,0
45,primary,23,1,basic,66.49199417552408,1,small,0
34,high_school,11,0,basic,55.92812879462935,1,small,0
19,high_school,5,3,basic,68.39677206769584,1,small,0
53,master,38,2,intermediate,67.5333026106403,0,medium,1
24,primary,5,2,intermediate,37.220125184317524,1,small,0
30,bachelor,10,2,basic,68.20450680613546,0,large,0
32,bachelor,12,0,intermediate,57.24454383209925,0,medium,0
42,master,29,1,advanced,77.61596382676257,0,medium,1
40,phd,17,3,intermediate,70.16984600260301,1,small,1
39,master,18,0,intermediate,94.33857927868846,0,large,1
43,phd,20,2,basic,64.99889878782935,1,large,1
50,master,31,5,basic,48.63033320304529,1,small,1
28,phd,9,0,intermediate,27.670144225595735,0,large,0
27,bachelor,12,1,intermediate,50.925864104357814,1,small,0
42,primary,26,0,intermediate,70.66027041843459,1,medium,0
54,bachelor,35,0,advanced,74.49306171899548,1,large,1
60,bachelor,40,0,intermediate,55.921957126768824,0,large,0
55,high_school,38,1,intermediate,58.548057448403085,0,small,0
58,high_school,36,2,intermediate,66.04904493913973,0,large,0
41,bachelor,24,2,basic,70.70079813980914,0,small,1
57,master,34,0,advanced,80.30122533275775,1,large,1
50,primary,31,2,intermediate,56.18634243388018,0,large,0
34,master,16,2,basic,53.860532527922615,0,large,1
41,bachelor,28,2,basic,95.37188653515074,0,medium,1
54,phd,40,2,advanced,91.74842718731554,0,large,1
19,master,0,2,intermediate,57.058607379592154,1,large,1
49,master,34,1,basic,82.13808667014268,1,medium,1
41,bachelor,26,5,basic,98.07063138484324,1,medium,1
26,high_school,3,2,intermediate,84.7543750818485,0,medium,0
21,bachelor,1,2,basic,53.55635449075001,1,medium,0
34,master,18,0,basic,66.57218757725792,1,small,1
34,master,12,2,intermediate,38.72282302534809,0,medium,1
47,master,34,2,intermediate,50.52579706510649,1,small,1
57,high_school,40,4,advanced,64.77048056916286,1,medium,1
28,bachelor,14,0,basic,68.29633710843824,0,medium,0
38,high_school,23,1,advanced,54.60513827534047,0,medium,0
38,primary,23,0,intermediate,23.724903147475388,1,medium,0
35,high_school,12,1,intermediate,67.9034428598541,1,small,0
46,high_school,31,1,basic,75.92257439523434,1,medium,0
41,master,21,1,advanced,76.49184678322776,0,small,1
27,high_school,11,3,advanced,61.912222490748,0,small,0
34,high_school,19,1,advanced,62.97257665684813,1,large,0
35,phd,14,3,basic,68.6975846337151,0,small,1
59,high_school,40,2,advanced,71.13348731276972,1,small,1
37,primary,16,1,intermediate,63.59826012838942,1,large,0
54,high_school,31,0,basic,30.15526701462175,0,small,0
35,high_school,21,1,basic,85.95571358679824,0,small,0
34,high_school,16,0,intermediate,58.03492972997649,0,medium,0
26,primary,7,2,advanced,46.64150644517633,0,medium,0
31,bachelor,10,1,advanced,59.11123239860496,0,small,0
46,high_school,26,5,intermediate,66.67529312232837,0,medium,0
48,high_school,26,0,intermediate,55.863774115322386,1,medium,0
21,master,7,1,intermediate,56.89941631415601,0,medium,0
35,bachelor,21,0,intermediate,60.13046783205649,0,large,0
37,master,17,2,basic,70.42717802634031,0,large,1
60,bachelor,40,5,intermediate,53.01516707136804,1,medium,1
26,high_school,5,3,intermediate,70.06163736214825,0,large,0
30,master,12,2,intermediate,44.29581260692953,0,medium,1
32,primary,9,1,basic,95.08828177398374,1,medium,0
44,primary,29,1,intermediate,81.08473968118797,0,large,0
32,bachelor,19,3,basic,60.87995909472252,0,large,0
45,bachelor,31,2,advanced,70.0212500101261,1,large,1
54,master,33,2,intermediate,47.47746374257426,0,large,1
36,master,15,2,advanced,73.42732518307163,0,medium,1
43,high_school,22,3,basic,77.68112836878795,0,small,0
43,bachelor,26,3,intermediate,68.99490955106046,0,medium,0
42,bachelor,26,4,advanced,78.53426479246127,1,large,1
43,phd,21,0,basic,64.89452510094083,0,small,0
43,master,20,4,basic,63.47924644227782,0,small,1
45,master,26,2,intermediate,55.10197518563709,0,medium,1
35,high_school,19,2,intermediate,73.33855485024421,0,large,0
49,master,28,2,basic,52.451622165107985,0,medium,1
20,high_school,2,2,advanced,71.21538392662772,0,medium,0
19,high_school,0,1,intermediate,69.54833835556364,0,large,0
50,master,32,2,intermediate,85.15974966291759,0,medium,1
59,primary,39,3,basic,73.75254292086652,1,large,1
36,phd,23,2,basic,38.64796280892095,1,medium,1
34,high_school,17,0,basic,55.04721650336673,1,large,0
50,master,37,0,intermediate,54.65770670001148,0,large,0
29,high_school,15,0,intermediate,54.02173971959276,0,large,0
20,high_school,0,2,basic,79.49901772244698,0,medium,0
60,high_school,37,1,advanced,31.949614035387683,0,small,0
43,bachelor,24,0,intermediate,86.36679989149565,0,large,0
52,high_school,37,2,basic,79.97802308333918,1,large,1
25,bachelor,6,1,intermediate,67.7863180690654,1,small,0
53,primary,33,2,basic,70.23798591006923,0,medium,0
24,primary,8,4,intermediate,66.1251587644836,0,large,0
53,primary,34,3,intermediate,67.37873979870832,0,medium,0
33,bachelor,10,1,advanced,81.89515160240366,0,large,1
41,master,24,1,intermediate,61.644442368443435,0,medium,0
18,master,5,2,basic,74.00508915907884,0,medium,1
42,high_school,22,1,basic,51.93122101719007,0,large,0
27,bachelor,13,1,basic,72.98806190290354,1,medium,1
33,master,14,1,advanced,60.90893700277852,0,medium,1
33,high_school,15,1,intermediate,71.41978065745911,0,large,0
25,bachelor,8,2,advanced,52.0314392664699,0,small,1
46,bachelor,33,1,intermediate,71.7386895688703,0,medium,0
56,high_school,34,1,advanced,64.29843984606461,0,medium,0
45,primary,22,0,basic,88.47280725326031,0,small,0
23,high_school,2,1,advanced,68.88425616797994,1,large,0
33,bachelor,19,1,basic,72.39848592157544,0,medium,0
37,primary,14,3,intermediate,58.37718874343695,0,large,0
33,high_school,13,2,intermediate,69.6813660842006,1,medium,0
24,high_school,6,2,basic,72.11013850076858,0,small,0
58,primary,39,0,intermediate,59.686389465339964,1,medium,0
31,high_school,18,1,advanced,58.51647649176276,1,small,0
60,master,40,0,intermediate,52.90066361773326,0,large,0
43,primary,26,1,intermediate,63.85922538605003,0,medium,0
43,bachelor,30,1,intermediate,55.202614968801996,0,medium,0
31,high_school,18,4,basic,69.38385296882274,1,medium,0
24,bachelor,6,2,advanced,53.14392272074259,0,medium,1
50,bachelor,29,2,basic,63.162621978367525,1,small,1
43,high_school,28,1,advanced,50.81372445478739,0,medium,0
37,master,18,1,intermediate,82.16588611663167,1,medium,1
20,bachelor,6,2,intermediate,65.37275078091554,1,medium,1
21,master,0,0,advanced,65.23885320553592,0,medium,0
43,bachelor,25,1,intermediate,73.93219921116403,0,large,0
28,phd,9,2,intermediate,91.62867408995382,0,medium,1
19,master,5,0,intermediate,66.2164343058653,0,medium,0
31,phd,15,0,basic,42.63663826272152,1,small,1
47,bachelor,27,0,intermediate,82.72902786268263,0,medium,0
29,bachelor,6,2,basic,44.64028817093086,1,small,1
43,master,30,3,intermediate,57.55340566821959,0,medium,1
50,master,28,1,basic,82.88779400833411,0,large,1
30,phd,14,1,advanced,59.971657061739165,0,small,1
31,high_school,17,1,intermediate,56.415946255533555,1,large,0
41,master,25,2,advanced,69.21952342343282,1,medium,1
51,high_school,32,0,basic,65.14528929131667,0,small,0
43,bachelor,25,0,intermediate,54.59926070406176,1,large,0
38,high_school,16,2,advanced,78.1639548793589,0,small,1
45,high_school,32,1,basic,83.41963452883726,0,medium,0
53,master,38,0,advanced,85.81883073790848,0,medium,1
57,high_school,39,1,intermediate,73.27641296065948,1,large,0
19,bachelor,4,2,basic,54.48399791302066,0,medium,0
59,bachelor,40,0,intermediate,46.170801130244755,0,large,0
26,high_school,12,1,basic,30.246708033394974,0,medium,0
40,high_school,19,3,advanced,80.49672202322566,0,small,1
32,bachelor,14,3,basic,67.91853484258928,1,medium,1
30,high_school,16,1,intermediate,58.716263782112044,0,small,0
40,master,21,0,intermediate,36.000476014559084,0,small,0
34,phd,19,1,intermediate,47.25348009610765,1,small,1
19,high_school,5,2,basic,38.517531996892444,0,small,0
37,high_school,14,1,intermediate,86.62857906799039,1,small,0
37,bachelor,22,2,basic,74.53545592607985,1,medium,1
20,bachelor,1,3,intermediate,45.4108555370662,0,small,0
29,high_school,6,1,advanced,89.5260437442137,0,small,0
57,primary,40,2,basic,54.16786116547915,0,small,0
19,bachelor,3,0,basic,70.23919639219174,1,large,0
53,phd,36,1,intermediate,70.27428998217874,0,medium,1
31,high_school,13,6,basic,63.59138972292027,1,medium,0
33,bachelor,11,0,basic,60.453621504616265,0,medium,0
36,phd,17,2,basic,65.50991908966006,0,medium,1
51,bachelor,30,0,intermediate,60.800311437595,1,small,0
23,bachelor,1,3,basic,68.73649227792359,0,medium,0
30,bachelor,16,4,intermediate,69.33178609221173,0,large,0
53,phd,30,2,intermediate,57.13662085607595,0,medium,1
39,bachelor,24,1,intermediate,81.51867770073964,0,large,0
35,master,13,1,advanced,52.444447434602,0,small,1
29,bachelor,16,1,intermediate,70.85301695037508,1,large,1
47,bachelor,24,0,intermediate,59.909333890047705,1,medium,0
57,high_school,40,0,basic,51.96510304154216,1,medium,0
24,high_school,9,1,intermediate,60.83872692252526,0,medium,0
49,master,31,4,advanced,55.08757864482281,0,small,1
36,high_school,20,3,intermediate,74.88096398790368,1,medium,1
23,bachelor,10,0,basic,63.58171858283365,1,medium,0
37,high_school,20,0,advanced,85.53828360148216,1,small,1
44,master,29,3,intermediate,50.72883268136116,0,small,1
60,high_school,40,4,basic,32.04695143877439,0,medium,0
54,master,36,3,intermediate,70.92138223643694,0,large,1
24,bachelor,1,0,basic,90.83959279747309,0,medium,0
22,high_school,7,0,intermediate,72.33193606494011,1,small,0
28,bachelor,14,0,intermediate,50.86386354435038,0,large,0
32,high_school,13,3,basic,49.65619630644018,1,small,0
20,high_school,0,1,intermediate,95.38749836334442,1,small,0
22,high_school,9,3,advanced,59.30929331746047,0,medium,0
40,primary,24,0,basic,49.776413273556884,0,small,0
54,phd,34,0,basic,82.85629580539673,0,medium,1
26,primary,5,1,intermediate,62.791502776656245,0,small,0
32,bachelor,9,4,advanced,34.58969985836066,0,medium,1
20,high_school,1,2,basic,96.24345707205109,0,small,0
46,bachelor,25,5,advanced,73.7660973548304,0,large,1
23,high_school,3,3,advanced,42.32491036424937,1,large,0
34,bachelor,19,3,intermediate,85.93687857895912,0,large,1
43,bachelor,30,1,basic,49.28250259750624,1,small,0
38,bachelor,21,3,basic,48.379575471126444,1,medium,1
25,high_school,12,1,basic,51.623809656275036,1,large,0
38,bachelor,19,1,basic,94.09261143735978,0,large,0
28,high_school,12,6,advanced,95.68124681033075,0,medium,1
55,primary,37,3,basic,56.78087583660222,0,large,0
25,bachelor,11,1,basic,90.58428556676698,1,small,1
59,bachelor,37,1,intermediate,30.694927259600377,0,medium,0
41,bachelor,24,2,advanced,78.71085130253024,0,small,1
52,bachelor,29,0,basic,85.46258405597938,1,small,1
31,high_school,10,1,intermediate,87.59661942037518,0,small,0
31,high_school,8,1,intermediate,66.153461367228,1,medium,0
27,primary,4,0,intermediate,73.4911667121693,0,medium,0
29,bachelor,10,2,advanced,54.24328483630296,0,small,1
55,bachelor,37,1,basic,65.3772175486499,0,small,0
51,high_school,30,1,intermediate,62.53676260584487,1,large,0
58,bachelor,37,2,intermediate,61.67421843140383,1,medium,1
27,bachelor,6,0,advanced,82.0198491368751,0,small,1
34,bachelor,11,0,basic,68.2242415324773,1,small,0
34,bachelor,15,1,intermediate,90.39758440689042,0,small,0
20,bachelor,0,2,basic,68.71963858665721,0,small,0
48,bachelor,34,2,advanced,97.86968874153764,1,small,1
18,high_school,4,0,advanced,83.4081503968515,1,small,0
29,high_school,8,1,intermediate,63.69799105051297,1,medium,0
56,high_school,38,1,basic,67.61895976651165,0,large,0
21,bachelor,8,2,basic,52.40020063302073,1,small,1
59,master,40,0,intermediate,67.40310166154634,0,small,0
30,bachelor,9,0,advanced,50.262214066059904,0,large,0
51,high_school,36,2,advanced,84.9555445541024,0,small,1
59,master,40,3,intermediate,59.845876983274216,0,large,1
38,master,25,3,intermediate,70.33472320051439,0,medium,1
39,master,18,0,advanced,30.780587217184802,0,large,1
21,bachelor,2,2,advanced,60.99305523855017,0,small,0
35,master,16,2,intermediate,59.42507928341519,1,large,1
22,primary,3,0,intermediate,78.8138510199041,1,medium,0
36,high_school,15,0,intermediate,72.83733279909214,1,medium,0
19,primary,0,1,intermediate,80.2746168798772,0,small,0
29,bachelor,10,0,advanced,71.63973284835879,0,small,1
34,primary,14,1,basic,83.45834547301767,0,large,0
27,bachelor,7,2,intermediate,71.28694526685337,0,small,1
51,bachelor,29,0,intermediate,44.35655773768836,1,medium,0
23,high_school,8,2,advanced,63.645302320028804,0,small,0
25,master,8,2,basic,64.41790347949856,1,medium,1
28,high_school,5,1,intermediate,16.022169820253232,0,small,0
29,high_school,10,1,basic,49.751946254004906,1,medium,0
26,master,4,2,basic,95.62603824770733,1,large,1
19,primary,5,1,intermediate,60.88175164732897,1,small,0
25,bachelor,7,0,intermediate,63.41981686399772,1,large,0
28,master,11,4,advanced,32.32482027086916,0,medium,1
53,master,31,1,basic,44.79148727399914,0,medium,0
27,master,14,4,basic,72.2650159681893,1,small,1
38,high_school,20,3,basic,58.02877346731742,0,medium,0
37,bachelor,16,2,intermediate,48.36655724533223,0,medium,0
25,primary,10,2,basic,84.46072926107304,0,medium,0
53,high_school,33,2,advanced,54.482867116690954,0,large,0
46,primary,25,0,intermediate,45.48598448997338,1,large,0
59,high_school,40,2,advanced,65.60689872565038,1,medium,1
29,master,8,3,intermediate,52.77560630938768,1,small,1
31,high_school,9,1,intermediate,52.75649724757781,1,large,0
38,bachelor,23,0,advanced,64.08340514088765,0,small,0
39,bachelor,23,1,advanced,55.3464814258597,1,large,1
38,bachelor,19,1,basic,39.99620379522214,0,small,0
47,phd,32,3,advanced,73.37849513995558,1,large,1
56,high_school,34,1,intermediate,77.98884319948876,1,small,0
37,bachelor,19,2,basic,61.24109918677125,0,small,0
41,bachelor,24,2,intermediate,74.30247123616479,1,medium,1
40,primary,22,2,basic,59.466423364597645,1,medium,0
24,bachelor,3,1,intermediate,36.350683498753796,1,medium,0
26,master,12,1,advanced,78.44635341716216,0,medium,1
18,primary,4,2,basic,63.512210746432935,0,large,0
43,primary,29,1,basic,67.2649625606601,1,large,0
55,high_school,40,2,advanced,63.40509321860593,0,large,0
55,master,39,2,intermediate,62.27636567964964,1,small,1
39,bachelor,23,2,intermediate,67.13073749167349,0,small,0
27,bachelor,11,4,advanced,67.418309986733,1,medium,1
23,bachelor,8,0,advanced,83.95296937099283,0,large,1
34,master,11,2,basic,71.57224017713459,0,small,1
55,master,39,0,intermediate,82.64810657644793,0,small,1
41,master,19,2,advanced,87.60562962489776,0,large,1
27,master,7,1,basic,40.82925584490016,1,small,1
25,bachelor,2,1,intermediate,84.15013053309124,1,medium,0
38,bachelor,20,2,intermediate,74.7964640690672,1,small,1
23,master,9,2,intermediate,72.32613350141678,0,large,1
38,master,15,2,basic,79.84350702184241,0,large,1
56,primary,37,0,intermediate,61.0280158648043,1,small,0
41,primary,26,2,basic,74.03878581262046,0,medium,0
50,phd,27,2,basic,49.13336981963828,0,large,1
35,high_school,20,2,basic,43.819213407274304,0,medium,0
45,master,25,0,basic,72.97531021850193,1,medium,1
49,high_school,28,3,advanced,63.95799490043504,1,medium,1
29,high_school,13,1,advanced,64.95633418210687,1,medium,0
59,primary,40,2,intermediate,53.03529609780114,0,large,0
44,high_school,27,6,intermediate,70.86765524172492,0,small,0
27,high_school,12,1,basic,58.60490295861141,1,small,0
59,bachelor,40,1,basic,64.30157896743822,1,large,0
49,bachelor,27,2,intermediate,57.69973734094916,0,small,0
59,phd,38,0,intermediate,52.96909761430568,0,large,0
43,bachelor,22,1,basic,61.8947978212326,0,large,0
42,bachelor,22,3,advanced,82.78379017854638,1,small,1
28,bachelor,14,0,intermediate,57.90554060021709,0,medium,0
40,bachelor,23,2,advanced,63.10064915059493,0,small,1
51,bachelor,37,0,intermediate,61.02341800703853,1,medium,0
57,primary,39,0,intermediate,55.443364812979716,0,medium,0
40,primary,19,1,basic,83.43861736034158,0,medium,0
46,primary,29,3,intermediate,44.575079458482655,0,small,0
48,high_school,28,4,advanced,63.719357530146986,1,medium,1
24,bachelor,10,0,basic,52.34734451275167,0,medium,0
57,high_school,40,4,basic,73.50842189092832,0,medium,0
50,master,37,2,basic,67.0087003229603,1,large,1
38,master,22,0,advanced,82.73428686558029,0,large,1
19,phd,2,1,basic,76.01832484591539,0,large,0
35,master,18,1,advanced,66.22397553998097,0,small,1
50,high_school,35,3,basic,76.16516367260358,0,small,0
54,bachelor,38,1,advanced,77.53636359745124,0,small,1
51,high_school,28,1,intermediate,51.31248767718008,0,medium,0
37,master,20,1,basic,76.59698939845771,1,large,1
52,master,31,1,intermediate,69.45893884772642,0,small,0
35,master,15,1,advanced,72.3420459888836,0,small,1
41,bachelor,23,2,intermediate,58.88652406411894,1,small,1
25,master,6,2,intermediate,52.184736779982885,0,medium,1
47,primary,31,0,basic,49.48677779459285,1,large,0
27,primary,5,3,advanced,13.875881160094622,0,medium,0
40,master,21,3,basic,54.359922126906085,1,medium,1
28,bachelor,9,1,basic,100.0,0,medium,0
19,phd,0,0,basic,77.33619003298672,0,large,0
43,primary,29,1,basic,69.77691160882473,0,large,0
53,master,34,2,intermediate,79.41559512314802,0,small,1
50,bachelor,30,2,intermediate,61.09954291143971,1,medium,1
30,master,17,3,intermediate,59.121300097690835,1,medium,1
57,master,38,3,basic,60.64647096166412,0,large,1
42,master,28,2,basic,53.959991160814894,0,small,1
21,high_school,6,2,advanced,55.194478637996546,0,large,0
59,master,40,2,advanced,64.76289417308634,0,medium,1
36,high_school,13,1,intermediate,65.96694981492257,0,small,0
35,primary,14,0,intermediate,84.89310447320182,0,medium,0
54,bachelor,39,2,basic,80.36971582829494,1,small,1
47,master,27,1,advanced,42.716781359342036,0,large,1
36,bachelor,16,1,advanced,60.58320044310069,0,small,0
40,master,26,0,basic,48.41569822221231,1,large,1
33,bachelor,15,0,intermediate,25.875156190980093,0,large,0
18,high_school,0,3,intermediate,66.3087138195913,0,medium,0
29,master,8,1,basic,73.65832204319344,0,small,1
41,primary,26,0,intermediate,66.06995594044737,0,medium,0
51,master,32,4,intermediate,71.55358655619918,1,large,1
25,high_school,8,1,intermediate,59.979008849250555,1,large,0
35,bachelor,16,1,intermediate,49.58389554870856,0,medium,0
22,bachelor,4,2,advanced,59.49482546355007,1,medium,1
43,high_school,27,0,intermediate,85.53179946633884,1,medium,0
47,high_school,31,3,intermediate,70.61929354116823,0,large,0
30,high_school,8,3,intermediate,42.18898207453361,1,large,0
36,high_school,23,1,basic,66.95102411511625,0,small,0
46,high_school,31,1,intermediate,84.10672799666338,0,large,0
20,bachelor,6,1,advanced,76.42009312321778,1,large,1
43,master,25,1,basic,84.30215692207653,0,medium,1
57,bachelor,40,2,advanced,42.672012151622866,1,medium,1
29,master,8,0,intermediate,66.88675059555904,0,large,0
19,bachelor,0,2,intermediate,59.77606404545725,1,large,0
28,bachelor,10,1,advanced,73.92458905188705,0,medium,1
45,bachelor,28,1,intermediate,52.26323135495343,0,medium,0
35,bachelor,17,0,basic,52.00146784530983,0,medium,0
30,bachelor,11,1,intermediate,64.95397241458531,0,small,0
54,primary,32,0,advanced,51.17370867798557,1,large,0
39,master,22,2,basic,68.89137802910139,1,small,1
29,master,10,4,basic,34.41275050736471,0,large,1
19,high_school,4,1,basic,82.63609733623724,0,medium,0
54,master,40,2,intermediate,23.22201827065235,0,small,1
24,primary,4,1,advanced,78.5708294941354,0,medium,0
43,high_school,29,1,basic,56.28632257814513,1,small,0
43,primary,21,1,advanced,43.256934738873014,0,large,0
41,master,24,0,advanced,67.54989387024689,1,small,1
29,master,12,2,advanced,78.28421359232689,0,large,1
33,master,10,1,basic,82.3775355856761,1,medium,1
40,primary,27,0,intermediate,81.88683785843989,0,medium,0
57,bachelor,38,2,advanced,52.12342660114108,1,small,1
26,bachelor,5,2,basic,68.07273716760956,0,small,0
49,high_school,34,1,basic,38.32934898426495,1,large,0
32,bachelor,17,1,advanced,66.18942504965015,0,large,0
54,primary,37,2,intermediate,70.07152590274772,1,small,1
30,high_school,15,2,intermediate,59.37298083587772,1,large,0
22,bachelor,0,1,advanced,37.464748914510785,1,medium,0
28,bachelor,15,0,intermediate,56.092247831262966,0,small,0
27,high_school,13,2,intermediate,93.60973082183565,1,large,1
30,high_school,14,1,intermediate,70.86528828055019,0,medium,0
58,high_school,40,3,basic,57.72986021647651,0,medium,0
32,high_school,18,0,intermediate,62.612425104274315,0,small,0
59,high_school,40,0,intermediate,70.76923094268774,1,medium,0
24,high_school,1,0,basic,41.76173949159643,0,small,0
57,bachelor,36,5,advanced,42.5414650066395,0,small,1
45,bachelor,29,0,basic,53.95719612519443,1,small,0
49,master,36,2,intermediate,57.330444145168926,1,medium,1
52,bachelor,36,1,intermediate,91.90938416886694,1,medium,1
32,high_school,18,2,intermediate,66.05981947552387,0,small,0
53,primary,37,1,intermediate,57.24639161145985,1,medium,0
38,master,25,2,intermediate,65.84780395134534,0,small,1
23,primary,10,1,advanced,34.627278893463114,0,large,0
18,high_school,1,3,intermediate,51.43865235122107,0,large,0
21,primary,0,2,intermediate,53.772709650367645,0,large,0
28,bachelor,7,0,advanced,49.69180815503395,0,small,0
43,bachelor,28,4,basic,83.51724656145943,0,large,1
54,phd,32,1,advanced,74.9011973052865,1,large,1
40,master,23,7,intermediate,46.84195648927855,1,medium,1
46,bachelor,23,0,intermediate,45.99741900597891,1,small,0
38,high_school,17,3,intermediate,46.10857472525235,1,medium,0
44,high_school,21,2,advanced,62.198988653913744,1,small,1
56,high_school,38,5,basic,68.00195625927006,0,medium,0
57,high_school,37,0,intermediate,71.24201710936632,0,large,0
30,high_school,7,3,intermediate,49.78384120648015,0,large,0
40,high_school,21,1,advanced,62.32451268783482,0,medium,0
33,high_school,13,1,basic,64.1617744919291,1,medium,0
47,high_school,34,0,basic,82.95411188388,1,large,0
21,phd,7,1,advanced,76.61313753544866,1,small,1
57,bachelor,40,2,intermediate,43.47104303460378,1,large,1
33,phd,19,0,basic,36.74364800859168,0,small,0
48,high_school,26,1,basic,63.33481588848185,0,medium,0
59,bachelor,40,2,intermediate,55.44157990583527,1,large,1
42,high_school,26,1,intermediate,50.585696901793774,1,medium,0
29,high_school,9,1,advanced,53.65397762421698,0,medium,0
43,high_school,28,1,basic,73.69317788206587,0,medium,0
54,master,33,2,advanced,42.44498263760916,1,medium,1
50,phd,32,0,advanced,92.72512623450315,0,small,1
45,primary,32,4,intermediate,54.237109981955655,1,medium,0
26,high_school,9,0,basic,74.48801532413619,0,large,0
29,bachelor,12,2,advanced,54.96439120360435,0,small,1
22,high_school,4,3,basic,42.22599089161339,0,small,0
45,high_school,30,2,intermediate,62.81078932375994,0,medium,0
52,high_school,29,2,intermediate,46.18974484927125,0,medium,0
22,bachelor,7,2,advanced,67.20648909844893,1,small,1
51,high_school,36,1,intermediate,64.62203950146676,0,medium,0
51,high_school,31,1,intermediate,54.580813431805495,1,medium,0
30,primary,11,2,advanced,67.27153829855438,0,large,0
56,bachelor,35,0,advanced,80.58258849159921,0,medium,1
59,phd,40,1,intermediate,63.3508314453368,0,large,0
31,high_school,9,2,intermediate,54.071565624234616,0,large,0
28,master,12,0,advanced,70.99911297988862,0,medium,1
59,master,40,0,advanced,71.62357125640402,0,medium,1
55,phd,37,0,intermediate,60.72647417340608,0,large,0
21,master,6,2,intermediate,85.60208162560745,0,large,1
50,bachelor,32,0,basic,60.50689129996353,0,medium,0
24,master,3,1,intermediate,87.31911622590845,1,small,1
58,primary,40,1,advanced,55.179070828467246,0,medium,0
25,bachelor,4,0,basic,77.75570254661615,1,large,0
54,phd,32,2,intermediate,61.703085448436944,1,medium,1
27,master,8,1,intermediate,69.02819197480571,1,large,1
60,phd,40,2,advanced,34.607114681156645,0,large,1
32,master,14,1,intermediate,97.53094968709478,1,medium,1
55,master,36,4,intermediate,69.75403899825798,0,small,1
32,bachelor,14,3,basic,80.25149272869317,0,small,1
22,master,2,3,intermediate,44.33476530175573,0,medium,0
46,bachelor,25,4,intermediate,67.5738413670422,1,small,1
36,master,13,0,intermediate,62.308684603836255,1,small,1
27,master,8,1,intermediate,49.13594632508183,1,small,1
29,master,11,2,intermediate,84.27927326606624,1,medium,1
21,bachelor,2,4,intermediate,67.19408119660858,1,large,0
48,high_school,29,1,advanced,64.18757753514214,1,medium,0
35,primary,17,0,advanced,74.37125842983036,1,medium,1
33,master,13,0,basic,52.17975924014925,1,medium,1
57,bachelor,37,1,intermediate,67.41934619321518,1,medium,0
53,high_school,40,1,intermediate,66.35273369121279,1,large,0
42,high_school,26,2,basic,67.0119752292475,1,medium,0
40,master,27,2,intermediate,80.40954605484649,0,medium,1
29,master,13,2,intermediate,58.63292436203332,0,large,1
51,master,30,0,intermediate,57.05040675428481,0,small,0
53,bachelor,36,1,basic,55.78445256774256,1,large,0
54,high_school,35,1,intermediate,55.163566561557076,0,medium,0
20,high_school,1,3,basic,81.53501537634466,0,medium,0
26,primary,5,3,intermediate,63.939642759288795,0,small,0
35,master,13,3,advanced,80.34207445036344,0,large,1
60,primary,39,2,intermediate,69.06532462116836,1,small,0
52,bachelor,35,2,intermediate,51.888145861488404,0,medium,0
51,bachelor,30,1,basic,42.39556130786925,1,large,0
58,bachelor,40,2,intermediate,43.219568763817044,0,medium,0
31,master,9,1,intermediate,51.637108684525174,0,medium,0
21,primary,1,2,basic,80.29582322260809,0,medium,0
46,master,27,0,intermediate,84.51187901770206,0,large,1
58,primary,40,1,basic,66.39430012489555,1,medium,0
32,primary,9,2,intermediate,78.9036804208088,0,medium,0
45,bachelor,29,1,intermediate,56.67516392895159,0,medium,0
59,primary,40,0,advanced,55.58257845017701,0,small,0
33,master,12,1,basic,76.56158793534004,0,medium,1
29,bachelor,16,1,basic,67.49398124765696,1,medium,0
22,primary,4,2,advanced,76.00226014384292,0,medium,0
51,primary,31,1,basic,65.76840173694076,0,small,0
59,bachelor,40,0,intermediate,59.3695378829745,0,large,0
18,master,4,1,intermediate,61.763853886678326,1,large,0
56,bachelor,38,3,intermediate,69.60695866133571,0,small,0
49,bachelor,27,0,intermediate,68.59793548682597,1,medium,0
43,master,22,6,intermediate,51.021340894849,1,small,1
34,bachelor,18,2,basic,63.17445891213991,0,medium,0
44,high_school,28,1,advanced,42.19163215689116,0,medium,0
41,bachelor,18,0,intermediate,59.76327939098351,1,small,0
52,bachelor,38,0,intermediate,51.18862943262546,0,medium,0
59,bachelor,40,3,intermediate,19.311940972898363,1,large,1
56,bachelor,40,1,advanced,98.15026613976956,0,medium,1
43,phd,21,2,advanced,53.41556685091943,1,small,1
55,high_school,40,2,intermediate,50.88053361540682,0,medium,0
40,phd,26,2,intermediate,89.34381193115351,0,medium,1
39,bachelor,23,0,intermediate,47.41980112794213,1,large,0
21,bachelor,7,1,advanced,43.22915749850291,1,medium,1
26,primary,7,1,basic,61.91888356197789,1,large,0
21,high_school,0,0,intermediate,57.57539752744429,1,large,0
24,master,8,0,intermediate,55.40963168202038,0,medium,0
40,bachelor,21,2,intermediate,51.24043498634815,0,small,0
19,primary,0,4,basic,62.17116037152489,1,large,0
41,bachelor,21,6,basic,89.54735314905349,0,large,1
57,primary,34,1,intermediate,40.840369221825924,0,large,0
48,phd,33,4,basic,77.6090484039063,0,large,1
48,master,34,1,basic,88.0053675876051,1,small,1
57,primary,35,0,intermediate,55.60704457019687,0,medium,0
60,master,40,2,advanced,70.6459459920345,1,medium,1
51,master,31,1,intermediate,63.170569827654525,0,medium,0
41,high_school,26,2,intermediate,39.21067557489177,1,large,0
43,bachelor,21,1,basic,83.28480051928601,0,small,0
33,bachelor,12,1,advanced,65.52831654460988,1,medium,1
30,bachelor,8,1,basic,57.18522235383091,0,large,0
32,high_school,18,2,intermediate,42.17495940544307,0,small,0
44,high_school,25,0,basic,72.81353356841112,0,medium,0
21,bachelor,8,2,intermediate,67.28177251782282,1,medium,1
33,high_school,10,2,intermediate,74.0870712849196,1,small,1
47,master,26,0,advanced,73.3289705153057,0,small,1
47,high_school,24,2,basic,52.80200899201655,1,medium,0
53,bachelor,39,1,advanced,13.701410312694364,1,small,1
20,master,4,1,intermediate,63.35090189164258,0,medium,0
39,bachelor,19,3,intermediate,62.34231047004609,1,small,1
39,bachelor,18,2,intermediate,67.45725790360517,0,large,0
29,phd,13,1,intermediate,87.76816937423983,0,medium,1
38,master,23,1,intermediate,64.26907950125117,0,large,0
21,high_school,5,2,basic,75.38869088161557,1,small,0
48,bachelor,30,0,advanced,70.65638740811292,0,small,1
48,phd,27,3,intermediate,44.227869100400035,0,medium,1
40,high_school,24,1,advanced,45.64726858710021,1,small,0
37,high_school,18,2,intermediate,82.30375836791822,1,large,1
32,high_school,13,1,intermediate,51.807999120164375,1,small,0
40,high_school,25,0,basic,70.53741742477865,0,small,0
45,bachelor,22,2,intermediate,49.6408180963791,0,large,0
33,master,16,2,intermediate,76.19653834158605,1,large,1
54,phd,38,1,intermediate,68.71134938661851,1,small,1
38,master,25,0,basic,60.532386054792944,1,medium,1
32,high_school,18,1,intermediate,74.99876580007414,1,medium,0
34,primary,13,0,basic,68.8954851191278,1,medium,0
54,phd,38,2,basic,54.166011036602534,1,small,1
30,high_school,7,3,basic,65.17927448425232,0,large,0
36,high_school,20,0,intermediate,75.03664818104357,0,small,0
47,master,30,1,intermediate,81.61542834106433,0,medium,1
35,bachelor,15,0,advanced,63.069205030964426,1,large,1
31,high_school,18,1,intermediate,91.79679890680845,1,medium,0
53,master,36,4,intermediate,53.832243975865495,0,small,1
53,phd,39,2,intermediate,41.647326590551835,0,large,1
37,primary,24,5,intermediate,43.83407467257315,1,medium,0
36,master,19,0,intermediate,64.85071567961718,0,medium,0
24,high_school,10,0,intermediate,65.18037021782871,0,medium,0
21,bachelor,0,0,basic,66.88403816849028,0,small,0
51,master,30,2,basic,54.97914968242056,1,large,1
19,phd,2,1,basic,98.38572209556031,0,small,0
22,high_school,9,3,basic,87.66395177734698,0,medium,0
27,high_school,8,2,intermediate,47.835692543914845,1,medium,0
49,primary,34,1,intermediate,63.471060912268406,0,large,0
59,bachelor,40,1,intermediate,65.73926584112978,0,large,0
58,primary,37,2,basic,75.28445051339031,1,small,1
30,bachelor,7,1,intermediate,42.136980496064425,1,large,0
56,primary,37,2,basic,39.28811366267908,0,medium,0
22,bachelor,8,1,basic,46.71634286725604,0,medium,0
27,primary,8,2,intermediate,87.56162016019718,0,large,0
27,master,10,1,intermediate,55.17942654112913,0,medium,0
55,high_school,32,3,intermediate,77.12794059993284,0,medium,0
44,high_school,30,2,basic,73.83246007454531,0,medium,0
38,master,16,2,advanced,62.30474247897007,0,medium,1
25,bachelor,12,4,advanced,77.41154905933486,1,large,1
18,high_school,0,1,intermediate,46.587186838084534,0,medium,0
45,primary,29,4,advanced,57.92848040312454,1,medium,1
56,bachelor,36,0,basic,31.74933329011997,0,medium,0
31,high_school,10,3,intermediate,66.46523110228141,1,medium,0
38,master,17,0,advanced,53.1151751413118,0,medium,1
47,bachelor,26,3,intermediate,97.84891732951229,0,small,1
38,high_school,16,4,intermediate,65.88026189135475,1,small,0
26,bachelor,3,0,basic,77.2904125217994,1,small,0
34,bachelor,15,3,basic,74.79223012554348,0,large,1
22,master,8,2,basic,63.835253454420396,1,large,1
48,primary,29,0,intermediate,79.88131163002629,1,medium,0
57,bachelor,38,3,intermediate,65.49607316351963,0,large,0
55,primary,35,2,basic,72.13382167600469,0,small,0
60,bachelor,39,0,intermediate,100.0,1,large,1
36,master,15,3,intermediate,67.88396175656086,0,small,1
53,high_school,31,1,intermediate,57.083174403503676,0,small,0
50,master,31,2,advanced,54.3827535688595,0,small,1
30,bachelor,10,2,intermediate,63.753953252287666,1,medium,1
31,master,13,1,intermediate,66.75774277609248,1,large,1
50,master,28,2,intermediate,65.88725671662878,1,large,1
46,high_school,24,2,basic,41.27007587595109,0,medium,0
60,high_school,40,3,intermediate,31.046673161837724,0,small,0
53,high_school,35,0,intermediate,50.46917736024653,0,small,0
27,high_school,6,1,intermediate,65.88064219222728,1,large,0
48,bachelor,29,1,basic,65.94784247304062,0,small,0
23,bachelor,2,2,basic,71.81800207829097,0,large,0
18,phd,5,1,intermediate,70.44504641099813,1,small,1
24,bachelor,2,1,intermediate,57.507140478447816,1,small,0
44,master,23,4,advanced,49.68982014912972,1,small,1
38,master,15,2,advanced,72.8159388115841,0,small,1
45,master,28,1,intermediate,68.3917385707446,0,medium,0
33,high_school,15,2,advanced,48.60185683644505,1,small,1
40,bachelor,21,4,intermediate,74.37162668399972,0,large,1
37,high_school,19,2,intermediate,79.35554734411548,0,small,0
55,high_school,39,0,intermediate,76.84200297649365,0,large,0
42,high_school,21,0,basic,79.46706840880252,0,medium,0
45,master,24,1,intermediate,53.74087573962218,0,small,0
22,bachelor,3,1,basic,77.77698365650663,1,small,0
38,bachelor,19,1,advanced,62.63238906617323,0,medium,0
35,phd,22,4,intermediate,95.67231889188227,0,medium,1
23,primary,0,2,basic,78.41191388286833,0,medium,0
46,bachelor,26,0,advanced,71.44099699626646,1,medium,1
36,master,21,1,advanced,90.74387828558184,1,medium,1
50,high_school,34,3,advanced,57.4055654412997,1,medium,1
18,bachelor,0,1,intermediate,73.26028843160442,0,small,0
20,high_school,1,1,intermediate,98.53373769189832,0,large,0
59,master,40,1,intermediate,77.19783240512817,0,small,1
38,high_school,21,1,basic,67.27164816410148,0,small,0
52,high_school,36,2,basic,60.9527794908805,0,small,0
58,bachelor,40,1,intermediate,50.47590305597641,0,small,0
57,high_school,40,2,intermediate,60.65667357679648,1,medium,0
20,high_school,0,0,intermediate,52.71755600741619,1,medium,0
42,bachelor,26,0,basic,61.54686641265603,0,small,0
55,high_school,39,3,basic,63.34713678754735,1,small,0
37,bachelor,24,2,intermediate,79.83123572195575,0,small,1
51,bachelor,29,0,basic,58.870767625944,1,medium,0
38,bachelor,20,1,basic,56.050538771473214,1,large,0
40,bachelor,26,2,intermediate,78.3085231048561,0,medium,1
23,high_school,0,0,basic,75.45044194646609,0,large,0
30,high_school,17,2,advanced,61.34826831760962,0,medium,0
40,master,23,2,intermediate,74.01353915717239,0,small,1
26,master,12,2,intermediate,61.06954523632414,0,large,1
34,high_school,12,3,basic,61.80222557240988,0,large,0
19,bachelor,0,1,intermediate,88.30803358035742,1,medium,0
36,bachelor,19,2,intermediate,62.93256470173097,0,large,0
36,bachelor,22,0,advanced,58.912366722248464,1,medium,1
24,bachelor,11,1,intermediate,65.26820397514474,0,medium,0
59,primary,40,3,intermediate,35.519695352059216,1,medium,0
59,bachelor,36,2,basic,62.48073089856319,0,medium,0
37,primary,22,1,intermediate,68.82100161635412,0,medium,0
26,bachelor,13,0,basic,94.72079306561795,0,small,0
34,master,15,1,basic,66.38569571695442,0,large,0
44,bachelor,26,0,intermediate,71.56874907068006,0,large,0
19,high_school,3,0,basic,70.19647334548701,1,small,0
53,phd,40,0,intermediate,99.02904065775519,0,medium,1
36,master,14,0,advanced,80.04051161596911,0,large,1
34,master,17,1,intermediate,43.235027321901384,0,small,0
22,bachelor,2,1,intermediate,83.43737665714649,0,small,0
56,high_school,40,1,basic,50.82609888081346,0,medium,0
35,master,17,1,intermediate,55.19552075492076,0,small,0
24,bachelor,7,1,intermediate,45.503926851852725,0,large,0
34,master,21,1,intermediate,92.33501454518085,1,large,1
56,high_school,38,1,intermediate,82.79514303433413,0,large,0
53,high_school,40,4,intermediate,83.45992354817419,0,large,0
57,phd,40,2,basic,80.53831568644172,0,medium,1
21,bachelor,3,2,intermediate,75.36113140668787,1,small,1
55,high_school,38,3,advanced,60.20462395413975,0,small,0
42,high_school,26,1,basic,68.0907273451236,0,large,0
22,bachelor,0,2,intermediate,57.25486199833659,0,large,0
47,primary,33,1,intermediate,52.22997087181031,0,medium,0
29,bachelor,9,1,intermediate,55.39276975925303,0,large,0
21,bachelor,3,3,intermediate,100.0,1,small,1
41,master,18,4,advanced,59.26547512505192,0,medium,1
46,high_school,26,1,intermediate,80.0116441314214,1,medium,0
26,phd,8,1,intermediate,96.1575464682841,0,small,1
21,high_school,4,2,intermediate,76.71058618856611,0,large,0
41,bachelor,23,2,advanced,53.1797144123609,1,large,1
31,primary,18,1,advanced,53.950845663435175,0,medium,0
22,bachelor,2,0,advanced,66.78279315691681,0,medium,0
35,phd,18,0,basic,98.85167788981286,0,medium,1
59,master,40,2,basic,86.35313996852531,0,large,1
36,bachelor,14,1,intermediate,73.04975013479701,1,medium,1
29,bachelor,11,2,basic,61.937378633618785,0,medium,0
35,master,16,1,intermediate,70.69166963459705,1,medium,1
34,master,12,5,basic,67.83867033845615,0,medium,1
47,phd,32,1,intermediate,67.74362209720654,0,medium,0
41,high_school,24,3,intermediate,51.868891063731574,0,large,0
28,phd,7,1,intermediate,51.587090033214416,1,medium,1
52,high_school,35,2,basic,69.93210611512735,1,medium,0
40,high_school,27,1,advanced,47.605239877468065,0,medium,0
34,primary,21,5,intermediate,55.62333654773757,0,small,0
18,high_school,0,2,intermediate,65.4446658217763,1,small,0
32,master,15,2,intermediate,69.96191178198653,0,large,1
49,master,29,4,intermediate,81.73623859415504,0,medium,1
26,master,12,1,intermediate,46.20425309812654,1,small,1
32,bachelor,16,3,basic,46.24999380677123,1,large,1
45,bachelor,29,4,advanced,84.5947221954368,0,small,1
41,bachelor,24,1,intermediate,90.14735550129137,0,medium,0
52,high_school,35,0,intermediate,49.33871866378054,1,medium,0
39,master,25,0,basic,52.32164730385287,0,medium,0
44,bachelor,28,1,intermediate,73.1834174763041,0,small,0
36,bachelor,13,3,basic,65.7308516804288,0,large,0
29,bachelor,11,3,intermediate,65.84768777738813,1,small,1
37,master,15,1,advanced,53.29047469527468,0,medium,1
18,high_school,0,7,intermediate,75.79543324769365,0,large,0
38,high_school,24,2,intermediate,61.44255756047503,0,small,0
18,master,1,1,intermediate,60.94924844646933,1,large,0
27,bachelor,9,2,intermediate,48.031420479310256,1,medium,1
49,master,30,2,basic,76.87012548344005,1,small,1
56,high_school,37,3,basic,59.57952044322412,1,medium,0
39,high_school,24,3,intermediate,64.32272577674671,0,medium,0
35,master,20,2,advanced,82.84695150156972,0,small,1
49,bachelor,31,0,intermediate,49.29738570597998,1,medium,0
44,bachelor,23,2,intermediate,63.69984311939725,1,large,1
45,high_school,28,1,intermediate,41.62772020455026,1,medium,0
35,high_school,15,5,advanced,57.14538172989438,1,medium,1
56,bachelor,37,1,intermediate,84.32327365725257,0,medium,0
46,high_school,29,3,intermediate,41.87899350793508,0,large,0
35,master,18,3,basic,68.53521720154669,0,small,1
25,master,11,3,intermediate,89.05312600167065,0,medium,1
48,high_school,32,0,basic,73.23129673495167,0,medium,0
51,bachelor,28,2,advanced,56.24294989184419,1,medium,1
24,bachelor,5,2,intermediate,48.3240120571396,1,large,0
53,high_school,38,2,intermediate,36.05582709188785,1,medium,0
35,high_school,18,2,advanced,88.43490414418379,1,medium,1
55,bachelor,40,4,advanced,58.68676264257469,0,medium,1
26,bachelor,4,3,intermediate,37.97028378142538,0,large,0
26,bachelor,3,1,basic,49.68252539910907,0,medium,0
25,bachelor,9,2,basic,48.8285554344648,1,medium,1
52,master,37,0,basic,57.57328936047628,0,small,0
35,master,21,0,intermediate,100.0,1,large,1
22,bachelor,3,2,intermediate,78.84409689742353,0,small,0
31,master,18,0,basic,72.26460621222509,0,medium,1
45,high_school,27,2,intermediate,82.9620732351571,1,large,1
47,master,25,2,basic,92.50792382624157,1,small,1
21,bachelor,8,1,intermediate,72.92195641620512,0,large,0
56,master,37,1,intermediate,86.61796183443298,1,medium,1
37,bachelor,17,1,intermediate,55.38856579435619,1,small,0
42,high_school,26,0,advanced,52.05902993502415,1,large,0
45,bachelor,29,2,intermediate,49.52602817567697,0,small,0
29,high_school,10,0,intermediate,69.40922651314149,0,medium,0
19,bachelor,6,4,basic,25.551839237024346,1,large,1
60,bachelor,40,1,intermediate,84.8705464296603,0,medium,0
31,master,13,0,advanced,57.594982921338534,1,large,1
39,bachelor,25,1,advanced,77.3943303199654,0,large,1
48,bachelor,30,0,advanced,44.12287512773432,1,medium,1
40,high_school,20,1,intermediate,81.66871118820234,0,small,0
37,phd,23,0,intermediate,85.7427810521873,0,large,1
55,master,40,1,intermediate,66.54366281856642,0,medium,0
21,master,0,1,intermediate,72.9166551897229,1,medium,1
32,high_school,17,0,basic,49.60648475838089,0,medium,0
41,bachelor,22,2,basic,65.68323282676992,0,large,0
42,high_school,28,2,intermediate,79.5843046263798,0,medium,0
18,bachelor,4,2,basic,60.454903949929815,0,small,0
24,high_school,4,3,advanced,87.89567718543428,1,large,1
48,bachelor,30,0,intermediate,38.25200417481727,1,large,0
29,bachelor,9,1,intermediate,60.070226178202894,0,small,0
59,high_school,40,2,basic,36.18230260028555,0,medium,0
22,bachelor,8,0,intermediate,69.74243919135564,0,large,0
59,master,40,3,intermediate,61.80465097045919,0,small,1
55,high_school,39,1,intermediate,62.3619226268094,1,small,0
29,master,11,0,intermediate,76.10003337258507,0,medium,1
56,high_school,33,0,advanced,60.74367634536718,1,medium,0
35,primary,12,2,intermediate,100.0,0,medium,0
19,high_school,0,1,intermediate,77.127912728773,0,small,0
27,master,5,0,basic,65.45068522322131,0,medium,0
32,bachelor,9,2,intermediate,54.879351893263866,1,large,1
47,master,24,2,advanced,51.339203163834476,0,medium,1
34,bachelor,16,1,advanced,71.55542431492033,0,small,1
21,primary,4,1,basic,57.10191393940591,1,large,0
24,bachelor,8,1,intermediate,79.86326524915896,0,medium,0
58,high_school,37,0,basic,63.765814998434095,1,medium,0
48,master,25,2,intermediate,63.81625825727687,0,large,1
56,high_school,37,4,advanced,66.7197576105383,0,small,0
51,high_school,35,3,intermediate,62.71970290005358,1,medium,0
23,master,10,0,intermediate,69.15716056745049,0,small,0
55,phd,40,1,intermediate,96.0426945067637,1,small,1
51,high_school,31,2,intermediate,73.1122900701104,0,medium,0
32,master,10,2,advanced,71.35013352614673,1,large,1
31,high_school,16,2,advanced,76.80510977496546,0,large,1
23,master,8,2,advanced,63.372359071673586,0,small,1
54,bachelor,33,2,basic,50.54521139302982,1,medium,1
49,high_school,32,2,intermediate,19.71375412291936,0,large,0
20,high_school,0,1,basic,34.23757923505248,0,small,0
20,high_school,4,2,basic,76.2191487986685,0,small,0
39,high_school,23,3,intermediate,70.53198896839005,0,small,0
39,high_school,18,2,intermediate,62.78020326943425,0,medium,0
27,bachelor,8,1,basic,100.0,0,small,0
20,phd,0,0,basic,64.48611343403223,0,medium,0
29,primary,12,4,intermediate,29.573598334723187,1,large,0
46,bachelor,33,1,intermediate,76.25741602379264,0,large,0
34,bachelor,17,1,basic,82.41422592099764,0,medium,0
24,master,11,1,intermediate,75.80127100753035,1,small,1
30,bachelor,14,3,intermediate,82.63588806120687,0,large,1
19,bachelor,0,2,intermediate,38.58679972286777,1,large,0
21,bachelor,8,2,advanced,66.42030949477848,0,small,1
27,high_school,8,2,intermediate,52.549610705096704,1,large,0
56,primary,40,3,advanced,72.84647133135016,0,large,1
41,bachelor,22,1,basic,87.80470217066386,0,large,0
34,primary,11,0,basic,59.47807592415649,1,medium,0
23,bachelor,10,1,intermediate,74.77405281115163,1,large,1
36,high_school,15,3,intermediate,51.853051504648526,0,small,0
22,bachelor,0,1,intermediate,64.73726725513279,0,small,0
49,high_school,35,3,basic,57.28687361567373,0,small,0
27,master,8,2,intermediate,92.01501337994728,1,medium,1
26,master,10,3,advanced,48.80272833584199,1,small,1
44,high_school,29,4,advanced,66.32354891234496,0,medium,0
30,high_school,15,0,intermediate,85.53968597374754,0,medium,0
36,bachelor,13,1,intermediate,35.825593243998426,0,small,0
38,primary,15,1,advanced,71.46876048845135,0,large,0
41,high_school,18,2,intermediate,66.66668695997622,0,small,0
55,high_school,32,1,advanced,54.782295361601264,0,small,0
21,master,6,1,advanced,83.24158532443931,0,medium,1
41,master,18,4,intermediate,90.73943513759018,0,small,1
52,bachelor,35,0,intermediate,74.86979202173583,1,large,1
20,bachelor,2,4,intermediate,60.54845824545633,1,medium,0
21,master,6,1,advanced,43.296091447393295,1,small,1
54,master,40,1,intermediate,67.69974779734275,1,medium,1
57,phd,40,0,basic,62.69522648251832,1,medium,1
52,high_school,32,1,intermediate,63.605773165572906,0,small,0
48,high_school,33,3,advanced,57.54670352851688,0,medium,0
42,bachelor,24,0,intermediate,56.22758467230042,0,large,0
57,bachelor,38,2,basic,65.4359325563353,0,medium,0
30,primary,15,0,basic,46.53063779741446,1,small,0
21,primary,4,1,intermediate,80.5461776854862,0,large,0
31,master,16,4,intermediate,53.550390543002386,0,medium,1
30,master,11,2,basic,66.68056690752302,1,medium,1
44,high_school,24,1,advanced,60.13571460049253,1,medium,0
23,master,9,1,intermediate,74.75299827027487,1,small,1
34,bachelor,13,2,intermediate,73.93154590713868,0,small,1
53,master,34,0,advanced,72.6055683445325,1,medium,1
57,bachelor,40,1,intermediate,47.466616796276035,0,small,0
52,high_school,31,3,intermediate,62.11314754102621,0,medium,0
34,bachelor,11,1,intermediate,89.03389517325931,0,medium,0
58,bachelor,36,2,advanced,59.87170917202325,0,large,1
19,bachelor,5,1,basic,80.73921838664468,0,large,0
30,high_school,11,1,intermediate,64.84787787710258,0,small,0
19,phd,0,1,intermediate,60.3535453885098,0,large,0
45,high_school,27,0,advanced,67.79840886671879,0,large,0
60,high_school,40,2,advanced,52.51692992283936,1,medium,1
43,bachelor,27,1,basic,78.49810666417692,0,medium,0
39,bachelor,21,2,basic,52.19116574864103,0,large,0
60,bachelor,40,0,basic,73.30492957108082,0,large,0
20,master,5,0,intermediate,81.17913299472833,0,medium,0
52,bachelor,34,1,advanced,71.38595646942579,0,large,1
29,bachelor,10,1,basic,56.46474911486398,1,small,0
41,bachelor,21,2,intermediate,67.78559937330809,1,medium,1
22,primary,0,4,advanced,53.986753262783296,1,large,0
37,bachelor,19,2,advanced,61.830036348955154,0,small,1
56,master,34,1,intermediate,57.15075073908096,0,medium,0
56,primary,37,1,advanced,53.58129421126591,1,small,0
30,bachelor,7,2,intermediate,74.45862686177873,0,large,1
58,master,37,1,basic,79.75911950497834,1,large,1
29,high_school,15,4,basic,80.79910073449916,0,medium,0
30,bachelor,11,1,intermediate,68.63176952723593,0,small,0
27,phd,10,1,intermediate,87.03717119566537,1,medium,1
50,high_school,34,2,intermediate,54.846523444684706,0,small,0
57,primary,40,0,basic,84.2772378488947,0,small,0
33,master,16,0,basic,78.6434182777894,0,large,1
52,master,39,2,basic,65.59747395206142,0,small,1
20,bachelor,0,1,advanced,68.34598480214672,1,medium,0
22,bachelor,4,2,advanced,80.54458716516041,0,medium,1
43,master,24,1,basic,74.92803990125063,0,small,1
28,bachelor,15,0,basic,68.92223190308286,0,small,0
24,high_school,9,1,advanced,58.24642927257632,0,medium,0
27,primary,13,2,basic,51.135588480630396,0,small,0
59,bachelor,40,2,advanced,66.62472086235917,1,small,1
51,master,31,2,intermediate,47.83483703933973,0,medium,1
20,master,3,1,intermediate,75.9833495498259,0,medium,0
25,phd,12,1,intermediate,38.385311472894294,1,large,1
48,master,32,0,basic,69.60482345607446,0,large,0
28,bachelor,10,0,basic,60.84764709960012,1,large,0
24,bachelor,3,0,advanced,58.40879169366065,1,large,0
19,master,6,2,advanced,60.85195024062894,1,medium,1
23,bachelor,4,2,intermediate,21.765957030012473,0,medium,0
58,bachelor,35,2,advanced,58.37154480147949,0,small,1
49,primary,33,3,advanced,51.9846353869106,0,large,0
37,master,24,3,basic,52.17478176860621,0,medium,1
51,bachelor,29,0,intermediate,100.0,1,large,1
33,high_school,19,0,basic,44.1662263364613,0,medium,0
42,bachelor,25,0,basic,70.94210855211261,0,small,0
29,bachelor,14,1,intermediate,53.06617633658187,0,large,0
24,high_school,1,1,basic,51.316824899715684,1,medium,0
56,master,36,1,basic,44.79794785585524,1,small,1
34,high_school,17,4,intermediate,81.92450494313303,1,large,1
28,high_school,13,2,basic,83.06622463648185,0,large,0
23,bachelor,1,0,basic,55.69603881440448,1,medium,0
40,bachelor,18,0,basic,78.68206666619005,0,large,0
44,phd,26,2,advanced,49.462575261601,1,large,1
23,master,2,1,intermediate,58.98350308783473,0,small,0
55,master,35,0,advanced,75.1844563222472,0,large,1
19,high_school,0,2,advanced,49.981827388953405,0,medium,0
39,primary,16,2,advanced,53.91032620331206,1,small,1
37,bachelor,19,1,basic,65.36753755543498,0,large,0
42,high_school,29,1,advanced,65.55939445954412,0,small,0
32,master,19,4,intermediate,48.825251820410685,1,medium,1
46,bachelor,24,0,basic,98.49459104287887,0,small,0
25,phd,3,1,intermediate,52.34255711546309,1,small,0
54,high_school,37,0,intermediate,79.2915759975319,0,medium,0
50,bachelor,31,0,basic,73.93782801156938,0,medium,0
39,bachelor,23,1,basic,52.91945612085981,1,medium,0
22,high_school,0,1,intermediate,71.94888708731517,0,medium,0
56,bachelor,40,2,advanced,52.391237513289255,0,medium,1
35,bachelor,19,3,intermediate,66.06275253701756,1,small,1
55,bachelor,38,2,intermediate,77.36090659895162,0,large,1
54,high_school,40,1,basic,56.62672990417519,1,large,0
47,primary,31,2,intermediate,71.17221104730072,0,small,0
48,bachelor,35,0,basic,56.359819552716516,0,medium,0
27,high_school,6,4,advanced,67.63462402042474,0,medium,0
32,primary,16,0,advanced,66.5920625855488,1,large,0
59,high_school,40,1,intermediate,59.50042248827465,1,large,0
35,high_school,13,1,advanced,37.53012846201557,0,small,0
40,high_school,22,1,intermediate,76.71335706573512,0,large,0
50,high_school,31,0,basic,94.85714123480903,0,small,0
33,bachelor,12,4,intermediate,67.09417859848827,1,medium,1
55,bachelor,32,2,advanced,55.80442070048534,0,medium,1
52,bachelor,35,1,intermediate,68.1213827515484,0,medium,0
51,master,29,0,intermediate,82.19039915554094,1,medium,1
45,bachelor,22,5,intermediate,84.1931494543332,1,medium,1
19,bachelor,0,1,intermediate,78.675291854907,0,small,0
47,master,30,4,basic,71.67769990047898,1,large,1
30,bachelor,7,0,intermediate,75.12951388451869,0,small,0
58,bachelor,40,1,intermediate,66.7742839949844,0,medium,0
33,bachelor,15,2,intermediate,50.659456081858835,1,large,1
22,bachelor,2,0,intermediate,59.32173852795339,0,large,0
45,master,25,3,intermediate,60.15617751517043,0,large,1
56,high_school,37,1,basic,69.38834985702712,1,medium,0
37,high_school,15,3,advanced,38.5401899791258,0,medium,0
41,high_school,22,0,intermediate,72.66556529366919,0,large,0
44,high_school,22,2,intermediate,34.80556914134054,0,medium,0
47,high_school,27,1,basic,71.1700193283939,0,medium,0
44,bachelor,30,1,basic,82.54768875049643,1,medium,1
43,master,30,1,basic,78.42259325949641,0,small,1
24,master,5,3,intermediate,51.56439977974901,0,small,0
59,high_school,40,4,intermediate,74.35405236505753,0,large,0
55,phd,37,2,intermediate,75.56533712028963,0,small,1
22,bachelor,7,2,advanced,90.58663966318942,0,medium,1
40,high_school,20,0,basic,70.48570459314618,0,medium,0
45,master,26,3,basic,80.39178731225302,0,medium,1
51,bachelor,33,0,basic,58.44310851794751,1,small,0
32,bachelor,12,3,intermediate,52.21904376538966,1,medium,1
49,high_school,31,2,advanced,77.96387756667718,1,medium,1
43,bachelor,21,1,advanced,78.1721907603842,0,large,1
48,master,31,2,intermediate,55.46783319672497,1,medium,1
36,bachelor,15,3,intermediate,46.82250758030763,1,small,1
26,bachelor,12,0,advanced,66.84865363502522,0,medium,0
46,bachelor,26,4,intermediate,65.65666524147214,0,small,0
56,master,40,0,basic,68.50813005234444,0,medium,0
21,high_school,2,1,intermediate,78.28743619053654,0,large,0
20,bachelor,5,2,intermediate,80.43291489190655,0,medium,0
46,high_school,32,4,intermediate,65.11778714588941,0,small,0
28,bachelor,14,0,basic,50.07052145957229,0,medium,0
50,bachelor,36,1,intermediate,54.114805836526,1,large,0
55,primary,40,1,intermediate,56.049880255885654,0,large,0
28,bachelor,10,1,basic,63.197587548354406,0,large,0
44,bachelor,28,3,intermediate,57.28148995542712,1,medium,1
50,high_school,31,3,basic,61.3285846033055,0,medium,0
38,bachelor,19,0,intermediate,66.10706006399863,0,small,0
56,high_school,35,3,basic,55.35385687142326,0,large,0
48,bachelor,31,1,advanced,69.82991589592726,0,small,0
55,high_school,33,1,basic,92.41468638259883,1,small,0
19,bachelor,6,0,intermediate,62.4991188461668,0,large,0
44,master,23,2,basic,54.77503277252908,1,medium,1
53,bachelor,31,2,basic,69.60020617503835,0,medium,0
28,primary,12,4,intermediate,53.07370292905843,1,large,0
35,master,15,1,basic,62.79036517768125,1,medium,1
18,bachelor,4,1,intermediate,54.8233176934844,0,medium,0
52,primary,36,1,basic,48.95228420228695,0,small,0
52,master,36,0,intermediate,51.821291965467374,0,medium,0
48,high_school,32,2,intermediate,55.0878381857777,0,medium,0
45,bachelor,29,0,advanced,49.37422662476081,0,large,0
56,bachelor,40,3,intermediate,84.18220711013808,0,medium,1
18,bachelor,3,3,advanced,71.47060661775974,0,medium,1
42,master,20,2,advanced,79.12718466076458,0,large,1
60,bachelor,40,1,basic,44.6250559990856,1,medium,0
55,primary,39,1,advanced,60.59088589433742,0,small,0
37,master,24,0,intermediate,71.2877223000012,0,large,1
20,master,6,2,basic,89.79064082943884,0,large,1
19,bachelor,0,0,advanced,53.70932173910344,1,large,0
35,bachelor,16,2,basic,45.70544129678931,1,small,1
27,primary,14,4,intermediate,67.85938144342838,1,medium,0
22,master,0,1,intermediate,54.89375387723001,1,large,0
26,primary,12,1,intermediate,90.58718902240668,0,small,0
19,primary,0,4,intermediate,73.13020823546182,0,medium,0
51,bachelor,35,3,basic,60.71478536931,1,small,1
55,high_school,40,2,intermediate,60.758330151158894,0,large,0
48,primary,33,0,basic,63.10073331849304,1,large,0
27,bachelor,4,3,basic,37.629794970000745,0,medium,0
29,high_school,12,0,advanced,65.62958125311216,1,small,0
53,high_school,40,0,intermediate,57.695241730443264,0,large,0
38,primary,22,2,intermediate,74.49134490809888,0,small,0
23,high_school,9,2,basic,51.53558332453393,0,small,0
20,bachelor,0,0,intermediate,75.23795301299272,0,large,0
27,master,9,0,basic,73.14468779872213,1,large,1
22,bachelor,9,1,intermediate,67.39588462684078,0,medium,0
43,bachelor,22,1,basic,83.80550462230843,1,medium,1
38,primary,23,0,intermediate,36.72892812974909,1,large,0
43,primary,22,1,intermediate,71.65822083705298,0,small,0
55,high_school,33,2,advanced,64.32879852168122,1,small,1
43,bachelor,28,3,basic,63.888933965520735,1,large,1
25,bachelor,12,1,basic,50.272866274432424,1,small,0
22,bachelor,6,1,advanced,43.70515183414249,1,small,1
32,high_school,16,4,intermediate,78.38480216305825,0,medium,0
33,high_school,11,2,intermediate,76.82171538009581,0,large,0
18,master,0,2,intermediate,91.97927947098304,0,small,1
33,high_school,14,1,intermediate,94.44356107629986,1,medium,0
54,bachelor,32,1,basic,41.777950027665895,1,medium,0
20,bachelor,1,0,basic,62.680961087056346,1,small,0
48,bachelor,28,2,intermediate,68.76094507953695,0,medium,0
30,master,15,2,advanced,79.43054392516791,0,large,1
33,master,10,1,intermediate,86.40257968254485,0,large,1
60,bachelor,40,2,intermediate,49.563635886635865,0,medium,0
38,bachelor,21,3,basic,56.88506486551259,1,small,1
19,high_school,1,0,intermediate,85.56258699679324,0,small,0
44,master,25,3,advanced,39.90363487790052,1,small,1
55,bachelor,35,1,advanced,48.852297129251085,0,large,0
43,high_school,24,1,intermediate,71.5666895840127,0,large,0
55,bachelor,40,4,intermediate,95.81493603995206,1,large,1
42,high_school,23,0,intermediate,39.84431780804334,0,medium,0
28,bachelor,14,2,intermediate,65.89356019231289,1,small,1
25,bachelor,9,0,intermediate,73.316002662752,0,large,0
25,high_school,8,1,intermediate,87.04740786173006,0,large,0
50,primary,30,0,basic,71.70091964843522,1,medium,0
24,master,10,0,basic,37.375179788894194,1,large,1
55,master,36,0,basic,45.71126084950539,1,large,1
38,master,21,1,basic,85.58040089059483,1,large,1
25,high_school,7,0,basic,71.6039406055744,0,small,0
38,master,17,1,basic,48.1125906513262,0,large,0
37,bachelor,23,1,basic,72.40245092677603,0,large,0
25,high_school,4,1,basic,69.6073858029381,0,large,0
48,high_school,26,1,intermediate,27.583010220311614,0,large,0
46,high_school,25,1,intermediate,33.50823433273584,1,medium,0
26,high_school,13,2,advanced,69.66165796630264,1,small,1
32,phd,18,2,intermediate,95.53140476029874,1,large,1
47,primary,24,1,basic,68.95634608315862,0,small,0
43,bachelor,28,4,intermediate,28.25858787808096,0,large,0
27,bachelor,5,2,advanced,40.81369001834422,1,medium,1
46,high_school,25,0,intermediate,74.38641914503721,0,small,0
33,bachelor,14,3,basic,76.02166536177387,0,medium,1
53,high_school,39,1,advanced,62.08673954406461,0,large,0
37,master,17,2,basic,57.741655252847394,1,small,1
54,high_school,35,2,advanced,76.90817775882974,1,small,1
39,bachelor,21,1,advanced,81.5730971855066,1,medium,1
24,bachelor,5,4,intermediate,75.40942564115879,1,small,1
40,master,26,3,intermediate,50.6913314096553,0,large,1
58,master,35,5,basic,78.48865852210827,0,large,1
57,bachelor,39,1,intermediate,59.70479709763326,0,medium,0
46,high_school,31,2,intermediate,55.97642756671971,1,small,0
33,bachelor,12,1,intermediate,55.38993479965849,0,medium,0
55,master,33,1,basic,65.31612414015032,1,medium,1
45,master,27,1,basic,73.55471098467332,0,medium,1
55,high_school,34,1,intermediate,34.690453412885205,0,large,0
48,high_school,28,3,intermediate,54.038720342736596,1,large,0
31,master,13,2,intermediate,58.08677656413297,0,medium,1
50,bachelor,32,0,intermediate,80.5455770068091,0,medium,0
26,high_school,4,2,intermediate,51.999402707770535,1,medium,0
44,bachelor,23,3,intermediate,60.03526719598848,1,large,1
41,bachelor,26,0,intermediate,77.14454140065361,0,medium,0
30,phd,8,0,intermediate,65.59401165448676,0,medium,0
43,bachelor,22,0,advanced,87.99681864008065,0,medium,1
46,high_school,31,1,intermediate,62.74760408838544,0,medium,0
60,high_school,40,1,advanced,93.24462171321726,0,small,0
45,primary,22,2,intermediate,95.9402287654692,1,small,1
45,bachelor,32,1,basic,71.87066414323246,0,medium,0
25,bachelor,3,3,intermediate,71.27412668877177,0,small,0
40,high_school,19,2,basic,73.38538794828158,0,large,0
46,bachelor,31,1,advanced,77.24891388661032,0,small,1
22,bachelor,7,2,intermediate,66.85569642335068,0,large,0
59,high_school,40,1,intermediate,82.53108156839866,0,small,0
24,high_school,6,1,intermediate,72.50583017616687,0,small,0
59,phd,40,0,basic,85.7915893308505,1,large,1
53,high_school,35,2,intermediate,43.208451637425384,1,large,0
58,master,37,1,intermediate,68.24393896905141,1,small,1
44,bachelor,25,1,advanced,80.23170196125409,1,small,1
19,master,6,2,intermediate,47.877117041609296,1,small,1
42,master,22,0,intermediate,71.458522026896,0,medium,1
26,bachelor,12,2,advanced,74.1294009556087,0,medium,1
44,master,30,0,basic,90.91838454580241,0,medium,1
18,master,3,2,basic,59.90665418008818,0,large,0
40,bachelor,25,2,basic,68.16710891865839,1,large,1
27,high_school,4,1,advanced,56.66272936509184,0,large,0
59,high_school,40,0,basic,62.88772102936273,0,medium,0
42,master,27,2,intermediate,89.2918295348849,0,small,1
20,bachelor,1,1,intermediate,64.5618798731694,0,medium,0
23,high_school,3,3,basic,54.361505848027306,0,large,0
23,primary,9,2,advanced,62.25906769694735,0,small,0
19,bachelor,0,0,intermediate,57.216157428135574,0,large,0
35,high_school,13,2,intermediate,58.37939937954891,1,small,0
40,bachelor,25,1,basic,56.91669077101823,0,medium,0
19,bachelor,0,2,intermediate,57.500682625366196,0,medium,0
29,bachelor,16,1,intermediate,47.198290244449616,0,large,0
39,primary,18,1,intermediate,66.03839684722469,0,small,0
54,high_school,36,0,intermediate,50.32087673051996,0,small,0
37,high_school,22,1,basic,82.12096395282788,1,large,0
56,high_school,40,1,advanced,60.32014184580246,1,large,0
41,bachelor,22,1,intermediate,71.12870544953296,1,small,1
37,bachelor,21,1,intermediate,71.15983887435978,1,medium,1
18,high_school,0,3,basic,37.45406668607335,1,large,0
18,primary,0,0,intermediate,61.00253853261313,0,large,0
34,high_school,17,1,basic,90.77650315960877,1,large,0
18,phd,1,2,intermediate,53.36185573781644,1,large,1
47,bachelor,30,2,intermediate,99.07206541682011,0,medium,1
58,master,40,4,advanced,73.16451464769665,1,small,1
20,master,7,2,advanced,72.75415391958865,1,large,1
28,bachelor,9,2,intermediate,68.59046116220553,0,large,0
41,bachelor,18,2,intermediate,80.6909295226144,0,medium,1
39,high_school,26,1,intermediate,81.52163951543909,0,large,0
43,bachelor,28,1,basic,64.72117166701479,0,medium,0
30,high_school,15,0,advanced,58.54509437088367,0,medium,0
18,master,1,0,intermediate,43.627765975549266,0,small,0
41,primary,23,1,intermediate,77.20630137508442,0,medium,0
27,master,8,0,advanced,65.98534511242235,1,large,1
52,primary,33,2,advanced,52.343068131409204,1,large,1
41,master,20,1,intermediate,56.2931533510124,0,medium,0
45,high_school,31,1,intermediate,63.97436967445723,0,small,0
53,bachelor,30,0,advanced,50.278266771305375,1,small,1
33,bachelor,15,2,intermediate,65.72872879755832,0,large,0
57,high_school,40,0,advanced,40.69847774176004,0,medium,0
33,bachelor,11,0,basic,57.01378871174898,0,small,0
34,master,18,0,intermediate,47.57183530363108,0,large,0
32,primary,16,2,intermediate,68.00533156813856,1,medium,0
33,master,19,1,intermediate,50.33244462643013,1,medium,1
32,bachelor,16,1,advanced,56.61492638020915,0,small,0
51,master,37,1,intermediate,98.89681717484945,1,large,1
28,high_school,7,1,advanced,77.97498252355794,0,large,0
18,bachelor,4,1,intermediate,74.0095300950498,0,large,0
32,master,16,0,basic,84.46369587524124,0,small,1
43,bachelor,30,2,basic,72.68705777985544,0,small,1
21,bachelor,1,2,basic,43.935379645680456,0,medium,0
60,primary,39,3,intermediate,45.25254431412644,0,small,0
22,high_school,9,3,basic,24.35187077256616,0,medium,0
52,bachelor,37,2,intermediate,68.02913317843132,0,small,0
30,bachelor,14,3,intermediate,49.09771327975682,0,medium,0
27,bachelor,13,1,basic,56.44367828148645,0,large,0
28,high_school,6,0,basic,60.20189684029191,0,large,0
35,bachelor,19,1,intermediate,55.872627590121446,1,small,0
51,high_school,38,1,intermediate,64.48255550113977,0,medium,0
56,bachelor,40,2,advanced,60.755326739769686,0,small,1
58,master,37,1,intermediate,59.260964172313216,0,large,0
59,master,40,0,advanced,41.77987369498807,1,medium,1
40,primary,22,2,basic,68.62568563501388,0,medium,0
24,master,5,1,intermediate,97.63799754178429,0,small,0
56,bachelor,40,0,advanced,69.14442525035167,0,medium,0
20,bachelor,5,1,advanced,99.035661058537,1,medium,1
29,high_school,16,0,intermediate,56.47527514408343,0,medium,0
24,bachelor,7,3,intermediate,61.20837170172295,1,small,1
43,high_school,25,0,basic,64.70209649841951,1,medium,0
50,bachelor,32,0,basic,62.45308675251832,0,medium,0
54,primary,31,2,basic,82.4739605639711,1,small,1
32,high_school,13,0,basic,32.13752850516344,0,small,0
19,primary,3,0,intermediate,58.17954301188004,1,small,0
58,high_school,40,5,basic,89.95060843533156,1,large,1
24,high_school,1,1,intermediate,57.550402259173424,1,medium,0
49,bachelor,30,4,advanced,78.92877355151697,0,large,1
21,primary,8,1,intermediate,74.06174989668932,0,medium,0
37,bachelor,18,0,basic,63.911125321481244,0,large,0
53,high_school,32,3,intermediate,69.74896914225359,0,large,0
49,master,33,1,advanced,63.7176049581619,0,medium,1
45,master,30,1,basic,33.1050838800917,1,medium,1
30,high_school,12,3,advanced,71.8995883817354,1,medium,1
18,bachelor,0,1,basic,55.758542244092176,1,medium,0
52,primary,30,1,intermediate,44.34793847811079,0,small,0
47,master,33,0,basic,70.80499423946388,1,small,1
53,bachelor,31,0,intermediate,69.81470788449494,0,large,0
42,primary,24,3,intermediate,79.72102617641775,1,medium,1
33,high_school,17,1,intermediate,61.082030947612495,1,medium,0
36,primary,14,2,intermediate,77.8813361921437,0,medium,0
18,high_school,3,0,advanced,65.31812656441741,1,small,0
22,bachelor,7,1,basic,70.1789331737736,1,small,1
39,bachelor,19,0,intermediate,71.41627722120911,0,large,0
41,high_school,21,1,basic,45.04040497847103,1,large,0
60,high_school,40,2,intermediate,70.65625330110768,0,medium,0
54,high_school,40,2,intermediate,66.55857715929264,0,medium,0
53,high_school,34,2,basic,60.93269666252064,0,medium,0
53,master,37,1,basic,66.71504194642488,1,medium,1
21,high_school,0,2,advanced,100.0,0,medium,0
53,bachelor,40,0,basic,36.208408573819796,1,medium,0
35,high_school,16,0,intermediate,63.02675630940101,1,medium,0
33,high_school,11,0,intermediate,77.17772061905919,1,small,0
58,bachelor,40,0,basic,46.30880685822312,1,large,0
35,bachelor,22,1,basic,70.565719557165,1,medium,1
39,bachelor,23,0,intermediate,69.53485776359203,0,small,0
19,bachelor,0,3,basic,41.16461726724535,0,large,0
38,bachelor,21,5,advanced,56.23531401007527,1,small,1
53,high_school,32,0,advanced,91.75126428282249,0,medium,0
56,bachelor,36,1,intermediate,41.13993133120403,1,medium,0
56,bachelor,40,4,basic,58.41600387152094,1,small,1
46,primary,25,0,intermediate,62.52252522758081,0,large,0
43,bachelor,26,1,basic,65.06372227709872,0,medium,0
38,primary,15,2,intermediate,58.804722820769385,1,medium,0
34,high_school,19,0,basic,66.23442255830095,1,large,0
33,bachelor,15,0,intermediate,64.46627991743112,0,medium,0
48,master,27,1,basic,75.65363807535793,0,large,1
26,master,9,0,intermediate,77.66803647490175,0,large,1
48,primary,29,2,basic,71.59280749495576,1,medium,1
31,bachelor,15,2,intermediate,68.55043544225332,1,medium,1
54,bachelor,38,1,basic,41.547436002139065,0,small,0
19,high_school,4,3,advanced,66.73667121801797,0,small,0
31,master,13,2,intermediate,81.70987934214565,0,large,1
50,bachelor,30,3,basic,40.838041431675606,0,small,0
52,master,30,2,intermediate,45.242334301951985,1,medium,1
56,primary,35,1,basic,87.37885122650508,0,small,0
37,high_school,18,0,intermediate,42.531899666788064,1,large,0
19,master,3,0,basic,63.45891707315278,0,small,0
58,bachelor,40,1,intermediate,56.72538835148672,1,large,0
36,master,14,1,intermediate,86.4757582692753,1,large,1
54,primary,35,1,intermediate,69.54359209768627,1,small,0
35,bachelor,20,0,intermediate,76.86869052228401,0,large,0
33,bachelor,11,0,advanced,65.83531032112926,0,large,0
21,primary,5,1,advanced,94.9283827618471,1,medium,0
29,bachelor,8,1,advanced,53.84052602181178,1,small,1
46,bachelor,30,0,basic,70.1534052713522,0,medium,0
24,high_school,4,1,intermediate,83.85609826372755,0,small,0
31,high_school,11,4,intermediate,87.2572841550908,1,large,1
29,bachelor,12,2,intermediate,60.98026366885428,1,medium,1
52,bachelor,33,1,advanced,34.62368922676138,0,medium,0
22,master,2,0,basic,59.23828399077334,1,medium,0
34,high_school,17,2,intermediate,91.1539475384413,1,small,1
59,high_school,38,1,intermediate,53.55111344228373,0,small,0
49,phd,34,0,basic,69.36797603767987,0,medium,0
27,master,8,1,advanced,60.39330922612993,1,medium,1
60,primary,39,1,intermediate,63.91618749752554,1,large,0
34,master,12,3,intermediate,84.68208324441763,0,small,1
22,high_school,5,0,advanced,68.8172002137583,0,medium,0
59,primary,40,3,intermediate,95.6290509725658,1,large,1
26,high_school,7,1,advanced,79.64412573567907,1,small,1
50,high_school,30,2,basic,66.96858637224817,0,medium,0
53,master,40,2,intermediate,63.58777511825119,1,small,1
53,bachelor,31,0,intermediate,69.9764887082628,0,large,0
35,phd,13,1,intermediate,46.50230464684246,0,small,0
26,bachelor,9,2,basic,49.13523271946046,1,large,1
46,bachelor,32,1,intermediate,76.35517535004536,0,large,0
31,bachelor,14,0,basic,78.79339893045443,0,large,0
42,phd,22,1,basic,45.155267327259615,0,medium,0
32,bachelor,12,2,intermediate,77.89272762406867,0,large,1
23,master,3,1,intermediate,62.36428201452524,0,medium,0
59,master,40,1,advanced,52.53155678747679,0,large,1
46,high_school,24,0,intermediate,60.28114563424794,1,small,0
32,bachelor,17,1,intermediate,78.3241847611996,1,medium,1
46,master,23,2,basic,74.13176669886408,0,medium,1
21,phd,5,0,basic,69.45971030421835,1,small,0
35,high_school,17,0,intermediate,70.67727751943629,0,large,0
56,bachelor,40,0,basic,47.88631020006821,0,small,0
33,bachelor,16,2,intermediate,73.20246861269203,1,large,1
28,high_school,9,1,basic,58.14134912740952,0,small,0
31,bachelor,13,1,intermediate,95.3185756957697,1,small,1
20,high_school,2,3,intermediate,59.299483034114814,1,medium,0
59,high_school,40,3,advanced,98.39268926508367,1,medium,1
55,bachelor,40,2,intermediate,62.58204977739364,0,small,0
59,bachelor,39,1,basic,63.576495001181,0,medium,0
35,bachelor,22,2,advanced,60.58533029952473,1,small,1
37,bachelor,18,0,intermediate,46.12824661243085,0,large,0
42,high_school,22,1,advanced,84.89520301298474,0,large,0
55,high_school,32,0,basic,66.45644330442926,0,large,0
30,primary,16,2,intermediate,74.40636054691855,0,large,0
21,high_school,3,1,basic,89.22634777889255,0,large,0
31,bachelor,12,2,basic,63.03303733116747,0,small,0
50,master,30,1,basic,63.60876116656793,1,large,1
45,high_school,27,3,intermediate,67.17364687931834,1,small,0
54,high_school,35,1,advanced,45.75693874385426,0,small,0
25,bachelor,4,1,intermediate,37.56758831990303,0,small,0
51,high_school,29,4,intermediate,42.44464127466365,0,small,0
22,phd,4,0,advanced,83.61887790329983,1,small,1
22,bachelor,2,2,basic,60.11051037791134,0,medium,0
48,high_school,35,0,basic,76.76566787758203,0,medium,0
26,high_school,12,0,basic,61.122057971964765,0,medium,0
59,bachelor,38,2,advanced,41.33510861293649,0,small,1
49,primary,33,1,intermediate,77.99090958170312,0,large,0
50,high_school,35,0,intermediate,51.66532503551056,0,medium,0
20,high_school,3,2,advanced,73.6980690486806,1,large,1
47,master,25,1,basic,78.85255520247621,1,small,1
29,bachelor,13,4,basic,64.33540280112125,0,medium,0
46,primary,33,2,intermediate,72.1112671235847,0,large,0
20,bachelor,7,1,intermediate,43.65329268244689,0,small,0
43,bachelor,24,5,basic,100.0,1,large,1
47,bachelor,34,2,basic,71.60191994967455,1,medium,1
26,high_school,12,3,intermediate,76.71839262793252,1,large,1
43,bachelor,26,2,basic,79.01376838354798,0,large,1
19,phd,0,1,intermediate,62.912358711152095,0,large,0
20,primary,0,2,intermediate,66.16614256015718,0,small,0
21,high_school,1,1,intermediate,81.27439351393059,1,large,0
42,high_school,29,3,advanced,59.48407209001278,0,large,0
30,high_school,11,1,intermediate,70.86702841531184,1,large,0
56,high_school,38,2,basic,72.01670685894808,0,small,0
52,master,33,1,intermediate,53.98233211530632,1,small,1
40,master,26,1,intermediate,71.65690834078282,1,large,1
26,high_school,13,2,advanced,39.58515948056797,0,small,0
19,bachelor,0,2,intermediate,78.76943620929661,0,small,0
58,bachelor,35,0,intermediate,88.54806788903154,1,medium,1
48,bachelor,27,2,advanced,78.58604215297538,0,medium,1
19,bachelor,4,3,intermediate,87.45940790967822,0,medium,0
49,high_school,36,1,advanced,53.56701360005923,0,small,0
35,bachelor,13,3,basic,61.62537550471379,1,medium,1
30,bachelor,16,0,basic,66.88142132772272,0,small,0
22,master,3,1,intermediate,66.93219091813634,0,large,0
59,master,40,0,basic,58.440547442845265,0,medium,0
27,high_school,10,0,intermediate,51.30275204450631,0,medium,0
60,primary,40,0,intermediate,90.90449956525372,0,medium,0
42,master,26,2,intermediate,52.50403904815182,1,medium,1
51,bachelor,29,2,advanced,89.84584516808518,0,small,1
54,master,35,3,intermediate,72.42641761191375,0,medium,1
47,primary,32,1,advanced,68.04525600524342,0,medium,0
24,bachelor,1,3,intermediate,73.14480876707349,0,medium,0
23,bachelor,0,1,intermediate,87.85165894824789,0,large,0
20,master,6,1,intermediate,25.63308406447311,1,small,1
30,primary,14,2,advanced,70.38709064276829,0,large,1
20,high_school,0,1,basic,67.23507852770273,1,medium,0
43,bachelor,28,1,intermediate,67.7891395819279,0,medium,0
41,master,27,2,basic,79.10755923106092,1,small,1
23,master,8,0,basic,55.84406565734709,1,large,1
60,phd,40,1,advanced,47.73663540722295,0,medium,1
59,phd,37,0,basic,44.236247902804614,1,large,1
29,primary,8,1,intermediate,51.389746471635384,1,medium,0
53,primary,39,3,intermediate,75.3115925960369,0,large,0
19,high_school,0,1,advanced,72.57271972477284,0,small,0
28,high_school,7,1,intermediate,78.24995457574752,1,small,0
56,master,37,0,basic,58.1029955539563,0,large,0
51,master,30,3,intermediate,58.7695310711884,0,small,1
43,high_school,22,0,basic,89.80583661574158,0,large,0
35,bachelor,21,0,intermediate,80.29673729714867,1,small,1
38,master,20,4,intermediate,76.28282183367135,1,medium,1
53,bachelor,32,2,basic,37.62868160519662,0,medium,0
57,high_school,36,1,advanced,94.36546518960944,1,large,1
39,bachelor,24,1,basic,63.620843556610865,0,medium,0
47,high_school,25,2,basic,67.59354187681147,1,small,0
60,bachelor,37,2,basic,71.71350892879946,0,medium,1
47,bachelor,33,4,basic,67.46795339749104,1,large,1
25,primary,9,2,intermediate,62.42036879802169,0,small,0
51,phd,30,0,basic,67.17550795848412,0,small,0
26,bachelor,9,1,advanced,74.54725554236242,1,large,1
37,bachelor,15,1,advanced,77.7319928428027,0,large,1
57,phd,40,4,intermediate,83.29668298229414,0,small,1
42,high_school,29,3,intermediate,48.53672193435956,0,medium,0
36,high_school,20,1,advanced,56.81123331460793,1,small,0
22,master,7,3,intermediate,77.79431814787064,1,large,1
28,high_school,12,0,basic,41.446901489528614,1,medium,0
32,master,16,1,intermediate,67.42385723206166,1,small,1
25,high_school,9,2,basic,53.210666531606,1,medium,0
36,primary,19,3,intermediate,73.26764252123652,0,large,0
40,bachelor,18,5,intermediate,52.323824655277406,0,small,0
44,high_school,28,2,intermediate,59.606326501617815,0,small,0
57,master,38,1,basic,60.643634548683046,0,small,0
49,bachelor,31,1,basic,68.69519014031928,1,large,0
43,master,23,2,advanced,79.37482962230031,1,large,1
44,master,21,2,advanced,80.47924017856482,0,large,1
36,high_school,17,0,intermediate,68.07413676606757,1,medium,0
59,master,38,1,intermediate,48.35517677440831,1,small,1
46,bachelor,31,4,intermediate,100.0,1,small,1
56,bachelor,36,1,intermediate,63.72225995652105,0,large,0
58,master,40,3,basic,69.10566819388539,0,small,1
50,bachelor,28,2,intermediate,68.63395430940456,0,medium,0
36,bachelor,16,1,advanced,70.30728441357195,0,medium,1
54,bachelor,33,2,advanced,52.29409543921918,0,medium,1
36,high_school,15,1,intermediate,71.57859209251849,0,medium,0
50,high_school,31,0,basic,92.32252544502792,1,small,0
33,bachelor,10,2,advanced,34.862108293664576,0,medium,1
40,high_school,21,2,intermediate,65.48469646979267,0,medium,0
24,primary,8,3,intermediate,48.17650802992962,1,large,0
43,primary,29,0,basic,79.83312183126169,1,medium,0
49,bachelor,34,2,intermediate,82.11701862815372,1,small,1
29,high_school,6,1,intermediate,63.08521855056102,1,small,0
25,master,3,0,intermediate,65.91334887470468,0,small,0
22,high_school,0,0,intermediate,51.785697163356886,0,small,0
59,bachelor,40,2,intermediate,29.6335086976202,0,medium,0
45,bachelor,22,1,intermediate,60.947026959593096,0,small,0
22,bachelor,9,1,intermediate,61.79439374779148,1,small,0
43,high_school,20,3,basic,65.64545602564931,0,medium,0
22,phd,0,2,intermediate,15.821616451457786,0,medium,0
39,master,19,2,basic,39.119628374731576,1,medium,1
32,master,10,2,intermediate,42.75375452318225,1,medium,1
30,master,10,0,intermediate,66.24648182836106,0,large,0
45,bachelor,24,1,intermediate,73.77900302617572,0,medium,0
50,bachelor,29,3,intermediate,47.56136824893814,0,medium,0
60,bachelor,40,2,intermediate,60.86205012809919,0,small,0
40,bachelor,24,2,basic,56.3165375820382,0,medium,0
50,master,36,0,intermediate,95.48007278541581,0,medium,1
60,bachelor,40,3,basic,59.22791524327087,0,small,0
35,phd,12,2,intermediate,58.59450352612396,0,small,1
47,high_school,28,3,intermediate,52.76004672337676,0,small,0
43,master,23,0,basic,36.485331933143925,0,small,0
33,bachelor,20,4,intermediate,74.69724020811529,1,medium,1
30,bachelor,15,0,advanced,61.00349344527906,1,medium,1
56,high_school,35,1,intermediate,59.17442716693785,0,medium,0
50,master,31,0,intermediate,67.73548827408764,0,small,0
43,master,27,4,advanced,41.33269491366752,0,medium,1
18,high_school,4,1,intermediate,91.55856173061386,0,medium,0
55,bachelor,36,0,intermediate,37.690878268902466,0,medium,0
19,high_school,4,1,basic,91.64524223269287,1,small,0
23,phd,1,1,basic,64.7760945088441,1,large,0
55,bachelor,37,5,intermediate,59.205499921263666,1,small,1
59,high_school,40,2,basic,75.0671769331726,1,large,1
41,high_school,26,2,intermediate,59.80426052870389,1,small,0
35,bachelor,18,3,basic,78.97702217052789,1,medium,1
44,primary,28,1,advanced,69.61862280539215,1,medium,0
58,bachelor,40,3,advanced,75.69135611107824,0,medium,1
25,master,11,1,advanced,80.60158669225115,0,medium,1
45,master,31,1,advanced,62.385431400243135,0,large,1
27,primary,8,1,advanced,79.46879109279197,1,large,1
34,phd,21,1,intermediate,72.76878400357252,0,small,1
46,bachelor,27,2,intermediate,85.00948275778511,0,medium,1
23,high_school,10,3,basic,59.49112863745404,0,large,0
31,primary,11,1,intermediate,85.48549849620059,1,small,0
39,high_school,17,3,intermediate,53.403613321780554,1,small,0
23,master,8,1,intermediate,34.894458511801176,0,large,0
43,primary,29,2,basic,44.52766355292022,0,large,0
56,high_school,40,0,intermediate,60.02182790459402,1,medium,0
29,master,15,0,basic,68.9382259271471,0,small,0
52,bachelor,38,1,intermediate,65.23922454668794,0,small,0
31,master,10,2,intermediate,76.80062988243833,1,medium,1
39,bachelor,26,2,advanced,46.990952435218716,1,large,1
40,primary,27,2,advanced,90.86667653157767,0,medium,1
24,master,3,0,basic,85.17970736216236,0,small,0
57,high_school,36,0,advanced,79.02757875019061,0,medium,0
42,bachelor,26,0,advanced,83.97741195772252,1,medium,1
30,bachelor,12,1,intermediate,41.70917441232711,0,medium,0
38,high_school,15,4,advanced,75.48395485076033,0,medium,1
58,phd,37,2,basic,76.1059464155244,0,small,1
27,bachelor,7,1,advanced,79.51095387017666,0,medium,1
26,primary,4,1,intermediate,77.7033586286658,0,medium,0
32,master,14,2,advanced,71.66805055125168,1,medium,1
19,bachelor,5,1,intermediate,71.06723947353899,0,small,0
42,bachelor,19,0,intermediate,82.88502315683567,1,large,1
30,bachelor,7,1,intermediate,55.64968960943456,1,large,0
51,master,35,1,intermediate,70.50330513019621,0,medium,1
51,primary,31,0,advanced,56.70504938048427,0,large,0
52,high_school,29,2,intermediate,62.718556264099725,0,medium,0
55,bachelor,38,2,advanced,24.914986023376997,1,medium,1
20,primary,5,0,intermediate,51.94159264907266,1,medium,0
59,bachelor,40,1,advanced,58.45512058727689,1,medium,1
23,high_school,6,0,intermediate,58.65284056803477,0,large,0
36,high_school,13,3,basic,59.997753328431386,0,medium,0
20,primary,0,2,intermediate,47.22492449500888,1,large,0
35,bachelor,12,3,basic,60.01357002037104,1,medium,1
56,master,40,0,advanced,81.28123633705816,1,small,1
26,high_school,9,3,intermediate,60.5216295590853,0,medium,0
29,bachelor,8,1,intermediate,84.47303226342547,1,medium,1
22,high_school,1,1,intermediate,83.48758772977428,0,large,0
20,bachelor,0,1,intermediate,56.19429785744749,0,medium,0
28,primary,6,1,intermediate,73.54063997460516,0,medium,0
47,bachelor,27,0,advanced,45.30437488607237,0,small,0
21,bachelor,4,0,intermediate,49.19144319962548,1,small,0
22,master,7,1,intermediate,66.67615556114056,0,small,0
18,high_school,0,2,basic,72.62832029818725,0,large,0
44,master,30,1,intermediate,89.20052791328422,0,large,1
45,bachelor,28,0,basic,62.55659477993287,0,small,0
46,master,26,1,intermediate,67.63337290321441,1,medium,1
35,high_school,12,1,intermediate,66.467157428084,1,medium,0
29,high_school,10,1,advanced,91.90325120874209,0,small,0
30,master,14,0,intermediate,85.13463341624741,0,medium,1
58,primary,37,1,basic,70.77013579086471,1,large,0
19,high_school,5,2,intermediate,76.90812282295448,1,large,0
54,primary,34,2,basic,70.24549787575471,1,small,1
33,master,12,1,basic,81.12161016264923,0,small,1
41,primary,27,3,intermediate,77.92683866814077,1,medium,1
52,master,36,1,intermediate,60.46907403999754,0,large,0
39,bachelor,25,1,basic,66.49165729252492,0,large,0
53,primary,37,0,basic,67.42777244836518,0,small,0
28,bachelor,8,3,intermediate,67.27777864120203,1,small,1
46,high_school,33,4,intermediate,57.38295346861575,0,medium,0
52,bachelor,30,2,intermediate,70.05354587471459,0,small,1
32,bachelor,11,0,basic,57.364247546115216,0,small,0
48,bachelor,27,0,intermediate,56.22176211122546,0,small,0
59,primary,39,1,advanced,63.21886269716774,1,large,0
58,bachelor,40,0,intermediate,69.04156549525813,0,small,0
60,master,38,1,basic,83.38505142172235,1,medium,1
33,bachelor,11,0,intermediate,75.65083227894279,1,large,1
27,master,6,0,advanced,81.65191676516103,0,small,1
49,high_school,26,1,basic,91.58967888124761,0,large,0
19,master,3,3,intermediate,56.21953120795821,1,small,1
41,high_school,23,2,advanced,75.66844800141699,0,medium,1
40,primary,19,1,basic,76.26831529290837,1,small,0
19,master,0,1,advanced,68.8386420583196,1,large,1
55,master,34,2,intermediate,78.39203856185134,0,medium,1
48,bachelor,25,1,intermediate,66.31320931977541,0,medium,0
57,high_school,36,2,advanced,75.06194349054282,0,medium,1
43,high_school,23,3,basic,43.75313293807288,0,small,0
46,bachelor,28,2,intermediate,65.03185848513043,1,medium,1
20,master,3,1,advanced,75.62529585907401,0,large,1
31,high_school,14,1,intermediate,80.42623836120875,0,small,0
42,master,27,4,basic,52.08761951935221,0,large,1
18,high_school,2,3,intermediate,63.77286581605716,1,medium,0
20,master,0,2,basic,49.05223347426115,1,medium,1
43,master,25,1,intermediate,59.182455348241106,1,small,1
35,bachelor,22,1,intermediate,69.73911327952796,0,small,0
26,high_school,3,1,intermediate,80.53231333548459,0,medium,0
55,master,39,1,intermediate,78.55653183855438,1,large,1
40,bachelor,22,0,basic,68.34142886677016,0,small,0
38,bachelor,16,3,basic,55.23654425972085,0,small,0
18,bachelor,2,1,advanced,62.909872608318196,0,medium,0
38,high_school,18,0,basic,100.0,0,small,0
44,master,29,0,basic,44.02135203483566,0,medium,0
59,high_school,39,0,advanced,46.883838726486815,0,medium,0
23,master,0,1,intermediate,67.62725440379923,0,small,0
53,high_school,36,2,intermediate,75.60193763286232,1,large,1
45,bachelor,31,5,basic,77.95325560448879,1,large,1
34,high_school,15,1,basic,69.32224714586737,1,large,0
57,high_school,40,1,intermediate,42.207518974214224,0,medium,0
20,high_school,7,2,intermediate,61.70612712335434,0,medium,0
29,bachelor,10,0,advanced,38.513769378365915,1,large,1
56,bachelor,36,1,intermediate,70.92417053974403,0,large,0
29,master,11,0,basic,71.83695590561808,0,medium,1
19,high_school,0,2,intermediate,63.10567107270236,0,medium,0
39,bachelor,18,2,basic,47.25527209533402,0,large,0
40,master,27,1,basic,52.71578114911394,1,small,1
47,high_school,30,2,intermediate,40.652079508650516,0,small,0
22,bachelor,9,2,intermediate,64.22858066646252,1,medium,1
26,bachelor,10,0,basic,100.0,1,medium,1
38,high_school,23,1,advanced,63.46867546982496,1,medium,0
28,high_school,5,3,intermediate,58.69807326122255,1,medium,0
22,bachelor,2,1,basic,68.253629211376,0,medium,0
52,high_school,30,1,basic,47.74326679868208,1,medium,0
44,bachelor,22,2,advanced,48.261625355940296,0,small,1
19,master,0,2,advanced,55.71612326370044,0,small,1
41,bachelor,22,0,intermediate,78.27531753167794,1,medium,1
48,bachelor,26,1,intermediate,70.00358228806301,0,large,0
50,primary,30,3,intermediate,62.6099222930591,1,medium,0
56,master,40,2,advanced,76.23297904024005,0,medium,1
47,high_school,34,0,basic,90.62928174869077,1,medium,0
54,bachelor,33,3,advanced,76.04255516292461,0,large,1
45,phd,29,1,advanced,49.73091444094577,0,medium,1
48,bachelor,34,1,intermediate,36.74973016554888,0,small,0
28,bachelor,10,2,basic,38.834399430202836,1,medium,1
40,bachelor,26,1,intermediate,78.03537235606538,1,medium,1
19,primary,0,2,basic,53.63303771811393,0,large,0
57,master,35,0,basic,77.27565647340735,0,medium,1
58,primary,40,1,advanced,58.17828518114364,1,small,0
44,bachelor,23,4,intermediate,70.82079993202773,1,medium,1
52,primary,36,1,intermediate,75.51618006708145,0,small,0
19,master,4,0,basic,53.25744799844968,0,large,0
56,high_school,40,2,intermediate,77.34163947822654,0,medium,0
54,bachelor,40,1,intermediate,55.104000189031694,0,medium,0
38,bachelor,21,1,basic,54.469899848960615,0,medium,0
22,bachelor,0,2,intermediate,77.31641844848836,0,medium,0
38,high_school,20,0,basic,74.48141349444968,0,large,0
46,bachelor,29,0,intermediate,71.90014499691571,0,small,0
37,high_school,19,4,advanced,48.4583700939652,0,small,0
55,bachelor,40,0,basic,59.238948998077376,0,medium,0
37,high_school,24,2,basic,75.3355044611281,0,large,0
42,bachelor,20,4,intermediate,99.25588035177579,0,medium,1
19,high_school,4,0,intermediate,92.16746156852278,0,large,0
49,phd,28,0,intermediate,57.98105056670333,1,large,1
43,bachelor,25,0,intermediate,55.11331369492305,0,small,0
23,high_school,5,0,basic,90.94901937570542,1,medium,0
58,bachelor,40,1,intermediate,74.01040669690028,0,large,0
20,master,0,3,basic,57.98279624528936,0,medium,0
50,primary,32,1,basic,66.90021950201103,1,medium,0
18,bachelor,0,1,intermediate,46.25961990402182,0,large,0
22,bachelor,7,0,intermediate,80.13484237791502,0,large,0
30,high_school,15,1,basic,85.9976677499904,0,medium,0
36,master,19,4,basic,88.10118457858897,0,small,1
29,high_school,16,1,intermediate,81.88729315306962,0,medium,0
42,high_school,19,4,intermediate,60.19404927289409,0,small,0
52,master,31,0,basic,78.41217964124516,1,small,1
29,bachelor,10,2,basic,86.91106081845717,0,medium,1
47,master,27,2,intermediate,79.17635224770902,0,medium,1
22,bachelor,3,1,basic,77.7989253399351,0,large,0
51,bachelor,34,3,intermediate,67.86867304098833,0,medium,0
39,master,24,0,intermediate,51.41202827553833,1,large,1
56,primary,33,2,advanced,92.82987660287404,1,medium,1
30,master,11,0,intermediate,64.45021528993203,1,medium,1
20,bachelor,0,1,intermediate,83.21304268908267,0,small,0
37,primary,16,2,intermediate,100.0,0,medium,0
48,bachelor,35,1,intermediate,78.62637820457049,1,small,1
22,primary,0,1,intermediate,82.62356690989078,0,large,0
41,bachelor,23,3,intermediate,50.96581166048991,0,large,0
57,bachelor,39,2,advanced,54.08892825709272,0,small,1
50,phd,29,1,advanced,83.97461137773523,0,medium,1
25,high_school,2,3,intermediate,56.75625510606526,1,small,0
41,bachelor,24,2,advanced,44.879535178291896,0,medium,1
37,high_school,15,1,intermediate,40.088181517423195,1,large,0
33,bachelor,17,0,intermediate,61.7503120022858,0,large,0
29,bachelor,8,2,intermediate,61.560531296929305,0,small,0
30,bachelor,7,3,basic,79.96816577902858,1,small,1
59,master,40,6,advanced,50.1631311047635,1,large,1
56,master,40,3,intermediate,85.66176201549607,1,medium,1
42,primary,23,2,intermediate,46.810784611460804,0,medium,0
49,high_school,26,2,intermediate,47.21052922342959,0,large,0
41,bachelor,27,1,intermediate,67.07685276289072,1,small,0
26,bachelor,13,0,basic,65.79709142085568,1,small,0
57,high_school,39,3,basic,73.6949716070769,0,medium,0
40,bachelor,26,2,advanced,47.365175086139345,0,small,1
30,bachelor,9,2,advanced,70.29599179243138,0,medium,1
49,high_school,36,1,advanced,39.82763926266031,1,medium,0
32,master,12,1,basic,32.072309669003836,1,small,1
53,bachelor,37,2,intermediate,92.42031876941911,1,small,1
22,primary,3,1,intermediate,80.69831252090678,1,large,0
39,primary,21,1,intermediate,64.94402195520489,1,large,0
33,master,19,2,intermediate,34.66121932941007,1,medium,1
58,phd,38,0,basic,58.12904689968665,0,small,0
27,bachelor,9,2,basic,71.73128070153089,0,medium,1
41,high_school,20,2,basic,58.09664394623971,1,small,0
35,master,21,1,intermediate,88.4187532022239,0,large,1
35,bachelor,12,0,intermediate,74.43845648726449,1,medium,1
24,master,6,2,advanced,51.15260477442425,0,small,1
21,master,0,1,basic,41.062600347703146,0,small,0
43,high_school,29,1,intermediate,78.11953023901123,0,large,0
22,bachelor,1,1,advanced,77.61543113648158,0,small,0
33,high_school,17,1,intermediate,76.34095817739443,0,large,0
52,high_school,35,2,basic,90.28020899327704,0,large,0
43,master,27,1,basic,71.86504700880637,0,medium,1
35,master,21,1,intermediate,66.40731594846281,0,medium,0
46,bachelor,32,0,basic,76.46695989660698,1,medium,1
40,bachelor,18,1,advanced,83.52174848148869,0,medium,1
31,primary,17,1,intermediate,75.31135152444594,0,small,0
32,primary,15,2,intermediate,65.471593035348,0,medium,0
50,high_school,30,1,intermediate,79.52413931726522,1,small,0
42,bachelor,19,1,advanced,66.44232712505237,0,small,0
38,bachelor,25,1,intermediate,57.681161905275765,0,medium,0
34,primary,13,1,intermediate,66.82204650227494,1,medium,0
40,phd,21,0,advanced,60.21359381236955,0,small,1
60,high_school,40,4,advanced,63.71227785063648,1,large,1
34,master,18,1,basic,52.30857925362505,0,small,0
31,bachelor,9,4,basic,79.98523670003978,0,large,1
46,high_school,24,1,basic,68.2073393585769,0,small,0
37,master,21,2,basic,75.6579097772577,0,small,1
47,bachelor,32,3,advanced,72.23427789027473,0,small,1
36,bachelor,22,3,intermediate,51.467625019826905,0,medium,0
56,bachelor,33,3,intermediate,84.84767640196999,1,medium,1
30,primary,8,0,basic,61.62225248367242,1,large,0
35,bachelor,15,2,advanced,59.58298309299405,0,large,1
40,master,19,0,advanced,68.2172692708582,0,small,1
50,primary,27,0,intermediate,68.51041357852175,0,small,0
56,high_school,36,1,intermediate,100.0,0,small,0
57,master,40,2,intermediate,73.94735513962627,0,medium,1
35,high_school,22,1,intermediate,57.71658802541344,1,small,0
26,bachelor,4,4,basic,93.47085888134777,1,small,1
50,bachelor,36,1,intermediate,40.54742996934583,1,medium,0
49,bachelor,30,2,intermediate,57.76987721933311,0,small,0
34,bachelor,11,0,intermediate,56.664927736926984,0,small,0
36,high_school,20,0,intermediate,64.9357835214954,0,small,0
44,primary,30,1,advanced,70.1929606809916,0,medium,0
23,bachelor,1,2,intermediate,71.53505100797969,0,small,0
52,bachelor,39,0,intermediate,71.25783459165491,1,large,1
54,bachelor,33,0,advanced,74.4485638747427,1,large,1
51,bachelor,30,3,intermediate,64.096844155884,0,medium,0
37,high_school,17,1,intermediate,84.34378566757741,0,large,0
42,primary,25,3,intermediate,40.82086600104862,0,small,0
21,master,6,2,intermediate,26.715412231658725,0,large,1
27,bachelor,6,1,basic,76.11113770656118,0,medium,0
27,high_school,4,3,intermediate,60.031878795278374,0,medium,0
41,high_school,28,3,advanced,90.75998976747834,0,medium,1
38,primary,24,1,intermediate,80.63971713451359,0,medium,0
28,high_school,5,1,intermediate,73.83221157145256,0,medium,0
44,master,31,0,basic,57.698745314134094,0,medium,0
33,master,15,2,advanced,75.13756373781028,1,medium,1
43,master,24,2,intermediate,59.05387040965539,0,small,1
47,master,33,0,intermediate,65.89458926232729,0,medium,0
33,master,16,0,intermediate,60.10561862414104,0,small,0
24,bachelor,7,3,intermediate,68.88720643662732,1,large,1
33,high_school,12,2,basic,61.2365577229202,1,large,0
52,master,35,2,basic,80.01027183106164,0,medium,1
33,high_school,18,4,basic,71.79036104155702,1,medium,1
57,high_school,40,1,intermediate,57.36222241145279,1,large,0
29,high_school,8,3,intermediate,58.288786857801995,1,medium,0
52,bachelor,38,1,intermediate,45.94960722054694,0,medium,0
38,high_school,19,1,intermediate,35.71576426359441,0,medium,0
60,high_school,40,0,basic,78.9916941859311,0,large,0
53,bachelor,31,1,intermediate,59.65765764599192,0,small,0
34,master,17,1,basic,46.73988223165992,1,large,1
49,bachelor,36,1,intermediate,71.66657778960855,1,medium,1
58,master,40,2,intermediate,54.17812702691698,1,medium,1
23,high_school,9,0,basic,63.9604680163724,0,large,0
41,high_school,24,0,intermediate,45.61689791262037,0,medium,0
44,bachelor,31,2,intermediate,74.73622107271734,0,medium,1
37,bachelor,21,0,intermediate,66.32082609148898,1,medium,0
42,bachelor,19,1,intermediate,72.49602401846366,1,large,1
19,master,3,2,basic,58.58489412748364,0,medium,0
26,master,3,2,intermediate,68.706902318285,0,small,0
45,master,24,0,advanced,43.16948015002739,0,medium,1
55,high_school,40,2,intermediate,99.11767664068249,0,large,0
20,high_school,0,1,basic,71.22129815506796,0,medium,0
37,bachelor,23,2,intermediate,90.61240239867757,1,small,1
23,high_school,8,4,basic,61.008436613317066,0,medium,0
56,high_school,33,1,advanced,49.2520007411497,0,medium,0
50,high_school,34,1,advanced,57.62684936484524,0,medium,0
18,high_school,0,2,intermediate,64.34273486562219,0,small,0
54,high_school,40,2,advanced,63.25131074835707,0,medium,0
23,primary,6,2,basic,92.92343431704921,0,medium,0
51,bachelor,29,1,basic,52.16407486337047,0,small,0
32,bachelor,15,2,intermediate,55.92841767325002,0,small,0
43,bachelor,26,0,intermediate,75.6950601586853,1,large,1
31,bachelor,16,0,intermediate,41.20003577860129,0,large,0
24,high_school,2,0,intermediate,64.39241806476791,1,large,0
48,high_school,32,1,basic,67.1258064998679,0,large,0
41,high_school,22,1,advanced,71.50024610137119,1,large,1
48,master,34,1,basic,70.23310039179778,0,large,1
46,bachelor,31,3,intermediate,94.81606039116132,1,large,1
59,high_school,40,1,basic,51.7285620843841,0,small,0
49,high_school,28,1,basic,55.33470799660107,0,medium,0
34,phd,13,1,basic,74.14175496145359,0,medium,1
31,bachelor,18,1,intermediate,68.39575647873235,0,large,0
57,master,40,1,intermediate,70.2684210748329,1,medium,1
53,high_school,37,0,intermediate,43.922721007188265,0,medium,0
41,high_school,26,3,intermediate,97.7161790469178,1,large,1
44,master,22,1,advanced,71.77289132420015,1,large,1
42,bachelor,21,2,basic,41.26860215609992,1,medium,1
49,bachelor,33,1,basic,74.16958017633672,0,medium,0
35,bachelor,13,1,intermediate,48.449626550555664,0,large,0
35,bachelor,19,2,intermediate,78.93696177279678,0,large,1
54,bachelor,35,4,basic,45.26608637992263,1,medium,1
43,high_school,25,2,intermediate,80.09079153228143,1,large,1
26,high_school,12,4,intermediate,46.688301049609414,0,small,0
52,master,32,1,intermediate,50.38511737129236,1,medium,1
25,high_school,4,1,intermediate,67.06513196499553,0,small,0
37,bachelor,21,0,intermediate,55.82513736988895,1,small,0
59,bachelor,40,2,advanced,56.68358890452197,1,large,1
39,phd,23,0,basic,42.0526006311389,0,medium,0
36,bachelor,21,1,intermediate,60.05364242391082,1,medium,0
47,bachelor,24,1,basic,78.25770731987258,1,medium,1
45,master,26,1,intermediate,93.17556562922928,1,medium,1
52,master,35,3,advanced,77.4133896290389,0,medium,1
60,bachelor,40,1,basic,75.27193455587519,1,medium,1
28,bachelor,15,1,intermediate,39.67243285428101,0,large,0
48,high_school,26,4,advanced,64.5687212756763,0,small,0
56,bachelor,40,1,intermediate,55.22575047228028,0,small,0
53,master,33,4,intermediate,42.33954963015495,0,medium,1
47,master,30,1,advanced,45.91838756521315,1,medium,1
40,high_school,21,1,basic,75.01970538976286,0,small,0
36,bachelor,13,1,basic,56.63988407798358,1,medium,0
29,bachelor,7,0,advanced,42.874502507008934,0,large,0
32,phd,13,0,basic,55.455501338395024,0,large,0
48,bachelor,30,1,advanced,69.34199363450594,0,medium,0
60,bachelor,37,1,intermediate,54.88623141577355,0,small,0
54,primary,33,1,advanced,46.84860037016276,0,medium,0
54,bachelor,36,0,intermediate,51.19692287688501,1,medium,0
32,primary,14,4,intermediate,78.26690416682851,0,large,0
46,master,29,0,intermediate,33.83217307174884,0,medium,0
60,master,40,3,basic,60.97958735497853,0,large,1
43,bachelor,22,1,basic,63.272748005453856,0,large,0
19,bachelor,0,1,intermediate,53.661700920609235,1,medium,0
37,master,20,3,advanced,50.62792206766799,0,small,1
32,high_school,19,0,intermediate,79.7514359030183,1,small,0
21,high_school,0,3,advanced,79.70017422128134,0,small,0
39,master,20,3,advanced,66.57978803186478,0,small,1
55,master,35,1,intermediate,56.849440424325095,1,small,1
40,master,17,1,advanced,66.6893316281926,1,small,1
43,high_school,26,0,basic,71.0657549353695,1,medium,0
28,high_school,8,0,intermediate,63.32195670498749,0,small,0
45,primary,22,5,intermediate,71.47030005469384,0,medium,0
19,high_school,6,2,basic,59.6956330129552,1,small,0
25,master,7,0,advanced,17.730415056532237,0,small,1
46,high_school,26,0,basic,62.098702052466145,0,small,0
28,bachelor,8,1,intermediate,75.27403652478976,0,large,0
54,high_school,32,1,basic,65.45988325877603,1,medium,0
35,high_school,12,0,intermediate,70.155030650342,1,medium,0
31,phd,10,7,intermediate,60.93003587997129,0,large,1
27,high_school,13,0,intermediate,62.10521335173775,1,large,0
52,high_school,33,1,intermediate,67.56259601364117,0,medium,0
26,high_school,11,2,intermediate,94.15335059996374,1,medium,1
52,high_school,35,1,intermediate,77.63423005081495,0,large,0
28,bachelor,8,2,basic,75.64962303582548,1,small,1
29,high_school,13,3,intermediate,68.07208717776726,0,large,0
20,bachelor,0,1,advanced,45.024199863275,0,medium,0
56,master,38,2,intermediate,83.38466833924686,1,medium,1
31,bachelor,8,3,intermediate,78.6088334266893,0,medium,1
45,primary,27,0,basic,70.4888786704008,0,large,0
28,bachelor,14,4,intermediate,64.34229954252389,0,large,0
56,primary,37,2,advanced,73.18873982183784,1,medium,1
42,bachelor,20,2,advanced,61.53346578597177,1,medium,1
38,bachelor,15,1,basic,75.9191824317839,1,large,1
27,high_school,9,1,intermediate,52.43148108687541,1,medium,0
60,master,40,1,intermediate,36.34921697838453,0,medium,0
32,master,10,0,intermediate,46.98237775085345,0,small,0
36,master,21,3,intermediate,67.11533098550525,1,large,1
39,high_school,24,2,intermediate,60.473916414755806,0,small,0
38,bachelor,15,1,advanced,62.783877227692074,1,medium,1
49,master,30,3,advanced,45.55877507744526,0,medium,1
40,high_school,24,3,advanced,69.52904023996439,0,small,0
30,master,10,2,intermediate,49.45095797633425,0,small,1
22,primary,1,1,basic,72.44864031338346,0,large,0
21,primary,2,2,intermediate,43.77858316127276,1,large,0
45,master,26,3,intermediate,52.41896086619245,0,small,1
31,master,15,3,advanced,50.40251483677162,0,medium,1
25,master,7,1,advanced,73.60695807447502,0,small,1
26,master,4,1,intermediate,58.07172427348688,0,large,0
52,high_school,39,2,intermediate,71.37040885465481,0,medium,0
54,high_school,31,3,intermediate,82.10635178172113,0,large,0
38,master,17,2,intermediate,91.70021614959131,0,medium,1
35,high_school,13,2,basic,68.46738510709596,0,large,0
50,bachelor,30,2,advanced,48.470816985280656,0,small,1
25,bachelor,4,2,intermediate,83.76842964794388,0,large,0
34,primary,19,0,advanced,87.67033157766683,0,medium,0
60,high_school,40,4,basic,64.10235632347762,1,medium,0
48,bachelor,28,1,basic,84.7795643972147,0,small,0
51,master,37,1,intermediate,69.99947731689022,1,medium,1
23,bachelor,8,2,advanced,40.11225791367342,1,large,1
39,bachelor,19,1,intermediate,55.53497404341302,0,small,0
31,bachelor,13,1,advanced,57.422519662987746,0,small,0
20,high_school,6,1,intermediate,59.54476189898834,0,medium,0
29,high_school,6,2,advanced,50.998139394616814,1,large,1
53,bachelor,31,3,basic,50.52967172718456,0,large,0
29,primary,9,1,intermediate,85.18900964050613,1,large,0
19,high_school,4,1,basic,38.949773381225825,1,small,0
19,bachelor,1,3,basic,54.139586587694474,1,large,0
32,bachelor,14,2,intermediate,74.31573537182577,0,small,1
40,primary,27,1,intermediate,56.637757245933095,0,large,0
46,bachelor,31,0,intermediate,71.00507839289799,0,medium,0
34,bachelor,14,1,intermediate,58.97922509429082,0,large,0
49,primary,28,1,intermediate,71.56153140539344,0,small,0
24,master,7,9,advanced,49.430689011309376,1,small,1
47,primary,30,3,advanced,37.12198585267095,0,medium,0
45,master,30,3,advanced,58.98361699248017,1,small,1
31,primary,13,0,intermediate,38.177352418629795,1,medium,0
47,master,25,2,intermediate,63.99699194899288,0,large,1
34,primary,16,2,intermediate,47.94946380635199,0,medium,0
49,master,33,3,basic,48.12950224750503,1,medium,1
23,high_school,5,0,intermediate,87.08046883711661,0,small,0
41,bachelor,26,3,intermediate,69.10577262046596,0,small,0
23,bachelor,3,2,intermediate,41.95670039001588,0,large,0
44,primary,23,2,intermediate,64.27539019404792,0,medium,0
35,master,22,1,basic,62.85572427593639,1,medium,1
41,primary,22,3,intermediate,33.972980230281905,0,small,0
54,master,33,1,intermediate,70.2147764254626,0,medium,1
41,primary,28,0,intermediate,79.29233177206791,0,medium,0
55,bachelor,33,6,intermediate,58.6572882352001,1,medium,1
51,bachelor,29,2,basic,60.61905692326853,1,large,1
57,high_school,37,3,advanced,56.64197042880751,0,large,0
32,high_school,11,3,basic,70.78181183214237,0,large,0
28,master,13,5,intermediate,61.25806032070056,0,medium,1
39,master,22,0,advanced,61.85562130067627,1,large,1
41,master,23,1,basic,52.85872178683169,1,medium,1
18,high_school,4,1,intermediate,95.62001584340945,0,medium,0
35,bachelor,19,2,intermediate,61.105830124928964,0,medium,0
29,high_school,14,0,basic,75.50878275726245,0,large,0
60,high_school,39,2,intermediate,68.98197912430027,1,medium,0
45,master,31,1,intermediate,26.605462248745702,0,medium,0
57,high_school,40,1,basic,59.439502949711624,0,medium,0
24,bachelor,9,2,intermediate,47.705372556540304,1,small,1
40,bachelor,17,0,basic,79.65102604825037,0,large,0
38,bachelor,24,0,advanced,46.00429391453636,0,large,0
51,master,36,1,intermediate,72.4223024854291,1,large,1
28,bachelor,11,2,basic,79.94738487284268,0,medium,1
39,bachelor,25,2,advanced,69.20610976358834,1,medium,1
59,master,39,3,intermediate,65.05665400561679,1,small,1
52,bachelor,39,0,basic,59.06134479921539,0,small,0
46,primary,28,2,basic,63.1474757106996,1,medium,0
59,primary,40,1,intermediate,44.89852119169601,0,small,0
45,primary,32,3,basic,67.6681474150864,0,small,0
35,bachelor,17,0,basic,80.7723176415841,0,small,0
31,master,13,2,intermediate,51.91415477070649,0,medium,1
35,high_school,13,1,advanced,65.27576992546,1,medium,0
45,high_school,26,1,intermediate,63.448058755150896,0,medium,0
41,master,24,1,intermediate,69.68966555836198,1,large,1
25,master,7,3,advanced,56.95353436343184,0,large,1
59,bachelor,38,0,basic,42.371805077030146,1,small,0
25,high_school,12,0,basic,48.19644935621675,0,large,0
21,high_school,2,4,advanced,30.224198205278753,1,small,0
44,primary,28,1,intermediate,76.64087621051641,1,medium,0
53,high_school,40,1,basic,70.96486027113457,0,large,0
22,high_school,3,2,intermediate,64.78195987249032,0,medium,0
50,bachelor,36,0,advanced,54.54403594033658,0,small,0
51,primary,30,0,basic,62.568988591567624,1,large,0
47,high_school,32,5,intermediate,64.5724562312775,1,medium,0
25,high_school,12,1,basic,57.18098157671456,1,large,0
56,bachelor,35,1,intermediate,57.752083008113225,1,large,0
43,bachelor,21,0,intermediate,84.64234139212385,1,large,1
54,bachelor,36,1,basic,46.23774855328587,0,medium,0
51,high_school,35,0,intermediate,79.8930132713177,1,large,0
24,high_school,6,1,intermediate,40.77308279781827,1,large,0
57,primary,34,0,basic,89.1166582385788,0,small,0
45,high_school,29,0,intermediate,29.156005892556486,0,large,0
56,master,33,0,intermediate,71.98083163224192,1,small,1
56,phd,40,1,intermediate,55.119550654344195,1,large,1
45,bachelor,29,1,advanced,62.494667376334434,1,small,1
31,master,13,2,intermediate,62.97178365626873,1,medium,1
55,bachelor,33,0,basic,74.08426864406108,0,medium,0
21,primary,6,2,intermediate,35.57639907642093,0,medium,0
59,phd,40,2,intermediate,64.53810155171269,1,large,1
35,primary,15,3,advanced,67.7781880720035,1,small,1
42,bachelor,20,0,basic,55.08045974277277,0,small,0
24,high_school,6,1,intermediate,63.33415640044177,0,small,0
55,high_school,32,0,intermediate,55.03808764549308,0,large,0
45,bachelor,28,1,advanced,73.3215928174909,0,small,1
22,bachelor,0,3,intermediate,70.45928770615465,1,large,1
20,high_school,2,1,intermediate,68.25474466060402,1,small,0
48,high_school,29,1,basic,74.93581686105205,1,medium,0
59,high_school,40,1,intermediate,83.70781594966226,0,medium,0
37,phd,16,0,basic,50.12737756212324,0,large,0
36,master,18,2,advanced,98.33198701464582,0,small,1
28,bachelor,8,2,basic,70.89685726413971,0,large,1
57,high_school,39,2,intermediate,57.48281650451325,0,large,0
20,master,0,1,basic,99.49406595299963,1,medium,1
40,high_school,17,3,advanced,58.774189374384,1,small,1
24,high_school,5,3,intermediate,46.83367301742636,0,medium,0
40,high_school,24,1,advanced,57.35264185794772,0,large,0
24,master,6,2,basic,56.63222287407277,0,small,1
51,high_school,37,3,basic,81.27405677720395,1,large,1
59,high_school,40,5,intermediate,63.30817269813548,1,medium,0
36,bachelor,16,4,intermediate,66.50131948848488,1,small,1
26,high_school,12,1,intermediate,65.95379001574678,1,medium,0
35,bachelor,20,0,intermediate,82.49193779602292,0,medium,0
58,bachelor,40,1,basic,60.1614210394527,0,medium,0
59,bachelor,38,1,intermediate,61.92461854973532,0,large,0
42,high_school,24,3,intermediate,54.66980105084908,0,large,0
31,high_school,11,1,intermediate,58.68944200024493,1,medium,0
42,master,19,2,intermediate,72.87736248141996,0,small,1
36,master,21,2,basic,75.92984525136181,0,small,1
56,high_school,36,0,advanced,90.49746506762361,1,large,1
32,high_school,19,1,intermediate,63.43908902953342,0,large,0
33,primary,14,1,intermediate,61.04347800916956,0,large,0
44,bachelor,23,1,intermediate,70.95743894710137,0,large,0
57,bachelor,37,0,basic,57.9671157492581,0,small,0
27,high_school,12,0,intermediate,55.38906813676993,1,large,0
21,bachelor,4,1,intermediate,69.85388586502242,0,medium,0
36,bachelor,20,2,intermediate,59.12264971593872,0,large,0
45,master,24,0,advanced,60.657131854013734,1,medium,1
38,primary,17,1,basic,74.08533831725596,0,large,0
31,high_school,14,2,basic,69.65173097265716,0,medium,0
50,primary,34,2,intermediate,95.00795148016923,0,large,0
27,master,8,0,intermediate,78.82728310394313,0,small,1
36,master,13,2,basic,53.48985440425357,1,medium,1
47,bachelor,26,1,intermediate,59.00358188893877,0,large,0
39,primary,20,1,basic,44.40758089975467,0,medium,0
20,high_school,0,1,intermediate,50.40514418609608,0,small,0
54,high_school,31,3,intermediate,83.93334648446059,0,medium,0
58,bachelor,40,0,advanced,60.833566550962466,0,medium,0
35,high_school,12,2,intermediate,44.20840507221509,0,small,0
28,primary,14,0,advanced,35.79187048046118,1,large,0
19,bachelor,1,1,intermediate,42.92466780842359,0,small,0
29,high_school,11,1,advanced,52.962004276479426,0,large,0
23,bachelor,6,1,advanced,65.05577704922861,1,small,1
60,high_school,40,4,intermediate,59.05185437209024,0,medium,0
57,master,34,2,intermediate,75.47723035728197,0,medium,1
46,bachelor,33,2,intermediate,50.96254571800083,1,large,1
47,master,26,2,intermediate,83.39680286459713,1,small,1
19,bachelor,4,1,basic,62.95483021177452,0,medium,0
26,master,4,6,advanced,71.87449583813827,1,small,1
19,master,0,1,intermediate,57.1971125244737,0,large,0
46,bachelor,25,3,basic,80.25405104802265,1,large,1
50,master,31,2,intermediate,45.09154919489226,0,large,1
27,high_school,10,1,advanced,46.49074714709417,1,large,0
51,high_school,28,1,advanced,50.4572423380224,0,medium,0
25,primary,4,1,intermediate,82.63902097006664,0,medium,0
54,bachelor,40,1,basic,61.44379972636759,1,medium,0
50,bachelor,32,0,intermediate,50.77414483847101,1,large,0
23,master,6,4,intermediate,62.05392146437603,0,medium,1
57,high_school,40,0,basic,67.57999338245415,0,medium,0
36,bachelor,15,1,advanced,48.84424763682574,0,small,0
49,high_school,29,1,basic,67.39347428037911,1,large,0
44,bachelor,26,3,intermediate,62.958523308553914,0,medium,0
18,high_school,0,2,basic,57.412144476470225,0,medium,0
60,master,40,1,advanced,46.004919676611934,1,medium,1
50,high_school,35,2,basic,78.32816644510174,1,small,1
57,high_school,34,1,intermediate,57.968028628076596,1,large,0
49,master,30,0,advanced,20.979501366668075,1,large,1
22,bachelor,9,1,basic,70.34030394355739,0,medium,0
34,primary,11,0,basic,70.71383271172907,1,large,0
25,bachelor,9,3,basic,78.99389707064363,0,small,1
59,primary,40,1,intermediate,71.19848346086744,0,medium,0
51,phd,32,2,intermediate,67.07626832877673,1,small,1
26,bachelor,8,2,intermediate,57.69690817670386,0,medium,0
40,high_school,20,5,basic,57.740226355885135,1,large,0
52,bachelor,37,2,intermediate,75.1377747500184,0,medium,1
24,primary,3,0,advanced,62.64832527598838,0,medium,0
32,master,10,2,advanced,43.44080768645511,0,medium,1
37,master,20,1,intermediate,59.83709435555647,0,small,0
42,master,20,4,advanced,64.1862944898337,1,medium,1
20,high_school,2,0,advanced,35.140242496088355,0,medium,0
41,high_school,28,1,intermediate,76.20162782440286,1,medium,0
51,primary,35,3,basic,65.00963292430951,0,medium,0
39,bachelor,18,1,advanced,44.558057536675165,0,small,0
28,bachelor,7,1,advanced,60.53839500569962,1,medium,1
25,bachelor,4,1,basic,63.465801212260686,1,medium,0
56,master,33,2,advanced,79.18916426885514,0,medium,1
60,high_school,40,0,intermediate,78.7574245142281,1,medium,0
52,primary,33,2,intermediate,81.17125302877275,0,large,0
55,primary,40,3,intermediate,70.63831276688018,0,large,0
25,high_school,6,2,intermediate,55.19796305219435,1,large,0
54,primary,37,0,intermediate,51.39173718698745,0,small,0
44,bachelor,21,1,intermediate,54.48936753022767,1,large,0
45,high_school,30,0,intermediate,64.01198419208531,1,medium,0
57,high_school,34,1,intermediate,64.62288038688233,1,large,0
51,master,31,2,intermediate,80.43448771420391,0,medium,1
49,high_school,32,2,basic,61.18478816354875,0,small,0
32,bachelor,19,3,advanced,34.64376032638798,1,medium,1
34,high_school,19,0,intermediate,47.110262438740364,0,medium,0
50,bachelor,27,4,intermediate,50.36337765504424,0,small,0
33,master,20,0,intermediate,50.34940579964624,0,large,0
46,primary,28,2,advanced,22.91395610224818,0,medium,0
26,bachelor,13,1,basic,88.54191019661252,1,small,1
50,master,36,1,basic,32.26172424174803,1,medium,1
46,bachelor,33,0,advanced,56.39384203619403,0,medium,0
30,high_school,11,0,intermediate,74.87594358244485,1,small,0
38,high_school,17,2,basic,73.84510452363988,1,small,1
38,bachelor,24,0,intermediate,42.95474550498672,1,small,0
22,master,0,1,intermediate,83.10109946155352,0,large,0
27,primary,4,0,intermediate,80.91646926204197,0,large,0
23,primary,1,1,intermediate,62.278751641369965,0,medium,0
30,high_school,10,3,advanced,65.40877174799202,0,medium,0
18,high_school,0,1,advanced,51.29425588976108,0,large,0
37,high_school,18,2,advanced,68.7862628418067,0,small,0
25,high_school,5,2,intermediate,68.39248857295064,0,small,0
27,high_school,11,0,intermediate,57.69922997181279,1,medium,0
26,high_school,9,0,intermediate,74.68317020387572,0,large,0
58,master,38,1,intermediate,69.97267572728873,0,medium,0
20,high_school,6,2,intermediate,100.0,1,large,1
28,high_school,9,3,intermediate,51.475093613505855,0,medium,0
29,high_school,15,1,intermediate,84.99356814521245,1,medium,0
27,master,8,1,advanced,52.2152613496749,0,large,1
42,master,21,4,basic,72.91170755005294,0,large,1
42,master,27,1,intermediate,26.008575185913024,0,small,0
28,high_school,15,0,intermediate,57.314695869567785,0,medium,0
53,master,34,3,basic,72.08100726983263,0,large,1
56,bachelor,40,1,intermediate,68.59866665389849,1,small,0
43,high_school,21,0,basic,34.92298810795981,1,large,0
31,bachelor,11,2,intermediate,58.82166726788294,0,medium,0
56,master,36,0,basic,87.1507657340847,1,small,1
57,master,38,1,advanced,80.43416815454856,0,medium,1
18,master,2,1,basic,79.40692794771317,1,medium,1
21,master,2,1,advanced,100.0,1,medium,1
47,high_school,24,2,advanced,38.82645177513461,0,medium,0
29,bachelor,7,2,intermediate,59.08378743015936,0,large,0
52,primary,31,3,basic,65.46609562817794,0,medium,0
30,master,9,0,intermediate,54.03220590547242,1,large,1
48,high_school,34,0,basic,66.87301096924335,0,medium,0
55,master,37,3,basic,84.51470210567612,0,large,1
60,high_school,40,0,intermediate,66.65485774932473,1,small,0
40,high_school,26,1,intermediate,31.940394797929756,1,medium,0
21,primary,0,1,intermediate,75.15362099711317,0,medium,0
33,high_school,15,4,intermediate,64.77510919210482,1,small,0
24,master,9,5,advanced,32.31094891093994,1,medium,1
39,primary,19,0,basic,55.76746634336051,0,large,0
46,bachelor,32,2,basic,38.96450158184889,1,small,1
28,primary,7,1,intermediate,60.68259360836697,0,medium,0
50,high_school,32,0,advanced,57.44101232165433,0,large,0
46,high_school,28,1,advanced,42.12280125390858,0,medium,0
56,high_school,34,4,intermediate,68.76554205227797,0,medium,0
29,master,10,3,intermediate,48.759704072178394,1,medium,1
24,bachelor,1,3,intermediate,84.8605181189172,0,medium,0
56,high_school,40,1,basic,67.52293159688165,0,small,0
59,bachelor,40,5,intermediate,61.08775003838364,0,small,0
43,high_school,22,3,intermediate,83.81104087188221,0,medium,0
57,high_school,38,1,intermediate,68.90363423284914,1,medium,0
26,bachelor,5,2,advanced,70.19905114911364,1,medium,1
58,high_school,40,2,advanced,64.02477991309141,1,large,1
51,bachelor,28,1,basic,60.29484554612911,1,medium,0
30,bachelor,11,0,advanced,71.06272695152009,0,small,1
53,master,35,0,basic,87.86031325659519,0,medium,1
42,master,29,0,basic,13.706066205214626,0,large,0
41,high_school,24,2,advanced,93.0242270597311,1,medium,1
34,high_school,13,0,intermediate,49.879232638469944,1,small,0
19,high_school,2,0,advanced,67.8863229601015,0,medium,0
30,high_school,10,2,basic,39.24455268447928,0,medium,0
48,master,34,0,advanced,87.37156395609672,1,medium,1
46,master,33,0,advanced,44.25853104228709,0,medium,1
45,bachelor,27,0,intermediate,81.83495294647915,0,medium,0
44,bachelor,25,0,intermediate,61.3823244243039,0,large,0
32,primary,12,2,advanced,62.55932864461275,1,medium,1
48,bachelor,30,2,intermediate,46.11199664314556,1,large,1
57,master,36,0,intermediate,83.28751530104664,0,small,1
32,bachelor,11,2,intermediate,62.78797090739241,0,small,0
50,high_school,31,1,intermediate,75.76508666548608,0,large,0
37,bachelor,24,2,advanced,34.00581923648986,0,small,1
59,high_school,40,2,basic,51.63137967951192,1,medium,0
29,bachelor,14,1,intermediate,68.76058602123805,1,large,0
54,bachelor,34,0,intermediate,41.33192031580306,0,large,0
26,high_school,7,3,intermediate,70.4188525938794,0,large,0
40,bachelor,25,3,basic,55.072031232838754,1,large,1
25,master,5,0,intermediate,53.33448057929039,0,medium,0
49,primary,28,1,advanced,72.69115975401465,0,medium,0
31,master,14,0,intermediate,67.56151213142935,0,small,0
44,bachelor,27,1,intermediate,48.13990108454036,1,small,0
42,bachelor,26,2,intermediate,81.84712568462183,1,medium,1
30,master,10,3,intermediate,72.58197541052805,0,medium,1
38,bachelor,18,0,intermediate,34.7826350008481,0,medium,0
48,master,33,1,intermediate,60.45233265760679,0,medium,0
54,high_school,40,0,basic,70.59872473115915,0,small,0
60,high_school,40,2,intermediate,63.33248569376081,1,small,0
22,bachelor,1,2,intermediate,15.148226043848759,0,large,0
30,master,15,1,intermediate,65.95267178377411,0,large,0
45,master,26,3,basic,76.36326063952205,1,medium,1
60,bachelor,40,0,basic,63.77864172777656,0,medium,0
42,bachelor,19,2,intermediate,65.83219322131455,0,small,0
52,high_school,37,2,intermediate,80.29855196214001,0,medium,0
56,phd,38,0,basic,41.23643832853918,1,small,1
24,high_school,11,3,basic,76.04626060851754,0,small,0
55,bachelor,33,1,basic,70.09390704945575,1,small,1
49,bachelor,32,0,intermediate,40.64521477158842,0,medium,0
20,bachelor,0,0,intermediate,75.4659377582037,1,medium,0
56,high_school,38,2,basic,92.09296402897127,0,medium,0
54,phd,38,2,intermediate,70.00735521764528,0,medium,1
39,bachelor,18,4,basic,73.31705010372747,1,small,1
25,master,6,1,basic,49.01924137661361,1,medium,1
34,primary,16,0,advanced,55.72102827876155,0,large,0
44,bachelor,21,2,intermediate,49.73144378817754,0,large,0
50,bachelor,36,1,intermediate,70.9373903503509,0,medium,0
34,bachelor,17,2,basic,57.23042042683343,0,large,0
59,master,39,0,intermediate,56.30459724013289,1,medium,1
29,primary,15,1,intermediate,75.55618763396475,1,medium,0
44,primary,31,0,intermediate,90.04593948766455,0,large,0
25,bachelor,8,4,intermediate,63.68516046023533,0,medium,0
40,primary,23,3,intermediate,41.37611619533324,0,small,0
59,phd,40,3,basic,65.6025140330706,0,small,1
46,high_school,27,1,intermediate,67.87341355320974,0,large,0
37,bachelor,21,0,advanced,77.47113773883768,0,large,1
33,primary,17,3,intermediate,60.14725585211154,1,small,0
34,bachelor,15,0,basic,78.2151248956313,0,medium,0
33,high_school,14,0,intermediate,75.91459485316803,0,small,0
36,primary,19,1,intermediate,60.52879609423999,1,large,0
25,high_school,7,2,basic,77.30458382279231,1,large,1
55,high_school,35,0,intermediate,78.95271177421034,0,large,0
55,phd,33,2,advanced,48.63317521711596,0,large,1
46,high_school,30,0,intermediate,79.40532412874659,0,medium,0
58,bachelor,37,2,basic,63.20035422766062,1,small,1
53,phd,31,3,intermediate,61.28818253924389,0,large,1
43,master,29,1,basic,63.38077063104757,1,small,1
48,phd,31,0,basic,83.61811516876372,1,small,1
29,phd,15,0,basic,83.57676348777731,1,medium,1
34,bachelor,16,0,basic,72.14492468515049,0,medium,0
32,bachelor,16,2,advanced,69.04384286383788,0,small,1
26,high_school,8,6,intermediate,63.43552534526442,0,large,0
56,bachelor,39,1,intermediate,100.0,1,small,1
59,master,37,1,advanced,54.7281977848906,0,medium,1
29,bachelor,15,1,intermediate,58.292267194467975,1,medium,0
49,bachelor,27,1,intermediate,69.53659305451917,1,large,0
42,bachelor,24,1,basic,51.399737276294914,1,small,0
56,high_school,40,1,intermediate,80.73132537914898,0,large,0
35,master,14,1,intermediate,42.92979189291657,1,small,1
32,bachelor,19,2,intermediate,54.29201504641607,1,medium,1
49,high_school,35,0,basic,58.97385822583822,1,medium,0
23,master,7,4,basic,49.929952643979505,0,medium,1
60,bachelor,40,2,intermediate,80.61463644594807,1,small,1
52,master,34,0,basic,45.27515906792638,0,medium,0
51,bachelor,33,1,intermediate,50.55222710707359,0,small,0
55,high_school,40,1,basic,54.84674221231589,1,small,0
22,master,8,1,intermediate,77.64492806780646,0,medium,1
35,bachelor,22,0,intermediate,86.78705969409931,0,medium,0
33,high_school,12,0,intermediate,72.83589244149414,0,medium,0
25,high_school,12,0,basic,45.29460003262477,0,medium,0
42,master,29,0,basic,55.6971676494247,0,small,0
49,primary,30,0,basic,88.58122198901579,1,small,0
43,master,20,2,intermediate,65.43293333131805,0,medium,1
39,high_school,17,2,basic,43.31292143141533,0,medium,0
48,bachelor,34,2,intermediate,97.9105140706096,0,medium,1
60,master,39,1,basic,56.453202444524884,0,large,0
27,high_school,7,0,advanced,63.927021264946745,1,small,0
29,bachelor,14,2,intermediate,54.72884510067968,0,large,0
45,master,22,1,basic,50.66641964772494,1,large,1
23,master,2,1,basic,84.43973265252632,0,large,0
37,bachelor,16,3,intermediate,67.94341407383423,1,medium,1
22,bachelor,4,2,advanced,69.7296159284667,1,large,1
40,master,21,1,basic,45.80718769932102,1,large,1
26,master,5,2,intermediate,60.5108662376977,1,medium,1
46,master,26,1,intermediate,55.66960188457632,1,large,1
33,high_school,20,1,advanced,52.615183870039175,1,large,0
39,phd,22,0,advanced,72.00968726225139,1,medium,1
25,bachelor,4,0,advanced,59.932040283035114,1,medium,0
37,primary,22,1,basic,75.38950637316591,0,medium,0
31,high_school,15,2,intermediate,75.81105411903022,0,medium,0
56,high_school,34,3,basic,58.474806991818596,0,medium,0
54,high_school,35,1,intermediate,71.80937274695775,1,medium,0
51,high_school,31,3,intermediate,58.06703865561822,0,medium,0
28,primary,9,0,intermediate,53.18134843955281,0,small,0
57,bachelor,36,3,intermediate,49.096027722996354,1,medium,1
50,primary,36,3,advanced,66.28958625416236,0,large,0
48,high_school,35,1,advanced,53.870117495835686,0,medium,0
51,primary,28,2,intermediate,85.67218423455465,0,medium,0
24,primary,8,0,intermediate,89.38977011545114,1,small,0
40,high_school,25,0,basic,72.12385545910301,0,large,0
24,bachelor,8,2,intermediate,68.65266952855006,0,medium,0
42,phd,22,2,intermediate,65.2786405493972,0,large,1
20,master,0,1,intermediate,100.0,0,small,0
55,master,35,5,advanced,94.43644121154229,0,small,1
37,high_school,22,2,basic,61.93123546419439,1,small,0
51,high_school,37,2,advanced,62.01656537462511,0,small,0
47,primary,32,0,intermediate,69.90397900364667,1,medium,0
34,master,15,1,basic,47.30604835838234,1,small,1
27,primary,8,1,intermediate,38.0015511311417,0,small,0
52,bachelor,38,1,intermediate,44.930624763411736,1,small,0
37,high_school,16,2,intermediate,60.47451406800059,1,large,0
35,high_school,17,1,basic,50.82555958716995,0,large,0
44,phd,27,3,intermediate,86.82285315943427,0,small,1
53,master,39,3,basic,42.96115682008649,0,large,1
40,master,25,1,advanced,44.96802977834531,1,small,1
49,bachelor,32,5,advanced,37.483640996023524,0,small,1
27,master,6,1,intermediate,55.32034826236433,1,small,1
28,bachelor,11,1,basic,59.02516061651332,0,small,0
55,master,32,0,intermediate,63.80659830606071,0,medium,0
23,high_school,1,5,intermediate,64.47801999934634,0,small,0
58,bachelor,38,0,advanced,55.67315969975114,1,medium,1
51,bachelor,34,3,basic,49.213147503663265,0,small,0
53,high_school,38,2,intermediate,71.2828513365386,1,small,1
54,master,35,0,intermediate,51.504477665189775,1,large,1
34,phd,18,1,basic,76.71750198734439,0,small,1
57,bachelor,40,1,basic,42.76386939964996,0,large,0
57,high_school,38,0,intermediate,53.77755114769072,1,medium,0
29,bachelor,8,1,intermediate,95.6335835144167,1,large,1
38,master,17,1,advanced,97.67896885757341,0,large,1
57,bachelor,39,1,advanced,44.58406153948573,1,large,1
36,primary,22,1,intermediate,83.11178950818346,0,large,0
20,bachelor,7,0,intermediate,89.20313938515066,0,large,0
35,primary,15,1,basic,80.94676207731167,0,medium,0
36,master,15,2,advanced,63.9976582878886,1,large,1
23,high_school,3,4,intermediate,36.05097296823967,0,medium,0
33,bachelor,12,3,intermediate,66.27060425341092,1,large,1
25,master,11,0,advanced,71.17250232208032,0,large,1
35,primary,22,1,basic,68.57623346500974,0,large,0
60,high_school,40,1,intermediate,72.15434389890696,1,large,0
56,high_school,38,1,intermediate,52.81850869645129,1,medium,0
29,high_school,12,1,basic,57.742705918914105,0,large,0
27,high_school,7,3,basic,29.088433095138107,0,small,0
24,phd,3,3,intermediate,78.35332243558517,1,small,1
18,master,0,1,intermediate,51.53503058512534,1,small,0
53,master,40,0,intermediate,61.26367250064016,0,small,0
38,master,17,2,advanced,68.79748923593039,1,large,1
54,high_school,39,2,intermediate,56.591389640980864,1,medium,0
41,high_school,28,1,intermediate,48.91225817064089,1,small,0
42,high_school,29,2,basic,68.837754357725,0,large,0
24,master,3,3,basic,38.2480094824417,0,small,0
59,bachelor,38,1,intermediate,76.50275187223157,0,small,0
34,high_school,18,2,intermediate,74.90663687685166,1,medium,1
46,high_school,26,3,intermediate,56.75417407443538,0,small,0
47,bachelor,30,3,intermediate,57.58958491052981,0,small,0
24,bachelor,3,2,basic,50.18356794512563,1,large,0
50,master,34,0,intermediate,59.26709655709986,0,medium,0
24,high_school,3,0,intermediate,61.98753156048866,0,small,0
41,master,22,0,basic,60.22295903500222,1,medium,1
28,bachelor,5,2,advanced,86.72998219726776,0,medium,1
26,bachelor,7,3,intermediate,38.764160555278245,1,small,1
29,master,11,1,basic,51.379664755577195,0,small,0
52,master,35,1,intermediate,75.97135044484503,0,large,1
21,primary,0,1,advanced,95.82356155323137,0,small,0
53,high_school,31,1,intermediate,52.03977735637451,1,large,0
45,bachelor,30,1,intermediate,80.18195373769638,1,small,1
30,bachelor,16,3,intermediate,47.748182872719056,0,medium,0
40,bachelor,17,2,intermediate,59.15981646146753,1,small,1
36,master,14,1,intermediate,65.15243282184701,0,medium,0
59,high_school,37,0,intermediate,54.64226355281515,0,small,0
54,bachelor,40,1,intermediate,58.71147138532637,0,small,0
56,high_school,39,1,basic,44.54603003083098,1,large,0
41,master,23,2,basic,75.11441312611159,0,medium,1
33,phd,18,0,advanced,51.529300087547384,1,small,1
50,bachelor,37,0,advanced,55.042287381577076,0,large,0
29,high_school,12,1,intermediate,53.270842222953675,0,small,0
51,master,30,1,intermediate,54.06841574471484,1,medium,1
24,bachelor,3,1,basic,67.16788590926451,1,small,0
28,high_school,5,4,intermediate,65.94109842297644,0,large,0
48,master,32,0,intermediate,100.0,0,medium,1
46,phd,23,2,intermediate,61.323783213673934,1,large,1
30,bachelor,17,1,intermediate,63.493618329520245,0,small,0
48,bachelor,26,1,intermediate,85.05491875471535,0,medium,0
19,high_school,6,3,intermediate,68.37327057635065,0,medium,0
56,bachelor,39,0,advanced,63.519151528340714,1,small,1
32,bachelor,9,3,advanced,62.99662106574505,0,medium,1
28,high_school,8,0,intermediate,67.90975822832375,0,large,0
51,primary,36,4,basic,79.62161939629755,0,large,0
56,high_school,40,3,advanced,85.1802084607729,0,medium,1
21,high_school,8,3,basic,80.47305753050745,0,medium,0
28,bachelor,12,2,intermediate,72.00319585256389,1,small,1
46,bachelor,25,4,advanced,68.1614162525088,0,large,1
19,bachelor,0,2,basic,95.57238055202677,0,medium,0
33,high_school,13,0,intermediate,57.88302630521901,1,small,0
56,bachelor,40,0,intermediate,75.4735184245193,1,large,1
30,master,14,3,intermediate,82.61319821138346,1,medium,1
54,bachelor,40,2,advanced,80.66460041600948,1,medium,1
34,phd,17,2,advanced,53.56409871237937,0,large,1
38,bachelor,21,0,basic,100.0,1,medium,1
36,bachelor,22,2,basic,90.05810520580327,1,medium,1
24,primary,10,2,advanced,80.8997285002618,0,small,1
55,bachelor,38,2,intermediate,49.90354697322709,0,small,0
25,master,2,1,basic,79.69656549987543,1,small,1
30,master,13,1,intermediate,30.328531007215503,0,medium,0
54,phd,34,1,basic,61.516825716497266,0,small,0
19,high_school,0,1,basic,66.6000291315382,1,large,0
58,bachelor,39,2,intermediate,58.26193362922358,0,large,0
28,bachelor,6,3,intermediate,88.74954251224939,0,large,1
41,bachelor,25,0,intermediate,66.55632864533165,1,small,0
23,high_school,8,1,intermediate,50.581712324135474,0,medium,0
43,master,24,3,advanced,76.29695735415869,1,medium,1
24,master,3,2,intermediate,70.97625049806429,0,medium,1
56,bachelor,40,0,intermediate,38.70173519406988,1,small,0
36,high_school,19,0,intermediate,85.06932922452117,1,large,0
23,high_school,0,0,intermediate,66.51933166976575,0,medium,0
60,bachelor,40,0,intermediate,79.7788386616396,1,small,1
46,high_school,25,3,intermediate,71.15788975824962,1,medium,1
60,master,40,2,basic,59.94709838559668,0,medium,1
56,bachelor,34,1,intermediate,71.36370893265438,0,large,0
19,bachelor,6,1,basic,63.48864734447896,0,small,0
36,bachelor,21,0,intermediate,69.36192007305235,1,small,0
21,primary,8,2,basic,74.01889767277858,0,large,0
23,master,0,3,intermediate,67.20368538514204,0,medium,0
54,bachelor,34,0,intermediate,71.97665312176345,1,large,1
45,phd,31,2,advanced,59.418764477369926,0,medium,1
47,bachelor,29,1,intermediate,56.428490712481874,0,medium,0
24,bachelor,7,0,basic,76.6225445317646,0,medium,0
26,primary,5,1,advanced,86.75278548965443,0,medium,0
42,bachelor,27,2,intermediate,57.237506786115354,0,medium,0
50,master,30,4,basic,69.7275046039346,1,medium,1
18,master,0,1,intermediate,43.8638839407824,1,small,0
23,master,7,2,basic,92.07073692747748,0,small,1
35,high_school,14,3,intermediate,82.1903781793975,0,small,0
27,phd,11,3,advanced,56.242929009198534,0,small,1
45,phd,32,1,intermediate,59.706515933625276,0,medium,0
28,primary,5,1,intermediate,83.13894432216188,1,large,0
50,master,34,1,basic,67.63885020062497,0,medium,0
18,high_school,5,2,basic,74.4918751826482,1,medium,0
30,bachelor,17,3,advanced,50.20691880363371,1,small,1
54,high_school,40,2,intermediate,73.65368142637656,0,large,0
37,phd,21,1,intermediate,62.77121311078942,1,large,1
18,high_school,0,2,intermediate,69.48273549166896,1,medium,0
20,bachelor,1,1,basic,59.037325350384826,1,small,0
35,bachelor,20,1,advanced,61.835387999466306,0,large,0
58,high_school,40,3,basic,66.5581597891585,0,small,0
31,bachelor,8,1,intermediate,56.222998571738955,0,medium,0
48,high_school,30,0,advanced,99.02455881110676,0,medium,0
44,bachelor,21,0,intermediate,49.17824957256813,0,large,0
34,phd,16,2,advanced,72.49781380543645,0,medium,1
46,master,25,2,intermediate,69.54099547416894,0,small,1
53,master,35,2,intermediate,76.41378609978089,0,small,1
54,high_school,36,3,advanced,27.491655571362095,0,small,0
43,high_school,20,2,advanced,39.69590424944643,0,medium,0
34,bachelor,19,1,intermediate,56.773250276435064,0,large,0
39,primary,23,0,intermediate,78.80367019340778,0,small,0
42,master,20,1,intermediate,61.0394917370044,0,small,0
19,high_school,0,3,basic,60.42792474038977,0,medium,0
39,master,20,1,basic,65.2368111943981,0,small,0
22,primary,8,0,basic,52.38489039745999,0,large,0
21,master,0,4,advanced,72.05088897483637,0,small,1
53,high_school,40,2,intermediate,67.87988584665655,0,large,0
23,primary,0,2,advanced,72.53607475848979,1,small,1
38,bachelor,16,1,intermediate,87.74268008388441,0,medium,0
30,high_school,11,0,intermediate,61.54732834736069,1,medium,0
54,bachelor,40,1,basic,66.65263111057176,1,small,0
42,bachelor,28,3,intermediate,50.21841040986634,0,small,0
43,high_school,26,0,advanced,46.20988907391882,0,large,0
56,master,37,0,advanced,64.88876560174411,1,medium,1
37,bachelor,14,1,intermediate,66.54380299973238,1,small,0
50,bachelor,33,1,intermediate,75.34101723489826,0,small,0
31,bachelor,13,0,intermediate,73.63028479617176,0,medium,0
53,bachelor,36,0,basic,68.81531900697138,1,medium,0
34,high_school,12,1,basic,90.27310491111135,0,small,0
38,high_school,19,1,intermediate,60.318780655347375,0,medium,0
33,bachelor,17,3,intermediate,62.15544728946397,0,small,0
33,bachelor,16,0,intermediate,69.2487355180417,0,medium,0
37,high_school,19,2,intermediate,47.24143566810521,1,large,0
46,bachelor,28,3,basic,75.31922545379976,1,medium,1
45,bachelor,22,4,intermediate,66.07167647881256,1,medium,1
25,primary,2,2,intermediate,66.35333190466993,0,large,0
41,high_school,24,1,basic,73.14199247765733,1,medium,0
20,bachelor,0,0,advanced,70.63860714780961,0,small,0
42,primary,24,4,intermediate,71.16559578375524,1,small,1
36,high_school,17,2,intermediate,59.15478391620873,0,large,0
50,primary,29,1,advanced,88.54211374569505,1,large,1
19,phd,1,3,basic,43.06767387811813,1,large,1
32,bachelor,11,1,advanced,54.716294270316304,1,medium,1
39,primary,23,2,intermediate,56.71247910747627,1,medium,0
27,primary,10,1,basic,54.18985549579352,0,medium,0
35,bachelor,20,0,intermediate,38.801006614092856,1,medium,0
39,bachelor,20,0,advanced,89.66082983882484,1,medium,1
44,master,21,0,intermediate,74.63752899600357,0,medium,1
30,master,17,4,intermediate,55.52976923247297,0,small,1
50,bachelor,36,3,basic,75.45763302018571,0,medium,1
22,high_school,9,1,basic,62.59212259180319,1,medium,0
43,master,27,1,intermediate,60.63502246536565,0,small,0
30,phd,8,2,intermediate,50.59871382359036,1,small,1
44,bachelor,26,2,advanced,65.25861153564254,0,large,1
31,bachelor,8,1,intermediate,55.51539793708806,0,medium,0
41,high_school,23,1,intermediate,50.41722758482297,0,large,0
20,high_school,0,1,basic,79.33390835255601,0,medium,0
47,bachelor,28,1,basic,52.66592227129106,0,medium,0
52,master,38,2,basic,86.06808494600307,1,medium,1
31,bachelor,14,0,intermediate,54.28022016729895,0,medium,0
29,master,11,5,basic,42.455571575001926,0,large,1
45,high_school,22,2,advanced,72.87582398152526,1,small,1
46,high_school,31,2,intermediate,58.298368972587724,0,medium,0
60,bachelor,40,1,advanced,41.28772303848257,1,small,1
34,high_school,16,0,intermediate,68.82066870728976,1,medium,0
57,bachelor,40,0,intermediate,45.41136058187182,1,large,0
38,high_school,24,2,intermediate,35.162221015579746,1,small,0
40,master,21,0,advanced,75.1555467713802,0,small,1
37,master,24,0,intermediate,87.3349243657454,1,large,1
28,bachelor,10,1,intermediate,59.079446348256695,1,small,0
51,high_school,33,1,intermediate,83.17457762621501,1,large,0
27,bachelor,10,1,basic,77.03064008088208,1,medium,1
27,phd,12,2,intermediate,75.0085553788634,0,small,1
60,bachelor,40,1,advanced,62.454439528476875,1,medium,1
23,primary,4,0,basic,56.058007033748304,0,medium,0
53,primary,33,0,intermediate,70.16182987106588,0,small,0
41,high_school,27,3,intermediate,74.7202252227221,0,large,0
29,high_school,9,0,advanced,46.090600548095715,0,small,0
60,master,40,4,basic,60.13562981662853,1,small,1
40,master,18,2,basic,62.15998931974739,0,medium,1
44,high_school,30,1,basic,60.767105280869536,0,large,0
54,high_school,38,0,basic,54.87340052566083,0,small,0
23,high_school,1,1,intermediate,45.01054370474657,0,large,0
18,master,0,2,basic,60.43607345155958,1,large,1
23,bachelor,9,0,intermediate,60.83416974147357,1,small,0
39,bachelor,24,0,advanced,57.90858795573854,1,medium,1
58,bachelor,40,0,basic,74.73998456110144,1,large,1
41,bachelor,25,5,basic,44.47069399511518,0,small,0
42,high_school,24,2,advanced,69.20589815454156,1,small,1
32,high_school,12,1,intermediate,38.09404586755652,1,large,0
43,bachelor,21,2,basic,64.00630665770636,0,medium,0
25,bachelor,9,3,intermediate,31.16598008478266,0,small,0
41,high_school,20,4,advanced,51.65213682908555,0,small,0
55,high_school,40,0,basic,64.67077962485199,0,large,0
23,high_school,3,1,intermediate,43.62482338322426,0,medium,0
52,bachelor,33,0,basic,43.721959184588435,0,small,0
59,bachelor,39,1,intermediate,79.72841690453589,0,large,0
18,master,5,1,advanced,41.06635351124341,0,medium,0
53,primary,37,2,basic,63.21747700824312,0,medium,0
29,high_school,14,1,intermediate,87.14061582702902,0,large,0
55,high_school,32,2,intermediate,67.13632925295504,1,medium,0
28,bachelor,6,2,intermediate,65.43415153281975,0,small,0
29,bachelor,9,2,basic,54.29680174817458,1,large,1
59,bachelor,36,3,intermediate,54.348078992664654,1,small,1
56,high_school,40,2,intermediate,62.48337901738318,1,large,0
24,bachelor,6,0,basic,35.05171565026906,0,medium,0
28,master,9,0,intermediate,80.19083400920705,1,medium,1
53,master,36,0,advanced,68.11355366908685,0,large,1
48,phd,30,0,basic,38.7831662060356,0,small,0
50,master,29,2,intermediate,80.39036437202948,1,medium,1
30,master,11,2,basic,75.18865263372544,0,large,1
35,high_school,14,1,basic,71.58633340593342,0,medium,0
58,high_school,40,2,basic,98.54394527868774,1,medium,1
41,primary,19,0,intermediate,66.44504338527526,0,small,0
26,bachelor,8,4,basic,87.95241823819174,0,medium,1
48,master,33,1,intermediate,65.38267106037269,1,medium,1
58,high_school,40,2,advanced,71.78639144112529,1,small,1
27,bachelor,10,1,basic,56.69986065021142,0,medium,0
19,bachelor,0,2,intermediate,36.7201631377553,0,small,0
55,master,33,2,basic,37.601229835779286,0,medium,1
32,bachelor,10,1,basic,63.733293665011225,1,large,0
20,phd,0,3,basic,61.44115060664591,0,medium,0
60,high_school,40,1,intermediate,47.30044711449037,1,small,0
48,high_school,26,1,basic,60.84250500435587,1,large,0
23,bachelor,7,2,intermediate,71.75203451250233,1,large,1
20,high_school,6,0,basic,84.36378689275179,0,large,0
28,primary,11,1,intermediate,54.61786969951509,1,large,0
32,bachelor,15,0,intermediate,70.89375099933399,0,large,0
45,master,24,2,basic,91.08843409011297,0,large,1
27,bachelor,10,2,intermediate,76.2500423683816,0,small,1
55,high_school,39,4,basic,53.458025461025954,1,small,0
24,bachelor,5,4,basic,66.52096683894625,1,small,0
32,high_school,9,1,advanced,67.77160011727364,1,medium,0
35,primary,12,3,intermediate,74.56190932271241,1,small,1
35,bachelor,22,1,advanced,65.58593648180377,0,large,0
58,high_school,38,1,basic,72.25445613479337,0,medium,0
41,primary,19,2,intermediate,80.29529215091549,1,large,1
19,master,2,2,basic,49.22268719836168,1,small,1
57,primary,36,4,intermediate,45.19092935438505,0,medium,0
37,phd,17,1,intermediate,74.13239747311788,1,medium,1
51,bachelor,36,2,basic,62.7008539065364,0,medium,0
60,phd,38,0,intermediate,77.9466644999332,1,large,1
43,primary,27,1,basic,81.31511256736489,0,large,0
24,bachelor,1,2,advanced,37.24400483980541,0,small,0
55,high_school,34,0,intermediate,52.4444719631516,1,medium,0
47,master,27,3,intermediate,63.12285375946932,0,small,1
59,high_school,40,2,advanced,49.6443470298554,1,small,1
22,high_school,0,0,basic,57.90552921159174,0,large,0
28,master,12,1,intermediate,45.81982150993119,1,large,1
18,high_school,0,3,basic,58.42108310921739,1,medium,0
51,primary,32,2,basic,50.50952514752406,0,medium,0
18,high_school,0,2,basic,70.16935930324549,1,small,0
36,bachelor,20,2,intermediate,78.53630249560463,0,large,1
19,high_school,0,2,intermediate,71.13118086774035,0,large,0
38,bachelor,23,2,basic,100.0,1,large,1
37,primary,18,1,basic,79.08295701170911,0,medium,0
40,bachelor,24,0,basic,78.52024676405364,0,medium,0
38,master,18,3,basic,63.76846114964432,0,large,1
41,bachelor,26,1,intermediate,60.39713655327843,0,large,0
21,bachelor,5,0,intermediate,84.09661347546322,0,large,0
29,primary,10,2,intermediate,61.204550654638226,1,medium,0
39,high_school,18,2,intermediate,65.5238185890227,0,small,0
37,high_school,14,2,intermediate,62.41724349576386,0,medium,0
35,bachelor,16,1,intermediate,73.09936976844136,1,small,1
18,bachelor,0,4,basic,78.37291963682621,0,small,0
47,master,27,2,basic,80.9649132747386,1,small,1
50,primary,36,2,intermediate,60.44371592955055,0,large,0
41,bachelor,27,2,advanced,67.73239785904015,1,large,1
31,bachelor,15,2,intermediate,69.97048867098968,0,small,0
53,bachelor,32,1,basic,86.96303920493196,1,small,1
22,master,8,2,basic,38.20773479457743,1,large,1
28,high_school,13,2,intermediate,65.17168179331976,0,small,0
41,primary,20,1,intermediate,55.35397011516074,0,medium,0
48,bachelor,28,1,basic,57.0120718832803,1,small,0
30,high_school,12,2,intermediate,52.24265400964079,0,small,0
33,primary,18,0,intermediate,73.08681926709345,0,medium,0
41,high_school,27,2,intermediate,28.238946085910882,0,medium,0
30,high_school,8,1,intermediate,62.923166757401496,0,medium,0
41,bachelor,19,0,intermediate,37.67685038264672,0,small,0
43,high_school,21,1,basic,54.61240136354669,0,small,0
19,bachelor,0,2,intermediate,61.79385099956324,0,medium,0
33,bachelor,15,2,advanced,58.915373867741714,1,small,1
55,bachelor,34,1,advanced,75.21722092497316,1,large,1
18,phd,0,2,basic,83.74497655335718,0,small,1
28,primary,6,2,intermediate,94.37239235594735,0,medium,0
52,phd,39,1,advanced,64.88727778417218,1,small,1
60,bachelor,40,2,intermediate,82.4162696663526,1,medium,1
46,master,23,0,basic,86.95920322311737,1,medium,1
54,bachelor,39,1,advanced,57.85602850270375,1,small,1
34,bachelor,21,1,basic,83.4964004406744,1,medium,1
56,master,40,2,basic,32.36471066268554,0,large,1
59,master,39,2,intermediate,69.46558546700713,1,large,1
45,high_school,23,2,basic,89.08192153016444,1,large,1
46,high_school,28,2,basic,66.48974600341214,1,small,0
60,bachelor,40,1,intermediate,62.14415777134325,1,large,0
20,master,0,2,intermediate,62.068613451083394,0,large,0
27,high_school,6,3,advanced,87.02696342936585,0,small,1
59,bachelor,40,2,intermediate,41.12481164665951,0,small,0
31,bachelor,11,2,advanced,59.134953401871094,0,medium,1
29,master,10,3,intermediate,77.6347556161655,0,medium,1
59,bachelor,37,1,intermediate,69.76836643613527,0,small,0
47,bachelor,34,1,intermediate,82.80304906352154,1,small,1
49,phd,26,0,intermediate,75.23392714222418,0,medium,1
49,bachelor,30,1,intermediate,57.921848611657246,1,large,0
59,bachelor,40,3,basic,73.72197003343787,0,large,1
49,high_school,26,1,intermediate,45.2062276968458,1,medium,0
43,bachelor,22,0,intermediate,34.742147461909056,0,large,0
18,high_school,2,0,basic,55.82736193861994,0,large,0
59,high_school,40,0,advanced,66.1984256931832,0,medium,0
19,bachelor,3,2,intermediate,52.825571120690284,0,large,0
34,bachelor,19,3,intermediate,67.61570597873813,0,small,0
47,bachelor,24,0,basic,65.8779111792771,1,large,0
56,high_school,36,0,intermediate,37.0983466916412,0,large,0
24,bachelor,6,1,advanced,56.9048122415065,1,small,1
44,bachelor,27,1,basic,79.11556733567204,1,medium,1
26,bachelor,7,1,intermediate,72.2977162400605,0,medium,0
39,high_school,22,1,intermediate,54.55318781761967,1,medium,0
51,bachelor,38,4,intermediate,74.28353499073168,0,large,1
18,master,4,1,intermediate,91.3276134451236,0,large,0
26,high_school,10,4,intermediate,58.63314268788024,1,small,0
37,high_school,23,1,intermediate,76.12153147405459,0,large,0
36,bachelor,18,1,intermediate,73.75404983390796,1,small,1
53,bachelor,40,2,basic,57.839234655960205,0,medium,0
57,bachelor,37,2,advanced,48.00803298111402,0,medium,1
21,bachelor,0,3,basic,89.75999794120285,1,small,1
26,high_school,13,1,intermediate,81.32936964525803,0,medium,0
58,high_school,39,1,basic,60.829364197235286,0,large,0
39,high_school,25,2,advanced,83.20312490177419,0,medium,1
35,high_school,21,2,advanced,73.3228771673019,1,medium,1
29,bachelor,15,5,intermediate,83.09319188470846,0,medium,1
59,primary,39,2,basic,38.11238120179695,1,large,0
60,master,40,0,intermediate,58.87562685314762,0,large,0
56,master,36,2,basic,88.60157873048618,1,medium,1
26,master,11,3,intermediate,100.0,0,large,1
23,master,2,0,advanced,59.15339108338819,0,small,0
36,bachelor,15,0,intermediate,58.892244500702674,1,medium,0
24,master,10,3,advanced,75.24592979370166,0,small,1
33,high_school,16,1,basic,70.1639066870511,0,small,0
22,primary,0,0,advanced,72.99922378560481,0,large,0
33,master,18,1,basic,32.56573316276891,0,large,0
18,primary,2,1,basic,61.41888612822052,0,small,0
54,phd,36,0,advanced,77.08023671068679,1,large,1
56,bachelor,40,1,intermediate,29.684347365598875,0,medium,0
36,master,23,0,intermediate,40.738926025366695,1,large,1
54,high_school,33,1,advanced,38.39146026016952,0,medium,0
34,bachelor,14,3,intermediate,74.76086677644079,1,medium,1
43,primary,26,2,basic,51.055795010871506,1,medium,0
39,master,16,2,intermediate,46.98559396804197,0,small,1
25,high_school,2,1,basic,65.82472209229202,1,medium,0
50,bachelor,27,1,basic,46.39142101336273,0,small,0
19,high_school,3,1,intermediate,71.7739545003406,1,medium,0
47,primary,29,2,advanced,100.0,1,small,1
37,bachelor,16,1,intermediate,59.469519904662114,0,medium,0
35,high_school,21,2,intermediate,35.85459771441407,0,large,0
60,bachelor,40,1,advanced,58.20656527276051,0,large,0
27,high_school,9,1,advanced,72.34942550259107,0,small,0
41,high_school,22,2,intermediate,70.85031459894391,0,medium,0
21,bachelor,0,0,basic,77.57657219670536,0,large,0
54,high_school,34,1,basic,56.09308204069961,1,large,0
21,high_school,8,2,intermediate,60.79948892807982,0,small,0
30,master,17,3,basic,28.2208141937596,0,medium,1
42,high_school,19,1,intermediate,74.21076972600886,0,small,0
30,primary,15,2,intermediate,45.347457437384975,0,large,0
35,high_school,16,0,intermediate,68.00088692889298,1,medium,0
41,bachelor,19,2,advanced,51.93140406609365,0,small,1
19,bachelor,6,1,intermediate,63.696991412094,0,medium,0
50,high_school,35,3,basic,79.37641049491425,1,large,1
36,master,19,2,intermediate,58.442236248062585,1,small,1
26,primary,10,0,advanced,53.905126037044504,0,medium,0
45,bachelor,24,2,basic,65.03870065418081,0,medium,0
52,high_school,35,1,basic,55.36272095357113,0,large,0
56,bachelor,40,5,intermediate,50.87275981805308,1,small,1
27,phd,4,0,basic,92.99884017601585,0,large,0
18,bachelor,0,1,intermediate,37.17732455440991,0,small,0
59,phd,40,3,intermediate,74.80787195899413,0,large,1
38,high_school,20,3,intermediate,62.9660019654744,1,medium,0
26,primary,13,2,intermediate,52.61248026843296,0,small,0
32,high_school,18,1,basic,70.21101329030868,0,medium,0
52,high_school,34,0,intermediate,65.51607333420762,1,small,0
22,high_school,1,0,intermediate,84.80795118938586,1,small,0
58,primary,40,0,advanced,47.98246736765887,0,medium,0
39,bachelor,18,1,intermediate,57.25791124141342,1,large,0
58,high_school,40,1,intermediate,80.1740362156065,0,medium,0
40,high_school,25,4,intermediate,61.92557267880689,1,medium,0
24,high_school,7,2,intermediate,73.20129617360347,0,large,0
40,master,20,1,basic,83.22204415859122,1,small,1
42,high_school,21,3,basic,73.4328764389776,0,medium,0
44,bachelor,26,2,basic,55.83301912777405,1,large,1
58,bachelor,40,1,intermediate,59.73512632597103,1,small,0
23,bachelor,2,0,intermediate,83.34926790171669,1,medium,0
51,high_school,35,0,intermediate,67.32818122053598,1,large,0
26,high_school,8,2,advanced,61.944134386100146,0,small,0
50,bachelor,30,0,intermediate,70.75414968352813,0,large,0
23,high_school,4,1,intermediate,45.73657887050068,1,medium,0
54,high_school,33,3,advanced,61.448707377343204,1,large,1
48,high_school,26,2,intermediate,63.82196454524174,0,medium,0
51,master,36,1,intermediate,63.57675529977167,0,medium,0
58,bachelor,37,1,intermediate,59.085987208099546,1,large,0
46,bachelor,28,5,basic,60.36799522769883,0,large,0
31,bachelor,12,1,advanced,63.29048131648655,0,medium,0
53,master,39,2,advanced,86.90416628472184,0,large,1
53,bachelor,40,2,intermediate,31.95356800139325,1,medium,1
32,bachelor,16,2,intermediate,75.48459286192671,1,medium,1
25,master,6,3,intermediate,63.69852096356286,0,small,1
43,bachelor,30,0,advanced,64.0729779073218,1,medium,1
53,high_school,37,2,advanced,58.90707414660591,0,large,0
38,high_school,25,4,basic,72.5271172086261,1,small,1
45,master,26,1,intermediate,79.25310546191645,0,medium,1
21,master,8,3,intermediate,36.55704580922994,0,medium,1
33,bachelor,19,1,basic,96.409091919846,0,medium,0
39,bachelor,21,0,intermediate,67.16182549113402,0,large,0
29,bachelor,10,0,basic,66.64529075902301,1,large,0
33,bachelor,11,2,advanced,44.086761316417,1,medium,1
57,bachelor,40,2,basic,56.43495462699471,1,large,1
55,high_school,40,2,advanced,85.38600425637443,0,large,1
59,phd,40,0,advanced,66.03014887649682,0,large,1
54,master,37,3,basic,71.23636973720586,0,large,1
46,bachelor,25,5,intermediate,58.08212555881808,1,large,1
35,high_school,14,0,intermediate,94.5615095761851,0,small,0
27,high_school,10,4,advanced,62.701085775910805,1,small,1
59,bachelor,40,2,intermediate,81.95766302695579,0,large,1
56,bachelor,40,1,intermediate,62.73093981024291,0,small,0
35,bachelor,15,4,advanced,70.21304598666208,1,small,1
18,high_school,0,3,basic,70.28299426072593,1,small,0
56,bachelor,40,3,intermediate,78.86851673388232,0,large,1
38,master,23,3,advanced,76.08156570424003,1,small,1
18,primary,0,2,basic,57.88896414838628,1,medium,0
32,bachelor,10,3,advanced,82.38557833001003,1,medium,1
21,master,0,2,intermediate,50.14792243402007,1,small,1
37,bachelor,18,0,intermediate,47.24682122913431,0,small,0
27,bachelor,14,0,intermediate,60.62872971454453,0,small,0
40,bachelor,27,1,basic,70.90101804127505,1,small,1
58,phd,39,0,basic,49.666126519875064,0,medium,0
51,primary,36,2,intermediate,63.83255039145947,1,small,0
50,bachelor,36,1,advanced,44.228533125111454,1,medium,1
51,primary,30,0,intermediate,60.956576517850344,0,large,0
56,high_school,34,0,intermediate,79.57755189892856,0,large,0
27,high_school,13,4,intermediate,52.346089163425155,0,large,0
37,high_school,21,2,basic,46.67500771348874,0,large,0
18,phd,1,2,advanced,70.67937261203488,0,medium,1
30,master,15,1,basic,53.18613078611872,1,large,1
18,high_school,0,1,intermediate,100.0,1,large,0
22,bachelor,4,1,intermediate,67.87980838434241,1,large,0
33,bachelor,14,0,intermediate,80.36940802846458,0,medium,0
32,master,13,0,intermediate,45.27988059204296,1,small,1
45,bachelor,31,1,advanced,71.86053000225348,1,small,1
48,primary,32,1,intermediate,49.90858266310258,0,medium,0
40,master,17,0,basic,62.31337713383834,1,large,1
60,bachelor,37,3,advanced,53.71593894076443,0,medium,1
34,bachelor,13,1,basic,80.59557627021069,1,small,1
51,master,38,0,intermediate,69.81727420435432,0,large,0
30,master,8,4,advanced,66.76115355427308,1,large,1
31,bachelor,9,1,advanced,85.4159280604715,0,large,1
28,bachelor,6,1,intermediate,65.23798131527234,0,small,0
45,phd,25,1,basic,80.45580210874992,0,medium,1
59,high_school,36,1,intermediate,92.00894418289147,1,large,0
49,high_school,35,4,advanced,67.10223168381623,1,medium,1
52,high_school,37,0,intermediate,68.89302294664535,0,medium,0
48,master,29,2,intermediate,79.31819916445436,0,small,1
34,bachelor,15,2,intermediate,86.55133528307829,0,large,1
26,high_school,11,2,intermediate,66.9230678694058,1,large,0
27,phd,8,1,advanced,55.43848669598143,1,medium,1
25,bachelor,12,3,intermediate,77.99851891987745,0,medium,1
38,master,22,3,basic,73.57510936813736,0,small,1
30,primary,17,2,intermediate,77.85431290898276,0,medium,0
22,bachelor,0,1,intermediate,75.4811226042325,0,large,0
23,bachelor,0,3,intermediate,68.10149749466422,1,small,0
47,bachelor,27,2,basic,68.96888263093604,0,small,0
48,bachelor,32,2,intermediate,75.53367601584964,0,large,1
34,master,13,3,advanced,43.25708911533742,1,medium,1
28,high_school,5,0,intermediate,84.94520667592843,1,large,0
37,master,24,1,advanced,71.7496827382811,1,medium,1
26,high_school,11,0,intermediate,52.307969245108666,0,small,0
19,high_school,4,3,intermediate,67.77670967374675,0,medium,0
54,primary,39,2,basic,84.7788513679607,1,small,1
18,high_school,3,0,intermediate,69.35415202399996,1,small,0
21,high_school,0,2,intermediate,54.01915291909839,1,medium,0
53,master,40,0,advanced,45.88261432876385,0,medium,1
42,bachelor,29,2,basic,100.0,1,small,1
20,bachelor,7,2,basic,38.9162610985704,0,medium,0
26,bachelor,6,1,basic,70.05370189700412,0,large,0
39,primary,17,1,intermediate,56.20206586391393,0,large,0
40,high_school,23,1,advanced,80.63660152888556,1,medium,1
29,bachelor,16,1,basic,46.75538453948626,0,medium,0
27,bachelor,6,0,intermediate,89.12555892346059,1,medium,1
51,master,36,1,basic,63.124073453010496,0,small,0
60,bachelor,40,1,intermediate,61.69784457044182,0,large,0
27,bachelor,11,1,basic,60.30103016271845,1,large,0
47,bachelor,32,1,intermediate,56.11109581504725,0,small,0
39,phd,23,1,intermediate,59.469483829759,1,medium,1
23,high_school,6,0,basic,75.77530966727221,0,small,0
19,bachelor,4,0,intermediate,39.17405967040784,0,large,0
47,bachelor,34,1,intermediate,53.7652643448762,1,large,0
19,phd,0,0,intermediate,87.42709011262771,1,small,1
49,high_school,36,0,intermediate,63.64353180816129,0,large,0
59,bachelor,39,0,intermediate,56.413518835487785,0,small,0
33,high_school,13,0,intermediate,45.878216960497745,0,small,0
29,bachelor,10,1,advanced,47.44651083378265,1,small,1
18,high_school,2,1,advanced,79.73306226856688,1,large,0
25,primary,11,2,intermediate,52.66074141351213,0,large,0
30,bachelor,7,0,advanced,77.06800635343298,0,small,1
32,high_school,14,0,advanced,50.29228058209645,1,large,0
25,high_school,10,3,basic,63.113809112318,0,medium,0
27,high_school,13,0,advanced,63.96368173329505,0,medium,0
22,primary,6,3,basic,53.695164157652684,0,large,0
36,phd,14,2,basic,66.15435468549232,1,small,1
55,bachelor,38,4,advanced,33.26149653734184,1,medium,1
28,master,9,1,basic,63.67231538992592,0,medium,0
60,bachelor,38,3,intermediate,71.67748424669925,0,medium,1
37,master,24,1,advanced,52.475859982994294,0,small,1
37,bachelor,14,1,basic,68.19502283142268,0,medium,0
38,bachelor,16,1,basic,67.3021621411518,0,small,0
35,bachelor,22,3,intermediate,67.9047331936557,0,large,0
27,bachelor,13,0,intermediate,44.8277341868817,0,medium,0
51,bachelor,33,2,advanced,66.42756493820283,1,large,1
43,high_school,30,3,advanced,39.16581629692162,0,large,0
47,high_school,31,1,basic,55.558379658383146,1,small,0
26,bachelor,5,0,intermediate,64.94210157093603,0,medium,0
48,bachelor,29,3,intermediate,68.12515225867139,1,large,1
59,primary,40,1,intermediate,46.86044858276968,1,medium,0
21,high_school,0,3,intermediate,60.73744662775197,0,medium,0
23,bachelor,7,4,intermediate,76.91820260922708,1,medium,1
31,master,11,2,intermediate,50.304664723641324,1,large,1
21,primary,8,3,advanced,32.69544940722203,1,medium,1
43,high_school,29,1,advanced,72.94351431858058,0,medium,0
56,master,38,0,basic,50.86688501363494,0,small,0
34,bachelor,13,1,intermediate,55.41358257452844,1,large,0
36,high_school,23,2,intermediate,66.95902939661697,0,medium,0
23,master,7,0,advanced,66.1588792703467,1,large,1
46,bachelor,30,0,advanced,80.323099932838,1,medium,1
28,bachelor,7,3,intermediate,61.37234870297277,0,medium,0
33,phd,18,0,basic,66.02458070451411,0,medium,0
47,master,33,2,basic,39.60636987313585,0,small,1
42,high_school,23,1,intermediate,74.4232191744818,0,medium,0
57,high_school,40,0,advanced,54.62924152997146,0,large,0
28,high_school,13,0,basic,100.0,1,small,0
24,primary,7,2,intermediate,61.79592671639235,0,medium,0
43,primary,29,5,basic,71.36592625905202,0,large,0
39,high_school,18,2,intermediate,74.5656147884311,0,small,0
42,master,24,2,intermediate,63.669896499210495,1,small,1
36,master,22,2,intermediate,71.55140260282943,0,large,1
48,bachelor,26,2,intermediate,98.83171727554034,1,large,1
43,bachelor,25,3,advanced,53.69370737951767,0,medium,1
59,primary,40,1,intermediate,31.350970566331426,1,medium,0
58,high_school,37,5,intermediate,45.45657630308774,1,large,0
53,primary,36,1,advanced,79.95892240322814,0,small,0
40,master,27,1,basic,57.81413576642143,0,small,0
30,high_school,10,0,intermediate,99.97867528740935,0,medium,0
42,master,29,0,advanced,75.90669876576185,0,small,1
19,bachelor,1,0,advanced,55.20461556680606,0,medium,0
19,high_school,4,5,advanced,53.32224314091337,0,medium,0
33,high_school,15,1,basic,58.305988678401064,0,large,0
26,bachelor,6,0,advanced,34.032793076774254,0,medium,0
45,master,31,1,advanced,69.16616422355337,0,large,1
30,bachelor,8,1,intermediate,75.40284749378752,0,large,0
52,high_school,37,1,basic,50.49005852293418,1,large,0
58,bachelor,38,0,intermediate,41.72634151937458,1,medium,0
30,high_school,10,1,intermediate,51.34166650921422,0,medium,0
48,phd,26,0,advanced,79.95840923128642,1,small,1
38,bachelor,19,2,intermediate,77.04831600917768,0,medium,1
49,bachelor,31,2,intermediate,68.23005703862741,0,large,0
51,bachelor,37,1,intermediate,89.62804879649198,1,large,1
25,bachelor,7,1,intermediate,39.66368203856712,1,large,0
58,high_school,37,1,intermediate,61.87432622639303,0,small,0
19,primary,4,1,intermediate,73.40324310494593,0,small,0
55,high_school,38,3,intermediate,76.84653629464528,0,medium,0
49,master,28,0,basic,77.05632366522451,1,medium,1
57,bachelor,37,0,basic,75.85876465518885,0,small,0
45,primary,28,1,intermediate,84.79239066711506,0,large,0
54,master,40,0,basic,76.41752631879953,0,medium,1
58,high_school,40,0,intermediate,47.68378269257501,0,large,0
18,high_school,0,2,intermediate,58.17744499359677,0,medium,0
58,high_school,38,2,intermediate,39.57124518307361,0,small,0
27,bachelor,5,0,advanced,79.94471863603364,0,small,0
21,bachelor,7,3,basic,82.91875472083248,1,large,1
52,bachelor,36,1,basic,46.69444337406877,1,large,0
27,bachelor,4,3,basic,59.30045061178929,1,medium,0
28,high_school,13,2,intermediate,38.66862345987326,1,small,0
31,master,15,1,intermediate,63.184774534842035,1,small,1
55,high_school,34,1,basic,52.59505740560157,0,medium,0
29,master,15,2,basic,47.48435971496669,0,small,1
34,bachelor,14,3,advanced,64.62851226369969,0,small,1
33,bachelor,19,2,intermediate,93.22772839842173,0,large,1
52,bachelor,32,1,intermediate,76.92673849587872,0,large,0
19,bachelor,0,3,advanced,61.223973602491036,1,large,1
28,primary,15,1,advanced,64.27142199851926,0,medium,0
58,master,40,0,basic,93.1748616996039,0,medium,1
20,primary,1,2,intermediate,83.87958765791186,0,small,0
46,high_school,25,2,intermediate,60.34005010965612,0,medium,0
35,bachelor,22,3,advanced,72.51765509412206,0,large,1
37,bachelor,14,2,basic,50.02112673918312,0,small,0
31,primary,9,1,intermediate,65.37137557139067,1,medium,0
51,master,38,2,intermediate,76.46320326477662,0,large,1
48,phd,31,0,advanced,80.30526302858148,0,large,1
57,bachelor,34,1,advanced,55.39798820000803,1,large,1
59,bachelor,37,4,intermediate,80.02634911540038,0,small,1
35,bachelor,21,1,intermediate,67.22660945574589,0,small,0
47,high_school,30,2,advanced,60.67205922333105,0,medium,0
42,bachelor,19,2,intermediate,93.63921025407589,1,medium,1
36,master,19,4,advanced,59.59492879192452,1,small,1
25,phd,9,1,advanced,48.380529749915695,0,small,1
45,master,32,2,advanced,54.91349828075228,1,medium,1
25,high_school,3,0,basic,75.88493234179431,0,small,0
48,high_school,28,2,intermediate,50.199415046011325,1,medium,0
20,high_school,3,2,intermediate,77.44045476969694,1,medium,0
20,bachelor,0,2,intermediate,52.197749215934195,0,small,0
39,high_school,21,2,intermediate,63.87390719831677,1,medium,0
34,high_school,15,1,intermediate,98.15220508304384,0,small,0
53,bachelor,40,4,intermediate,51.762496498007934,0,medium,0
34,master,16,5,advanced,34.699154753347045,0,large,1
31,bachelor,15,3,intermediate,85.51233489021129,0,small,1
26,master,13,0,basic,43.995269303453234,1,small,1
47,primary,34,2,basic,52.81388913584502,1,small,0
38,primary,15,2,basic,75.93099168521435,0,medium,0
29,master,8,0,advanced,75.33021501762929,0,large,1
54,bachelor,40,3,advanced,29.390469795608105,0,large,1
49,bachelor,34,0,intermediate,59.853626906664395,0,large,0
28,primary,12,3,intermediate,77.78289609073536,1,medium,1
37,high_school,17,0,intermediate,95.42773115083915,0,large,0
52,bachelor,39,1,basic,46.41744288791891,0,small,0
28,master,14,2,intermediate,81.02207791316913,1,small,1
25,master,10,0,intermediate,55.070108888659476,0,medium,0
21,bachelor,4,2,advanced,80.62437871625814,0,small,1
44,bachelor,22,1,intermediate,49.39485303896234,0,large,0
57,master,34,2,intermediate,61.549473038104985,1,small,1
55,bachelor,32,6,advanced,70.8110973473024,0,small,1
47,bachelor,26,3,intermediate,79.3136625895806,1,small,1
44,master,30,0,advanced,73.55462404735617,0,large,1
38,master,16,3,intermediate,58.5615483253222,0,large,1
37,master,17,0,basic,57.466032132973034,0,large,0
21,high_school,5,0,basic,91.68472430880942,1,large,0
28,bachelor,9,5,advanced,69.15796050501511,0,large,1
30,master,11,1,basic,57.867883694105984,0,small,0
26,high_school,8,1,intermediate,73.07081051208874,1,medium,0
21,master,2,2,intermediate,74.34245511464802,0,medium,1
29,high_school,10,0,intermediate,44.698711377054664,0,large,0
26,master,9,2,intermediate,72.29411389800603,0,large,1
30,bachelor,12,2,basic,42.40381203435962,0,medium,0
43,high_school,29,0,basic,55.327203822504934,1,medium,0
55,bachelor,40,1,basic,50.20576371360587,0,small,0
59,bachelor,37,2,basic,63.062371712492705,0,small,0
30,bachelor,7,3,basic,58.443500299515335,1,small,1
56,bachelor,33,1,intermediate,61.997653824631044,0,small,0
45,master,25,0,basic,36.57766647257094,0,small,0
36,bachelor,14,1,basic,63.85816631541258,1,large,0
41,bachelor,23,2,intermediate,48.48068389883163,0,medium,0
36,primary,21,3,basic,99.25269155980764,1,medium,1
30,master,16,1,advanced,59.005401536862834,1,medium,1
30,high_school,17,3,intermediate,61.132829494377035,0,large,0
45,bachelor,31,3,advanced,75.42570243591832,1,medium,1
19,master,3,3,basic,84.83740515999176,0,small,1
27,high_school,7,1,basic,47.33573836369143,0,small,0
39,bachelor,17,2,intermediate,73.59569788153394,1,small,1
30,high_school,7,3,intermediate,79.49405046596344,1,medium,1
26,master,9,2,intermediate,67.76990889275919,0,small,1
50,bachelor,36,1,intermediate,67.46937951456422,1,large,0
31,master,10,1,intermediate,57.320866399774914,0,medium,0
37,master,19,1,advanced,60.16731179230836,0,large,1
32,bachelor,13,0,basic,63.383409728606956,1,medium,0
49,bachelor,30,1,intermediate,58.61121323031422,0,large,0
50,bachelor,28,3,intermediate,78.32112996711247,0,large,1
34,high_school,19,0,intermediate,51.92228886074828,0,large,0
41,bachelor,28,1,basic,77.8321397180891,1,large,1
47,master,27,1,intermediate,84.91699553490042,0,medium,1
30,bachelor,16,3,intermediate,70.54742862732789,0,medium,1
33,high_school,10,1,advanced,38.15769567159303,0,large,0
19,high_school,0,0,intermediate,74.1829552232737,0,medium,0
34,bachelor,19,1,basic,55.344259986354245,0,small,0
49,primary,32,1,intermediate,57.085118240629626,1,medium,0
60,bachelor,40,0,intermediate,70.42940559669863,1,large,1
25,bachelor,3,2,intermediate,81.58109857402629,1,large,1
20,bachelor,3,1,intermediate,40.07935926009069,1,large,0
29,high_school,9,1,intermediate,65.86358931313632,1,small,0
37,bachelor,23,3,intermediate,94.87619828647777,0,large,1
33,master,11,5,basic,48.51528579451914,0,small,1
31,phd,11,1,intermediate,61.99387604813728,1,large,1
33,bachelor,14,3,intermediate,55.760123275185464,0,large,0
60,primary,40,1,basic,75.5498743996641,0,large,0
50,phd,29,0,intermediate,46.24283852242307,1,medium,1
47,bachelor,29,3,intermediate,41.44276066259277,0,medium,0
29,high_school,6,0,basic,77.48054753920823,0,medium,0
32,high_school,16,0,intermediate,68.57987441109798,1,medium,0
35,high_school,16,0,advanced,47.207077857998534,1,medium,0
45,high_school,29,1,intermediate,63.97291415094466,0,large,0
40,primary,26,1,intermediate,45.772507804850505,1,large,0
31,master,11,1,intermediate,78.83425679253293,0,medium,1
47,bachelor,27,3,basic,69.17430193000486,0,medium,0
50,bachelor,31,1,intermediate,54.28008015142839,1,large,0
32,master,13,0,basic,56.297686520800504,1,medium,1
24,master,11,1,intermediate,58.112093681884986,1,large,1
32,master,14,1,intermediate,48.87485954740987,1,large,1
59,phd,40,1,intermediate,85.09977238160131,0,large,1
55,bachelor,36,3,intermediate,82.44714486945524,1,large,1
28,phd,12,1,advanced,58.98105494841832,1,small,1
46,bachelor,28,1,advanced,60.282369166780086,0,medium,0
48,primary,26,1,basic,48.156050364816394,1,medium,0
42,bachelor,22,2,basic,62.59073217573208,0,small,0
41,bachelor,21,1,advanced,72.33868637538221,0,medium,1
36,master,17,1,intermediate,82.71789588348418,0,large,1
19,high_school,1,1,intermediate,51.55804491341033,0,small,0
39,bachelor,26,1,basic,39.728887656109286,0,medium,0
37,primary,18,3,intermediate,49.89278111866891,0,large,0
50,high_school,37,1,basic,73.343220312581,1,small,0
25,primary,7,1,advanced,64.3473628596101,1,large,0
42,bachelor,26,1,basic,79.88574550669038,0,medium,0
26,master,6,3,intermediate,65.6238273919188,1,medium,1
51,high_school,38,3,basic,89.23559104907642,1,medium,1
40,bachelor,19,1,intermediate,41.21511892559678,1,medium,0
22,high_school,7,0,advanced,27.644269112425697,0,large,0
42,high_school,21,1,basic,85.2983374034547,1,small,0
25,bachelor,12,3,basic,53.06319776572987,1,large,1
33,primary,17,3,intermediate,67.06386207751545,0,large,0
32,bachelor,18,0,intermediate,67.01585108899377,1,medium,0
18,primary,0,3,advanced,69.9022617758882,1,large,0
39,high_school,24,4,basic,57.894143285416504,0,medium,0
20,bachelor,0,1,intermediate,50.72200323966246,1,large,0
55,bachelor,40,2,intermediate,49.52192598765762,0,medium,0
31,primary,17,1,basic,74.05495674993054,0,small,0
53,bachelor,37,1,basic,76.57247990142872,0,medium,0
35,master,18,1,advanced,61.248652454244,0,small,1
58,bachelor,40,1,advanced,56.048010656941315,1,medium,1
35,high_school,22,1,intermediate,73.53006396510047,1,large,0
20,bachelor,6,2,advanced,42.77566347987555,0,medium,1
27,bachelor,12,1,basic,94.24547160314255,0,medium,0
56,primary,40,0,intermediate,71.78563633831249,1,medium,0
18,master,0,1,intermediate,62.607874147739636,0,medium,0
44,master,26,3,advanced,77.44852066444976,1,medium,1
44,master,31,1,intermediate,74.45995521155143,1,medium,1
28,master,10,2,advanced,68.52581659878041,1,large,1
22,bachelor,3,2,advanced,36.646169042279496,1,large,1
24,bachelor,3,1,basic,71.16425144188938,1,medium,0
36,bachelor,21,2,basic,86.83828697030366,1,small,1
46,master,29,2,basic,56.671718160670835,1,medium,1
32,bachelor,12,0,intermediate,79.37973508242072,0,medium,0
52,high_school,34,2,intermediate,77.7355314817912,0,medium,0
54,high_school,35,2,basic,69.41111204218764,1,medium,0
29,master,6,4,intermediate,67.55247265754876,1,large,1
47,primary,25,2,intermediate,73.39768234657767,0,medium,0
37,bachelor,14,0,intermediate,71.23747897779656,0,large,0
54,phd,39,1,intermediate,93.36290597159942,0,medium,1
20,bachelor,5,3,basic,79.50132833346636,1,large,1
26,phd,7,0,intermediate,75.60668583161473,1,large,1
58,bachelor,40,0,basic,80.85790155125599,0,small,0
56,primary,40,1,intermediate,75.61696770778515,1,large,0
43,master,23,2,intermediate,33.787746395997395,1,large,1
19,high_school,0,0,intermediate,63.2486917220636,1,medium,0
40,bachelor,20,1,basic,55.7064597582775,0,medium,0
40,high_school,23,0,intermediate,69.919542657107,1,medium,0
38,high_school,25,2,advanced,56.64933518292527,0,medium,0
33,bachelor,11,1,intermediate,73.86677297385896,1,medium,1
26,high_school,4,1,advanced,58.68322666415156,0,large,0
30,bachelor,12,0,basic,90.46524854898044,0,medium,0
45,master,30,0,basic,89.7510511977913,0,small,1
44,high_school,23,0,intermediate,43.298944135404085,0,small,0
34,high_school,17,0,intermediate,69.84307228646865,1,medium,0
55,bachelor,40,1,basic,58.07180779253287,0,medium,0
53,bachelor,38,1,intermediate,68.78021126665246,1,medium,0
18,master,5,1,intermediate,73.80034175224965,0,small,0
35,primary,20,1,intermediate,45.81872399827775,1,large,0
26,master,13,0,basic,50.395918968569504,1,small,1
30,bachelor,10,1,advanced,52.26251418292799,0,large,0
57,bachelor,35,2,intermediate,56.728730352644504,1,large,1
32,primary,9,1,intermediate,57.16617736198176,0,large,0
60,bachelor,40,0,advanced,76.95148038061446,1,large,1
21,high_school,2,1,basic,68.3373713186992,1,medium,0
50,high_school,32,2,intermediate,51.9326707449713,0,medium,0
41,bachelor,24,1,advanced,60.20560898430341,1,medium,1
53,master,38,2,intermediate,29.45492517137059,0,small,1
58,bachelor,40,1,intermediate,95.29571974747742,1,medium,1
27,bachelor,13,0,advanced,65.27103578719255,0,medium,0
53,bachelor,40,1,basic,79.88904730232531,1,small,1
37,bachelor,19,1,basic,76.89756700259576,1,large,1
58,phd,40,0,intermediate,64.45898370669616,1,small,1
28,bachelor,7,0,intermediate,29.271341015434146,1,large,0
29,high_school,13,2,basic,56.63105017201764,0,small,0
35,high_school,20,1,basic,70.30421983432326,0,small,0
47,bachelor,24,0,advanced,65.90763889531506,0,large,0
54,bachelor,36,4,intermediate,80.60562067695557,1,small,1
37,primary,20,0,basic,64.97057991162032,1,large,0
42,master,29,1,advanced,92.6309800077352,0,medium,1
29,bachelor,13,4,intermediate,49.10533097225189,0,medium,0
38,bachelor,24,1,intermediate,72.76520053849084,1,small,1
42,primary,29,0,intermediate,49.56599190079333,1,medium,0
28,high_school,12,3,intermediate,78.71123983778018,1,large,1
26,master,9,1,intermediate,53.70347083258916,0,large,0
42,master,26,1,intermediate,38.651332010188455,1,medium,1
52,high_school,39,3,basic,42.705261871030636,0,medium,0
49,high_school,34,2,basic,57.91899886192094,0,medium,0
31,bachelor,17,1,basic,88.37954990098396,0,large,0
18,high_school,1,0,intermediate,76.12086711311515,1,large,0
34,bachelor,13,1,intermediate,71.70327775433354,0,large,0
42,phd,27,2,basic,64.02401518872318,0,medium,1
25,high_school,2,2,advanced,48.10526435719004,1,medium,0
22,primary,6,1,intermediate,51.00791667347487,0,small,0
22,master,4,1,intermediate,56.72372846204639,1,large,0
58,primary,40,1,advanced,55.36460460451136,1,large,0
52,phd,31,1,advanced,55.14845416498015,0,large,1
36,bachelor,21,0,basic,50.72879681005058,0,small,0
40,master,22,1,intermediate,65.09121848076944,0,medium,0
26,high_school,9,3,advanced,53.73115783894539,0,medium,0
47,primary,34,1,basic,81.97453107977591,0,medium,0
33,bachelor,11,2,basic,81.82360374265737,1,large,1
50,bachelor,27,0,basic,74.01530296447159,0,large,0
19,high_school,0,1,basic,72.28371762876276,0,large,0
31,phd,10,2,advanced,41.716979675768165,1,small,1
18,master,5,3,intermediate,99.36238125901727,0,large,1
43,bachelor,22,0,basic,60.77610409886286,0,large,0
42,high_school,26,0,intermediate,76.90570406348073,1,large,0
33,bachelor,16,0,basic,77.49454955161923,1,small,1
32,bachelor,18,2,intermediate,49.381894429354254,1,medium,1
43,bachelor,27,2,intermediate,55.58228298120195,1,large,1
33,master,10,2,basic,70.96865139542723,1,small,1
31,high_school,11,2,intermediate,41.80889465473864,1,small,0
46,high_school,30,1,intermediate,63.6593738214875,0,large,0
41,primary,27,2,basic,29.073461451648896,0,large,0
32,master,10,1,advanced,65.15201535550744,0,large,1
36,bachelor,19,1,basic,85.62802474753093,0,large,0
25,high_school,9,1,intermediate,64.96392116979834,0,small,0
51,high_school,36,2,advanced,43.051185244060036,0,large,0
19,primary,2,3,basic,56.70704222641209,0,small,0
44,high_school,29,0,intermediate,74.22674510391548,1,large,0
27,bachelor,5,0,intermediate,67.50190446778318,1,medium,0
52,high_school,39,2,intermediate,71.77898935547034,1,small,1
40,high_school,17,1,basic,62.41609448740291,0,large,0
25,master,2,1,intermediate,53.51361811470487,0,medium,0
45,bachelor,32,0,intermediate,66.88132347720855,0,small,0
40,bachelor,20,1,intermediate,66.01913946339744,1,medium,0
21,primary,0,1,intermediate,80.40759292368955,0,large,0
31,high_school,14,1,advanced,57.95191919502307,1,medium,0
59,bachelor,40,1,intermediate,65.73113409600059,0,small,0
46,high_school,25,1,intermediate,62.821724457986384,1,medium,0
18,high_school,0,2,advanced,99.10945722034478,1,medium,1
21,master,0,0,basic,53.705046032935385,1,medium,0
49,master,27,2,intermediate,59.230623763655856,0,medium,1
50,primary,32,0,basic,50.638517600817785,1,medium,0
43,high_school,30,1,advanced,84.55752486212353,1,large,1
34,phd,17,2,basic,85.66932448357781,1,small,1
56,primary,40,2,intermediate,61.74652865314391,0,small,0
40,bachelor,21,0,intermediate,82.78390726817707,1,small,1
49,phd,29,1,intermediate,69.92152395997601,0,large,0
32,phd,9,2,intermediate,75.53031008008385,1,medium,1
30,bachelor,17,1,intermediate,50.07719671520971,1,large,0
19,high_school,1,3,advanced,67.42066531743338,0,small,0
36,high_school,23,2,advanced,93.08556081607094,1,small,1
41,master,25,0,intermediate,87.16178884009796,1,medium,1
41,master,21,1,advanced,77.07949683672389,1,large,1
28,bachelor,5,2,advanced,79.26594883329237,0,large,1
39,master,20,1,intermediate,100.0,0,medium,1
32,bachelor,18,2,advanced,76.78649373429036,1,large,1
27,bachelor,8,2,advanced,55.07475217209338,0,small,1
58,master,36,1,intermediate,83.1951647865581,1,medium,1
44,bachelor,26,0,intermediate,63.88539722694522,0,medium,0
26,bachelor,12,2,basic,72.33163638221623,1,large,1
45,high_school,30,1,basic,66.77740884236135,0,medium,0
18,bachelor,0,0,intermediate,54.36821017961928,0,medium,0
34,bachelor,18,0,intermediate,69.62751097804197,1,medium,0
48,high_school,34,0,intermediate,79.50311831601998,0,large,0
27,master,6,1,advanced,76.0813345481203,0,small,1
54,bachelor,40,2,intermediate,72.19895676325892,1,large,1
46,master,24,1,basic,61.990346327672704,0,small,0
35,high_school,15,1,intermediate,40.115491384794154,0,medium,0
55,bachelor,40,0,basic,64.28907697542867,0,medium,0
56,high_school,40,0,intermediate,73.31433147509937,1,medium,0
23,master,2,0,intermediate,32.617813486314965,1,small,0
57,primary,34,0,intermediate,63.994936322139345,0,small,0
29,bachelor,6,2,intermediate,63.577730856960635,1,large,1
31,master,11,1,basic,51.27999873479602,0,small,0
27,high_school,7,0,basic,76.40625079496449,0,medium,0
37,phd,24,2,intermediate,79.16287743299003,1,large,1
32,master,18,0,intermediate,92.21208834853817,0,medium,1
48,high_school,30,2,intermediate,64.5770286519594,0,small,0
24,primary,5,1,intermediate,84.37267765844433,0,medium,0
58,high_school,40,1,advanced,52.711185057785656,1,large,0
27,high_school,13,2,advanced,59.432144379950564,1,large,1
27,master,10,3,intermediate,75.19221725668058,0,large,1
56,phd,39,1,intermediate,55.1594813176462,0,medium,0
45,primary,31,1,basic,62.567356183886254,0,small,0
47,bachelor,33,1,intermediate,77.59334044767607,0,large,0
54,bachelor,39,2,intermediate,64.9092899186735,1,large,1
20,primary,2,4,intermediate,51.205428332001226,1,medium,0
60,high_school,40,1,basic,56.15671586730371,1,small,0
32,high_school,10,1,advanced,60.89904946913772,0,medium,0
38,bachelor,22,0,basic,73.81322776126676,1,medium,1
54,bachelor,39,1,advanced,60.12615217762125,0,small,0
29,bachelor,9,1,basic,28.264592706373314,0,medium,0
21,high_school,2,0,basic,76.79411357107273,1,small,0
26,master,7,0,intermediate,74.681660389714,0,large,1
56,bachelor,34,1,advanced,49.01686958170447,0,medium,0
59,master,40,1,intermediate,48.00044176447075,0,small,0
45,bachelor,30,3,basic,85.26639711893462,1,medium,1
40,master,20,0,advanced,61.39104967637011,0,large,1
57,master,40,5,intermediate,76.30363571757974,0,large,1
39,bachelor,18,3,basic,54.59043154096352,1,small,1
41,high_school,24,3,intermediate,74.82913389453073,1,small,1
43,master,27,2,intermediate,51.15720546548567,1,large,1
47,bachelor,33,0,intermediate,71.33427546678449,0,small,0
50,master,32,2,intermediate,70.35343065936222,0,medium,1
33,master,15,1,advanced,34.031093248038324,1,medium,1
39,bachelor,20,3,advanced,66.8596605010362,0,medium,1
60,high_school,40,0,intermediate,54.22078335550202,0,medium,0
35,high_school,17,1,basic,81.39507804628182,0,small,0
24,phd,9,2,intermediate,68.5279366884974,0,medium,1
43,high_school,21,1,advanced,61.29049660527864,0,medium,0
25,primary,11,1,intermediate,87.78280168200001,1,medium,0
23,bachelor,10,2,intermediate,36.451746825498425,0,small,0
47,bachelor,26,1,intermediate,93.90938603624423,0,large,0
56,high_school,33,0,intermediate,93.13175912634001,0,medium,0
40,high_school,20,3,advanced,59.15466150854254,1,small,1
49,bachelor,27,2,intermediate,78.32596374403839,0,large,1
39,primary,21,1,intermediate,72.28046563724068,0,medium,0
59,master,36,1,basic,27.72215868477027,0,medium,0
60,high_school,40,1,advanced,63.327160871321006,0,small,0
26,master,12,1,basic,46.02428929526024,0,medium,0
48,master,30,1,advanced,44.656619342380075,1,small,1
24,bachelor,9,0,basic,60.702945638559626,0,small,0
26,high_school,8,1,basic,61.223214707878725,1,large,0
30,bachelor,16,2,intermediate,83.23725031730942,0,small,1
20,bachelor,3,1,intermediate,53.71258596363077,1,small,0
52,high_school,33,0,intermediate,59.077754906417944,0,small,0
50,master,34,1,intermediate,85.51001429237158,1,large,1
38,bachelor,22,3,intermediate,62.24447388281734,1,large,1
48,master,34,0,advanced,57.302850301967055,1,small,1
51,high_school,36,2,advanced,77.85283969446053,1,large,1
49,high_school,31,0,intermediate,72.95948328146208,1,small,0
52,phd,29,1,intermediate,66.49893560603259,1,medium,1
32,bachelor,17,2,intermediate,78.86077708002415,1,medium,1
49,bachelor,28,4,intermediate,46.28492202521599,1,medium,1
23,bachelor,8,2,basic,56.271748621817515,0,small,0
38,high_school,21,1,intermediate,94.97505468995556,0,large,0
50,bachelor,29,1,intermediate,19.483143751655817,0,medium,0
49,primary,34,1,basic,54.907715269036466,0,large,0
36,bachelor,19,1,intermediate,47.24844619391003,0,medium,0
50,bachelor,33,2,basic,66.0652747141289,0,medium,0
45,master,28,2,advanced,74.07408484875407,0,medium,1
48,bachelor,26,0,advanced,81.6044291820898,0,small,1
38,high_school,25,0,basic,58.84424174276033,0,small,0
51,bachelor,31,6,intermediate,51.158207749479146,1,large,1
32,primary,18,1,intermediate,43.23095367504068,1,small,0
31,high_school,15,0,intermediate,65.71887432151665,1,medium,0
36,primary,14,1,intermediate,96.90948000680334,1,large,0
60,bachelor,40,2,intermediate,56.184545394987026,1,small,1
32,primary,18,1,advanced,63.923291915780084,0,medium,0
23,bachelor,7,3,intermediate,67.04287829090815,0,medium,0
26,master,5,1,basic,58.65729435017535,0,large,0
54,bachelor,36,1,basic,86.34870438770916,1,large,1
37,primary,15,2,advanced,83.13983263944692,0,small,1
51,high_school,35,2,basic,77.27400709057932,0,small,0
55,bachelor,39,2,intermediate,79.40801015020108,0,small,1
43,master,20,0,intermediate,54.72148066166994,0,small,0
35,primary,14,2,basic,47.78150460015256,0,small,0
45,master,23,0,intermediate,54.83992526372505,1,small,1
26,bachelor,9,0,advanced,69.20619935016698,1,medium,1
49,bachelor,32,0,basic,60.13138967654003,0,large,0
23,phd,3,0,basic,73.53637170705657,0,large,0
31,bachelor,15,1,advanced,66.62329061213485,0,small,0
45,master,24,4,intermediate,44.910196436989864,0,large,1
41,high_school,26,1,intermediate,83.61166429667745,0,large,0
30,bachelor,11,0,intermediate,57.33016034410972,1,large,0
60,bachelor,38,0,intermediate,76.79453148559554,1,medium,1
29,high_school,14,1,basic,52.28590405442779,0,small,0
36,bachelor,13,0,intermediate,51.78432715557565,1,large,0
38,high_school,25,0,basic,51.06493284500726,0,large,0
44,high_school,28,3,intermediate,43.52233153376851,1,small,0
36,high_school,18,1,intermediate,43.88198165640607,1,small,0
41,bachelor,18,2,advanced,70.70927823379503,0,medium,1
43,master,23,1,advanced,51.08738645937653,1,large,1
45,bachelor,24,4,advanced,70.1889318773178,0,small,1
35,bachelor,18,1,intermediate,66.52643018406121,1,large,0
53,high_school,36,4,intermediate,78.20089303639878,0,small,0
59,master,40,3,intermediate,49.722802592463644,0,medium,1
46,bachelor,32,0,intermediate,80.91266319333415,0,small,0
34,master,20,2,intermediate,51.41222134210753,0,small,1
21,master,5,1,basic,23.863703582869995,1,small,0
46,high_school,29,4,advanced,67.85383101493812,1,medium,1
21,bachelor,1,4,basic,51.87227971834322,0,large,0
27,phd,10,2,intermediate,87.49726896831082,0,small,1
42,primary,19,0,intermediate,69.51483402160909,0,medium,0
48,bachelor,27,2,intermediate,63.72218946622375,0,medium,0
20,phd,0,1,intermediate,68.02353671974645,0,large,0
19,high_school,2,1,basic,57.539434733691074,1,small,0
42,master,27,3,advanced,90.2641909345399,1,medium,1
23,master,4,2,advanced,56.77818294011328,0,small,1
43,bachelor,28,2,intermediate,71.94956170110886,1,large,1
25,high_school,9,1,basic,52.71555174828126,1,medium,0
52,high_school,29,0,basic,65.02488241974592,0,medium,0
44,primary,31,0,basic,46.444711864890614,0,small,0
42,master,20,1,intermediate,68.42906501569557,0,small,0
35,master,17,5,intermediate,65.97226268148754,0,large,1
18,bachelor,0,1,intermediate,73.23268770688753,1,medium,0
56,high_school,40,0,intermediate,72.02196524248056,1,small,0
20,primary,3,2,advanced,65.43670108174203,0,medium,0
21,master,6,1,basic,95.59236883152346,0,large,1
58,bachelor,38,4,intermediate,64.72567701345818,0,small,0
54,master,38,0,intermediate,65.58753278104824,0,large,0
32,bachelor,12,1,advanced,63.721604223293916,0,large,0
25,master,4,3,intermediate,68.0390299905177,1,small,1
55,bachelor,33,2,intermediate,60.708907770485645,0,large,0
36,bachelor,20,3,intermediate,59.47600884284612,1,large,1
43,bachelor,30,2,advanced,76.28092452190283,1,medium,1
56,master,40,0,advanced,64.27402158804925,1,large,1
27,bachelor,14,1,basic,80.81006399224326,1,small,1
55,high_school,34,2,intermediate,36.591718488026416,0,large,0
31,primary,8,2,intermediate,87.84227191634481,1,medium,1
58,high_school,40,1,intermediate,78.42873858259912,0,small,0
36,bachelor,17,2,intermediate,64.2284298481341,1,medium,1
47,high_school,31,1,intermediate,63.83698002450879,1,medium,0
22,high_school,4,0,intermediate,74.61023755892558,1,small,0
48,bachelor,28,2,intermediate,49.60461723075831,1,small,1
24,high_school,10,3,intermediate,65.57604471018792,0,medium,0
36,master,22,3,advanced,67.3274170620882,1,medium,1
48,bachelor,35,0,intermediate,34.3399683220761,0,large,0
56,bachelor,34,1,intermediate,70.2195306708602,1,medium,1
41,high_school,25,4,advanced,44.71629098180999,1,large,1
51,high_school,32,1,intermediate,81.24449294250618,0,medium,0
40,bachelor,24,1,intermediate,85.07089404953786,0,small,0
57,master,38,0,basic,87.65828845968022,1,medium,1
23,master,5,0,intermediate,60.163475530480106,0,large,0
55,high_school,40,1,advanced,59.953603533488526,0,medium,0
58,bachelor,39,4,advanced,35.355775012704484,0,large,1
53,high_school,40,2,intermediate,75.20295399947341,1,large,1
44,phd,23,3,intermediate,42.37015334704096,1,medium,1
28,phd,14,0,basic,43.262967790042765,0,small,0
22,bachelor,6,2,intermediate,60.44393353755532,0,large,0
34,bachelor,13,2,basic,48.4140668677685,1,large,1
24,master,4,3,advanced,50.57382773908239,0,large,1
44,bachelor,26,1,intermediate,65.70642901909714,0,large,0
32,bachelor,10,5,intermediate,78.22205645985098,0,small,1
30,phd,13,1,basic,73.09246951503064,1,medium,1
28,bachelor,9,1,intermediate,67.84165342970036,0,small,0
43,bachelor,29,1,intermediate,82.20366430495014,1,small,1
39,master,20,0,intermediate,66.91431233149082,0,large,0
45,bachelor,26,1,intermediate,57.100017771102486,1,medium,0
41,bachelor,19,0,intermediate,53.448949102566644,0,small,0
46,high_school,33,4,intermediate,73.28521990353062,0,medium,0
26,high_school,12,2,intermediate,48.48435136726582,1,large,0
59,high_school,40,1,advanced,70.23217657827203,1,small,1
21,bachelor,0,1,basic,58.57451325835116,0,medium,0
35,bachelor,18,1,intermediate,52.43029722986087,0,medium,0
60,phd,40,1,intermediate,52.171260325552566,0,small,0
33,bachelor,19,2,intermediate,79.48016136129802,0,large,1
50,master,36,5,intermediate,52.13655811567638,0,medium,1
46,high_school,27,0,basic,60.81172178715507,1,small,0
56,master,36,1,advanced,57.970043403775584,0,medium,1
27,bachelor,13,2,basic,80.8872899264014,0,medium,1
26,bachelor,8,3,basic,88.07456792502664,1,small,1
48,high_school,31,1,intermediate,78.63271491775676,1,small,0
45,bachelor,28,1,advanced,59.36530625711589,1,medium,1
20,bachelor,7,2,basic,70.13389250050906,1,small,1
31,bachelor,15,3,intermediate,51.354594032806155,0,small,0
42,master,23,1,intermediate,68.1563449913163,0,medium,0
32,master,15,1,intermediate,38.64365630403215,1,medium,1
19,phd,0,2,intermediate,68.5292793318047,0,small,0
41,bachelor,26,0,intermediate,64.17226960891973,0,large,0
31,phd,12,1,intermediate,71.61128213933607,1,small,1
24,master,3,0,basic,64.81520194558108,0,small,0
53,high_school,34,0,advanced,77.5258476366044,1,small,1
41,bachelor,26,1,basic,53.547585300566844,0,large,0
44,high_school,31,2,intermediate,76.3470892247506,0,medium,0
54,primary,38,2,advanced,72.08474414105994,0,small,1
55,high_school,32,1,basic,81.34238415817525,0,medium,0
47,primary,28,3,basic,82.35042331997698,1,medium,1
44,bachelor,26,0,intermediate,50.72136393597555,0,small,0
56,bachelor,40,0,intermediate,72.75549016784677,1,medium,1
32,high_school,19,1,intermediate,47.514738633653955,1,medium,0
43,master,21,1,advanced,82.39501455883081,1,small,1
18,master,0,2,intermediate,52.20313269479488,1,large,1
21,phd,6,2,advanced,59.29964908449493,0,medium,1
46,bachelor,26,0,intermediate,68.26331138222922,1,medium,0
18,bachelor,0,3,advanced,76.0771817205659,1,large,1
60,high_school,40,0,intermediate,70.5695403953884,1,small,0
39,high_school,17,1,basic,76.48453280911598,0,small,0
28,high_school,13,2,intermediate,65.18720857010337,0,large,0
27,bachelor,14,1,basic,68.66147706014989,1,small,0
34,phd,20,1,basic,38.49775862081361,0,medium,0
53,primary,40,0,intermediate,80.39135264608814,0,large,0
43,high_school,30,0,basic,60.632434581582004,0,small,0
38,high_school,16,3,intermediate,58.543441726848705,0,large,0
30,bachelor,17,0,basic,94.05212224519502,0,medium,0
26,high_school,12,2,intermediate,24.367532537713473,0,large,0
28,bachelor,7,1,advanced,66.42934000496452,0,small,0
28,high_school,11,0,intermediate,31.401984202153223,0,medium,0
23,bachelor,1,1,basic,70.09252782860344,0,large,0
18,high_school,0,1,intermediate,54.513182170456275,0,small,0
23,bachelor,8,0,intermediate,20.985648824499222,1,small,0
30,primary,12,2,intermediate,81.33694784082306,0,small,0
39,master,24,2,intermediate,45.65341986133656,0,large,1
48,bachelor,27,3,intermediate,79.23107633883099,0,small,1
39,bachelor,18,1,basic,50.38000832880665,1,small,0
54,bachelor,40,1,intermediate,58.03579609490976,0,large,0
44,high_school,23,3,basic,30.74610405472228,0,medium,0
31,primary,9,1,basic,71.36961292926325,0,medium,0
22,bachelor,9,1,basic,56.39098827156496,0,medium,0
53,bachelor,35,1,intermediate,59.50160810503148,1,medium,0
49,bachelor,28,1,advanced,63.57460461310257,1,medium,1
51,bachelor,32,0,intermediate,40.279791486895405,1,large,0
24,master,11,1,intermediate,75.3665329422285,0,small,1
59,master,40,1,intermediate,56.547497230159934,0,large,0
27,high_school,13,2,intermediate,99.42795253788489,1,small,1
34,bachelor,13,2,intermediate,57.80604277282433,0,small,0
47,primary,26,4,advanced,59.15641132194142,0,medium,0
38,bachelor,15,1,basic,44.651244658943064,0,large,0
30,high_school,12,2,intermediate,40.79585349974905,0,medium,0
18,high_school,0,1,advanced,78.16530335146945,0,small,0
18,master,0,1,intermediate,80.91716007511937,1,medium,1
50,bachelor,36,1,intermediate,56.519002987579285,0,large,0
55,high_school,40,2,intermediate,66.81986121291965,1,medium,0
42,primary,29,2,intermediate,83.62798811256934,0,small,0
43,bachelor,20,0,basic,69.34198362381817,0,medium,0
30,master,11,2,basic,72.27224286623995,1,medium,1
45,bachelor,26,1,basic,66.30899859047537,0,small,0
50,phd,28,3,intermediate,55.212277470988035,0,large,1
54,high_school,31,1,intermediate,70.78179048735929,0,medium,0
58,bachelor,40,1,intermediate,92.97123927519658,0,small,0
47,master,30,2,basic,57.193694386062475,1,large,1
25,bachelor,12,0,advanced,78.01198834055117,0,medium,1
18,primary,5,4,intermediate,67.7205087757643,0,medium,0
29,bachelor,14,1,basic,56.15317202923126,0,medium,0
22,bachelor,6,0,intermediate,78.4292051917793,0,large,0
41,bachelor,27,0,advanced,76.68491457239867,1,large,1
23,master,2,0,intermediate,73.70591003144256,1,small,1
42,master,27,4,intermediate,91.22923441214417,1,small,1
18,bachelor,0,0,intermediate,92.5332078286598,0,medium,0
42,high_school,24,3,intermediate,65.8095063641356,1,medium,0
18,bachelor,4,2,basic,63.40831199306405,1,medium,0
49,master,27,1,intermediate,43.58935829389149,1,medium,1
59,phd,40,3,intermediate,87.99804857785864,1,large,1
59,primary,40,1,intermediate,63.90450490532064,1,small,0
20,bachelor,5,0,basic,55.86747026969374,1,small,0
36,high_school,20,0,intermediate,50.998679041991124,0,medium,0
60,high_school,40,5,intermediate,50.89186208958756,0,small,0
46,bachelor,29,2,intermediate,91.38078115401437,1,medium,1
19,bachelor,1,0,intermediate,78.47417547846477,0,medium,0
26,primary,4,3,intermediate,42.68016049285686,0,large,0
34,master,14,3,intermediate,43.286670300054496,0,small,1
53,master,39,2,intermediate,66.82797756523821,0,large,1
34,phd,17,0,advanced,49.753076495420956,0,small,1
29,high_school,11,1,advanced,61.219129575919204,1,medium,0
37,bachelor,22,2,basic,88.29532875988002,1,small,1
20,bachelor,1,2,advanced,81.04125945505047,0,large,1
60,high_school,40,2,intermediate,39.32930625421257,0,large,0
21,bachelor,7,0,intermediate,49.83323973377209,0,medium,0
34,master,16,2,advanced,68.68543072577239,0,large,1
54,primary,38,1,advanced,81.94650030684018,1,medium,1
59,phd,40,3,basic,52.672030559971425,1,large,1
32,master,14,2,intermediate,70.52788938088315,0,small,1
50,master,34,3,advanced,58.176234699963615,0,small,1
33,master,16,3,intermediate,91.28095497037124,1,large,1
28,high_school,5,0,basic,74.3362252884419,0,small,0
37,master,18,1,advanced,62.10106784250914,0,large,1
55,high_school,40,1,basic,42.58000045202547,1,medium,0
41,master,27,0,intermediate,49.07818390652209,1,large,1
33,high_school,19,0,intermediate,27.121609306550496,0,large,0
47,high_school,33,2,intermediate,69.08370765014222,0,medium,0
51,bachelor,32,2,basic,74.9905262909847,0,medium,1
18,high_school,4,1,basic,75.74684133191579,1,small,0
41,bachelor,26,3,basic,55.79011682277082,0,small,0
41,bachelor,24,1,intermediate,84.20112730466323,0,medium,0
26,master,9,1,intermediate,88.75339614450145,1,small,1
39,bachelor,25,3,intermediate,55.019531907407845,1,small,1
29,high_school,7,1,intermediate,82.7226783130728,0,small,0
34,high_school,18,0,basic,67.09788123215151,1,small,0
42,bachelor,21,4,advanced,57.09856108727948,1,large,1
45,bachelor,30,1,basic,83.46794299470349,0,small,0
32,bachelor,14,4,intermediate,46.90224888452497,1,large,1
47,high_school,32,5,intermediate,42.72587231753816,0,small,0
44,high_school,29,1,basic,59.056920902987514,0,small,0
39,high_school,22,2,basic,61.57197709549124,0,medium,0
27,high_school,13,1,advanced,40.350445408765296,1,large,0
48,high_school,32,0,intermediate,72.35996303251454,0,large,0
44,master,22,0,intermediate,53.29231044921082,0,small,0
29,high_school,10,1,advanced,45.35975707131877,1,medium,0
48,bachelor,27,0,advanced,74.74507566716971,1,large,1
49,bachelor,26,1,basic,58.558855387488954,0,medium,0
49,high_school,31,1,basic,80.8635304653973,1,medium,0
58,bachelor,40,2,intermediate,71.88860446934116,0,medium,1
52,bachelor,30,2,basic,62.03071963514497,0,medium,0
38,bachelor,23,1,intermediate,81.46961223654425,0,medium,0
27,master,11,5,intermediate,71.30554816544063,0,large,1
33,high_school,20,3,intermediate,64.70410071490869,1,large,0
24,master,9,2,intermediate,72.67570797318699,0,medium,1
21,bachelor,2,4,advanced,73.16387044509888,0,small,1
44,bachelor,22,0,basic,48.584129188753806,1,large,0
42,master,28,2,intermediate,100.0,1,large,1
48,master,34,3,intermediate,66.01464679140864,0,medium,1
28,bachelor,10,1,intermediate,66.31466532606247,1,medium,0
37,master,20,1,basic,38.64322488813602,0,large,0
53,bachelor,32,2,intermediate,66.92803364220069,0,large,0
34,bachelor,16,2,advanced,67.57715751977864,0,large,1
28,primary,10,1,intermediate,47.75297759193796,0,large,0
47,primary,31,1,basic,49.40655792415372,1,medium,0
52,master,29,0,intermediate,51.510572445512686,1,small,1
58,primary,38,2,basic,60.573566163085744,1,medium,0
55,high_school,32,1,intermediate,68.1994876765174,0,large,0
39,master,23,1,advanced,61.65526172595645,0,medium,1
60,primary,38,1,intermediate,69.54129588051616,1,large,0
44,high_school,28,1,basic,75.12912800249615,0,small,0
54,bachelor,33,2,intermediate,73.14332061997747,0,large,1
52,bachelor,36,0,basic,70.4615215821738,0,small,0
21,master,3,2,intermediate,69.28530385351333,0,large,0
33,bachelor,10,0,basic,69.33785936223973,0,medium,0
33,bachelor,16,3,basic,62.798546174425375,0,large,0
38,bachelor,21,1,intermediate,55.10251883110191,0,medium,0
43,bachelor,25,0,advanced,63.602504641280746,0,large,0
53,bachelor,30,0,intermediate,74.79729306863968,0,small,0
36,master,17,1,intermediate,74.71226491771914,0,large,1
34,bachelor,11,3,basic,72.61804585339586,0,medium,1
43,high_school,20,3,intermediate,57.871994468414805,0,medium,0
39,primary,21,1,intermediate,61.753073177270856,1,large,0
45,bachelor,29,1,advanced,61.810339636936554,0,small,0
18,primary,0,3,basic,55.894076539685535,1,small,0
53,bachelor,31,3,basic,78.40920797501764,1,medium,1
60,master,40,2,basic,37.39110281886637,1,medium,1
54,bachelor,38,0,advanced,95.33011661084106,1,small,1
19,high_school,6,2,intermediate,96.10825927412111,1,medium,1
34,master,14,1,intermediate,65.75010913545759,1,medium,1
57,high_school,38,1,intermediate,71.07802118415087,1,medium,0
55,bachelor,40,2,advanced,77.73744165026145,0,small,1
38,bachelor,19,2,basic,53.630942370169365,1,medium,1
26,high_school,5,1,basic,73.51403967258699,1,small,0
30,master,12,1,intermediate,84.78588978116804,0,small,1
28,high_school,9,1,intermediate,37.959234250678634,1,small,0
33,phd,11,3,intermediate,43.38992573336935,1,medium,1
33,primary,19,2,intermediate,76.25296852475742,0,small,0
19,high_school,0,0,intermediate,60.94878051915753,0,large,0
59,high_school,40,0,advanced,59.200676897920374,0,medium,0
25,primary,5,3,advanced,60.09245055726231,1,medium,0
60,bachelor,40,3,basic,48.09542528869929,0,medium,0
59,bachelor,40,1,intermediate,58.847028117390764,1,medium,0
30,master,15,2,intermediate,45.19467857852028,0,medium,1
34,high_school,20,0,intermediate,84.63083528282772,0,large,0
56,bachelor,34,2,basic,66.99894832571009,1,small,1
41,bachelor,23,0,intermediate,66.59829135943433,0,small,0
20,bachelor,0,0,advanced,74.99964472719469,1,large,1
47,bachelor,32,1,basic,100.0,1,large,1
30,bachelor,8,2,advanced,49.21262787955765,0,medium,1
36,high_school,18,1,basic,37.366685724474024,1,small,0
24,master,8,2,intermediate,64.53970121479465,0,large,1
26,bachelor,8,0,intermediate,37.59907640150535,0,large,0
36,bachelor,15,2,intermediate,59.920065362085694,0,small,0
57,high_school,38,0,advanced,78.11732452538656,1,small,1
39,high_school,19,1,advanced,87.91988833242867,1,large,1
35,high_school,12,2,intermediate,41.51354630416638,0,small,0
40,high_school,21,2,intermediate,50.85090726148247,0,medium,0
19,high_school,5,2,intermediate,70.45188996700429,1,small,0
28,master,9,0,basic,76.30942454009383,0,medium,1
48,bachelor,31,2,basic,77.16207792198632,0,small,1
50,bachelor,33,0,intermediate,87.12674151264602,1,medium,1
31,high_school,9,4,intermediate,75.92897906651386,0,large,0
33,master,13,1,intermediate,63.20189763098367,0,medium,0
28,high_school,5,3,advanced,80.92974873434966,1,large,1
50,master,31,3,basic,66.04711280952644,0,medium,1
24,phd,5,0,basic,69.1207711739457,1,medium,0
48,bachelor,28,3,advanced,57.58665026221769,0,medium,1
31,phd,17,1,intermediate,67.35132940193441,0,small,0
45,bachelor,28,1,intermediate,40.55557303593091,1,medium,0
60,high_school,40,3,basic,80.52093849118512,0,small,0
33,high_school,19,1,advanced,49.863144774690895,1,small,0
36,high_school,15,4,basic,51.67909411758585,1,medium,0
34,primary,12,1,basic,30.10190348754788,1,medium,0
43,bachelor,23,1,basic,52.66247298824407,1,medium,0
23,high_school,8,0,intermediate,50.623776861703256,1,medium,0
60,master,40,1,advanced,68.25922956708783,0,large,1
26,high_school,7,0,basic,45.58196072356523,0,medium,0
34,bachelor,11,1,basic,58.33910658965815,1,medium,0
48,phd,35,0,intermediate,54.79868818504933,1,large,1
29,high_school,8,2,advanced,38.59802951879699,0,medium,0
40,bachelor,25,0,basic,68.57172103823325,0,medium,0
22,master,5,2,intermediate,61.71140216937318,1,medium,1
60,high_school,39,1,intermediate,65.5990494563684,1,medium,0
53,bachelor,30,1,advanced,77.45288979079392,0,small,1
53,high_school,33,1,intermediate,65.11301069758055,0,small,0
20,master,5,5,basic,60.0055305249896,0,small,0
41,bachelor,24,2,intermediate,78.83922959109898,0,medium,1
34,bachelor,15,1,basic,60.1146716076582,0,small,0
56,master,40,3,intermediate,57.43107265021589,0,large,1
43,high_school,25,4,basic,75.04342592959958,0,medium,0
21,master,0,3,basic,53.29965708361813,0,large,0
29,master,12,1,intermediate,82.50850555071145,1,large,1
18,master,0,2,advanced,67.40598883578636,1,medium,1
38,master,21,2,intermediate,88.53482997661385,0,small,1
36,bachelor,17,0,basic,64.10147336617784,0,large,0
38,phd,19,1,basic,79.22391379697079,1,large,1
35,high_school,14,1,basic,40.41264226624355,0,small,0
60,bachelor,40,0,basic,84.23140823163173,0,large,0
20,high_school,4,2,intermediate,75.33935710051144,0,small,0
49,phd,33,2,intermediate,55.318037384122604,0,small,1
27,bachelor,5,2,advanced,77.97393721440261,1,medium,1
57,master,40,2,advanced,45.99246667786746,0,small,1
32,primary,9,1,intermediate,57.54002853164775,1,large,0
22,master,0,1,advanced,52.2336625939476,1,medium,1
21,master,8,2,intermediate,78.79994431600997,0,large,1
45,bachelor,28,2,intermediate,83.72493443538,1,small,1
21,high_school,0,1,advanced,58.265742547652,1,large,0
32,bachelor,16,1,advanced,45.928711169835154,1,small,1
34,high_school,14,4,advanced,50.346884196816895,0,medium,0
20,bachelor,6,1,basic,66.38108935266285,0,medium,0
27,high_school,13,2,basic,65.43922311576037,0,small,0
59,high_school,40,2,advanced,59.898647796534995,0,large,0
40,high_school,18,3,intermediate,52.55445789305563,1,medium,0
35,high_school,16,3,intermediate,89.42637421446618,1,large,1
18,primary,0,1,intermediate,55.69998677020506,1,medium,0
52,master,29,1,intermediate,52.507245217762005,1,small,1
48,bachelor,25,1,basic,82.20991045108119,0,large,0
18,high_school,3,0,intermediate,60.762688522013626,1,medium,0
20,bachelor,1,1,advanced,72.6787702179828,1,small,1
20,bachelor,0,3,intermediate,51.87250542843635,0,small,0
54,master,31,2,intermediate,72.59124749767317,1,small,1
36,high_school,15,0,intermediate,76.02790912585121,0,medium,0
46,high_school,26,1,basic,48.25556896250424,0,small,0
42,phd,29,2,basic,56.98889318847773,0,medium,1
50,high_school,37,1,intermediate,51.4274808085125,0,large,0
53,primary,34,1,basic,57.07961150374037,1,large,0
46,high_school,32,1,intermediate,89.01618792689467,0,large,0
43,primary,24,2,advanced,68.85340743022581,0,small,0
21,phd,7,5,intermediate,94.2204498209352,1,medium,1
31,high_school,15,3,advanced,87.24162711728117,1,medium,1
44,master,23,3,intermediate,81.9633520411603,1,large,1
50,phd,33,2,intermediate,86.8157074102265,1,medium,1
39,bachelor,21,0,basic,82.39895063995857,0,medium,0
20,primary,6,3,basic,90.56778598868071,1,small,1
40,primary,27,0,advanced,73.16990760241104,1,medium,1
38,bachelor,24,3,basic,75.29483646068233,0,medium,1
58,bachelor,40,3,basic,74.86893702750272,0,medium,1
40,bachelor,27,1,advanced,58.40803400228968,1,large,1
21,bachelor,3,1,advanced,77.69268545570989,0,large,0
38,master,24,3,advanced,83.86705458133329,1,large,1
54,bachelor,39,2,basic,55.99381594865616,0,large,0
60,bachelor,40,1,basic,52.141387138085065,1,medium,0
48,master,35,1,intermediate,56.73475530907269,1,medium,1
38,high_school,21,1,intermediate,85.35108282019938,1,medium,0
43,high_school,30,1,basic,61.4432092271851,1,small,0
58,high_school,35,1,basic,48.43798721675937,0,large,0
52,high_school,29,2,intermediate,49.4219767232256,0,small,0
55,bachelor,40,1,intermediate,51.44256582787286,0,small,0
41,high_school,26,0,basic,54.306915690424766,0,small,0
28,bachelor,15,1,advanced,44.01574625522588,0,small,0
58,phd,40,2,basic,74.08420857057867,0,small,1
46,high_school,25,1,advanced,62.15997334367459,1,medium,0
20,bachelor,7,1,advanced,73.01677159112117,0,large,1
18,primary,5,1,intermediate,30.538670354238292,1,large,0
36,high_school,20,0,intermediate,81.08636986531528,0,medium,0
39,bachelor,24,1,basic,63.76829328350402,0,large,0
31,master,8,3,advanced,72.50021520483125,1,medium,1
31,high_school,10,1,basic,87.81988538013215,1,large,0
33,primary,15,2,intermediate,70.51773601152402,0,medium,0
50,high_school,30,3,intermediate,96.67404560595494,0,small,0
30,high_school,14,2,basic,36.804136118124184,0,large,0
55,high_school,40,0,advanced,60.23655013069612,1,large,0
29,bachelor,12,1,advanced,37.947992330942434,0,small,0
55,primary,40,0,basic,69.71599005999431,0,medium,0
56,bachelor,33,0,intermediate,66.14753136987362,0,medium,0
50,bachelor,28,0,intermediate,48.61727778108015,0,medium,0
50,bachelor,27,3,advanced,97.60263444943472,0,large,1
46,primary,31,2,basic,59.608533400554094,0,medium,0
22,phd,2,1,advanced,31.9072236490154,0,medium,0
23,high_school,9,4,basic,75.20277619030627,0,small,0
48,master,32,2,basic,75.43515742075651,1,large,1
33,high_school,14,1,intermediate,57.80760293567465,0,medium,0
48,bachelor,29,1,basic,76.82545666087687,0,medium,0
42,high_school,23,0,advanced,50.746329398684175,1,medium,0
50,high_school,37,2,basic,58.74282071123658,0,small,0
