site_visits,products_viewed_per_visit,avg_time_on_site,items_in_cart,purchases,total_spent,country
2.968854395325747,7.934443680416835,2.28,4,1,19.033745714144473,USA
8.358300787461568,9.109786234005927,4.36,4,0,0.0,Brazil
5.25364969201801,2.348625541567985,4.35,3,0,0.0,France
7.715965727647558,8.746557746039421,6.5,2,1,26.286067066422653,Brazil
6.178371551707901,6.157039269140368,6.29,3,2,31.343440794828076,India
4.520219933754952,3.487450419661216,7.58,4,0,0.0,India
2.441342112525347,9.86705980332054,6.73,6,0,0.0,France
1.650746506396085,8.779665558240907,2.09,4,3,45.8461621239002,Italy
8.373366111129913,7.5514701775613124,8.1,5,1,24.483768251512487,Germany
6.508759398680246,7.871443985510197,3.44,5,0,0.0,India
0.5176443208480161,8.182224823348465,6.16,2,1,26.676169409826713,France
4.210898118855682,2.937939578243178,6.62,3,2,119.9629208623972,USA
4.211560578430346,1.9627045548880027,3.91,3,0,0.0,India
4.540564498436069,1.7007427830098605,8.18,2,1,27.681863763873988,USA
8.228194211548075,7.665642335608361,5.37,6,1,13.013768290297895,France
4.946918073479924,1.9219338484085404,2.37,3,1,8.379555597829292,Italy
6.694393725632861,3.515976457710414,4.97,1,1,57.1793031623302,Germany
3.6054727099479518,7.574235245604028,6.98,1,1,52.68370717063534,India
2.1982900574547455,10.489642345147873,7.85,3,2,39.299694261329634,France
6.662153708137046,5.972257208366076,7.89,5,1,79.88900691117907,USA
4.87805014236773,1.1323977940421068,4.73,2,2,47.37654848201555,Germany
4.641855680983912,3.506043039577044,3.06,1,1,43.2305009247468,USA
5.5441532933006155,7.655488622948553,3.54,4,0,0.0,India
6.522959583901423,4.643138516214317,2.75,1,0,0.0,USA
10.198295970308285,7.726693082133093,4.52,2,1,49.78780015065795,India
2.4315980599998492,1.742583285417119,5.58,6,0,0.0,India
4.525406464429238,2.1209255913408604,6.16,2,1,94.38135527777695,Germany
3.092796949398755,10.052664979217639,4.84,3,1,45.931066669272845,Germany
2.2420709720412666,9.523011151428255,2.16,2,0,0.0,Brazil
2.5836310521527963,9.634958225749,3.31,3,1,21.803030456840652,Brazil
9.287613104571818,6.355439326344875,6.62,2,2,133.12670934355515,Italy
8.612011803737532,7.819869326569195,6.16,3,2,95.79843400079346,France
6.292825340415615,7.149150685164029,4.51,4,1,20.923154366376956,Brazil
9.354387933166358,7.13377135823902,3.07,5,1,57.58095171294848,France
3.67931064911211,7.212305690618302,5.72,2,0,0.0,Brazil
1.956897685373227,9.639917061844322,4.55,1,1,72.0388837583702,Italy
2.2817017473206964,9.650253878910059,3.39,4,0,0.0,France
5.5939639383847295,3.1916498988124182,2.9,8,2,78.06859066885751,France
9.722603792996427,6.836301973830481,5.93,5,2,44.10889029039,Italy
5.90013968948024,6.656903638003981,3.12,5,1,25.465453639509427,Germany
6.42881485481947,6.670423529701458,4.47,4,0,0.0,France
4.1886600092842246,1.8423690902137764,5.36,0,0,0.0,Brazil
7.611937812714091,7.531150313514612,4.9,3,2,21.60371354911455,France
4.94801478132918,8.880006966012017,10.35,1,1,36.83848353452497,USA
4.603298796351256,0.23536506809423252,3.08,4,3,218.6718979491005,Italy
2.6793822455776786,8.561058078871046,5.82,6,3,142.22911657705646,Brazil
6.94687264136679,7.624109840137835,4.07,5,3,294.7811779716491,Italy
5.731985620210527,1.425264379733797,6.87,5,1,6.1713199693584215,Italy
3.123520767149045,8.304497135964786,4.85,1,0,0.0,Italy
2.7326636054246025,8.664969332080124,7.14,2,1,66.91735255907903,France
5.050262113014993,3.1878364640736345,1.48,4,0,0.0,Germany
2.525185237154366,1.549268611608136,2.77,2,2,147.95220885425874,India
6.402038371598265,7.797371235453234,6.71,2,2,76.31322620815936,USA
5.682138651113096,7.336605202780042,7.71,1,1,66.29931635688995,Brazil
2.9974714655042947,9.64761295426956,8.03,0,0,0.0,USA
4.4663344186667135,2.3889724096611773,6.09,1,1,10.987347104473859,Brazil
3.0121723936040934,9.27777334352938,5.78,2,0,0.0,USA
3.2516682087507984,7.694263616977616,5.45,5,0,0.0,France
5.385485293884445,6.678715034560666,5.49,2,0,0.0,USA
10.244004564340011,5.7870632119525816,4.07,4,1,58.207865190316994,Germany
8.336325867569451,5.616660353305653,3.48,3,0,0.0,Germany
1.5596434876114265,7.529388159748418,3.73,1,1,13.373417557223975,Germany
3.481275572568616,0.15752070806191454,5.12,3,2,104.6103736388596,USA
9.59244023642707,6.206603403586544,8.8,3,1,45.88193416066046,Germany
8.0870500514934,7.618457650608839,4.19,4,0,0.0,Brazil
9.537646629892683,6.1256691701727926,8.29,5,0,0.0,Germany
2.684576078951441,9.505791775445106,6.15,0,0,0.0,USA
8.008590456284436,4.48709729850916,3.53,4,0,0.0,Germany
3.409818357700619,9.652678053806705,4.66,7,0,0.0,Italy
4.935812076574196,2.108598518660689,7.36,6,0,0.0,Brazil
9.24142004639002,7.411148070668667,2.66,2,1,41.458871354527666,Germany
7.152779437671172,5.535825018041351,7.02,1,1,61.22168732916267,France
0.7766826235676583,11.245586274390954,8.28,3,3,251.58945048610397,USA
11.119989829056587,6.211672208834674,4.42,4,1,58.651406441570735,India
8.507881238866444,8.649619829628419,2.09,0,0,0.0,Brazil
6.587894465772961,6.6659986109898135,6.12,1,1,62.527628980366295,USA
4.901153827365774,9.859060503980022,5.75,5,1,24.907646478984113,Brazil
10.398569734189728,9.178185049358287,6.52,1,0,0.0,Germany
6.3103378678812065,6.808441039395703,2.49,1,0,0.0,France
3.216823517874776,8.302112264022277,6.28,1,0,0.0,USA
4.45167639745528,1.8695828305349513,6.69,2,0,0.0,Germany
4.508953031101975,3.1014094672095696,5.63,4,2,66.8277616914109,Germany
4.000685302477943,1.816893347235689,3.89,5,1,7.521668269485032,USA
9.128123725650926,8.005205920298975,2.32,4,0,0.0,France
8.076263882773413,9.244760332588315,6.2,2,0,0.0,India
10.42851907989031,7.306154907989605,1.0,2,1,88.43178834020516,Brazil
2.5882649649173066,8.435162018562576,6.0,7,0,0.0,Brazil
7.553348041873842,7.167596818015795,6.36,4,0,0.0,India
7.485617237236182,7.822884833506421,2.54,0,0,0.0,France
3.8668491266253984,1.1024419122969906,3.39,4,2,87.38856230753001,USA
6.487745831930204,3.1636993276584087,2.07,2,1,56.88945230777464,Italy
2.0009289833781607,12.940523834634648,5.35,2,1,53.127334530713064,USA
3.4138119980465165,10.187042973465767,4.07,1,1,76.01112768318104,Brazil
8.181821673460783,6.010250628246455,4.94,4,1,42.310662250686725,Italy
9.352324034964349,7.045388577208886,4.69,3,0,0.0,Germany
3.6008984991920645,8.62718642572392,3.11,1,0,0.0,France
2.8953459476220473,1.2828934507035274,6.74,2,0,0.0,Germany
6.424653875413196,1.986620048560025,5.18,6,2,120.42287013991503,Brazil
8.020641443581455,7.089731547898986,5.34,3,2,38.24180606712214,France
5.985168348046141,6.545734846402648,2.04,1,0,0.0,Italy
8.45468337166637,7.204068514242368,7.94,4,1,34.50856777751436,Germany
8.323556113643498,6.860818712902004,7.72,3,2,26.140249425483496,France
7.423537244664527,6.0542569234482375,2.37,0,0,0.0,Brazil
5.895034296255473,6.089437274585219,4.97,4,2,72.6011014719342,USA
0.536655446262942,7.6282981857993235,3.82,5,3,228.0246460938731,France
8.892679031036213,6.406494886757913,8.58,2,0,0.0,Germany
2.2598890274110213,10.059374602283075,8.42,5,0,0.0,USA
9.206063339911976,7.719220422106708,2.93,4,0,0.0,Germany
1.6864148422187477,8.051635116279344,9.34,4,0,0.0,Brazil
6.534852218558975,7.500132542352658,5.31,2,1,92.60226372192676,India
1.5339999932703203,9.515380298138167,3.64,7,1,69.19639458131516,USA
7.314362159275461,8.375307180579103,5.1,2,1,82.9070062766365,France
10.050849703719688,7.734883193068411,2.92,4,0,0.0,Brazil
6.784599305879197,5.151780212709613,5.04,4,0,0.0,India
3.0336220478261433,2.3681276542640393,4.58,1,1,35.219316208921086,India
2.026948670372093,7.776623705871024,3.86,3,1,89.7391749273081,Brazil
7.616888867543231,4.602420667245015,8.26,2,0,0.0,Brazil
7.566981625509563,5.78187378975252,2.53,3,0,0.0,Italy
9.101210229671386,7.554929266776119,7.62,1,1,45.721883176808674,Brazil
5.162399602670491,1.3200322940107911,5.55,1,1,31.253540118608825,India
5.360290840060626,6.7634478421064435,6.58,1,1,76.639493490497,Germany
9.065088553286156,7.996135806588546,6.0,2,0,0.0,Brazil
3.875021778468189,8.865316818431024,3.52,2,2,110.75346699548717,Brazil
9.272175279988582,7.519163443811019,5.9,1,1,72.29983551299587,Italy
5.983127520951104,9.620536015310877,4.68,0,0,0.0,USA
2.3133523679550687,8.03591335058329,1.14,6,2,85.99054266352537,France
4.355385485290844,8.084775268005911,5.86,6,2,139.95508793730025,USA
4.6078313420643875,2.0066943863293196,5.88,2,0,0.0,India
2.7481297222224446,8.647461716383633,5.5,4,1,6.413455786906707,Italy
3.422982125887934,3.3365461974790716,4.0,4,0,0.0,Italy
7.544734562170075,7.46367014117202,3.75,5,1,26.048821809353164,France
6.759018643537692,6.217802696627979,4.74,5,0,0.0,Brazil
7.461805096897343,7.524589905530095,2.93,3,1,69.3302116176689,USA
4.337781795203496,3.5605702863562687,5.2,3,0,0.0,India
5.5016528572258565,4.731403299338895,6.82,2,1,92.55941150093908,India
7.082795720135949,7.040762879642021,6.15,2,0,0.0,France
3.2187774778019227,7.755781217522987,5.55,1,0,0.0,Italy
1.7522090064073983,8.092120804020697,8.37,3,1,90.88462620844481,Brazil
4.208423191668216,0.1469175311794424,2.43,2,2,93.57111112742967,Italy
1.7298486191474178,8.975266608820778,3.27,5,0,0.0,Brazil
7.214231045681566,6.314476691389227,3.21,2,2,64.01888804719074,India
7.963573079926404,7.000915142697057,6.73,2,0,0.0,Germany
4.819949873924083,1.7002363637152191,3.23,2,1,18.18365045302989,Brazil
2.5966329518299314,9.56260575575282,4.56,7,3,33.63210921144689,Brazil
7.718284828671855,7.5610184224116415,1.0,3,1,80.84468640324894,Brazil
7.107511479533176,6.784502049163369,1.0,3,0,0.0,Italy
7.355111932340713,7.543942696101637,5.54,2,2,50.56745315646079,Brazil
9.539391287615198,7.810408865799275,3.45,3,1,43.535124780639926,India
7.5630082276714,5.7714351733202225,4.07,4,1,34.87711577507226,Germany
8.365112547628422,8.425718234269903,3.83,4,2,40.96431087101439,Brazil
9.356419258028357,6.379019583967175,4.0,2,0,0.0,USA
3.1665701770474746,8.96532109733987,5.39,4,1,40.102178479487755,India
5.900728356227411,2.58983366041185,2.9,2,1,45.24060177921741,Brazil
4.194228533198107,4.026988374027328,4.91,4,0,0.0,Brazil
5.670128530197668,1.5931328376513783,5.82,8,3,193.92934112881437,India
6.913489394556144,7.609538723133328,4.44,3,1,41.236408228869855,USA
7.595139957274019,6.924676492701429,4.62,5,3,29.73295577227447,India
8.932280122268295,7.723107468706463,2.66,6,0,0.0,Germany
7.160830786554037,6.756690459774986,4.89,6,1,29.059337324966503,Brazil
6.159830842142401,0.16263016479407355,7.79,2,1,23.894230253202043,USA
2.53004059560246,3.3124962734207317,8.77,3,1,90.21545546252655,USA
7.038776662688998,7.596503886976693,6.1,2,2,166.30352230021148,USA
5.955387127168205,2.1836659828622356,6.84,1,1,76.84774390795295,India
2.6693304186193907,9.685626204648788,4.15,2,0,0.0,Brazil
4.469493070839905,1.1603460936041672,9.36,2,2,95.21773434010939,France
2.6486438987337495,8.56409686334691,5.56,5,0,0.0,Italy
5.882705729554929,2.7003376728328323,2.79,2,1,21.990436741204054,Germany
9.81789307127056,6.521733807547653,4.96,7,0,0.0,Italy
6.672949562612154,7.009407050311455,7.53,0,0,0.0,Italy
3.6257146181011333,2.3121455776089936,4.33,5,0,0.0,USA
3.567638256694403,6.516225110705382,3.64,3,1,81.36880487493433,Germany
9.23108670905282,5.821685990868865,6.91,3,0,0.0,USA
7.495550792213007,7.053017611402528,5.39,3,1,46.986132649117195,Italy
7.129399803191653,6.351570391444545,2.62,7,0,0.0,Italy
3.8257255796304976,0.8079676839754435,5.39,5,3,27.050779625258844,India
3.3660494881805496,7.8882321672872715,3.64,7,2,151.4446458554618,USA
2.7578887492362973,10.621631704218315,7.82,4,1,70.96244960469237,Brazil
6.716179444533793,6.751259971920033,5.8,1,0,0.0,USA
2.5468323254775984,10.117588010214844,3.31,2,1,55.68715170143307,USA
5.573689262303098,2.476402068473228,2.94,4,1,94.11922794259942,France
5.613605067080469,2.271967464262494,4.42,4,0,0.0,Brazil
3.1030090311214553,8.84865471788069,6.09,1,0,0.0,Italy
1.271543865540752,9.394053764239217,4.1,5,1,10.105810585311907,USA
8.775880779972882,7.874096509200301,3.45,4,1,14.073606465489505,India
4.274637858738255,0.30199991144666694,5.95,3,0,0.0,Brazil
6.824419182158937,7.809957541668597,1.85,2,2,102.02894689443272,India
5.8181316837761035,2.3813055967190886,4.0,5,0,0.0,Italy
4.556789508484918,2.622051609844571,6.24,3,0,0.0,Italy
3.566190177310349,2.0542522268415557,4.58,4,1,29.749948576280925,India
5.78324036643393,2.1580283380010967,2.13,3,0,0.0,India
2.8244668676930957,9.773255348691588,7.21,1,0,0.0,Italy
8.567864247905453,7.345504468142305,7.62,2,0,0.0,Italy
6.441603585823173,7.142926416573006,4.91,5,0,0.0,Italy
5.395737037383508,7.349240309403409,2.82,4,0,0.0,France
3.033286020987343,9.166641000232044,4.86,3,0,0.0,USA
10.377953450841972,6.128839447482151,2.46,2,0,0.0,India
7.385716482343159,8.013151940653408,3.24,5,1,31.886555335016123,France
7.423901624075809,7.95785352820629,6.54,2,0,0.0,France
7.5909471016978385,6.284978407362178,6.39,2,1,73.88100358021728,Italy
4.071743479939293,8.485233450852027,5.84,3,3,184.4956729182058,Italy
6.132568363327147,8.201318825132075,6.5,3,0,0.0,USA
2.1655793334842888,7.251245972835587,6.08,2,1,29.72869608372286,Germany
6.737340566822899,5.5642358954581255,6.33,1,0,0.0,Germany
5.2509497413386725,1.2067032529209443,6.54,1,1,28.387584338881986,Germany
4.813826044640913,1.354994641840563,3.49,3,0,0.0,Brazil
4.340879870258776,7.962976216558977,3.23,0,0,0.0,Germany
1.6936966006084875,8.966197620867549,3.0,2,0,0.0,Brazil
7.428023978962453,6.6138943331230395,6.29,6,1,51.47415720062076,India
6.775465566305467,2.2552039031500746,8.32,3,1,35.953600459889344,India
3.7219027316173654,3.7043393157080313,4.07,6,0,0.0,USA
2.9221954451961842,8.087587819351011,3.86,2,0,0.0,India
5.9487398083594325,5.069587114854953,5.92,2,0,0.0,Germany
9.22959547154355,6.434598106438933,4.81,4,0,0.0,USA
7.439230277372596,7.94435286078857,5.37,3,1,34.01402925669761,France
8.51068851991459,7.380898469305684,4.01,2,2,35.7869339713275,France
9.121620716053723,8.614853644563663,3.51,2,2,124.73428060862707,France
3.333711784580424,8.405696404958622,5.62,2,0,0.0,Brazil
3.294951049162929,0.8980666358239764,4.81,3,3,267.24982158044435,USA
9.285690705797226,8.175537950407197,10.42,1,1,17.927901711260148,USA
9.368338515415976,6.920765625592286,6.22,5,0,0.0,Italy
4.85895039876577,1.4977774417261898,3.79,4,2,57.428838269810875,Germany
6.592986034500676,2.6601263160394093,2.02,5,0,0.0,Germany
8.905444144171122,6.490915695759854,2.04,0,0,0.0,India
7.214400515856098,7.576226644622248,2.85,4,2,139.6060787316228,Brazil
9.459462555432252,6.380559543048939,7.94,2,2,175.29416778575208,Brazil
5.145436689443109,2.4094053887417872,2.37,1,1,67.81799493627702,Italy
1.9225038215774755,8.539382471575797,3.11,3,0,0.0,Germany
3.1268495184871004,8.698213272171271,3.27,4,0,0.0,France
4.569658474710485,0.5491082335472184,9.13,1,1,38.010935332185575,India
9.295640663192714,7.47919830318709,5.38,0,0,0.0,France
7.0795571142696865,6.137206287842348,7.96,3,3,205.6460169446541,France
10.096624141886917,7.105907492781036,2.56,1,1,27.729332175523542,Germany
6.182615203507877,2.2166447610775024,4.8,0,0,0.0,Germany
1.9880751946734119,9.659501714148378,6.92,5,0,0.0,Italy
6.646032109889694,4.763306538312094,8.07,2,2,104.4378085748595,Italy
6.21402562226051,1.627262403273904,2.0,6,0,0.0,France
3.8518312129950933,2.63009875028282,4.98,1,1,17.78491662803593,USA
7.878819699612681,8.081257029708606,9.97,4,0,0.0,India
3.111409683414531,9.483060384273346,5.07,0,0,0.0,India
6.988243846089612,6.99618040339643,2.61,0,0,0.0,France
3.296981374960989,8.393438529947206,3.17,4,3,65.63779796054939,Brazil
3.521301998312918,7.359429456332553,1.95,3,2,78.13540526841257,USA
4.661767657392936,2.290121690924847,4.93,2,0,0.0,India
3.0396987706632776,8.438467887553642,7.24,3,0,0.0,France
2.328134880281668,10.317564165514385,2.31,0,0,0.0,USA
8.4741576934936,6.324336012537045,4.15,3,0,0.0,Brazil
3.8563239125824467,8.04267208968767,1.31,3,1,45.85329417911584,Brazil
6.641752034802403,7.1347175792898305,3.27,2,1,14.604953724624753,Italy
8.37577983383826,7.700583825127103,3.83,5,1,13.43407491914002,Brazil
2.0284530432847663,10.510996535644303,5.69,2,0,0.0,France
3.010981815864282,7.641820580314221,4.35,0,0,0.0,France
5.49661625769856,2.3712179004499943,3.92,3,3,35.96158182215645,France
3.3033103359131815,3.309827041699715,5.11,4,1,65.06715981440105,Germany
4.164085059281046,8.054239832918858,3.68,6,0,0.0,France
7.004913813920708,7.3021154899850265,4.37,5,3,16.107501370194903,India
2.8184067001026136,8.262129722607739,4.28,5,1,89.17273837179553,Germany
9.329552171253123,7.998027948653525,5.02,1,0,0.0,Italy
10.435781974965133,7.249590550241793,4.39,4,0,0.0,Germany
4.304092897248352,0.8185353452118878,4.85,3,2,139.31346077989815,Brazil
8.51649256661324,6.542165219881757,3.3,4,2,52.59375207085366,USA
8.237884177273758,6.972275404097423,6.15,3,0,0.0,USA
5.9800284531718635,5.964937442557324,2.65,3,2,107.81454973335737,Germany
2.602833811791921,10.340082775740512,6.77,0,0,0.0,USA
2.1624876454478303,11.525842679782745,6.44,3,1,49.36015020927808,USA
4.44409356525952,0.9308980958934836,5.07,3,2,183.83080080972888,Italy
8.72777863708388,5.845750807745386,5.66,4,1,32.41491114939657,Germany
5.8309695193742925,1.8263161626854312,5.72,2,1,89.27688126554855,India
0.9804497725118417,8.933240163476578,5.09,1,1,92.28341790395137,Italy
5.395193152711041,7.556449309039492,4.15,2,0,0.0,USA
5.897491948804753,1.4397172381648315,4.98,3,0,0.0,India
8.170079632694657,8.417689751113834,4.93,2,0,0.0,Germany
2.1824528584504304,9.31476048780915,6.28,4,0,0.0,Germany
8.502602153154834,8.09357295342887,3.82,4,3,40.34484259848977,France
2.0874175488018794,10.324478036279219,8.47,2,2,12.01679379415011,Germany
7.756747028271228,8.91296985160341,2.84,6,2,189.43963907161864,Brazil
7.614579067986648,7.783019600323874,4.56,0,0,0.0,Brazil
2.147802017544336,10.55232269466429,9.97,5,2,150.1141568889889,India
1.6162437529439808,10.84390632991441,10.63,2,2,26.108106351776705,Brazil
2.9228031564743944,10.901973785538512,7.48,5,0,0.0,USA
5.998704841828097,7.679555382625844,3.79,3,1,91.49080195992437,Germany
3.6414379833513832,3.596426374468786,3.55,7,0,0.0,France
7.197769823812697,6.931807532651178,4.94,7,2,166.05056399745834,Germany
6.567992892343845,6.234812634844904,6.5,2,0,0.0,India
5.368942481230466,2.324335151567816,6.03,6,2,112.11597068851701,Italy
4.8268690459527654,1.9288963640960832,3.9,2,1,56.79791974412927,France
4.038752283559255,3.139086204195955,7.06,2,0,0.0,Brazil
4.322117942210705,2.0897481959531956,1.51,3,0,0.0,France
4.877708376986437,2.452795003492305,6.33,2,0,0.0,USA
9.955913799259335,8.871163689093974,6.4,1,1,10.79567615796266,France
1.9746919745721998,9.901941554072158,3.76,6,0,0.0,France
3.525056648875687,3.170080632702084,7.19,4,3,260.7026284402258,Brazil
2.255457961558177,9.481979299963754,5.29,6,0,0.0,India
4.329800923601267,9.284343486589744,2.77,2,1,64.05378607127817,Germany
4.127344725581551,1.1716420938361904,3.17,2,1,47.74778534097665,France
2.5162426085333047,8.798676549630299,1.0,2,0,0.0,France
8.539532753656452,6.791286630997158,1.97,4,0,0.0,India
3.318578444135504,9.97098931458398,7.31,2,1,92.83552496609697,India
10.432510436361412,7.353791586607322,3.62,3,1,58.5814505405409,India
9.57439297517666,5.200144377100475,2.6,2,1,53.30254132461698,Germany
11.066127313972592,8.801215788530856,8.9,6,0,0.0,France
7.039912777471191,6.470755052928773,6.44,4,2,152.9964820693539,Brazil
5.393296309649195,2.0729959990405,7.7,2,2,14.671989534363679,France
5.428251730080889,6.624781421530902,5.68,5,1,83.090328411003,Germany
8.211374675549447,5.939043041824016,6.36,3,1,43.17248728205538,Italy
9.506476948152747,8.292267536665955,2.56,4,2,38.348939971471985,USA
3.7162192709099657,7.938973735149084,5.7,5,2,132.14775543537792,Germany
3.355491800155587,3.4490488344446977,6.19,3,1,25.36617204787154,USA
5.062203633677976,0.8445351695615249,1.0,3,0,0.0,USA
9.151489279516124,10.106758057746031,5.43,2,0,0.0,Germany
8.896934832418482,7.0828203436513935,4.49,6,2,159.71014463311718,India
3.688694465840145,1.6313478636945964,5.35,1,1,61.29981556177618,France
6.172259218815723,2.393706389844801,7.28,3,1,77.66600654874708,France
7.905952514988823,7.495443764406149,8.56,7,1,29.129911415334803,France
7.304704910903087,8.853570357060333,2.93,5,1,45.03625560158412,Germany
9.11962140930558,7.204988681469839,8.29,3,3,152.1521888360464,Brazil
5.096512671158764,6.805702921349799,4.2,4,1,36.1524185335533,India
6.093719073349986,1.493205041228523,2.89,1,0,0.0,India
7.203309945192458,7.146656897556694,5.66,0,0,0.0,USA
2.8991213296121954,9.172339618118453,9.37,1,0,0.0,Brazil
2.157749415511167,10.08443636651475,6.33,1,0,0.0,Germany
5.9603660994699785,6.134253075177369,5.22,1,1,9.969508226835956,Germany
9.278181019736417,9.112961626576077,3.24,7,2,182.76783795453937,France
2.3398367990166724,7.600571631293342,8.29,5,1,10.740419258392409,France
5.776935145076892,6.702279793570512,7.03,3,2,130.4847371707175,India
11.364159442440618,7.815302805099394,6.38,2,2,102.84190250885473,Brazil
8.785954916911015,8.487017915196084,6.48,3,0,0.0,Brazil
6.476970209504109,6.950569933741942,5.39,2,0,0.0,Germany
6.142863845983373,6.261249263131312,4.38,3,0,0.0,France
6.625943636853173,8.19485845358637,10.75,2,0,0.0,India
9.27160908070741,6.533149296391466,1.56,3,0,0.0,France
7.733556105722627,5.741828148386367,5.43,2,1,80.23035490824341,Brazil
6.5834936012656655,7.468262718596515,8.25,4,3,247.80376005388996,France
8.865227609125395,7.492215660308095,9.15,3,0,0.0,India
5.420080557414177,0.7989673882205854,4.99,3,2,92.90739190530138,Germany
4.858842752084076,1.1313480520725796,4.48,0,0,0.0,India
7.492881005801341,7.21901813895178,7.9,3,1,19.339645941648094,France
2.421308870277002,4.391947463254196,3.62,2,1,67.43558524791283,USA
3.9530524391862922,6.718105175061083,5.57,2,0,0.0,India
8.158363045970527,8.106001856715892,4.69,4,2,28.13735217751116,Italy
5.7688740187366285,6.1249246194720035,3.87,2,2,125.0218104498347,India
5.084774731237985,2.823889078401379,3.8,4,0,0.0,Italy
9.617067272005164,6.813956412628872,2.1,2,1,13.02891699908971,USA
5.079331526686092,3.241130171043821,6.53,4,1,74.98273158034452,USA
8.38365501569343,7.874921258276945,3.04,3,0,0.0,India
6.915047331842779,7.407175711515721,6.11,2,0,0.0,India
3.1166699106730573,8.6099241355083,4.2,2,0,0.0,Italy
6.864594313900158,7.1602445302704,6.77,1,1,63.58900559567406,Italy
2.425370995123389,10.424745273401825,3.55,5,2,29.702823215082997,Germany
7.512434790373453,5.473877234013393,4.99,0,0,0.0,USA
2.2130773459881743,9.275341400378212,2.93,4,0,0.0,India
7.09208591618554,6.629679310274902,6.25,3,0,0.0,Brazil
0.37616424839648355,7.062198328675819,3.94,0,0,0.0,France
3.436128094630833,8.954760772136522,5.47,0,0,0.0,USA
7.502357772155018,7.9314386112992254,8.03,2,2,160.9703696718388,Italy
3.7109523537673708,1.4690410102890683,5.61,2,1,20.03513677200911,India
3.596443561915553,7.9284609993131365,3.91,5,1,79.60902397029359,Brazil
5.69220003946927,6.358879602631405,4.76,3,0,0.0,India
4.879736582077398,2.4594796772909535,3.98,3,1,26.865985580843823,USA
6.105750017708448,6.039068316314327,9.15,2,0,0.0,India
7.153263411302826,5.303596741556428,5.7,3,0,0.0,Brazil
4.610662430374116,2.748284805529818,1.0,5,0,0.0,Brazil
3.8254806487817774,3.4740127142211104,3.27,6,0,0.0,Italy
5.650258149511365,1.527412224143883,4.2,4,2,80.10731576450445,France
2.3756567182704678,8.861816291817778,5.52,3,1,25.673217312198286,France
4.106885116802148,2.6130726410928165,4.95,1,1,5.04484924274108,Italy
6.8764292005359815,7.404969053600381,4.7,3,2,147.30161361804056,India
9.385546196901982,9.113313685807103,6.04,4,0,0.0,India
4.212580062407905,8.958738429301702,2.0,1,1,40.26645095906843,France
6.877223465344543,5.663454766093007,5.05,2,1,50.43149269625098,France
6.107729281225411,1.9429066263437462,1.14,2,1,5.428645361933682,France
4.157565265291798,3.0721530413826965,2.73,2,0,0.0,Brazil
8.386549490289283,6.7338947968983875,10.17,4,0,0.0,USA
2.3622623246660623,8.49215455817833,2.32,3,3,39.52714381571777,USA
8.628401704223013,6.691083877422528,1.95,7,1,52.90796463388626,Italy
3.3966898008548503,8.576827827874911,6.04,2,1,46.65020506981587,Germany
6.839720496631509,8.022900288272348,4.04,4,1,30.19526599241857,Italy
8.706805026557854,7.148143231177722,8.29,4,2,194.24562563394022,France
2.5493555736970936,7.583511026080274,5.98,3,1,83.27200648616846,India
5.322217618287761,2.9197466875141185,8.75,1,1,81.23312067868811,Italy
5.347336547092483,2.750101376295561,2.32,3,0,0.0,Italy
2.9592630945319938,9.63713606054582,3.63,5,0,0.0,USA
7.296892556473663,6.963520328022508,3.98,6,0,0.0,USA
9.63722665472914,8.352001924688814,7.5,2,2,58.2741762169699,Italy
9.356763388513514,6.743667734035375,5.27,1,0,0.0,France
6.650054550077017,7.604473225079407,3.38,4,1,12.870185263542666,Germany
5.03096412218472,8.187752174369386,4.28,4,0,0.0,Italy
8.283033566622395,8.648831912766441,3.67,5,2,102.38281419451262,India
5.991823255572422,5.481625600206625,4.96,2,0,0.0,Italy
9.24260600084809,6.506784983633803,6.48,3,3,228.47302704221823,Germany
5.662720307778866,1.7827234980115152,3.15,3,1,63.158295204200016,India
7.6276989954729375,6.954361700769029,3.14,4,0,0.0,India
6.0892781824589814,6.7105119168810115,4.43,3,2,163.77818663062618,Brazil
9.8684228331255,7.470155503144878,1.99,4,0,0.0,Italy
2.556568325597186,7.432109364852194,6.74,3,1,63.952824303920245,USA
7.526846937675716,6.182107123271484,4.23,1,1,19.282087917009804,Germany
5.518892990785108,1.0266788879523039,4.87,1,0,0.0,Germany
4.144914285337401,0.957174252772703,8.35,4,0,0.0,France
7.919141602959057,6.264182228223877,5.9,3,1,40.0977648399498,France
4.441805206078741,3.273795084996691,6.86,1,0,0.0,India
6.095966716924562,6.4377733332997495,7.02,2,2,111.25310880676781,France
10.043910107659766,6.170262742823445,2.63,4,2,135.6576136681884,USA
3.950767038506311,2.4408597877996177,7.28,1,0,0.0,France
3.485070876030083,10.067927924806161,4.32,4,2,163.9836957518679,Brazil
8.561694474849055,5.564010141425465,5.5,2,1,53.7546276423941,USA
9.158497264856736,6.78323738760302,7.56,3,2,157.65391082515677,Germany
3.0597344725443336,7.793573702284163,6.69,5,3,237.16544797011397,India
8.17322170511453,8.42432272092142,2.72,4,1,47.82201888821414,USA
5.355613077398941,4.367531584523183,6.72,3,2,160.61753086567853,Brazil
8.07372815900043,5.748642928035968,4.82,4,0,0.0,Italy
1.6685540740640261,8.361662148895931,6.9,3,1,52.285171003668495,Italy
8.759094155097436,8.677101240555348,6.15,3,2,74.68716625599998,USA
3.662530026258495,7.326941781087611,1.0,4,0,0.0,India
8.320842853755568,6.680990746692466,6.21,1,0,0.0,France
9.652299552526522,6.713620208549501,6.55,2,2,17.057595230505527,France
7.027850079994391,6.374848250101745,1.35,1,0,0.0,USA
6.390804778155244,1.9416511706126278,5.13,5,0,0.0,Brazil
2.263114007736341,8.212006101058778,3.29,2,2,149.40066301997865,Brazil
5.175337583637734,3.182179882841729,4.12,3,0,0.0,France
5.00010487330553,2.51449097794901,6.06,4,0,0.0,Italy
10.375395743704875,7.992567657969236,5.59,4,2,198.55610000560114,Italy
6.120614220569081,7.9922958945545055,4.75,2,2,59.307176225125545,Italy
3.3209103379255906,1.9932761508098304,5.63,1,1,46.419753928849325,France
3.5177523071289585,7.051660436525743,4.16,2,0,0.0,India
7.428753672140847,7.474607315702669,8.33,2,1,48.08310721738085,India
7.52073884530404,5.221239898820617,3.08,1,1,17.125092051524845,Brazil
6.433918051015903,8.680880295198582,7.75,2,0,0.0,India
7.490389846883008,6.773439937908901,10.55,2,0,0.0,France
1.822131827193834,10.480826987476924,2.7,4,1,49.56011562398909,USA
5.95410541193168,2.6864359347372746,1.0,4,0,0.0,Brazil
1.9758383783473008,9.853754632716726,4.96,1,0,0.0,India
7.75141213884701,6.392365065342102,9.31,2,0,0.0,Brazil
2.324487148271667,9.952201665708976,3.8,0,0,0.0,Brazil
7.6874931069516474,7.237137931147204,6.94,3,1,36.5701968934232,Germany
5.031760098473686,0.9385717243340772,2.48,2,0,0.0,Italy
6.860628108891399,7.401364400132076,1.0,1,1,14.558995417851422,India
7.273224351061766,7.823856122819328,4.49,6,0,0.0,Germany
1.4178875024584812,9.623424249105499,4.84,8,0,0.0,India
1.651537999850731,8.854347598234895,1.82,2,2,54.384389298621926,France
2.4393955380627315,8.628972531336562,7.96,2,1,68.42871691543024,India
5.953661012799909,1.9576980432139923,5.98,2,1,23.052624272650785,France
10.328410432212628,6.669338589738374,2.88,1,0,0.0,France
9.754295338001162,5.778293800500032,3.6,2,0,0.0,Italy
8.297499546251519,4.970736445613344,9.7,1,1,15.934039270833253,France
7.17375037152744,7.967947140989566,6.29,4,1,71.74803234245837,France
7.548723951288983,6.0761230973854445,1.02,7,0,0.0,Germany
6.580427425062374,7.503706473608586,3.13,4,3,84.21177454139297,India
7.151357231020978,8.749841255230937,4.55,0,0,0.0,India
4.937106057813188,3.640426525690266,4.6,4,1,18.539095743648723,Italy
1.7841018362047532,9.53046441531328,5.26,2,0,0.0,Italy
2.588839014298465,9.466657924448056,5.52,2,0,0.0,France
2.198087631909555,7.124636836102169,1.9,2,2,199.2567340948021,Brazil
1.5856890070053815,7.96366280637052,6.05,1,1,55.254561758896514,Brazil
7.626849023371755,6.284100920289827,1.72,4,1,7.0797486742569795,Italy
4.599500521905907,8.844027881402416,4.94,3,0,0.0,Brazil
7.486950236622185,6.452432822266017,5.66,4,0,0.0,USA
5.566136327312494,1.5871671082912928,4.83,3,0,0.0,Brazil
7.6277181739999325,6.588450660086901,5.74,2,1,51.61815197267887,USA
2.9013057761849077,7.550771180066203,3.27,4,0,0.0,USA
2.6950433752454974,9.324285111363876,1.78,6,1,60.87916893823932,Brazil
5.892162498184741,2.1344692266034273,1.0,1,0,0.0,France
5.123249203523278,5.333710906086117,6.06,2,0,0.0,Brazil
3.412198871772044,1.3818916745710264,5.48,1,0,0.0,Italy
5.843456890761561,0.483885419500514,3.8,5,2,156.11677666794085,France
3.7598668545373375,2.242350604195892,6.4,3,1,28.673264957516693,USA
6.449484216835899,6.371574275648816,7.61,1,1,93.39593569575499,USA
3.099089940808358,9.712974941715364,3.87,6,1,93.81735893143453,Germany
4.528559987430301,2.272255417961838,6.9,5,1,58.89723193764573,India
6.637164219428559,6.556354526044453,1.0,4,1,95.38884774076993,Brazil
7.507876085073693,7.17464011947782,4.59,3,1,83.87825243732941,Brazil
3.204892500249814,8.096159144781748,4.24,4,3,15.41732770436193,India
2.6301457716605317,9.433818572105348,3.07,4,0,0.0,USA
2.8948702540305984,9.448788774289627,3.38,4,3,68.34378242965442,Brazil
6.6317809092494455,7.950430141927784,7.57,3,1,61.20784681506204,Brazil
1.5228211171468131,8.302312900939398,5.99,1,0,0.0,France
9.328518662864699,8.231613213760841,3.06,1,1,72.77318810927021,India
3.8284448176515173,8.811305490802665,4.6,8,1,66.10051019110571,Brazil
5.972430303893229,2.902101697472947,3.74,3,1,58.09477675172886,India
6.520709607410611,7.919902817804181,5.45,3,2,199.4674972198183,Brazil
4.714388430054874,2.9988017978133144,1.18,6,1,65.94321056440081,France
8.489648864060266,6.552516862132989,7.5,3,0,0.0,France
2.897374441593979,9.18470235057381,4.48,5,0,0.0,Italy
2.065378194906522,9.788920181627658,3.37,7,0,0.0,France
4.583090240341824,1.0827339309980704,4.55,1,1,74.99135369726868,USA
8.29901154694731,6.656114624374898,6.1,2,1,91.60736707289684,Brazil
8.547661263522961,7.652057669412652,6.42,1,1,6.499426069047724,France
6.758856725599909,7.519174926107963,7.67,3,0,0.0,USA
3.8221964396229677,0.8393393271343779,8.02,3,2,23.777901816334033,France
6.5815752844672435,7.484227466777165,4.96,3,2,134.67642958155454,Brazil
8.969448219885683,6.980296846794027,2.69,4,0,0.0,Brazil
4.086194105243747,8.21146168424748,5.87,4,0,0.0,India
7.279746852452401,7.463275310531903,2.05,2,0,0.0,USA
3.1793779368096136,3.1644303655725645,6.19,3,1,42.61149330287508,Germany
4.156220198790533,1.7264452598262914,7.49,1,1,31.738054404415184,France
4.255697170521126,1.2110362354266342,2.27,2,1,37.85027138528311,Germany
1.842927951009227,9.592264651837878,6.81,1,1,49.960013170226674,USA
6.6663345471417195,6.969817873243121,4.15,4,2,178.06350722397178,USA
7.236054311676349,8.405295029938145,4.47,1,0,0.0,Brazil
8.155265175127745,7.718046520660579,6.48,6,3,105.55973420614532,Italy
6.697357460305657,7.337939478134252,6.04,3,2,126.99924259998262,USA
4.21406083786155,0.31602609880842736,2.48,2,1,47.23715988181394,Italy
6.462968130602676,7.265668573238432,5.83,3,2,64.73123632284326,USA
5.113024289495888,1.2702582459011644,7.28,3,1,93.35823522897579,Brazil
7.864040237326482,10.11267502578838,4.31,4,0,0.0,Italy
9.217311830694202,8.133302188060128,7.91,5,0,0.0,Italy
8.574461735733065,6.9288432068381995,7.58,4,0,0.0,France
6.005387021918028,6.89171970773099,6.55,3,1,19.936190370092397,France
5.0758846114506815,2.8170091935824693,3.66,2,1,82.89432194978131,USA
1.8499519546203451,9.95185626582488,4.17,5,2,183.3458392403162,Italy
0.7542645514055086,9.03268775898176,2.9,6,2,179.77452183807532,USA
8.720278289946236,6.106560338655184,3.94,1,1,30.94976642595072,USA
4.501366591620877,1.5492796416183794,3.25,2,2,162.04771524646512,USA
5.216951020063241,1.7951463938768937,5.01,0,0,0.0,Germany
7.441862056180277,5.246363256197876,6.5,4,0,0.0,India
8.560848515298545,8.360989585063747,5.32,1,0,0.0,Italy
9.606056899404622,8.76915796215679,4.06,4,1,7.451454338142284,France
9.375734135539824,8.098148550773853,4.76,3,0,0.0,Brazil
3.0868435583882805,0.5696110543770694,1.77,5,0,0.0,Italy
4.380940039649711,1.7853102829320124,3.39,1,1,90.6801101499263,India
6.626994728034477,8.458447197097902,5.95,4,1,96.08048080907862,India
9.913317323766416,7.321179512349183,4.79,3,1,65.07746278821244,France
6.4894345805458675,5.756013698574321,5.11,2,0,0.0,USA
1.4773530835841153,7.52872575516135,3.71,4,2,69.47363844429427,France
5.2841893363363015,2.1196452955940503,4.37,3,1,92.31134266185988,Brazil
6.939907940179252,7.8909910898655475,5.04,2,2,72.75795904801168,USA
5.862561647181117,6.754551070802369,4.04,1,1,86.05777828266608,Brazil
8.698875290606813,8.105988937373377,6.43,0,0,0.0,Italy
9.554522270249336,7.514885169610315,4.44,2,0,0.0,India
6.621424456450133,7.168767753955176,7.53,0,0,0.0,Germany
5.336739085612152,8.111088090081207,7.4,5,0,0.0,Brazil
6.499559750577438,6.3090069646845786,6.08,10,1,41.041344370904085,France
9.281044826168186,7.56208098613825,5.65,3,0,0.0,Germany
4.98163275694164,0.6748437442718294,5.37,5,1,62.978868185690274,USA
6.0231673780024835,6.893971727780218,4.04,1,1,69.09588054882602,Italy
3.9343408889496403,1.1271300113130975,8.17,9,2,187.61564332934208,India
0.588830120908489,7.791391108642758,5.49,1,1,9.295687388936496,France
4.125910998000764,8.784903796342855,5.04,3,0,0.0,USA
0.9928035677991773,9.616404448590805,5.27,1,0,0.0,Germany
3.170984087821138,9.866719462994546,4.62,5,0,0.0,India
0.5696831854024875,10.133861039632897,3.81,5,1,80.46992313747747,Germany
3.472956549263361,8.057135213303278,6.39,4,1,28.250567239463635,India
4.949773615608736,0.6995841353441328,8.47,4,1,99.01383664749808,USA
10.714136849483642,8.843800904381537,7.11,3,0,0.0,USA
8.420646351618762,7.416888108430298,4.56,2,2,16.826270710408966,USA
8.015224456676794,6.4748695677268016,7.62,3,3,213.35421414604372,India
2.161521139514414,8.52705756408477,5.21,1,0,0.0,France
8.552049533554126,9.127971887485828,3.15,1,0,0.0,France
7.51592343182428,5.52416623428223,8.09,3,0,0.0,India
6.913387243448954,7.015266285745317,4.26,6,3,217.06460508228594,India
8.568543827236073,7.335116774824074,2.79,1,0,0.0,India
5.255783446882013,8.831010060065328,5.93,2,1,17.928283289502108,USA
8.287044423860422,6.323383994258746,4.62,4,3,17.986000206533493,India
8.920464420190056,8.310284532981527,4.77,2,2,171.09622636141393,Italy
3.897066173508552,9.778146479831744,4.92,1,1,26.064867396309456,Germany
9.145100441299642,7.0165265583361,3.74,5,0,0.0,Brazil
3.059312905989289,8.867260704767471,3.9,3,1,71.7990510065841,USA
8.807479089582504,9.800452049222116,5.09,2,1,34.31787515788902,India
8.853441346721958,8.902138305977333,2.37,4,0,0.0,Italy
6.118000062327585,0.4907728969449632,4.78,6,0,0.0,Brazil
8.127281654090707,6.152481875836887,5.78,1,0,0.0,Brazil
10.18331442524442,8.406364349415094,7.65,2,0,0.0,USA
5.538547996567275,2.010866257064655,3.85,2,1,10.234391740440845,Brazil
6.709934033179986,6.398141766223055,5.21,6,0,0.0,Germany
6.076308355786968,1.2692533585251875,7.55,5,1,9.308143244914376,Brazil
10.130631131564462,6.362271428047635,5.66,3,1,38.23319949640132,Brazil
7.832076957203295,9.663823131355683,6.08,0,0,0.0,USA
2.484978166379992,10.42650668361375,4.06,3,1,32.25281049907301,USA
1.9941623558440904,9.52807207911053,3.66,4,2,145.44594943186297,Brazil
8.313214813750195,8.365435519676181,3.11,2,2,101.50645068669118,Brazil
5.32516892093907,3.375179009859854,6.22,4,1,38.12098954653512,India
5.8105404655457615,0.317944971751299,8.37,2,1,89.9105962720347,France
2.6248459054409907,8.713182432609033,6.69,2,0,0.0,Germany
4.2401083247850435,2.1303154676432667,5.71,5,0,0.0,Italy
6.283327405690057,6.93150452046847,5.8,3,0,0.0,Brazil
5.595887757449862,6.833231049972635,5.19,7,1,18.452550583257658,France
5.144460650705492,2.5997080472776743,12.03,2,1,66.05108407898263,France
5.210300009588897,1.641738312659229,6.39,1,1,38.3144535254662,Italy
7.640904556831103,8.018815642163089,8.94,3,3,177.19312944837375,Germany
3.0227069461825566,2.3194823941656186,6.8,2,1,65.15091769978835,France
8.042630048934715,5.473302064542981,7.26,1,1,69.5539942314256,Italy
1.3297575023314632,8.545110476093617,4.67,3,2,156.5793587436496,Germany
6.258693795537279,5.670578192139678,3.58,6,0,0.0,Italy
3.952801885222515,8.531376288737803,4.89,2,0,0.0,India
7.967282463490793,4.941531642362045,5.31,2,0,0.0,India
4.790014490184305,2.6856514483745366,6.61,2,0,0.0,USA
6.3193462974723165,8.866400205146368,3.83,4,1,10.170086445804863,Germany
3.2408004080436257,0.4528828917001224,1.54,3,2,122.83010542851575,USA
7.032126869461189,7.446780186237387,5.82,3,0,0.0,India
8.552841593947957,6.254120528263206,4.72,4,1,63.95626053482552,India
2.571837200379985,9.257409586711214,4.8,1,1,13.987763334048672,Italy
1.6400430305558538,8.55874660217445,7.17,2,1,24.873591968756124,USA
4.362989480459298,1.3014488946826548,5.4,5,1,96.95084499503413,Germany
8.421247258627366,5.279984561602467,5.5,2,2,114.21523206354773,USA
9.32677384797466,6.445122438159402,5.55,3,0,0.0,France
8.258746508651207,6.452624095030769,1.0,6,1,26.34526111035744,France
7.0869186828871,7.238852017999039,4.18,1,1,60.743859429301565,India
4.414527351183901,3.6398329431682552,7.5,1,1,97.08996597841771,Brazil
2.6254266661747083,9.228999311368847,5.66,5,1,65.28806949761042,France
5.2784221534957005,3.6707934636500728,6.43,4,2,69.71981710250093,Germany
3.039455241425191,8.221413295935978,5.84,7,0,0.0,Italy
6.973472807374637,6.0773820208382485,3.76,5,1,66.19533696075186,India
3.7792587117647822,9.30124198250003,5.89,2,2,141.16188633051368,Brazil
8.563631208947434,7.589138495590919,4.11,2,2,34.573531552255446,India
5.056974160651348,0.9885359969227766,4.77,6,2,164.6204722494333,USA
9.222105528816616,6.5804376159380205,10.35,4,3,161.23542282189413,India
6.1552926515763104,3.1196568426737703,3.64,3,0,0.0,India
4.414385412893465,2.2686813755310706,5.43,2,0,0.0,USA
6.155323644580349,2.354903852903241,3.25,1,1,9.472302919627065,Italy
5.592888334442151,1.6732922094441198,5.66,2,1,32.50883393616316,Italy
4.05200084129565,8.853655008672828,2.42,0,0,0.0,India
6.9645937880394175,8.212235358552594,5.38,4,1,51.587536395908266,USA
8.715632474508102,7.321286284069707,6.64,7,0,0.0,USA
7.9332085734666205,7.925102960900882,6.42,2,0,0.0,India
6.69784595856411,6.585690615591899,6.43,3,0,0.0,USA
7.166709394266279,7.921996525753315,6.4,2,1,54.40369183033565,Germany
4.058158148106225,9.272262109419502,7.44,4,2,111.03739911252536,Brazil
10.759340895459266,7.97944205515754,4.64,6,0,0.0,Germany
4.495000274280215,2.0162105547911198,4.51,4,1,50.72618756863318,India
10.386910790257403,8.118544374767875,1.0,2,0,0.0,USA
8.380656145442424,8.488680039393225,7.64,5,0,0.0,USA
3.9873505430114564,1.361992531921405,4.54,4,0,0.0,Germany
7.960122191199365,8.162770760889298,4.0,3,0,0.0,Brazil
7.350639310232497,7.885233943417147,5.6,1,1,35.39474036178295,USA
3.601131523448063,9.90453362903483,3.05,4,0,0.0,Italy
6.314149602299231,1.0722485653865792,5.57,9,2,125.41836538447168,Germany
3.5902609506526475,9.630221735142586,5.85,2,2,93.28534299872459,Italy
5.449536366376343,2.2038814330156944,5.87,4,2,182.54069902096222,USA
5.615702173516665,1.9820273876096275,1.58,1,1,34.39965909292015,USA
3.7175275071661833,1.1537828534419412,5.85,0,0,0.0,Italy
9.18717975382721,8.356084635859256,4.3,3,0,0.0,Italy
2.0082804354283694,8.03673088339977,5.46,6,0,0.0,Germany
8.65182153975261,7.550106844526011,6.41,2,1,38.665078080300084,India
5.037275859687336,1.2257140299825198,7.01,2,2,178.14400984958533,Italy
9.59852007837691,6.456597676154269,5.24,4,0,0.0,Italy
3.4611160830749856,9.091766646717184,4.49,4,0,0.0,Brazil
7.580876735555346,5.903970903209025,4.68,2,0,0.0,USA
1.8046910832280272,9.80334281557384,5.77,4,0,0.0,Italy
7.741934127314951,7.467067803252231,6.34,1,1,10.327246286285886,France
2.277751700527178,9.660775665924092,3.2,3,0,0.0,India
8.42240509757842,6.232769199676457,5.76,1,0,0.0,USA
5.1959009330703925,1.3818848951388376,5.01,2,0,0.0,India
9.90469083202083,7.256564025183457,5.29,1,0,0.0,Germany
7.536337590927737,8.235651454440074,5.05,4,0,0.0,India
4.62365571863216,3.1300034649777206,4.19,3,0,0.0,USA
10.186362008181039,7.422752538879776,7.83,2,0,0.0,Germany
9.16286582576631,7.093542290363871,5.37,5,1,68.5953321827704,France
3.513338389804818,8.246488563094193,2.94,4,0,0.0,India
4.135580820415478,1.3653457913251077,5.5,4,1,41.80821541645898,Italy
8.707583897617761,7.864573899560367,2.66,1,0,0.0,USA
3.559338362654896,9.771781277535807,4.48,1,1,84.78622904648185,Brazil
3.502556322634701,7.998407301208343,2.52,5,2,21.551282776824916,Italy
3.152715853432893,9.94212625627956,6.06,2,1,92.43138998418627,Brazil
4.998933929708468,3.3073988781134225,4.28,2,1,42.42273063416518,France
1.6477610974199453,9.265602776436424,4.49,2,0,0.0,Germany
3.3016175440527116,8.70632459855928,5.2,0,0,0.0,USA
4.498216204355858,2.275492584289007,5.67,2,0,0.0,Italy
4.672021983192662,0.24739855912815867,3.46,2,1,9.048424683550827,India
6.2878260000062545,5.620825881839778,4.68,4,0,0.0,Germany
6.294673698064826,6.8234029444366815,5.21,3,3,88.08490043523729,Germany
2.292514504088464,8.710936060721187,4.6,2,0,0.0,Italy
5.176686305453005,0.7236047720167269,4.09,2,0,0.0,Germany
8.411788466609467,8.81366651138218,3.62,1,0,0.0,Brazil
4.012786011455805,1.932252148745663,3.62,4,1,30.286573194063827,India
5.496203112595295,6.406913010050721,8.34,3,0,0.0,USA
4.985996165025824,2.4651839645076308,6.21,1,1,47.77040889931768,USA
9.284726255451526,8.289096474291886,6.31,3,0,0.0,Brazil
10.293616732537226,8.193701090245474,2.53,3,0,0.0,France
9.642130936733096,7.909514684477485,5.68,6,3,205.02749418224928,USA
2.9736018853621378,9.476347021450218,7.31,4,0,0.0,France
3.60136125577084,9.849037454523204,6.23,4,3,223.6542452927216,USA
7.726178693829413,8.180428186003804,4.22,2,1,65.1445590223263,Brazil
4.838272353405588,1.963987330555593,4.17,2,0,0.0,Germany
3.217604389963213,7.500571735585495,4.39,3,1,70.24828056058388,Italy
7.211126579450784,6.799747267312917,6.43,4,0,0.0,Italy
6.628623648001123,6.700695422227105,5.98,1,1,11.98646060966949,Italy
1.9976980476908888,10.949440168258551,6.29,2,2,178.23088362021457,Germany
4.427789166307676,2.5153726908497807,4.78,4,1,92.12245745085636,France
8.364596095867354,6.720402827272583,1.67,4,0,0.0,Brazil
4.5265364211751615,6.181960203214181,6.49,4,1,42.356226994021206,Italy
3.7372244762402818,4.67149851987782,1.0,4,1,79.71579819457948,Brazil
4.125084410463223,9.31393381603567,5.52,4,2,150.0314108473266,Germany
6.311226411665578,1.0717940040435576,4.07,2,1,91.0912171609063,Brazil
5.546422993338065,2.0454217321786476,8.26,0,0,0.0,France
2.8191185584260854,1.2673962008453667,6.77,1,1,76.5710965442572,India
2.507992147690526,8.19719749713013,4.82,3,2,120.41773042376155,India
8.47774774074971,8.720466371731524,1.56,0,0,0.0,Italy
6.926376645053972,7.679852481386479,6.29,3,1,35.63506782976951,USA
4.177142188231763,1.6661213430156305,7.27,3,3,171.40073797050826,USA
5.5784973389726975,7.409887845306665,5.87,2,2,70.63439467993867,Italy
5.582817456125335,2.1544236322857824,3.33,2,0,0.0,India
4.24947009794763,2.4893137235271117,3.52,3,0,0.0,India
8.59291801486467,8.37888846224941,7.39,3,0,0.0,India
6.253695095178368,5.510241369914036,5.62,0,0,0.0,Italy
6.542723927174654,6.4278352156273675,6.26,2,0,0.0,Germany
5.556286268661332,6.913177594637714,6.34,1,0,0.0,France
6.756097989310177,7.096841382432408,4.49,4,0,0.0,USA
3.987783868832592,10.15804017140525,6.62,2,0,0.0,France
4.9773609109545,1.7098618770628158,5.6,4,1,51.548046276578404,USA
5.326446582981277,2.714243464623018,5.32,1,1,31.766810042499568,France
8.49299542735621,6.872436399954441,5.49,5,2,92.68218203815677,France
2.6329303031525066,9.472091738124107,5.15,6,3,118.64622348123777,India
3.4824630460126675,0.007666786981902041,7.4,1,1,58.850896190180194,Italy
2.8810555053314157,8.28582450651798,6.3,3,1,16.450631191461625,France
7.848110838113166,8.26187878184365,8.86,0,0,0.0,USA
3.407447597064101,2.925631654476901,4.6,3,0,0.0,USA
8.31346276491088,7.15261286202396,7.18,2,0,0.0,India
4.681867169066786,9.861707805348743,8.32,3,2,72.61065460830329,Germany
6.270008801102511,2.343509951269578,3.67,1,1,33.360602485581055,USA
6.597715636461729,6.510938401243436,7.29,5,3,126.72556212924817,USA
5.426285048223918,1.413623398651263,6.07,1,0,0.0,Italy
3.7123984784418944,7.972241715955219,3.95,4,2,50.32272536741425,India
1.4021169537657774,8.893904964244724,5.95,5,2,196.57165202429417,Italy
6.929707790007737,5.408400694914056,5.59,3,0,0.0,India
3.801822970205013,8.482117565071132,4.14,2,2,191.6827736972542,USA
10.625466344220461,6.314992107246057,5.56,5,1,72.65716499245191,Germany
8.8830141580762,6.934777621827202,4.85,1,0,0.0,France
7.575285042616569,0.9452459189299931,2.51,2,0,0.0,Brazil
10.534910296678603,7.801401851594754,3.1,5,1,36.585249545153225,Germany
1.7374989124044053,6.165743507568246,3.74,2,0,0.0,Italy
5.883238765508261,5.022518716626281,4.07,2,2,33.099595670027696,France
8.920270239027841,9.260907156678087,5.34,1,1,39.193700701654926,Brazil
9.729313198589441,7.980328744008183,4.7,2,1,79.27061114438388,India
1.4766514187110928,10.140991265025905,6.62,2,0,0.0,Germany
4.651741515408886,0.9923816755271728,3.64,3,2,89.60624610894985,India
5.334785728733012,6.276012166920379,4.08,3,0,0.0,Brazil
4.656003624128574,2.116475988940736,6.09,0,0,0.0,USA
5.336201698308425,2.2519694963261925,4.83,3,3,200.14744381135387,USA
8.721286721054748,7.567349842115468,3.79,3,2,70.55525195279684,France
8.123511068155938,5.465397901765112,6.48,3,0,0.0,Brazil
6.540147260539066,2.9962262391929713,5.81,1,1,47.412798592389045,Italy
3.6791144587630384,6.142023914916672,4.15,4,2,88.45202057065063,Italy
2.5586613327051833,9.689105620364925,3.71,2,2,121.33041254688666,Brazil
4.741667169935429,2.2795172178727547,1.91,3,2,78.41487421132337,Germany
6.668502414306603,7.298358508555777,3.95,3,0,0.0,India
4.113347149132059,1.449593695534149,4.25,3,2,156.48805454465466,France
2.617957771509608,9.415997850297263,5.68,3,1,49.64646848636496,Brazil
9.98599038458376,7.692347327747365,7.83,4,3,168.22095913869552,USA
4.470026478550371,3.6099096457713715,2.43,1,1,83.30141751292719,France
9.2253118557937,8.892764096783411,5.32,1,1,31.259411367449992,France
2.5623182760702954,10.237855010616949,5.22,2,2,197.81060684913604,Italy
8.284073280609489,8.132577204586482,6.32,2,2,18.571169099377308,USA
7.451547099350799,6.640780070694468,3.79,4,0,0.0,Brazil
2.4966983011455,11.88268918386509,7.12,3,0,0.0,Italy
7.6476281390810055,7.520160657248948,5.44,5,0,0.0,France
10.381958278509694,8.290952334652761,8.33,4,0,0.0,Germany
2.640670218724418,9.840333299639827,1.0,4,0,0.0,India
6.218474262489924,6.369857370870928,2.62,0,0,0.0,USA
7.802699587466847,7.149603348979933,8.44,1,1,66.08135873355116,USA
1.8744761544909803,10.123985970154544,5.77,2,1,98.50615298587789,France
8.686480206994439,6.637461388955025,7.0,1,1,10.116469343572803,USA
10.43315361153683,8.636246984771365,3.74,5,2,89.56164727506011,India
6.5633534108915565,5.513894808070159,1.85,3,1,83.36677040937573,Italy
4.359376782816484,0.5703035267328773,2.44,2,1,33.73043580154388,USA
5.704813133565578,8.759090538029774,2.76,5,2,60.60674330563994,Italy
9.129659762760957,7.79391565750786,5.25,2,2,97.14374544622642,USA
1.1988888769331418,10.409969938988278,5.0,3,1,10.773783244686618,USA
4.544537745031419,3.7034914987979004,4.52,3,0,0.0,Italy
7.0271653792514215,7.401975109827693,5.58,3,1,92.09422645292464,India
2.28020123059341,7.156384676800034,6.62,2,0,0.0,India
8.12459253697465,7.651493305970936,6.55,2,1,58.27539846917338,India
8.505981385164008,7.982924705347198,7.8,1,1,66.4937491360927,France
7.040077234416904,7.160220601025953,3.58,0,0,0.0,Germany
5.606716973903846,6.943207146230293,8.1,4,0,0.0,India
6.384740242851595,4.378007226194705,1.16,3,1,7.179390581802068,France
6.052415842641954,8.305344859937307,3.7,2,1,85.76797910766678,USA
6.261219975407135,7.607563517999065,1.17,4,0,0.0,Italy
7.238758819260145,8.18055982219786,2.6,2,0,0.0,Germany
5.741209001117651,2.6895097644811425,6.85,3,0,0.0,France
4.847739337295182,2.105767355966833,3.38,6,2,83.85765845760942,Brazil
8.220886918388008,6.341606436636903,6.28,3,0,0.0,Italy
7.062345652965598,5.202425502376137,3.15,1,1,98.62739961280795,India
1.4010148063152337,7.97438020107279,4.95,1,0,0.0,Brazil
9.269507476985583,6.85504526476679,7.76,4,1,77.78416554650903,USA
2.128999772046787,9.624871873482144,8.75,4,0,0.0,India
1.719277900871898,9.983855153951229,8.48,6,0,0.0,India
6.4263531490180945,7.3783015139773855,9.41,1,0,0.0,USA
3.857524913726108,2.826334990353924,4.37,0,0,0.0,Brazil
2.831877461894886,8.763453111743274,2.09,4,0,0.0,Italy
0.5135301332687858,12.124204684203683,1.0,1,1,37.99148832064576,Brazil
7.493368090461861,6.710147287025516,2.75,0,0,0.0,Italy
5.792763701429434,8.596607170419812,2.52,2,1,80.7606522756692,France
8.531871435986442,7.063775532100394,1.04,4,0,0.0,France
2.0357257240175217,8.746645037299528,7.62,1,1,7.895427585580901,Brazil
2.7048961541996515,10.074375868106987,7.52,4,0,0.0,USA
3.822470701813762,2.29446115469812,4.92,3,0,0.0,Germany
5.396368306294679,9.48568634896448,3.9,2,1,87.81277133992197,Germany
6.746061775615292,6.20444514001897,4.03,5,0,0.0,USA
10.082000870824853,7.960475455493573,5.95,5,0,0.0,Italy
4.524769142304862,1.6272503548935613,6.37,4,3,150.0466617454779,Germany
4.74786275695333,4.580028847090501,1.0,2,1,88.1062313416829,India
5.5341116107290365,1.2068471591593057,5.04,3,0,0.0,USA
9.86632182985345,7.802642043281475,3.02,3,0,0.0,India
7.526155670627785,6.033338484267702,7.16,0,0,0.0,Germany
8.915529761256046,7.422908564992912,3.0,2,2,13.194975864979941,Brazil
3.3489366167348775,1.5661953175673609,1.96,8,2,82.15437771622216,India
4.207241319894573,4.158900300663307,5.34,2,2,148.66723168364635,Brazil
1.2315327272643253,8.422714739362492,4.17,2,2,129.33037719731175,India
1.8273061334264389,10.860993453934356,1.5,3,0,0.0,India
9.062882798226664,6.265072426077666,3.25,4,0,0.0,India
4.080079080178662,10.36985906390867,6.89,3,3,120.49968264117012,Germany
9.893429386902694,6.90895905225001,8.2,6,0,0.0,India
7.550117285569927,8.161669812395864,4.63,1,1,31.748580939680295,India
7.807341483435638,6.687310800769678,3.17,1,0,0.0,Italy
7.950704793255614,7.162858067123982,7.25,2,2,82.36545867270151,India
4.526720341772017,1.4178965959275605,7.55,1,1,74.13987050037944,India
9.042306201665799,5.959056465228022,6.94,4,1,88.47406869828501,Italy
10.565130959342767,8.145138667735866,3.41,6,1,88.31114454856261,Italy
6.4252957579990415,7.898952062650599,7.93,2,0,0.0,Italy
6.435734352108383,5.65894384327186,7.43,3,2,96.57163215345768,France
7.327596105096797,7.588347157963481,2.76,3,2,101.68374205172218,India
8.296744824636598,7.499735621137326,3.62,1,1,9.57458784353225,Brazil
7.75055046102128,7.624865750060335,7.47,2,0,0.0,France
2.2566287770561266,10.398818175792227,4.22,1,1,97.73480179567048,India
7.647966336883944,7.040729705389379,5.24,3,1,88.25675897223715,India
1.96828910449176,9.890455295389554,6.3,1,1,79.47048071988634,USA
1.3595256041740031,9.310863066728627,6.22,4,0,0.0,India
3.5036261448525425,9.263834317796398,5.31,3,0,0.0,India
7.390469990484647,7.044417059138756,3.85,3,0,0.0,USA
7.066200444206634,4.708916732213451,3.0,1,0,0.0,India
2.9900314125647296,9.71045412535761,5.14,1,1,19.24286462774615,France
6.261070834173346,4.894433182261107,6.06,4,1,7.74567763815126,India
6.441621932632543,6.360105212475137,5.0,3,3,77.0886024559289,France
7.728004995033408,6.862680640317845,4.41,3,3,188.9084670678194,Germany
3.746283822508981,0.33178956833863515,6.59,2,0,0.0,Italy
4.828509917796081,3.5812369311134606,11.36,3,1,35.326308872757934,India
9.51568998535778,7.532877245686318,5.39,5,1,98.34257436144316,Brazil
7.994873727528084,7.158419849152523,4.98,3,0,0.0,USA
7.3328867170983125,5.161669977673233,5.95,3,0,0.0,Brazil
9.138645899201483,6.145086202568027,8.87,4,0,0.0,Brazil
6.510953318536215,1.1222855949018333,6.36,2,2,145.74962360881315,India
9.674267532802519,5.713353117505269,4.3,1,1,89.10667718916207,Germany
4.313342983693531,0.8022447901332783,1.0,1,0,0.0,India
10.634604323413546,6.982918837754936,5.36,2,1,88.79767190530517,Brazil
10.336186431415477,6.784412254797054,4.68,2,1,8.58952151466551,Italy
5.373098554839004,7.606027679269725,4.43,8,0,0.0,France
6.872276516231571,7.96295012214429,4.44,3,1,80.0683625303767,India
6.346000766334794,8.334670998520672,2.59,3,0,0.0,Germany
5.338831907945522,1.344131822737121,8.07,4,3,110.01078829695045,Germany
6.709184192429907,6.15323906953101,4.73,1,1,96.16211691357694,India
1.9560484666735412,8.466085830031549,5.98,5,1,30.524465209413552,Germany
3.995538569206117,0.7659705221967408,5.1,4,0,0.0,France
5.328084142680984,1.529562853733346,6.26,2,0,0.0,USA
6.899157580618373,7.593738486480414,3.7,2,0,0.0,France
4.936043103773707,6.824656258118248,4.8,1,0,0.0,Italy
8.27851599470525,7.466144308167586,5.88,6,1,57.84568280079362,Germany
8.947181637368711,7.491548517258234,3.62,3,0,0.0,India
5.326652906731456,1.3313482799963907,5.44,1,0,0.0,Germany
6.857126802905831,6.1163098209126865,3.69,1,0,0.0,Germany
3.8322874961298052,1.749697178703793,4.59,3,0,0.0,France
4.872130058594589,8.004555423488384,2.24,3,1,52.09731480849752,India
7.799673469316275,5.331337349149489,6.69,3,2,68.40609929604928,India
6.920907964543641,5.164991375097166,6.52,1,0,0.0,France
7.724093409893406,8.00055338529951,3.28,7,2,40.66076240752452,India
5.996002642180298,7.04059581360451,7.16,2,1,62.526136611616224,India
6.847362380380018,7.773942813915037,4.42,2,0,0.0,USA
4.604937335769469,1.0658431245684663,4.21,5,1,74.88420416799015,India
1.8873876608355538,7.444061408307865,5.4,2,0,0.0,France
2.006413196157556,10.810646951125285,2.83,4,0,0.0,USA
4.777231315635137,4.8913432390008245,5.9,2,2,38.66253216437114,Brazil
2.215639690886121,7.657704323574917,6.72,1,0,0.0,Brazil
7.575536738555879,0.8998416517178365,5.68,5,2,132.2309473888539,USA
9.22963086057647,6.356788385622,4.93,3,1,78.6385165053419,USA
2.5831451886611427,8.562626652038698,2.64,1,1,23.535473013659196,Brazil
4.3529912065334955,8.123968280178449,4.68,5,0,0.0,France
1.9326406599969839,9.325536282741858,2.75,3,1,93.13617220218171,Italy
8.103372037807539,9.357615711904963,2.32,2,0,0.0,France
0.9106595109564088,9.81641458681644,6.3,3,1,47.62740136811676,Brazil
6.530334418797063,7.151224741637856,3.12,6,0,0.0,USA
7.759478190127047,5.164253980178936,8.38,5,0,0.0,Italy
8.968742583453121,7.076699585022146,4.91,3,2,45.31689037679424,France
3.1157010112684898,9.470190323369025,4.93,1,1,47.45672213611918,France
8.062562371353286,6.240321232314102,6.12,2,0,0.0,USA
9.209071976930185,7.344215498352963,5.08,0,0,0.0,Brazil
8.698645791350778,8.77692002131338,8.75,4,2,43.15706405270252,USA
3.482576461079785,10.021419464671482,7.29,2,0,0.0,France
1.636876986332072,9.197628133936673,1.3,2,0,0.0,Italy
9.868449861932787,6.144581513391325,4.46,3,1,79.79305128931452,Brazil
8.345377946169041,6.998101644125872,10.13,3,2,125.890409203149,Germany
8.557162613741394,7.23277615815958,4.83,2,1,39.35626961825005,India
8.964469306513328,7.650193837040871,8.36,1,1,71.11649188002758,Brazil
4.41502578043325,1.0443776024882734,1.0,3,1,10.79532866301247,Italy
2.4771934739869836,8.260868257852138,1.0,4,1,15.701669934661876,India
5.203708403541894,6.319348325270374,9.66,3,1,79.86192962901528,Germany
4.435749067355385,5.09085081314878,1.9,3,1,56.61723263851603,Italy
6.173713264634576,9.197947362431947,6.29,3,1,82.62591397387983,India
7.302123086583704,5.852390844496413,3.92,2,2,150.32692467862088,Italy
7.744836245003517,7.6483649136677165,4.53,3,0,0.0,Brazil
5.994050109456225,5.098424806809096,6.5,2,0,0.0,USA
8.907547164577528,5.997088088190707,4.54,4,0,0.0,USA
6.383245544622425,7.959583512850492,1.35,3,0,0.0,India
8.555057806489412,8.330147547095217,4.23,7,2,198.19610494853137,India
6.858379388345412,7.509684871080437,3.53,5,2,145.5168763685676,Italy
7.2395327283345186,7.127816791710444,5.03,4,1,14.765517062626571,USA
4.877521492528061,0.7624270573115675,4.56,4,2,106.22514701332494,India
4.031556809270642,10.126974503188247,4.14,3,0,0.0,Italy
5.710904396920034,7.125417079463749,5.71,1,1,84.01004615254824,France
6.424551615430899,6.990510757177535,2.75,6,3,17.31707874986664,USA
1.6904199792978896,10.552218046610875,4.07,1,0,0.0,Brazil
8.625596223626252,7.062351417454486,2.56,3,0,0.0,Brazil
2.8705081850200407,8.950101966909502,1.0,2,1,85.34889934772102,India
2.0618036859837745,8.513052020408109,4.64,6,2,12.039450693423651,Germany
2.2326161174617014,9.022842209022672,5.01,8,3,246.65200640041814,Germany
3.888516851067277,8.283356088256403,5.4,2,0,0.0,USA
9.93301980066338,7.345149546092268,4.42,3,0,0.0,Brazil
7.402148120560907,8.331213579742686,1.43,3,2,22.719467027484107,Italy
2.8031645707169326,8.942686876340254,3.74,2,0,0.0,Brazil
4.04298405149613,0.2987002234874867,6.65,6,0,0.0,India
3.385856183799585,0.9742333076951407,6.08,4,2,64.00771316971924,Brazil
2.983036970123666,8.999833857320043,2.15,0,0,0.0,India
6.053174080292508,7.625088360761002,6.62,3,0,0.0,France
6.332225408691306,2.117496155666769,6.11,2,1,83.3716644939948,Brazil
8.354405732389665,7.044624125072117,6.69,0,0,0.0,USA
4.1133237030914,0.6508222492574365,1.59,2,2,124.28983402921912,France
7.478982896204267,5.644677817519145,3.97,1,0,0.0,USA
6.812157165894047,6.450096069464592,3.65,0,0,0.0,Brazil
6.194912337101378,7.957064134153893,3.37,4,2,198.04663395931215,USA
3.343520668544332,9.77831590977118,6.12,3,0,0.0,Germany
3.071734522808051,2.430382747633246,4.84,1,0,0.0,India
4.293107259461389,1.3873769604920418,2.05,7,0,0.0,Germany
2.987956194574439,9.373761925745447,7.71,2,1,94.64152584515895,Italy
2.7352041427626377,3.4175818789958194,1.94,4,0,0.0,Germany
7.506678036598621,5.672606398324026,4.84,4,2,25.31197867676147,India
1.754464324984941,9.213710114185089,5.29,3,0,0.0,France
4.040056812908252,0.41438268891689045,5.5,0,0,0.0,Italy
9.993357597044028,8.083435758675186,4.04,4,2,131.78540229062747,USA
2.879780385453533,7.666239016258155,4.86,0,0,0.0,Italy
4.3048407956827655,8.684195936496884,4.97,4,2,40.36198406411407,Brazil
2.5347719352447444,7.245210223309203,2.35,4,2,83.64138394884817,USA
8.345718269822958,7.776285503346768,7.83,2,0,0.0,Germany
9.244064258268262,7.822937523437773,3.54,4,0,0.0,Italy
3.3120801627486705,1.6846367832589357,3.8,5,3,253.40081550943933,France
5.208364730847635,6.628615923333955,2.88,3,1,65.94927935058848,Brazil
5.005273078153242,1.9340075684979725,3.32,3,1,20.83691931819166,USA
5.810343484756087,7.088314851265912,6.56,4,0,0.0,Brazil
7.289409803217807,8.809682152517235,2.48,4,0,0.0,USA
5.6978395500668935,2.055014018470271,3.92,2,1,92.21933947650625,USA
6.325484264638521,7.494533117723789,4.39,4,1,10.023349610526799,Germany
8.82826074811343,9.021981617874268,5.03,3,2,80.1050176824171,France
1.3087837151083248,8.357391849226925,7.71,3,0,0.0,Brazil
3.291201115563787,8.254583010718035,3.78,5,1,81.27499626280482,Brazil
1.8796680388309395,8.209970368538329,2.17,1,0,0.0,USA
6.309750815171747,7.556163959824752,4.75,2,0,0.0,France
7.508826798121594,8.319814889893982,6.81,2,0,0.0,France
5.607056958667051,2.467147066146377,2.03,4,0,0.0,France
9.44515309842241,7.062519426147023,1.0,1,1,80.65963814654752,Italy
6.41536968546815,0.4939736655829654,6.41,3,1,68.92652678483668,India
5.8260243102704,3.513493663760618,5.98,2,0,0.0,Brazil
8.19889971444346,8.216363469817999,3.54,3,0,0.0,USA
1.6956804056830803,7.7834218117643665,3.39,4,2,67.11905710075878,Germany
2.2017909252436496,9.830023340737618,1.86,2,1,95.70937809367737,USA
2.3356669002841346,1.6121604606881623,5.39,5,2,134.54630850083583,Germany
3.993254287977085,8.805817917657913,4.86,7,2,178.22001513026262,France
4.437273063310028,2.953173920074626,1.56,5,1,16.24791717867209,India
3.33829085342477,0.1201512010431629,7.86,4,1,69.0987783936272,Brazil
4.327201666574825,1.177180773931978,5.51,2,0,0.0,France
2.243796547897685,1.2941893374776,7.67,1,0,0.0,Brazil
4.318719797522399,0.3875439771711393,6.23,3,1,24.991220415958875,India
6.615738696801248,8.334724341853107,4.56,3,1,78.10181219952203,Brazil
4.531739845836684,3.0852703031620705,5.15,6,0,0.0,India
8.568278143190813,8.722147526058118,3.87,4,0,0.0,France
9.581073327733089,6.290494070463759,4.67,9,0,0.0,USA
2.042526641086669,10.5352923553577,3.93,2,0,0.0,USA
9.250512564457708,7.411168763654622,4.05,4,1,51.15823693169514,India
2.20185200634478,8.766533709958612,4.82,4,1,44.662408858734736,France
2.248755359719194,8.475444272005584,4.68,2,2,138.57485809770083,USA
6.258666475888969,2.388996313396075,8.94,6,0,0.0,Italy
4.393543555048253,0.3283020337292548,3.12,4,0,0.0,Brazil
6.720233993375048,6.7888376951083735,7.82,1,1,44.23481834160085,USA
6.891993129393635,7.208430535966507,5.91,5,3,52.64404179716912,Brazil
5.642476215672554,5.567901599674415,7.93,7,0,0.0,France
1.8164285912038896,10.120119194493034,2.35,2,0,0.0,Germany
3.2642447474417393,1.499524226289541,2.05,4,1,14.174275367960629,India
3.4076122944011082,9.506205299704828,7.4,4,0,0.0,India
4.008213583511152,8.922441363863367,4.99,4,0,0.0,USA
3.4772433815629955,8.703978422813417,4.29,3,0,0.0,USA
5.43480195010366,3.3223047890541615,5.18,2,0,0.0,Brazil
1.8568747446393306,7.437893971214072,4.74,1,1,34.50358756829445,India
5.081541400414162,0.5394396591305035,8.03,3,1,43.052774316197144,Italy
2.756895389556375,0.4495718732725653,5.49,1,0,0.0,France
8.472000273094933,7.8442006825787765,5.51,1,0,0.0,France
6.213613052783208,2.429857694671131,7.25,1,1,34.76820627520584,Brazil
5.058638796355598,2.193753221678093,8.13,2,2,12.281368901448019,USA
2.8172319072384915,9.793946660467661,7.54,0,0,0.0,Brazil
6.933647874554373,7.317061321419663,3.8,4,0,0.0,India
10.260403084061837,7.909340212966153,2.92,3,0,0.0,India
9.847995621387122,5.5305632794422035,4.57,1,0,0.0,Italy
4.785306053633861,1.2694592846092987,4.0,3,2,127.25199316670971,Brazil
5.990639441967627,5.149591641447988,3.24,1,1,48.85025146258116,India
9.78192947255534,6.152355247697466,5.95,2,2,37.9899811079477,France
2.3062746022014506,7.49854201320109,8.65,5,3,78.82111922828565,India
9.37020354953828,7.03681659369505,5.97,2,0,0.0,Germany
5.874805499393357,7.3035461764552245,4.27,8,1,73.09310669274672,USA
9.112320229799053,6.914505067683764,5.77,2,0,0.0,USA
9.189935184917879,7.565781072118989,9.37,1,0,0.0,Germany
3.8333692072025194,1.5139492859514914,5.23,1,1,83.81284630600189,USA
8.150042648147778,6.492640251643573,6.04,3,1,50.55937288959396,USA
6.634128509356957,7.135296764790231,6.82,4,0,0.0,Brazil
2.6983180138297835,9.93593624012278,5.46,2,0,0.0,Italy
4.693930499074102,2.0987182705918803,6.55,0,0,0.0,India
6.71570312755784,7.622768759048325,4.02,5,0,0.0,Brazil
9.888241302005538,7.592758048384961,6.74,0,0,0.0,India
5.466717466937216,1.869160456216037,4.99,5,0,0.0,Brazil
5.567969447219182,0.20268854616465393,2.47,3,1,14.673653983250022,India
7.569965314495175,8.676307348610498,4.79,3,0,0.0,Brazil
7.2546102109964705,7.652289766939761,5.15,5,2,115.51689513092288,Brazil
7.894558971836688,8.248100781361554,4.47,7,1,85.78920773555232,France
5.373058153650659,3.351312364438345,6.51,1,1,55.148221923405984,Germany
5.4692026088109635,1.3415181594270882,7.68,3,1,29.79420142196427,India
9.15282814998621,7.55519285451743,4.28,4,2,30.715380754651537,Germany
5.446555238392464,0.9699718815310012,4.48,3,1,91.39967127662602,Italy
2.6920940641575903,10.389162547346507,3.5,6,2,20.790802477071942,France
3.4947372237736802,8.044542408563647,5.69,2,2,142.4734145646052,Germany
7.07276657900875,7.076337550144289,7.71,3,1,87.73079431644356,USA
7.46469036254787,5.706267572909244,4.8,2,0,0.0,India
7.950381567489773,5.914016737919626,2.78,3,1,63.90461518860572,Germany
9.826531410435285,5.275374580981094,4.62,8,2,28.113352779625043,Italy
1.9715677201028705,9.442472376008897,5.81,2,1,92.70280597735794,USA
3.05875475896133,9.873874015178124,1.0,5,3,129.3318411940392,India
5.030245030623477,1.8192644569660443,3.08,2,0,0.0,France
7.568956259231342,8.290577009688722,6.54,4,1,95.07030106759741,USA
9.57071050223109,6.416026534762711,8.3,5,1,81.99087100893037,Brazil
8.854991889933954,6.972570173360615,6.06,1,1,32.01362910929834,France
3.5330085446940447,3.30767581727857,2.9,2,2,73.15102929665301,Brazil
8.413408154242326,9.000173718260063,5.38,1,0,0.0,Brazil
4.779530510443998,2.038194315129512,2.79,2,0,0.0,Italy
7.100416340943324,7.2856129598300345,4.06,2,2,192.2117479431196,India
1.9655974684583177,8.643671796112216,4.94,4,0,0.0,Brazil
5.924238619971419,8.077641904541109,8.66,1,1,88.22495636414624,USA
6.247044391509073,8.122981179339082,6.99,3,2,118.1957259542864,Brazil
8.126189157310696,8.511177218470925,2.98,6,3,223.83668274969716,Germany
8.316436522500926,7.044858144074116,5.95,1,1,93.38524195176714,USA
6.792269765891007,7.6109227188847,4.35,3,0,0.0,USA
1.8103692028502154,9.435259072587712,3.9,5,2,126.21601482880712,Brazil
4.443642066922027,8.21512583892397,1.75,4,0,0.0,Brazil
4.6609715840786885,0.8421024484381443,1.0,2,1,51.4848520411043,India
1.7258071137701547,8.762747242153825,4.15,4,0,0.0,France
9.001389036362985,8.079638091673885,3.36,6,0,0.0,India
2.647653607036524,7.789987891908956,6.98,5,3,196.80495771815168,Brazil
7.066063606972824,7.359463535932031,3.36,2,1,90.7197411122971,France
1.158124730639611,9.900477316783117,5.39,5,0,0.0,Brazil
2.7203278618804445,8.027106601047137,6.77,2,2,178.42328026168283,India
8.771738929733088,7.3853111857283515,1.2,6,0,0.0,Italy
9.269427746161703,8.101072681022831,4.72,4,1,55.19761541393806,Italy
5.359047502583539,3.7929414712533296,4.67,2,0,0.0,Germany
3.0268089220889216,9.23807407983722,7.57,2,0,0.0,France
8.789611077242203,8.465419452466714,7.05,4,0,0.0,India
9.156508474162694,7.0575062199383565,7.19,4,0,0.0,France
7.994498982150386,6.972187980042992,2.06,3,0,0.0,India
0.7480094981853764,9.013972455586547,5.7,3,2,47.16350860315237,Germany
3.355151069810634,1.6421453497326515,5.33,3,0,0.0,France
9.090450915408086,7.34549621146192,5.78,3,2,18.965865019642624,France
4.657926088696326,3.183844236482929,3.79,0,0,0.0,Germany
3.610182596595041,1.4891525603186473,6.37,3,1,47.891781333845,Brazil
9.041459802959439,6.919929578511793,2.5,5,3,145.62834716211475,France
3.515756977367328,2.0757111237582544,2.59,3,0,0.0,India
1.8900433620475523,11.07178159791002,7.59,3,0,0.0,USA
6.223510989290999,6.110894316046897,5.72,0,0,0.0,Germany
3.4346222491123375,9.26966988387264,4.68,3,2,80.51093119127988,Germany
2.4869653204705857,1.9423831815273167,9.97,2,1,61.04673629556269,India
7.731598436201244,6.583909149921109,7.63,2,2,63.409314149089404,Germany
8.37518927666097,6.967221597766641,5.57,5,0,0.0,USA
7.309460014299123,7.3666952629766,3.53,3,0,0.0,India
4.669069340163669,2.6711437140708294,3.56,1,0,0.0,Brazil
2.7641748404736055,10.51827911678101,5.71,2,1,28.128458674453203,France
5.482176163242004,1.9963656624981068,6.26,0,0,0.0,USA
7.881778294848742,6.312485785452973,6.14,5,0,0.0,India
8.450159723202068,9.373919566610212,1.0,7,3,135.3059860298681,India
8.017126606884187,7.878390155713191,6.79,3,2,72.48414521001348,USA
3.0951252963705054,9.34339290690845,3.65,1,1,10.752069592975467,USA
3.184375898027132,8.869767457482803,3.06,2,0,0.0,Italy
9.19830393021691,7.735637216229305,5.01,2,2,138.16421085761525,India
2.230113764707565,9.305849804880294,5.41,1,1,26.337455316654008,France
2.486566770375881,7.608723074342035,7.71,7,2,133.0949975845153,USA
4.534911128664477,2.585960425524022,5.42,5,0,0.0,India
4.7548206079872335,3.4004983355355014,2.99,5,0,0.0,Italy
5.795149666293982,7.09199912447419,6.38,3,3,19.203679522277735,USA
5.4306381484606305,1.9511396114237916,7.38,3,0,0.0,India
6.366017896736048,6.130411571831077,4.85,1,1,65.23579868623096,Germany
9.828243069659559,7.11303488496167,4.98,2,1,28.99233658895281,France
5.1702480252269005,1.853610927314336,5.16,4,0,0.0,Brazil
1.864679131407459,9.942531819542646,5.79,4,0,0.0,USA
6.597678317342219,5.300302635874397,3.31,3,1,58.225243623279546,France
7.799985807458196,5.82305058191937,4.9,3,1,83.35204906349341,Italy
4.402812290006536,9.22757983557126,5.77,4,1,58.50393976922986,USA
10.854622067059175,7.639019723822195,5.75,2,2,161.96992979602808,Germany
2.735681721902582,8.054846891474842,2.29,5,2,182.4769433089528,Italy
4.877704731902909,6.836044958363009,3.41,2,2,54.694158233462524,Italy
0.12082563018231163,10.198542773394495,6.26,1,1,48.51516129588303,India
1.8903113250295966,10.652645860469262,5.78,5,3,204.13799829511964,France
9.566277624110324,6.96860156179947,4.72,2,0,0.0,USA
7.190256430988151,7.052502293085178,5.67,3,0,0.0,Germany
2.187840407602477,9.436206882433606,3.63,2,0,0.0,Italy
1.7160219348340728,8.892228996077044,6.61,2,2,58.636117750649746,Brazil
4.367034289887971,2.943344766508591,7.63,2,0,0.0,Italy
4.949605615364104,2.448921675772264,5.72,4,0,0.0,India
9.973644037874784,7.061735241874607,2.83,3,0,0.0,India
8.476143434531316,6.7986303498622185,2.14,3,0,0.0,France
2.8784747622989535,9.157674595540573,7.28,2,1,58.58259297903309,India
4.204089106604465,1.1317201698117234,5.46,3,1,75.53185353513537,Italy
9.009498951877545,7.49422839825321,4.13,1,0,0.0,Germany
5.395544674972416,1.7512814126484633,2.01,4,1,52.82164919806385,USA
1.3414155613929428,9.268706971499535,5.23,3,0,0.0,France
2.3896172546385968,8.041217187316766,5.93,6,1,91.8662464974341,Germany
2.9876361588746114,2.9401263292855484,4.71,3,1,61.60731755337434,India
6.836501760198221,6.578177908157243,4.02,4,0,0.0,France
2.2598139393419947,10.591739407961796,8.27,1,0,0.0,France
9.866366415728875,7.392272972262275,3.76,1,1,84.3931475781002,France
6.7064295484425225,8.705724771840593,7.03,1,0,0.0,India
8.713563893758625,6.120831886603836,5.9,3,1,92.75744786399424,India
6.8171954878238274,6.5405808058717305,1.62,1,0,0.0,Italy
7.775755750902648,7.912892522768275,8.25,3,2,26.000891652137543,USA
0.660241528107405,10.140851157746079,6.43,4,0,0.0,India
6.344470929525478,0.8650572256818627,7.32,6,2,92.29365884677333,Italy
6.548763660084358,5.201325785889091,1.0,2,2,15.139520720935366,India
9.532024249100415,8.202786820665263,3.07,3,0,0.0,USA
7.426175487387745,6.977730289050022,1.87,6,0,0.0,Brazil
6.216353809886792,4.277629718401633,6.56,4,0,0.0,USA
8.756683047617756,7.718066949815378,8.04,1,0,0.0,Italy
4.5986307072488986,4.132290838544024,7.07,2,0,0.0,Germany
2.363361152837366,9.59958556471466,3.9,8,0,0.0,India
4.4547811868068825,3.185298888174218,4.66,2,2,31.63311795718271,France
1.556060989139505,9.301410293400146,1.73,4,2,171.55736637642147,Germany
8.385710101553338,7.297864718196763,5.89,5,0,0.0,France
8.317323860031108,7.7275720820316725,2.32,2,0,0.0,Italy
8.161439552155295,7.214206658262662,2.47,2,2,107.57452502281939,India
2.027331561334259,9.561550925576288,6.35,1,1,21.99739527766016,India
8.370120056888164,5.721544100453625,5.68,5,2,89.8363321372484,Italy
6.003414611829607,5.8898100461764225,7.92,2,2,114.82601106424431,Germany
7.318477181629442,8.019171100892297,8.03,2,0,0.0,Brazil
2.186029908867969,8.866683541899652,4.68,3,1,57.76556215221184,France
3.7700815773877956,9.932148075253098,5.9,4,1,41.28217372322578,France
3.121634997693188,9.375789653404423,7.2,2,2,55.226227029717535,India
5.977862503210986,6.95074357292792,3.0,1,1,76.2918963465043,India
3.1083435209844583,3.123437079839028,9.22,2,2,131.28468030420734,Brazil
7.876687518514532,7.93736105529605,4.59,4,0,0.0,Germany
5.18450341072744,2.422603199887994,5.05,3,0,0.0,India
7.84872842704554,6.764297117543492,6.32,4,1,47.519286838979895,France
8.674756387771138,5.494534359334466,4.05,8,0,0.0,Italy
6.408758331775889,5.892275171967953,2.7,4,0,0.0,France
1.7558560019482177,9.395444513081099,2.36,2,1,66.8073289322034,Germany
3.4997339481834384,8.44798839859555,5.36,4,0,0.0,France
7.903286937281985,7.16579614136821,4.61,4,0,0.0,Brazil
8.665436071848317,9.219097688727263,4.25,2,1,16.059412365176982,Brazil
8.358098494730307,8.03938754506985,4.74,2,2,157.30334932293766,India
5.780129388899306,0.7929379497403619,2.39,3,1,87.10645151749077,Italy
5.239670509322609,7.38346633132542,7.01,4,0,0.0,France
2.494924555216316,8.060346708801676,2.4,3,0,0.0,France
5.909492098827944,0.7280191079806464,2.39,5,0,0.0,Germany
7.680847550964153,6.423906274124203,4.88,4,0,0.0,France
5.69242614696285,0.1302327776930563,4.53,1,0,0.0,Germany
4.235004351843347,8.336721475862667,6.19,1,1,79.90628049976006,USA
2.7226404939829583,10.505012265048274,6.08,0,0,0.0,Germany
7.845295104998501,7.041974358633677,4.8,5,2,45.81226974936796,Brazil
2.1054675327161405,8.990090521807405,5.19,2,0,0.0,Brazil
3.1361646808405177,10.82673468619525,4.12,4,1,49.111005434979845,Germany
7.040532129427869,8.068494264016017,2.11,2,1,74.8991459450063,USA
9.450156573375914,6.511141560808665,6.97,4,2,176.05379844920904,India
7.010202648446441,6.418778880240525,1.0,3,0,0.0,Brazil
2.7518963708780317,7.124275957015379,5.97,6,1,42.98764691808202,USA
4.329487844850536,0.42536812763170073,4.51,4,1,97.68236496624306,France
4.302063742036698,1.3457489495143586,3.81,2,1,32.66784940566966,USA
5.664561585559632,4.979220803672262,7.74,3,3,42.90970984722492,USA
8.007978528662047,5.616570582479438,2.12,2,0,0.0,France
8.327648873469972,5.714235828811269,5.14,2,2,173.09044349323415,India
4.009420382042624,3.610252091933474,3.15,2,1,66.4895884773743,USA
1.0117659398731238,10.871988471736055,5.36,3,1,73.17094148966036,Brazil
3.1884282762457055,6.10003013838138,5.58,3,0,0.0,USA
2.685285831744826,1.662772880184763,8.01,3,1,55.291623194358536,France
8.457058609668032,8.141698440970178,4.04,2,2,142.5292713591341,USA
7.976771060921734,7.5027813598283295,5.76,4,1,71.9025410569631,India
8.448480107258591,6.960273733245873,5.93,2,1,76.71829134036516,Italy
2.186479062714661,8.187055184645999,6.57,0,0,0.0,France
9.27935157715962,7.579222453546846,5.08,4,3,192.10921520783887,Brazil
6.466255162020874,6.825497810365876,6.61,2,1,10.353496538471866,India
6.3720153682080225,5.779716700997217,2.98,3,0,0.0,Brazil
8.152769393418826,7.878155116139385,2.57,2,0,0.0,Germany
10.06982733385761,8.406147836500914,4.53,0,0,0.0,Italy
3.0985623799969617,9.863888225219346,5.35,2,1,5.328924030608727,USA
9.15706665621349,6.141992162168547,4.97,3,0,0.0,Germany
8.115831987193074,7.006865150762059,2.52,2,0,0.0,Italy
2.445496366408077,3.5726406240545217,2.48,1,0,0.0,USA
3.25928013032845,1.537014242433247,1.0,2,0,0.0,India
2.470959628092722,7.565694713564778,6.98,3,1,88.71599651652062,Italy
6.336370226176997,8.687699242457404,3.79,3,2,113.96319024290855,India
1.670257122583138,8.397032941651398,3.45,0,0,0.0,Brazil
7.607023493067325,7.4275693965377885,4.68,6,0,0.0,India
4.581045982096579,1.7522379590011194,4.69,2,0,0.0,Italy
5.435283779171325,8.552514119088299,3.83,3,0,0.0,India
9.239193091645713,8.623154200802142,6.64,2,1,17.267151273662712,Brazil
3.7394303748500746,3.392625364738571,3.3,3,1,16.70200322385135,Brazil
10.2227059008497,7.115610605432589,3.24,5,2,118.12151805428694,USA
4.571592628463811,1.709746048821228,3.13,3,1,7.209195167570642,India
8.727737303539806,7.401876250575018,5.5,5,3,134.23121752960103,Germany
9.409374334510352,9.371174819395552,3.1,3,0,0.0,India
3.499155415604764,8.979278518192086,5.18,2,2,94.80857597927906,Germany
9.345859100161778,8.157623487408772,4.61,3,0,0.0,Germany
5.554622536205631,7.852444597092135,6.96,1,1,15.418101174375634,Italy
4.946013389330857,1.7421101470998335,4.07,5,0,0.0,USA
6.262198560223946,7.553523832835819,3.58,3,0,0.0,Brazil
6.311317338307405,6.964696544555154,2.99,4,3,103.41833946130694,France
6.460715579778483,9.914098955421215,5.92,3,3,143.3504255698693,USA
3.445692184816257,0.9605252424976425,3.76,5,0,0.0,Germany
8.765952241021118,8.118296953959039,2.59,4,0,0.0,Italy
4.66029600344102,0.5074958265986369,5.82,1,0,0.0,USA
6.805400288434658,3.02779031242805,4.41,4,1,49.93565783855588,Brazil
4.863159749483472,0.7747775589886867,3.02,2,0,0.0,Germany
10.033398320151067,7.377037189812263,5.69,1,1,28.114027321540977,USA
5.758773434158771,3.2475981106283136,9.16,1,0,0.0,India
5.870338883988077,2.5006505169684625,5.72,3,0,0.0,India
5.008895274053269,2.0974553787915826,8.68,3,0,0.0,Germany
8.103391782381696,6.415181663790718,6.83,5,1,81.78123937343062,Germany
8.80531187970115,7.156386831335867,4.54,6,1,74.9563488057584,France
3.089845925606701,8.402900880809693,2.92,4,1,36.75921802300904,India
6.5541420788266525,5.780525128948277,7.47,2,1,38.32099542096068,India
7.916953389452613,7.664676585878469,5.49,2,2,106.01953643594636,India
7.466371951881282,6.80337673388299,5.15,3,1,6.800853734341597,Brazil
9.488421511944665,6.871586777492713,3.39,2,2,166.40417672976324,Brazil
9.178347547259467,7.248585343774979,2.45,3,0,0.0,Italy
2.437631385833358,8.536628681433205,3.98,0,0,0.0,France
1.950870710531028,9.090291519610734,3.79,4,3,162.22852590838824,India
0.1351457239642846,7.511315799803168,4.75,4,0,0.0,USA
3.0747739909267406,8.542970407047203,3.84,4,2,124.18314159641642,France
6.740992162620819,6.381997597631405,1.82,3,1,88.5558269351182,France
7.31174823428069,4.439185627819412,5.24,4,2,66.23544812351116,Italy
4.591127030936472,10.71074249648836,1.0,4,3,75.27779039737774,USA
2.8728098352666063,8.957340504477255,5.05,4,1,69.58831134528036,India
2.5677437201316144,1.7682372096991241,4.88,5,0,0.0,Italy
7.629887767499922,6.549497265136098,5.15,2,0,0.0,India
2.9738149203511433,9.21544578407116,6.12,2,0,0.0,USA
8.681429015437496,6.474241953588612,4.89,4,0,0.0,USA
5.416107340952207,1.4892362389894989,5.25,1,1,97.1601997641131,USA
1.9127564854709975,8.380000280508918,3.67,4,1,49.78157243967598,France
6.4259511027121645,6.438933968689207,5.85,5,2,128.83753238905285,Germany
8.782587983309643,7.988286005223066,3.67,1,1,53.043256201971744,Italy
6.824932325776644,6.4386898333829965,3.84,4,0,0.0,USA
8.63432737555832,8.000672889631996,1.24,2,0,0.0,Italy
8.057806878485547,6.447259190755973,3.46,4,1,95.78683628378928,Brazil
6.846059543082264,5.790729757121339,4.24,1,1,66.43984262566761,USA
3.110904235282147,10.86656431270726,4.32,2,0,0.0,India
3.8424407191580023,3.0476994741706633,8.75,1,1,78.13216227158833,France
4.523307489774773,2.187338625072482,4.09,4,3,148.9674803227373,India
5.983776311048464,6.788629587298378,2.37,2,2,69.36651055606457,Germany
8.620327797531605,7.2791801325190395,7.14,3,0,0.0,Brazil
10.016673881442856,6.227510867627649,4.21,3,0,0.0,France
3.25828711776452,0.17495494453162452,1.34,3,1,12.25793220667537,Italy
3.606565942023817,7.53736120066642,3.7,2,0,0.0,Brazil
5.854853390486259,5.971172096387347,4.81,0,0,0.0,India
2.9524798742442604,8.129483414171421,5.79,2,2,40.117638028722766,Brazil
4.575541188848935,1.517997899986968,5.77,2,2,97.77363396767535,USA
2.6485948237159844,9.753939279922992,6.06,3,1,35.44109430058977,India
9.503294267956006,5.780700766461491,5.47,1,1,61.32328253530527,Germany
7.245475692264023,7.49408894226883,3.87,1,1,50.10966352124734,Brazil
3.1582980646767336,0.6336999089829758,7.83,2,1,76.78708791336716,USA
9.625155387371048,7.100015855202193,4.58,0,0,0.0,Italy
9.126358496075232,8.706580314080309,9.21,2,0,0.0,Germany
7.739065377946581,5.463275511137144,8.85,1,0,0.0,France
3.8189999138184145,1.5463654890054743,7.01,1,0,0.0,Brazil
7.268038432140045,6.657393530674982,6.67,4,0,0.0,India
4.673781559910439,0.7827619482662418,2.65,3,1,55.61295579601554,India
9.517747317578902,7.614103263373241,6.0,3,0,0.0,Italy
3.7050806850879345,9.458888796418462,4.64,0,0,0.0,USA
5.545691551263322,7.593822057141549,5.37,6,0,0.0,USA
10.145149097797159,9.081795073373982,9.81,2,0,0.0,Germany
7.555195719742486,6.172622386070585,4.97,1,1,82.66245774985711,Italy
8.80621230120369,8.411129900697656,6.51,2,1,51.59935384201046,Germany
4.009419484499686,8.235449085377887,3.93,3,0,0.0,Brazil
4.62783528326817,0.8524020332444824,4.25,1,0,0.0,France
3.8661331927523257,9.23743918294602,7.49,5,0,0.0,India
2.704105903405431,10.148056225065385,5.58,3,2,152.24613398761278,India
1.1837655139576717,7.607471118700783,6.79,4,1,96.87559938826995,India
6.86292632388372,7.245242531071731,6.28,7,0,0.0,India
4.518857805218537,2.7003409434746812,3.76,6,1,91.74605940999417,Italy
2.5021344644245738,8.353964988724874,7.19,4,1,27.086390179597153,Italy
2.313066164028843,8.11021783846232,5.73,3,3,195.46812434611667,France
9.026744603544737,7.73918628803731,2.22,1,1,42.314277282230584,Germany
9.012690593048545,6.597905458935416,6.61,3,1,11.09139513715483,Italy
2.95538105626753,7.1247453972527905,5.81,1,1,6.374297183536288,Germany
4.189510644971433,2.380017319080515,4.11,2,0,0.0,Italy
1.5956129968195008,8.211107177517977,2.78,0,0,0.0,USA
0.8366252362150468,9.433305137564366,7.37,4,1,64.02362009759825,India
5.473036602857536,1.3429203889362957,3.12,1,1,43.24204153066769,Brazil
8.968341729891142,7.365204122715612,4.19,3,3,271.07762971028353,France
5.306944308956456,0.42811327653429676,7.2,1,1,71.16651831832263,France
6.758148611822212,6.566086990789832,5.92,2,2,114.9781080050006,Germany
7.503845405892506,6.206325249758258,5.68,1,1,70.13780501068352,Germany
2.9577404595806116,9.252841081972061,1.0,3,2,26.4574270363063,Italy
6.23997668304858,3.5015012474269778,4.0,1,0,0.0,India
3.607912552380922,1.5329104795543316,5.43,2,2,32.4022056727854,USA
7.575436801777435,7.0394381707852975,6.69,3,1,55.73266141783848,Italy
9.829188510652726,6.716858974748137,3.07,4,1,66.54802259581521,USA
1.302589468188835,7.487118271608674,4.85,0,0,0.0,Italy
3.107635203633797,8.047698237213007,5.54,2,1,30.707156411039232,USA
7.004083820865692,6.012952704175761,2.78,3,2,76.48873137073151,Brazil
4.251419315688025,8.4682443293816,8.33,2,1,97.50153944802976,Germany
3.814046062990054,3.8195656045399797,9.52,4,1,39.54415050698582,France
7.240652759931027,8.180845107404881,4.48,2,1,74.2532381376034,Germany
8.359828024840121,7.862485988154425,3.74,6,0,0.0,Germany
7.7384714694502295,7.962267729103941,4.53,3,0,0.0,Brazil
7.079881017964046,4.8912249545210935,6.78,1,1,78.74439615417108,India
9.076141638784431,6.912665716362229,2.78,2,2,37.00648631962025,Brazil
3.6015103877253294,8.69787767850352,6.82,5,2,22.65451494407661,India
6.6095427798035065,5.792017130067357,7.89,3,1,94.13740577430501,USA
8.946914233463954,8.355261896012761,2.13,5,0,0.0,Brazil
7.479970590205405,8.386958637366163,4.65,5,0,0.0,France
10.658987249835315,7.094432812115549,6.53,2,2,21.278252415724833,Germany
9.543656087578677,9.29238176670358,6.7,2,0,0.0,France
7.870281268650508,7.1668312880960094,8.07,4,0,0.0,Italy
4.357638244304873,3.0239439744128456,9.43,3,2,154.21199938734193,Germany
5.936467990151104,6.88898052556552,3.11,7,2,179.02727259040907,France
4.330812599489841,2.377993092749,5.7,1,1,37.88798977262726,Germany
9.810731496246632,9.4571685201806,4.28,6,3,222.89668754996944,Germany
7.170248504869791,1.745277125174898,3.01,3,3,76.2156321607498,USA
2.5866410837787437,7.818992364599077,5.38,4,0,0.0,Germany
8.742490777602505,7.41488184933375,6.5,4,1,5.914070834274633,Italy
1.3299004389889237,9.081804609608431,2.23,2,0,0.0,Germany
8.611670396987016,7.195394501078922,4.59,1,0,0.0,USA
4.384370092698495,9.12931220734574,5.25,2,1,15.153698903900972,India
4.252003054365632,3.2792418878123613,8.94,2,1,51.51636276885679,Italy
9.773763162094717,7.135924094221863,6.68,1,1,8.063143303855188,Italy
7.72799372757436,7.463452526154435,2.06,1,0,0.0,India
2.938442043351412,9.602839397969042,3.58,0,0,0.0,Germany
7.582106412194651,7.465400958127199,2.82,2,2,143.01686823889776,Brazil
7.344028972561181,5.4562106560290955,7.46,2,0,0.0,USA
2.223332232327845,9.348742918185346,5.35,3,1,10.275050656887906,USA
7.061360728767176,7.821491079415212,4.18,1,1,78.40276488178485,Germany
4.511001457539348,1.4640758786291626,5.27,4,1,18.142141818972718,India
8.014241176091748,7.6266767438749765,2.72,4,1,13.754165604123889,India
7.27469409727848,6.956297204566964,3.03,8,0,0.0,India
8.26112210410806,8.044009023752992,4.41,4,1,36.523230250828895,India
5.6427552976330455,7.424397886431432,7.25,5,3,236.17406548229513,India
7.43241810869645,7.475415290969929,5.94,5,2,25.28791202398693,France
9.701926149367829,6.83042345452241,6.8,1,0,0.0,Germany
7.605288623185064,6.50945169300652,5.25,3,1,23.479374991668298,Brazil
7.322931007372418,8.087815496919136,7.09,1,0,0.0,Germany
2.238740797272911,8.964048018749185,2.96,2,1,91.36237680505181,Italy
7.1219152893296584,7.469868833943082,7.71,2,2,34.056814795098504,India
3.988109191826879,9.197646047977477,5.79,2,1,31.380664086727272,Brazil
5.368344067040528,8.192770154075225,5.22,0,0,0.0,Italy
3.837383671951181,9.211147364067445,2.85,3,2,35.56840660505995,India
7.350673135268634,1.9094243984367658,5.33,4,0,0.0,India
5.437854090810006,1.4180604560123822,3.86,1,1,8.092457862639073,Italy
4.024388685251303,10.381160395642846,1.68,2,2,82.30922018661407,USA
8.114330724234106,7.037221512604516,5.95,1,1,33.06115026025369,Brazil
7.2387017363026835,0.24910787307269655,4.67,0,0,0.0,Italy
3.5194609172917124,1.218303487368811,4.65,5,2,90.7009646632194,India
6.584796501941575,7.075834572359829,5.18,3,2,89.55908438749702,India
9.569961021823252,7.5174448619802385,2.98,2,0,0.0,Italy
4.228853899724928,2.994792668013771,4.83,6,1,8.648795095738837,Brazil
5.150003197478176,1.323804864326851,5.58,3,0,0.0,Germany
5.2306231717384275,1.7530559526859035,1.93,1,1,96.08199564511216,Italy
7.847963054404829,6.6318041175399625,4.91,3,1,18.981337943568857,USA
7.265191734593108,8.868749361383522,5.98,3,0,0.0,USA
5.992241382154252,0.39168568885078026,2.43,3,1,55.83351961506147,Italy
5.061126214919081,2.8200096294098973,6.84,1,1,57.9012015852621,USA
8.908801330513466,6.812085386716164,5.18,4,1,87.0042027353982,Italy
1.2296789532925914,6.797467288844257,1.52,2,1,99.39941177277804,Brazil
8.71708402481563,6.768856040910634,5.31,4,0,0.0,Germany
3.4310199716073795,1.4072325530483265,1.56,3,0,0.0,France
4.9199241789255055,0.7013974442134088,3.89,3,1,13.455414701223152,France
1.9371913447522773,8.309557692587438,3.15,3,1,41.82139602553687,Italy
8.66863958165271,5.872991769863574,7.95,3,3,269.671925300398,Italy
9.915494582794539,7.9869059643460885,5.51,4,0,0.0,USA
5.3708794630135825,2.5116046411571844,3.99,4,2,149.24369769917718,Brazil
1.6607667408474656,6.767396794213717,5.4,2,0,0.0,USA
3.4338564648199825,1.087198950042955,4.03,3,0,0.0,Brazil
4.296672909385063,0.11262275496427199,6.59,3,0,0.0,France
5.229518067585501,0.6786583791042169,3.06,4,2,134.04031244215798,Germany
2.220503993772893,9.274607966969542,1.24,0,0,0.0,India
4.1077349460549994,1.5846014634495291,6.05,3,1,17.567579016111843,India
8.80691028316946,7.488622466991929,7.9,0,0,0.0,India
2.616499767056979,9.4620030540086,5.82,1,1,66.47445170653644,Italy
1.124924804542232,9.578195248250681,1.82,7,3,115.850448206896,Italy
7.154912911893342,6.327525808537313,3.58,2,2,189.8523978766222,USA
4.1980299089872775,2.0840560667691497,6.98,1,1,78.31274473935242,Italy
2.6980201768486953,1.9693655502699325,5.24,3,0,0.0,USA
4.0931004465384735,9.774700784342619,3.51,4,0,0.0,USA
7.88694277313524,5.753746230779827,3.59,2,0,0.0,Brazil
2.468278447657029,8.01209867241685,6.43,0,0,0.0,India
7.566231722999471,7.725798904722469,4.95,8,2,144.69746441084934,France
1.5588900310791745,10.724899500780246,4.32,2,0,0.0,Brazil
8.12298945183116,7.933578627349224,3.8,5,2,103.3696840945083,Germany
4.715455208898139,3.022033825816094,6.24,2,2,108.35407138446614,Brazil
7.532047280907808,6.096607239203463,4.94,2,2,78.53824535278021,India
1.408376224630145,10.075657093071456,6.79,3,0,0.0,USA
5.428827724842531,7.997251354480559,8.01,3,0,0.0,USA
5.293948018050511,5.924171533097636,6.9,1,0,0.0,Brazil
6.3023648239503505,8.33102252186996,6.83,6,0,0.0,France
3.371742031252789,1.8049105494531905,6.71,2,0,0.0,Germany
7.0990395121233405,6.645181468187831,3.91,1,0,0.0,USA
3.7445244625689016,3.036023376973948,4.09,2,1,73.40684148912523,Germany
5.053026312180724,1.739961185734338,7.34,1,1,43.45712356854445,India
8.265602437306189,6.192433170329862,3.33,6,0,0.0,France
3.9194237655530424,2.384527315092171,6.39,3,3,215.3836854491256,USA
7.0309262309209775,6.623424362384468,5.91,2,0,0.0,India
7.988323488666417,7.925459152601945,3.92,0,0,0.0,Italy
10.756160418434034,5.1414216212977415,7.0,2,1,7.820361472825399,Brazil
10.036689303635107,8.340670589878016,6.36,2,1,44.971497892593895,Brazil
8.57807775955152,6.095824840012195,3.63,2,1,54.17092591290243,France
3.954203918637971,2.7934680584496965,5.21,1,0,0.0,Germany
9.108864493797277,7.946778338957176,3.48,4,0,0.0,USA
5.667029872121253,2.7815292336064403,6.37,0,0,0.0,India
3.7631817506088083,2.6336296362922824,7.58,5,0,0.0,Brazil
5.389624311666449,0.04173154856587624,3.73,3,1,58.02605166061567,Brazil
5.884758497363332,7.413954237090865,4.26,4,1,97.86187831736507,France
6.385104699102498,8.010630049308908,5.98,5,3,90.49863758893545,Brazil
8.893918279835281,7.686621348159742,4.14,2,1,54.25979464587681,Germany
2.4306205933336003,6.88555203378351,3.02,1,0,0.0,India
4.479319226726304,1.4178835813396957,3.81,1,1,26.094862819061223,France
5.9626233031132365,1.8040469982979157,3.4,6,0,0.0,USA
7.834709479287097,7.2056230062708835,4.34,3,1,27.528692744130417,Italy
3.288290362429451,9.217522082784352,1.0,3,1,32.82114347726569,France
1.4604904966361867,10.669693241286616,6.15,3,0,0.0,USA
7.39759449036778,8.66585087522221,7.99,3,2,105.18924624453837,France
3.2276048886219475,9.909210505142763,4.35,4,2,11.8166088809992,France
7.738103082323912,7.395503391391367,2.87,2,1,87.66807736532304,India
8.304598362966683,7.854562140886243,2.07,6,0,0.0,USA
4.858538142985399,1.526849168706387,6.3,3,1,39.28838974534565,India
1.281528630579458,7.804645109507116,7.56,3,1,73.32883511292756,India
8.24537694721088,6.571288378971261,8.97,6,0,0.0,Brazil
5.846652956237239,8.190086147650947,7.37,4,3,237.04582038334752,Germany
7.618365916456198,7.507137445106341,6.85,4,2,36.05069955840999,India
8.710228872277023,6.506661415283745,6.66,4,1,12.403684462285048,Germany
3.299672078498062,9.485754485334317,4.79,1,1,79.4213439953342,India
4.189312183862576,7.449470785366815,1.69,1,0,0.0,India
7.051437654953944,7.0267413673195485,3.89,2,2,22.405467709528775,India
6.231279203990906,2.849883870326848,6.36,3,0,0.0,Germany
4.2647698412845365,3.5416886694132863,5.88,3,0,0.0,France
7.991216549196608,7.101128764419047,5.36,3,2,175.1475520446484,Germany
9.500017627602329,6.182944426010149,4.1,1,1,41.08183096095653,USA
9.925395269570929,7.307497925085085,1.0,5,2,88.19356483067199,India
7.436092969001246,6.362899377116986,3.2,4,2,109.26463935272514,Brazil
6.949479059334913,7.677595090619735,2.9,3,3,183.6138087757321,India
4.128889666032374,0.5803799121151663,5.89,2,0,0.0,France
6.292791887458523,4.050947269139177,3.38,3,1,62.15802166931737,France
4.683707635688529,2.928972429053213,6.26,5,1,95.94817186221991,Brazil
3.748304698706651,7.546760862445882,4.81,1,0,0.0,France
4.452821319754439,2.0686317252990287,5.08,5,1,92.23979007654819,Germany
7.619719582301514,6.9733318851447015,6.66,6,1,77.44817239700131,Italy
7.763736332181192,7.0338947584221385,7.99,2,1,59.13088984283472,France
6.390781301338282,4.495511792944477,4.46,1,1,35.74539017965335,India
5.749100571613959,6.849302458277997,3.43,1,0,0.0,USA
10.534643991752233,7.682264303607006,2.75,2,0,0.0,Italy
9.000855721312266,7.658741261716075,2.07,3,1,73.63383850758287,Italy
2.604493155439702,9.293307653968661,1.4,5,2,191.88722149373564,USA
7.079843857642926,6.196694919715916,5.3,4,0,0.0,Brazil
9.542064713360974,7.337358638721097,4.1,3,1,27.03455936852712,USA
4.005726878142829,8.364262193791424,5.79,3,2,172.34900303277104,Brazil
7.149505564333333,6.738077894578735,3.94,2,0,0.0,USA
7.697564481577753,6.7396006889903415,7.46,1,1,87.07282936820079,Brazil
3.9884362863644203,0.10646909713679009,5.17,2,0,0.0,India
4.610706137001541,2.1124893146702917,4.01,3,0,0.0,France
6.599805595206993,6.614821248492138,3.2,6,1,99.05503224145778,Germany
8.688455558700737,7.920316692829517,4.77,4,1,56.1922508599568,Germany
5.17207830182951,5.9634031206869285,5.45,1,1,72.10550424443747,USA
2.2074976141510145,9.189822357776919,1.55,1,0,0.0,France
1.7173383126646826,8.443645697998209,2.23,0,0,0.0,France
6.5122668420037835,5.277265346097977,4.27,1,0,0.0,Germany
7.982403564971589,7.314930206142061,5.72,4,0,0.0,Germany
2.4230867547937724,8.267362843128154,8.38,2,1,20.461992548117244,France
1.0906662779047136,6.526477471663242,6.16,6,0,0.0,Germany
2.2015209696516362,7.918766739352759,5.78,1,0,0.0,Italy
3.6882374142125527,10.201965516659886,6.44,1,1,8.201784133290786,France
5.085717711457348,0.2509127499832129,7.75,4,0,0.0,USA
10.595751127038765,7.634561980866781,2.88,4,0,0.0,France
8.532367732198173,8.619520586138492,4.03,3,3,95.91938899494092,France
7.544328096302284,7.0011850256665005,5.05,0,0,0.0,Germany
6.01894176978264,7.712972868430482,8.2,5,0,0.0,India
9.947635289134006,5.542641275418402,2.44,1,1,78.90016049304609,France
6.630034715076887,7.027281241124383,1.0,1,1,36.61218037540633,France
7.375833066892778,6.833173294860719,4.21,4,0,0.0,USA
6.900959572782358,5.197446678627832,2.62,4,0,0.0,Brazil
8.336484819399308,7.504882176053562,4.98,9,1,73.41660767585208,France
6.021253959179143,6.5149285529733,3.18,5,0,0.0,USA
3.868138021631319,1.47520783712289,3.55,2,1,25.651209085733555,France
7.476906126997518,6.2635302409686755,7.04,5,2,51.071038332332726,USA
9.722317655558012,7.103313385864626,2.2,3,2,173.0405739808677,Italy
7.0168388941954705,6.316699642453814,5.19,4,1,78.30417305293963,France
2.316600704321445,11.406395763472315,7.86,1,1,51.30735303422114,Italy
8.63291448617826,8.532609313512708,10.64,5,1,12.198913500483702,France
2.2494751213312685,8.109969503093913,1.0,3,0,0.0,Brazil
4.222332152143627,10.368158502363734,5.03,4,1,6.668916250624818,Italy
7.478588501598992,7.748071515218372,6.28,2,0,0.0,Brazil
2.181376450209665,9.938556267736152,3.98,1,1,74.70758834199708,Italy
2.3949699743907105,9.164587889660199,10.26,4,0,0.0,Brazil
5.601750670109298,7.2528853877407,5.76,5,1,44.12859231479029,Germany
4.515593059065665,1.761785454122763,4.43,0,0,0.0,USA
4.686262669495605,9.19276279208371,1.06,3,1,11.950825060905625,Germany
8.020842775865692,7.812762690911059,7.57,3,0,0.0,Brazil
7.610212462855082,8.449453246132759,2.5,2,2,179.17381439212923,USA
4.757467466115304,2.1245770800127506,5.61,1,0,0.0,India
1.5587737848667,8.43738247253592,1.61,1,1,39.97390350693321,Brazil
6.5690875532370665,7.995326821246866,5.84,2,1,42.29297446286941,India
3.6696075103198624,0.6203037949766932,5.31,3,2,104.44098923941262,France
0.8419735115016131,10.53752474991058,1.0,4,1,6.601709760247797,Italy
4.954323427102954,1.6142112987613182,6.13,1,0,0.0,Germany
10.489381151697925,7.738595425197787,3.69,3,3,120.67379646793646,Germany
4.705325444152697,8.852162152718464,5.89,3,1,81.01258986606186,Brazil
7.319308184105029,7.334690925005031,3.18,3,0,0.0,Italy
3.5902541634610126,10.067438981531225,1.43,5,3,240.22472270747443,USA
2.5286172289404827,8.711106345364046,5.87,1,1,68.38304736673444,India
4.566771534219163,1.1823987648553782,4.86,3,1,57.516509897949106,France
8.974123396893026,7.275027053949877,3.83,0,0,0.0,USA
9.451691357259246,6.516142859214591,7.85,3,3,75.66875501864918,Germany
7.210866500029665,6.600869492054947,2.43,1,1,66.03993658669185,Italy
2.9293844401486075,8.732501519337815,5.57,2,2,49.34698049650104,Brazil
5.773165420339199,8.130325619170748,2.05,2,2,151.5106681179497,Brazil
2.4371607617690056,8.80207715829717,5.92,3,0,0.0,France
3.8760559863335766,9.606853402045653,7.27,5,0,0.0,Italy
1.985974437315717,7.793965438254346,4.41,2,0,0.0,Italy
5.024845252275735,2.771736357051322,3.47,4,3,200.0650298770065,Brazil
6.508573452935907,7.615084694533213,3.94,5,0,0.0,India
7.326092845970412,7.286581729031205,9.2,4,2,181.9374766656661,France
7.294718527876599,6.17496093433777,7.8,2,0,0.0,Germany
2.6413342119542973,8.4905548254269,5.62,1,1,68.89293987787053,India
7.419842460451657,0.9351783289515021,9.22,6,3,129.95624125081508,USA
5.0401146917548765,2.174822589069987,4.88,4,0,0.0,India
3.190577858122324,9.982112152223525,4.87,3,0,0.0,USA
8.21092927101467,7.540314193103196,5.17,2,0,0.0,Germany
9.674666256300638,8.152746501135816,6.13,3,1,86.12210372780402,Brazil
2.5631024720584894,8.031982547821007,1.46,5,0,0.0,India
3.9533400830743326,3.136545739104282,5.52,3,0,0.0,France
5.679936727021491,0.9542997268739968,3.34,2,0,0.0,France
3.110565267003964,9.334068062340858,8.18,2,2,165.88299799443178,France
9.12140683023426,7.594734390778677,5.65,5,0,0.0,USA
6.932074890800389,6.3001374222423365,5.61,3,3,102.84160197844307,India
2.3293034718992716,10.40628841454292,3.11,4,3,17.990598963969926,Brazil
4.406271875245236,2.175168694698053,5.74,3,2,196.02051201090677,Italy
2.36821492344069,10.602913056241917,2.04,2,2,101.99980062696139,India
3.215920724030495,2.15169885366121,5.79,3,2,114.20432264409676,Italy
3.684792228677602,8.119216285921716,3.96,4,1,16.74560669545638,Germany
7.7217258808726585,8.147386281648677,5.01,5,1,74.47371766707805,France
1.612131426165618,10.289161169477044,1.63,5,1,30.397067980060193,India
5.8233387074051475,6.482581836702793,4.91,4,0,0.0,Italy
8.047686172748339,8.26284280573116,1.0,1,1,36.67540795376513,France
9.041484122969791,7.633709432327407,5.77,2,2,95.39164483075207,India
8.480093162621557,9.207333946683505,8.02,5,0,0.0,Germany
0.8741312285252307,10.325979577470983,1.06,2,2,190.97105397384206,USA
5.398860531688214,2.421248024953624,6.41,2,2,178.67406639966808,USA
1.658299660884778,8.876914339798924,3.17,3,3,205.08384909052057,USA
4.832740679378292,3.4915917145929116,6.41,1,0,0.0,USA
5.655816059791658,1.5697899379720495,9.11,5,0,0.0,Italy
7.702494796149248,3.910600085530282,4.51,6,0,0.0,India
3.309236187450397,8.950761553582966,2.26,1,1,45.733631381421255,France
7.537525679726011,5.8394671504762785,4.28,4,2,125.48713187828758,Germany
7.054870554115581,7.688903711692378,2.72,3,0,0.0,USA
8.95551679070055,5.298486600988959,4.08,4,0,0.0,Brazil
3.163273306180174,7.183653231341864,4.9,2,2,70.32212276461756,India
4.933416366196742,2.2225873716257736,7.45,2,1,13.567702060166095,USA
6.192076471558776,8.457339229408069,6.0,0,0,0.0,Italy
6.229026137864558,2.4742989600053082,6.05,3,0,0.0,Germany
1.4797845220974242,9.810988055269064,7.09,3,0,0.0,Italy
8.88495252185068,7.5971174887603805,3.43,5,1,18.968159771584695,Brazil
10.18321453741721,5.180803069100157,2.23,1,1,19.60708838834251,Germany
7.501221236321954,8.213326647226943,5.49,2,1,38.92259482242927,Italy
3.581940648792557,9.253532992309472,5.54,4,1,45.83343883926353,Brazil
9.381303463408022,7.6179775128006755,5.77,2,0,0.0,USA
9.99957220911637,8.400882725360976,7.72,3,1,25.35660803187655,USA
2.508990558134553,9.004985807059708,1.0,2,2,59.24349532808466,USA
2.042767640619224,8.978644645900838,4.06,2,0,0.0,Germany
9.591439336833322,7.39962533196729,6.11,0,0,0.0,Italy
2.0123240325451532,10.084057583182172,8.15,3,2,131.53858130724055,USA
5.144864398027693,7.950577836296018,7.17,2,2,79.85206734101361,Germany
2.3240220862228362,9.439730992382493,5.71,1,1,74.37752678519573,India
6.014490103804656,2.332850531627053,3.24,2,1,70.73926117096173,Brazil
4.4852291296672675,0.15987621192357349,5.32,3,1,13.351872761703502,Germany
4.950357194529987,6.982877054763546,5.36,2,0,0.0,Germany
2.5147936418817967,9.683027783790834,6.59,3,0,0.0,India
5.353411232354992,6.112600511458649,6.66,2,1,58.91325546767947,USA
5.782142219798106,8.052043522499142,6.11,3,3,123.34920295286572,Germany
2.0036083812168757,10.503399236526612,4.71,2,0,0.0,Italy
6.935523657764866,6.958700389244766,4.79,2,2,165.54126073464622,USA
3.089721072857473,9.60286453261893,4.67,4,3,190.28166373367583,India
1.727067621521291,8.223386746530768,3.25,4,1,33.67645978840666,Brazil
3.038957826819789,9.527553561311677,4.0,0,0,0.0,Italy
8.047174106271784,7.780293693199162,7.74,1,0,0.0,USA
9.179848171641316,8.216600350064395,3.51,5,1,87.8548686747697,Brazil
4.800468269399861,3.335302087625811,1.0,2,0,0.0,USA
8.064579132377345,5.275175091522045,6.11,3,0,0.0,Brazil
7.299932772197732,7.198155929501195,9.25,3,1,65.82059241046188,USA
4.069564768441635,0.7940614695778838,8.07,2,0,0.0,Germany
3.4019851385446342,9.527900592429418,2.91,5,0,0.0,Brazil
2.48380920251034,7.094612972000665,3.17,2,0,0.0,India
2.9271071688186407,6.988478255086944,8.57,3,1,52.90519644039369,Germany
4.921070854138377,3.8057309242967445,4.5,3,1,78.8630272761482,Brazil
4.467837476962629,3.411338885086434,2.26,2,0,0.0,France
5.0750903645177035,1.231671434028007,1.0,5,1,60.84134407992811,Brazil
7.025420535977261,6.383913398400853,7.91,4,0,0.0,USA
2.2451775417190802,10.286639628305089,3.49,4,1,61.073776866723236,Brazil
7.164584002652585,8.789834718416563,2.68,4,1,74.11137955311999,Italy
1.9295644498391744,9.340082444780489,3.07,5,3,164.035380458387,Brazil
3.9049868252452353,9.605635369956723,7.83,2,2,150.33778448565545,India
3.361584389126854,9.489651738890332,1.0,5,1,10.624015487275106,Germany
6.802548579769777,5.824415344392797,2.93,0,0,0.0,Brazil
1.6672139276006233,8.645078927750875,7.24,1,1,88.2975532846653,USA
9.570610167066214,6.770255256811943,8.17,2,1,62.315157303546776,India
6.835916794159286,5.657301671142538,4.5,0,0,0.0,India
9.353192419039793,9.302174203047207,3.75,1,0,0.0,Brazil
8.986517047039653,8.715514491680034,4.68,4,2,93.48533278491641,India
6.958013890880663,6.649568006425217,4.18,4,1,73.68474264202975,Italy
11.405912874569768,5.903697602041134,4.1,2,1,30.26722090830277,India
5.190895896454401,1.2396876172624527,7.2,3,0,0.0,France
5.212429916051987,9.692161447729228,6.27,3,3,171.84733758893478,Brazil
6.055083362929925,3.8149852933273394,6.22,4,1,40.04310347859424,France
5.082873725724779,6.440623765280182,1.0,2,1,57.45198034212021,Germany
5.999140730927139,6.547051158208899,6.94,0,0,0.0,Brazil
2.494014680512317,8.03947955227548,4.55,3,0,0.0,Italy
2.426913633777326,10.079766503263674,5.71,2,2,174.26385050415865,France
5.28400260407821,2.0551584977654516,7.02,5,0,0.0,Brazil
2.051917218437509,10.470108450345087,2.22,4,1,26.092632261369822,Italy
5.7243793665190275,1.9479810004112526,4.33,4,0,0.0,Germany
4.897132257339603,1.6286924751882794,5.43,2,1,78.6815275620618,Germany
8.553045805468516,7.645543395153917,5.8,1,0,0.0,France
2.9522416441812327,8.534793160799078,4.79,3,1,62.261089645553795,Germany
5.615079377912868,2.3424334615906366,3.45,4,2,146.32825865395282,USA
7.585382753378468,7.140717925609905,6.71,4,2,70.44157953104263,France
6.2409531423924935,2.8650102635355448,6.55,3,1,86.08891235281581,Italy
8.924873917316614,8.414501943118168,6.15,5,1,88.94231202408585,India
10.128495171087467,7.9865166175513025,6.33,3,0,0.0,France
5.111270098993092,3.2450692293646757,5.12,1,1,60.78657347843077,Brazil
2.9436938504850656,8.705114004729682,6.9,2,2,172.64835706858463,USA
9.125911904228108,7.116768512069432,2.1,1,1,55.13656235530509,Germany
4.009736006085754,2.547211614824762,6.19,2,0,0.0,France
8.545843568693714,6.961120481810623,7.34,3,0,0.0,Italy
3.282986822156323,7.769631424886905,2.77,7,1,12.218433161186901,India
7.8413896119244715,6.4455694960216565,3.67,2,0,0.0,Italy
8.99555447352713,8.260337232421369,2.45,2,1,28.541126687561743,Brazil
7.41179160222937,6.071111731013159,1.61,3,0,0.0,Italy
3.1219863135371364,8.626584568262338,5.9,2,1,61.60825216548393,France
7.606622016868327,7.64887642183664,5.58,1,1,82.38062685850815,India
5.128942727142494,9.836188632573545,5.14,3,2,86.07050870096244,India
3.2631622119194263,8.733611051331547,6.52,3,0,0.0,Germany
6.84037955212311,6.348787733586283,1.0,1,0,0.0,USA
7.328780894023379,7.757649897039675,1.94,1,1,26.73408926689578,France
7.70973368915743,4.565669285951335,6.5,4,0,0.0,Italy
3.272483727231332,9.052223963645924,4.39,2,0,0.0,Brazil
7.888086104918914,6.977819009871627,7.56,5,2,25.067210662724307,Germany
9.833450676551895,7.403213900160443,4.75,2,2,12.742920308333366,Italy
5.688361487278694,2.4609445050250702,2.13,6,1,98.12914158454667,Italy
7.137293962647956,2.019176070677073,9.33,2,1,55.333456996659606,Germany
5.440580783773678,4.033014685678134,3.36,2,0,0.0,USA
6.864503929566716,6.543786623954666,5.42,6,1,94.21120604302749,Germany
3.146584750359268,10.203302659305873,3.66,5,1,14.208021190400396,India
8.04894245623774,7.030257425293385,6.21,2,1,45.77154810235826,Germany
7.726267076602853,8.994876999591831,6.75,6,0,0.0,Italy
5.132762808079971,2.8067728887780805,4.33,2,0,0.0,USA
7.959020463927034,7.362832114242169,5.79,6,1,47.96560203150027,USA
1.471657678794851,8.504269729343575,5.59,3,2,29.198064340245764,Italy
6.99328403365031,5.280986352439212,7.43,4,3,181.00380965236388,USA
5.544840877722301,1.7473629348646902,6.31,3,0,0.0,Germany
5.134014679426862,11.563295836916044,7.38,4,1,54.13242146687966,Brazil
6.915704263875739,1.1209450409434079,3.72,2,0,0.0,Germany
9.836084035742944,7.89054474840193,6.05,1,0,0.0,Germany
6.383378624905842,5.3972767268900395,7.82,4,3,283.1896083183443,Germany
6.634335448514335,8.122610430195333,5.44,2,1,32.099349589485335,Brazil
10.038971488957106,5.242181526855992,2.83,3,1,99.7742224418356,Brazil
11.186396153736837,7.317800074593783,9.21,2,0,0.0,France
6.2398896844523755,6.427613137173264,7.68,3,2,174.11894770946373,Brazil
6.697690013325864,0.5347585171461728,6.16,3,2,148.1113926603549,Germany
1.3285567106006055,8.386972682247018,4.71,3,1,71.4053865619488,France
8.265553857121517,6.886443733741203,9.25,1,1,38.10909621796801,USA
6.065091731455946,8.782735829707388,4.04,4,2,189.26309104987962,France
9.641858718063103,10.07675242630191,6.91,2,0,0.0,Brazil
4.708200966167919,2.099482198527731,6.02,2,1,38.09450334824819,Germany
4.9351114112687045,1.7349360088851145,4.9,1,1,89.40418918084144,USA
1.5017536498575517,7.759363460196029,1.36,4,0,0.0,India
3.215113182506612,1.760717981227676,4.88,3,0,0.0,Brazil
9.119787836524306,7.317461089725108,4.36,3,0,0.0,Italy
1.031303578311234,8.496015909924674,5.07,2,2,36.00885471740537,USA
2.4273682645051853,8.91539647500718,5.51,4,3,145.38030972004358,Brazil
2.460337552727046,9.054877819402204,2.95,2,1,91.84245438071187,USA
8.917153636109465,7.403379751268007,3.79,7,0,0.0,USA
9.86798301232843,5.92544087557992,7.78,5,0,0.0,Italy
7.708770676594675,6.858444181572383,2.17,0,0,0.0,Italy
6.921068222131939,8.787423701673026,4.6,1,1,78.21278290925993,Germany
3.019004316243633,9.048727139904162,3.43,3,1,30.610118063468672,France
8.91846482451582,7.516545048216646,6.66,3,1,98.27716074265543,Germany
5.69208999218516,2.070603794238035,5.81,6,1,18.03338897369097,Italy
3.2899531983668284,1.517970779124573,7.49,2,0,0.0,USA
9.384053797272204,7.140432130887419,3.05,1,1,23.298003714147104,Germany
7.480986260919726,7.153629713831108,2.41,2,0,0.0,Germany
5.799718802616446,1.4672034849528766,8.87,6,3,34.591352159240614,USA
10.7343296515539,6.356437042699163,3.62,4,1,86.79058078986313,Germany
7.013254920878041,7.656803646248091,3.82,0,0,0.0,Brazil
4.18962544844983,1.2171656644841273,5.11,0,0,0.0,France
5.482392732683106,2.7281284500826963,7.88,1,1,65.737113745962,Brazil
6.755251068850341,5.2819986975241875,6.05,4,0,0.0,France
6.246432012479355,7.544377458234528,5.04,3,3,27.99621379417632,USA
4.1354561529309315,0.4532768843217472,5.68,5,0,0.0,USA
2.2281883727709437,6.881690502043485,4.49,2,0,0.0,Germany
2.0808809306775125,9.091442624416038,4.59,2,1,54.54347582229835,USA
4.290356037518384,6.783818109073863,5.59,3,0,0.0,USA
4.705770444830342,3.6383120664845134,5.81,4,0,0.0,Italy
3.037814304802507,9.600650146953415,2.68,4,0,0.0,Germany
7.073707323484365,5.601624385824275,3.96,2,0,0.0,Italy
7.494571293667313,7.705275493021484,7.75,2,2,99.92696031087736,Brazil
5.057163848157479,7.826909687457278,5.17,2,2,157.22751226690607,France
8.014781636794037,7.340742498229264,6.9,1,0,0.0,Italy
5.358963018170084,7.1430845072916505,1.66,3,0,0.0,Italy
10.017845213276523,7.455831936187238,3.08,2,0,0.0,Germany
5.090841471004579,2.979899755167797,3.98,2,0,0.0,Brazil
1.9394303428205464,9.461994688215636,5.07,2,0,0.0,Brazil
6.165077429687765,6.571055155171659,5.42,4,3,261.9212514887644,Germany
6.61810859442544,7.2109201127982185,5.41,2,1,22.19628297557752,Germany
8.023987942068137,10.320721207217842,6.48,3,1,8.69033624705814,India
5.579755947620665,7.594151337053401,5.23,1,1,84.34913241900016,USA
3.403743040197639,3.2275080446980713,2.34,3,2,21.103712112818357,Italy
2.8889032618228736,1.7956778001664488,3.3,2,1,93.2679927322739,Germany
7.2208584121746915,6.9438595149551245,3.82,3,0,0.0,France
2.220028979144932,11.469586268109216,5.31,4,0,0.0,India
4.964637075761643,2.553737370976347,3.39,4,0,0.0,India
7.852077828838275,6.414042844997343,5.7,2,0,0.0,Germany
7.6782793277296015,7.768919687612989,2.99,3,2,182.29277045298915,India
6.365951975357964,7.541597478557466,3.39,3,1,36.109804868274324,USA
0.45938552726682413,9.014968947155804,2.87,2,1,83.65737778465406,France
7.254391315672527,5.5672926810191266,5.26,3,1,71.19389771043376,USA
6.85505510071525,6.523131811202013,9.1,5,1,67.95472165307652,France
2.6198629916100797,8.117643900883113,2.3,2,1,34.773098208690186,India
4.546610772898582,5.584181731702196,4.82,1,0,0.0,Italy
10.386034157877198,7.673153457168331,4.59,4,0,0.0,Germany
4.361040354627409,9.797875792996928,3.41,1,1,17.86606870897721,Germany
3.8062805532616952,1.2932811442045455,8.23,2,0,0.0,India
4.6370927255612004,1.4400792819248989,4.03,2,1,90.20695125788741,Italy
7.089984794928182,7.201189022735194,6.29,2,2,58.92394747978106,USA
2.170701215558336,8.59899821429752,8.25,2,0,0.0,Italy
4.363983114787928,0.7487674768934602,6.52,2,1,99.94463516084508,Germany
7.842295725560295,7.513749459186524,2.24,0,0,0.0,USA
3.4916850165910596,8.789652978201296,6.05,2,1,30.691233010487647,Brazil
2.017178775059951,8.48825128553074,7.87,1,0,0.0,Italy
0.6766405795735484,9.828437890316588,5.97,5,1,74.78547799688599,Germany
8.900629512027514,6.710164882224464,5.02,3,0,0.0,France
3.3477834214999813,8.127605205914865,7.3,4,2,140.14185566675837,India
7.529338346906898,5.812598353681709,2.99,4,1,84.76753873635876,India
4.774045252223945,2.401511734601457,3.56,3,1,84.5194728733095,India
8.463954768999667,5.45582617900209,7.83,1,1,45.277415094897734,USA
9.977384422775721,7.128228335702504,5.29,2,1,9.064623269345951,USA
7.102202118376123,8.562078377261358,6.31,5,3,98.60584909411102,Germany
6.55324618330571,5.51907223234314,2.28,3,1,48.1857541376672,Brazil
8.998269904934844,6.772842068841941,3.38,1,1,44.972481957632574,USA
10.097623308516049,7.724581223192335,4.75,3,3,148.29653493831512,France
9.460093444224842,7.227909892086783,6.56,4,2,28.038100764006295,USA
2.2754117112620023,7.4583904819946945,3.72,4,0,0.0,France
4.642062427065137,0.5980844507736471,4.53,1,1,98.69112668434516,France
9.373185662142207,5.671983202068512,4.87,4,1,74.00767592789076,Italy
2.4205400320913126,9.211601835603917,5.85,4,0,0.0,Italy
2.368311376141546,7.24584676263547,4.21,2,0,0.0,India
6.570348806024576,7.092829510206866,6.57,2,2,124.89040615916073,Brazil
7.6773750658934485,7.178294269659784,2.58,3,2,112.4597887359588,Brazil
3.5414696182655487,1.3540467356908004,4.4,3,1,90.07043040985553,Brazil
8.3728170033602,7.048894330691896,3.96,4,0,0.0,Germany
4.403429999492242,1.8535500595719607,8.03,3,0,0.0,France
5.012527022708157,2.1396628110558567,7.89,2,1,41.7427197016011,Germany
6.222306096031731,6.565842171474763,6.89,1,1,69.84373278300022,Brazil
7.124799613002656,8.39852529210463,6.77,7,2,153.54905758776405,Brazil
7.271297800655303,8.76263034474341,3.26,4,0,0.0,France
5.694620207568255,5.818600436100103,7.75,9,1,51.387554479667344,France
5.603785770303964,1.9530709321710804,6.11,2,1,86.70389671587033,Italy
4.471493913755249,1.647157188123883,3.31,2,0,0.0,USA
4.028567589006764,8.530052055332071,3.44,4,3,268.9020465780348,Italy
3.3273965064750572,9.010911670787369,3.76,5,1,68.36744234558736,USA
4.916074357607454,6.544949026740829,1.36,1,0,0.0,India
2.125132174113443,8.981591380104229,8.13,6,2,112.07143894598698,USA
3.6603513596056194,6.175207468712895,4.13,4,1,25.531020374209533,Germany
6.490979945117959,7.148731217214011,3.73,4,0,0.0,Italy
6.977658262431058,6.961180334283972,5.47,2,0,0.0,Italy
3.9038151827595873,1.662232167589638,3.11,4,3,216.6340558365091,USA
5.401113312577728,7.9267287013694485,1.65,2,2,139.48329744265317,France
11.253691018714541,7.33817882536883,2.1,1,0,0.0,USA
1.392363847522796,9.200702297942367,7.51,2,1,58.54671198757394,Brazil
2.672553772002107,1.95192490466449,6.99,4,1,15.680035162431457,France
5.507684295770547,2.2005747629323524,5.5,3,2,166.94696435462944,France
4.495012081082007,2.3789937706145463,3.37,1,1,82.09588115204035,USA
3.6366937220057887,10.142195121451891,7.71,4,0,0.0,USA
5.0362457926954525,2.142917451911394,6.86,2,0,0.0,France
9.923084190794825,8.096654779301929,4.92,5,2,145.76986210711385,France
6.448781185981524,6.643567399661084,5.09,4,0,0.0,Italy
7.6382923926940425,6.257730474802828,5.3,1,1,27.813924211658474,Italy
6.192851702103606,5.960701164522299,4.61,1,0,0.0,Germany
7.484435897312585,7.228372403441924,4.47,6,0,0.0,USA
2.2985967837551082,8.525810048087962,6.07,2,0,0.0,USA
9.723980154389276,7.575110833497548,5.39,3,1,60.56457846224034,USA
9.147089547829394,6.412095477960739,11.28,4,0,0.0,Germany
4.16912373710332,3.0943578265106364,4.55,4,1,88.9148309976029,USA
10.754628522633718,7.2887106007407505,4.02,4,1,65.15309354939203,USA
2.158827406666412,8.16996209101525,9.51,0,0,0.0,Brazil
7.8536719584984,8.107346321245362,7.13,1,1,74.25741542214459,France
4.021718387544474,2.8716813884922967,5.14,2,0,0.0,India
10.008842686764918,8.355284819998328,4.88,0,0,0.0,France
5.7034014843927405,8.164481568785146,4.69,2,0,0.0,France
9.742918970349084,8.256351619590902,5.42,3,2,197.1618948665071,USA
4.310255357205489,8.4716123284643,3.56,2,1,29.784260891997448,USA
5.296777542547749,1.2508222793257024,9.89,2,0,0.0,Brazil
7.013780518143675,7.752704119682099,3.35,2,0,0.0,Brazil
8.345804310429655,7.651341631314687,4.12,2,1,23.693518445510758,France
5.476362974193043,0.9054471069021868,3.64,0,0,0.0,India
1.7945878324161322,6.9643448496208435,7.7,3,0,0.0,France
6.16121549337464,6.657089290313784,6.5,3,0,0.0,USA
4.173120024276661,0.49018525195831386,2.44,6,0,0.0,France
9.902824177808963,7.982590944301188,3.57,3,3,298.86011597616516,France
7.5781009493644165,6.961389141289533,6.68,3,0,0.0,Italy
7.983385753753587,6.620513946576993,2.38,1,1,85.82605559616756,France
4.860509640535264,1.621081936486851,5.26,1,0,0.0,Italy
6.115439575015706,4.907584820229042,1.0,3,1,84.90695970587231,Germany
2.4744838743001885,7.045781914760267,5.4,3,2,152.38512894250402,Brazil
3.746624261275323,9.12369460003129,7.7,6,2,52.463904201300615,Brazil
2.7481456699191598,8.106722466156723,4.9,5,2,45.6946042315192,Italy
4.623310426405581,2.656494195456824,3.63,2,1,21.80756768787356,Brazil
9.720717059714632,7.873192728986753,6.31,4,1,35.2235244320441,France
3.131232428607132,9.597023711372186,9.49,2,1,11.833928690858533,Brazil
4.911562420728132,3.5639654261119844,8.12,2,1,92.82744983353233,Brazil
10.43851704339817,8.030043688919331,6.63,2,1,21.84795320431926,Brazil
5.7416322428639575,5.754166572773509,6.34,4,3,74.59041582526362,USA
7.318054558366543,6.268508031726263,6.95,1,0,0.0,India
0.4526540582232088,7.883397692872406,2.33,3,0,0.0,France
3.4549436837495313,9.62253231988329,1.81,6,1,6.352806060161196,India
9.49762679348646,7.087368347641477,4.59,4,1,20.77818445345408,Germany
3.005955877168814,1.5483383364150936,5.16,6,0,0.0,Germany
6.38446270630335,2.8330032454081895,7.67,3,1,85.50438954110203,France
6.328190652975724,6.15428844523715,5.01,5,2,91.1939569688899,Germany
1.5551958595595479,9.66567737950412,3.91,2,0,0.0,USA
2.7655383014252424,8.476238369708183,7.72,6,3,54.450025384502304,Italy
6.73907823738092,6.6172995614306265,3.08,4,2,31.08414783622801,France
7.974500412480243,7.920995849395465,3.82,0,0,0.0,India
11.714101184264285,7.205314469927757,5.87,1,1,78.72923879547065,USA
9.152799393698102,6.776280358243249,4.01,2,0,0.0,Germany
7.46036828170772,6.883590441849148,3.98,2,0,0.0,France
7.688199078242378,5.863237009439891,5.31,6,0,0.0,India
5.585766992782741,3.046791627848304,8.62,7,0,0.0,Brazil
2.3198693157603762,9.311530401578446,5.08,3,2,29.160209049108975,Italy
3.5355668307186425,10.244286700917472,6.59,1,1,92.18480798547381,Brazil
3.5820422176178672,2.2339365014237953,6.18,4,3,291.48805562627325,Italy
10.086909445735774,7.530339277290107,5.35,4,0,0.0,France
3.176046340004314,9.212202795540398,6.48,2,2,114.84787949887213,Italy
9.452518174761503,5.670588353125743,5.32,5,2,46.0564773546254,Italy
7.981662636766604,7.517543920004503,5.87,3,0,0.0,India
5.405145183773015,6.47149884571203,3.5,6,0,0.0,Brazil
7.459970535213461,6.957403226123356,2.72,4,2,72.72160123965648,USA
5.563805351135047,6.233365657857302,6.23,5,1,80.78093268355323,USA
3.495001431720577,8.730131030269524,5.29,5,0,0.0,India
3.425471723616475,10.369728929303818,9.06,3,1,54.6690357384783,France
4.3454029961560465,9.522277455110865,6.33,1,0,0.0,France
4.7253921658677,0.25746136530260255,7.24,4,0,0.0,USA
8.765525962273701,9.03433145961302,5.43,4,0,0.0,Italy
4.781474622967984,2.4484282886580435,5.87,2,1,37.129406992256726,Germany
6.283545697018783,7.830214162421596,1.64,2,0,0.0,Germany
8.66590790454461,7.570075010996021,5.65,4,0,0.0,India
4.466005015913515,3.3117618222363387,6.45,3,2,127.8182128020757,USA
4.516742400875834,2.575749951919073,4.05,5,2,52.314332801599484,France
9.513366768055478,8.521017432063067,8.57,6,0,0.0,USA
4.505698625551177,2.49252842957862,1.97,2,0,0.0,Germany
4.742524364767766,1.6753735277167718,5.37,3,2,71.27732306056548,USA
4.572432277672919,3.16678143911332,5.44,4,0,0.0,India
6.144940874836431,0.8931670755585999,1.0,5,0,0.0,France
7.589652277966372,6.228029355921039,5.56,1,1,27.702960161194575,Germany
9.55561072965168,7.983781622205252,4.01,5,2,102.72867663299984,USA
6.400946010500333,6.724018854819095,3.6,5,0,0.0,Germany
3.5806671278551994,1.4729086673540563,3.92,1,0,0.0,Germany
2.992384085352124,10.588272891488355,3.58,3,0,0.0,India
6.191863342589501,5.884806692746723,4.21,0,0,0.0,India
4.5377757773366625,2.0107227606012947,3.16,1,1,9.19766589367081,India
9.161072309359353,8.030419206417216,7.97,3,0,0.0,Brazil
7.978143636417934,7.208705875850277,1.0,2,0,0.0,USA
9.1834649871126,7.087488725342662,6.04,4,1,5.056433762268723,India
8.097803257958589,6.483789911268084,7.38,10,1,21.918875068510868,Italy
5.459782703778217,6.609596117809547,6.47,3,0,0.0,Brazil
1.207456333653952,10.575797324925174,6.27,2,2,136.52754054594993,India
2.1095096713001085,8.362929234406492,5.51,4,0,0.0,Brazil
7.7351098870768515,7.153737203669214,4.77,1,0,0.0,France
9.146223721674458,8.017543002559446,4.47,4,3,206.6186902448075,India
5.125238743781291,1.1240648329505085,4.57,3,2,143.86685387424882,USA
5.874696897083387,7.272910610157089,7.39,6,3,183.21839250939212,Germany
4.648662491126249,1.7354863669797478,4.09,6,1,11.600614037822522,Italy
3.033764636819801,10.366488807065465,4.34,0,0,0.0,Germany
3.7203695523335316,9.745050247264846,8.79,2,1,87.7346423634086,India
2.2325968575415693,10.2097667790238,6.49,6,3,169.82641764194315,Brazil
6.78570376130459,0.4282337617873315,4.75,4,3,240.71414964144788,India
9.00892042142608,7.7309409501506785,5.34,5,2,62.63334949822371,India
8.994136838817917,7.000169246059988,7.57,3,1,61.57263479577881,France
1.838286374775875,9.618076648476215,6.01,1,0,0.0,Brazil
7.685393579661238,6.632188054335927,6.87,3,1,48.62007937648745,France
9.556360838808285,6.7238010695673225,4.85,2,2,134.92666152511563,Germany
3.0622874399668825,9.710149967292107,7.31,1,0,0.0,India
5.129057186865895,0.7933929345662234,3.13,1,0,0.0,Italy
6.421026737273639,5.971887069184218,5.07,2,2,102.6204625907187,Germany
2.707135352037432,11.082192466361874,6.96,1,1,80.84514922823905,France
1.212203076491641,8.99141806589944,5.43,1,0,0.0,Brazil
3.698161042587712,8.964405974070203,4.09,2,0,0.0,Germany
6.178495990438352,7.792914079877142,4.38,3,1,31.12664741406115,India
3.5005899725090575,6.860896014594607,6.83,2,0,0.0,USA
7.693291766288823,7.649776002287335,7.57,2,0,0.0,Brazil
2.6367467434302845,10.525441058445669,7.28,1,1,81.49292893420358,India
7.475951880243191,6.351474777941387,5.17,5,0,0.0,Italy
8.081733638129577,7.118737657892967,9.45,0,0,0.0,India
10.091327513804405,7.136041428007421,4.45,3,0,0.0,USA
6.354183675890674,8.516000318006274,7.05,5,1,73.6977762699573,Italy
5.049564179974651,1.3761760955197997,5.79,3,2,195.56186756915784,Brazil
7.909560221560236,6.885444267395166,2.6,2,0,0.0,USA
3.2924509153889874,8.692224611992646,2.46,3,0,0.0,USA
7.25039778781178,6.952457068426618,4.87,3,0,0.0,Germany
6.004887569571013,7.188257222729084,4.95,0,0,0.0,USA
8.780704993476414,7.076969307922713,4.0,4,0,0.0,Italy
9.340435581465709,7.633698742681541,2.57,4,1,30.634816093755564,USA
10.101363110213077,6.838392973398833,5.62,1,1,45.782673863455216,Brazil
6.753298080375319,5.034295651314638,2.45,1,0,0.0,France
8.144295145668071,5.21751671411557,9.32,1,1,8.317834273452341,Italy
4.216045298021618,1.2075585269105442,2.4,4,2,185.09037478844877,India
1.1810034812036923,9.57051613759898,4.02,3,3,187.62628060500003,India
9.844022843954203,7.361170287668063,5.09,4,3,262.7878443349371,USA
4.905042758974689,1.3241711634675744,4.9,4,0,0.0,USA
8.12115778202272,6.75916249081467,5.47,2,0,0.0,Italy
8.929248559759806,8.81752816320625,2.79,2,0,0.0,India
0.8134747452418849,10.911574822971433,4.98,1,1,76.0375553591842,USA
9.004296164430935,7.543668105849978,6.06,5,2,157.5195680180896,Italy
8.118314224799759,6.9158623369327685,3.94,2,2,34.876783427443016,India
8.06547952039014,6.048017574902,3.74,5,1,89.85374289637805,USA
2.6415338690834753,1.2678529600248838,4.31,1,1,86.12742871946443,Brazil
2.533430456922442,10.216737376181394,6.84,4,1,81.98494652789343,USA
7.754935613052658,8.646496223844247,9.26,3,1,95.24701012174738,USA
9.139546900689194,6.98459528414956,4.9,5,2,99.30528303817266,Germany
2.4305624327366595,7.0160854436662135,2.37,3,3,228.01163853058182,India
8.3669169843587,8.974547119990849,1.0,1,1,95.16596287648015,Brazil
5.386490200830258,2.298747500727802,7.21,3,1,77.08768208092475,India
3.7719034136997696,1.7595764417356896,7.61,7,0,0.0,Germany
5.589201866534408,7.705322468821663,3.35,1,0,0.0,India
6.132881940671305,1.813039544342795,6.18,1,1,83.21047622726722,India
3.9812346960795417,7.6404513032996615,9.22,8,2,14.198984159718098,Brazil
5.608781570075722,6.552483375947531,5.98,4,1,64.20070509106736,Italy
4.587009442908947,8.69398832366168,6.04,2,0,0.0,India
10.768414625959442,7.7555194788683135,6.66,3,2,145.4131853853013,India
6.10213344026283,1.682715767712943,5.33,2,0,0.0,Germany
2.3491793971999626,9.516068864365867,4.07,5,2,136.69758955334925,Italy
4.67035525014873,1.075916677779475,6.21,2,1,31.360537437348217,Germany
7.924293721782513,6.4252337926121035,2.15,4,2,15.508189822731847,USA
6.529799278471182,5.979334461485388,5.27,2,0,0.0,Germany
6.4711418530047995,7.741397695661847,2.18,2,2,191.71125713379712,India
2.6495726819580865,9.321898796387519,6.24,9,0,0.0,Italy
5.421906223802229,1.0615523817868295,7.09,2,2,92.54150020500636,USA
4.3715100370907205,2.054461108983213,3.27,2,0,0.0,Brazil
7.932046636459989,7.0116958626241495,4.82,4,1,13.788527761278209,France
7.590319183618281,6.196491281339614,2.24,1,0,0.0,India
4.369926939402937,0.42971874075498495,5.37,2,1,85.85840589116002,USA
6.499290540835387,5.344987853463294,1.0,2,2,62.27237725728574,Brazil
5.930339577604451,2.0283689264708213,7.33,6,2,83.6018170889199,India
2.803440128689208,10.370869514026303,3.44,2,1,5.663858726427903,India
2.099434827093253,8.153198218024752,2.02,2,1,27.795872342274247,USA
8.486316165545146,7.109845744910487,9.87,3,0,0.0,USA
8.70840885222473,7.502920954679149,4.8,5,0,0.0,France
4.718926638378381,1.6850136534296143,6.19,6,2,130.34612426065095,USA
6.8135329448522945,5.202053992823352,5.38,4,1,18.017548087995586,India
7.562562297466457,7.241196756662816,8.51,5,1,23.804089902012503,France
6.736037365671778,7.6932336871223335,4.12,2,1,57.63054384733821,Germany
8.691580284430785,7.653481703339138,4.91,3,0,0.0,Italy
7.474781809996398,7.6254535505017245,5.51,1,1,86.48377972337539,India
5.712808450735448,1.1197702099016205,8.28,4,0,0.0,Germany
0.8328045958445471,8.06877924825559,8.04,2,0,0.0,India
3.569212430037923,1.1888487136404762,1.18,5,3,134.4542026393709,India
9.641669731926486,9.153991390497477,5.53,1,0,0.0,Italy
6.775084945602054,7.0247953540182895,3.62,2,1,15.61261305632036,India
1.459644907733415,8.479050916637753,4.14,1,0,0.0,Germany
2.597479671404005,11.59399546585264,5.35,3,3,113.08007361801847,Italy
1.3917988071502894,10.462785358091248,3.43,6,2,134.22529125419467,Italy
7.341372232497397,8.184112771112584,5.62,2,1,74.89216134378971,France
6.5798323169881066,8.53574895344603,5.86,1,0,0.0,India
6.5068330326220645,6.712428259826707,6.33,2,0,0.0,India
8.036688039732319,7.967256916690813,4.22,2,0,0.0,Italy
6.786168699384917,6.488065089407441,8.34,1,1,62.21752633456302,Italy
3.5422678539523744,1.6115415745681863,3.71,0,0,0.0,India
4.791286226852879,1.680484224965455,3.61,3,1,7.180542808669973,USA
7.301110188317633,5.607911039025849,3.38,1,0,0.0,Germany
6.943937641270516,8.092850208150752,4.88,7,1,80.42922432879298,India
5.723461939338097,1.63970899075896,6.14,3,2,12.168015119503739,Brazil
4.8808569839116425,11.056355781126202,2.85,3,3,239.052546909243,USA
3.3200551342630886,7.756708269283705,4.45,2,2,167.2149883642338,Italy
2.318562031787726,9.955596708965805,5.16,6,0,0.0,France
4.671274701760878,3.5807479903402424,4.19,1,0,0.0,India
3.8014603181583686,9.703993933443517,4.85,4,0,0.0,Italy
6.891903724653446,6.596181705671225,3.49,2,2,194.60759669179362,Brazil
6.422784436293245,1.7258292969155753,4.8,2,0,0.0,Italy
1.8497463819391387,8.21033771347084,6.16,4,2,15.216118029796116,Italy
5.27748464845931,2.231939489184654,4.4,4,1,97.17066764676171,India
7.009702494194185,6.4719310829971,5.02,2,0,0.0,Germany
7.126706627958989,8.009777052586484,4.88,0,0,0.0,Italy
2.9068773166673543,7.830255569975762,5.2,2,2,39.30676155805773,France
8.151864818383233,6.167083742842998,3.48,3,0,0.0,USA
7.950295562567867,7.407763369454284,6.04,2,1,32.42968349964542,France
3.1816832190590865,9.237556964118582,5.24,3,0,0.0,Germany
4.67476678331751,0.5976587943719893,6.97,4,0,0.0,India
8.345210229420005,8.279383522023682,4.07,2,2,56.85880642936321,USA
0.9310795654905657,9.99973581381354,5.59,6,1,39.73398778999754,USA
0.35601516554119383,8.246938565310272,5.57,2,1,20.377047718569308,USA
7.459982194004001,4.932781106371664,1.0,3,1,78.36535894689956,USA
5.286783359484668,1.2887292818545495,7.25,3,1,70.67574793449499,Brazil
5.902363820848148,6.70041421216974,6.02,5,1,89.19593043440581,France
3.785385373490047,1.57010381590401,2.75,3,0,0.0,France
4.315020909729555,2.8328004707955783,8.06,3,1,69.56228509152166,Germany
9.448477502216155,7.270911042142328,5.3,1,0,0.0,USA
2.6819993604492147,9.786206283034996,3.87,3,1,63.43631625340254,France
5.936433887673476,6.4341618161506435,7.64,3,1,67.24821175955431,India
5.789997668242108,7.239394897582363,7.94,2,0,0.0,Brazil
7.951018794176264,7.358264149037727,3.02,3,0,0.0,USA
5.097603078449797,7.24899269621297,4.81,2,0,0.0,Italy
8.345844271891387,6.8528497705165226,4.83,3,2,79.47903058555332,France
2.436965483022383,1.752603743673418,4.07,4,0,0.0,USA
5.323211155579504,5.947214238082138,3.5,3,0,0.0,France
8.60779408942467,6.548838857834858,1.05,4,0,0.0,France
6.115959041432275,6.479372339584334,6.27,5,0,0.0,Italy
9.015227847126853,6.7517843332735135,1.52,0,0,0.0,France
3.5304304401834634,9.722642575497675,6.65,6,1,37.13633467985684,Italy
2.0085319016715406,9.06405981537928,7.4,2,1,18.226539734529393,Brazil
5.522275926018081,3.0006490272934236,6.07,2,2,61.390908622807146,France
5.901624215152862,5.609580369128803,8.77,6,0,0.0,USA
1.2912384707471918,8.501089763684925,4.1,2,0,0.0,USA
4.340185340295212,1.2097043806316203,5.86,4,0,0.0,India
7.829802653221065,6.610505899212702,4.98,0,0,0.0,Germany
2.9689622388832264,9.55767695607013,6.69,4,3,233.45904061469236,Germany
4.96852286203291,1.3993497700306132,4.35,6,2,141.4944397553237,France
6.395786066124809,6.922441488936159,4.96,5,1,57.63090311129109,Brazil
4.635805999106666,1.9319100312906716,2.52,4,1,34.155987338740545,India
6.12267445502345,7.0136353287284345,6.81,6,0,0.0,Italy
6.736340519269245,7.636889960296814,3.42,2,0,0.0,USA
1.6837812740647204,9.82779576419896,6.95,3,1,18.1452084225783,Italy
7.3154845461326765,6.415789032449282,4.89,4,3,35.82832775463211,USA
8.092049366700616,6.362909739085877,8.04,2,0,0.0,USA
8.321052329274703,7.952761095793944,2.65,4,0,0.0,Brazil
2.704448876514295,1.4240107421769554,6.13,2,0,0.0,USA
0.7537219247372602,10.587305853413177,2.41,3,0,0.0,Brazil
8.651226219413738,6.785173457987726,3.13,2,1,39.874225175349146,Germany
3.0653163698135306,8.8842258346447,6.09,2,2,13.271480437428853,USA
7.380889807265574,8.009811457230517,5.13,1,0,0.0,India
8.774208341623574,7.040148266855291,5.65,2,2,171.16677176485442,Germany
9.502913244584605,5.73501977909053,4.13,3,0,0.0,Germany
2.514757916700821,10.192798817996744,9.18,2,0,0.0,Italy
7.027615938674123,5.170346341611373,2.47,6,1,57.95461787911651,USA
4.425952369876936,0.9962239445588499,5.71,1,0,0.0,Italy
3.9056455142570634,1.8316400466028846,4.99,3,2,109.15795370325468,Italy
9.734274760224789,7.594557168359948,3.26,5,1,49.38365481512647,Germany
0.38442622003578863,10.345625190186725,5.07,4,3,72.70701614898988,USA
9.453715066398523,5.413268734217652,7.83,4,0,0.0,Italy
5.024508618115924,6.5018833078444365,2.63,4,0,0.0,France
8.443507736223834,6.7973575444385155,7.64,2,1,21.43371415749878,Brazil
8.850095594459644,7.286961972869532,4.65,1,1,46.77371082888154,Brazil
1.8576756317132443,7.876600457773505,5.18,3,2,152.7665449593544,USA
5.333096437886805,0.05450758773011666,2.01,4,1,66.38063159088854,USA
6.919664398672369,5.347097051026764,5.98,5,0,0.0,India
2.3598341407815613,9.378426424252982,6.37,4,1,56.54507124165649,USA
3.966088730568625,2.9307068472204993,6.23,3,0,0.0,Germany
3.498802443311331,8.888499208098674,6.79,2,1,64.12478094082607,Germany
8.390941460162583,6.9171660641282795,3.43,2,2,138.56233703988448,Brazil
11.465012512634623,7.160566604692862,2.09,4,1,35.612783954350846,India
6.964577750551519,1.4442229212160331,5.97,1,0,0.0,India
8.320606992608937,7.0667891120186495,4.94,0,0,0.0,India
7.935160164641234,5.3115415497930005,1.41,3,1,47.447159473930505,Germany
8.132779191840024,7.479047953082359,5.2,4,1,53.608161887018106,France
7.884732805973494,6.731356585515324,3.77,1,1,36.160503837699984,USA
2.055688910498283,8.031992093943643,4.87,3,0,0.0,Brazil
9.975198938270426,8.070709505623796,3.74,1,1,68.90507468955602,France
6.161295647957024,6.981307220593479,4.31,6,1,84.18122341329199,India
9.277943909653017,7.52350511536239,4.54,3,0,0.0,Brazil
8.105979676985486,8.121088538184658,4.42,4,2,100.96094294128386,India
6.811420408548433,6.06211749401861,6.09,3,0,0.0,Italy
1.48662719104311,11.454038534537595,3.23,4,0,0.0,India
7.307461406869143,4.87716250919966,6.1,2,2,123.50957757011354,Germany
5.058393395385156,1.4765186318124854,3.7,7,3,77.7238937132714,India
3.8640040130616176,2.0521337296088165,1.0,7,1,50.53459711071911,Brazil
1.8660638962941847,1.7935499625350988,6.02,2,0,0.0,Italy
5.593055090557455,2.762244885340642,4.0,2,0,0.0,Germany
7.117350564498382,7.353217006636469,3.45,2,2,192.77463013343018,Italy
2.490763689987357,9.361867833559993,4.42,5,0,0.0,Italy
2.646646137680442,9.96716067540126,4.45,5,0,0.0,Brazil
6.773554614764432,6.172317979120929,4.9,6,1,83.15457435520099,Brazil
9.079649144573864,7.034545657232544,7.21,6,0,0.0,Germany
4.757586254689059,0.30140841061256496,5.52,3,1,7.382700700333689,India
6.294105658294402,8.55144186091072,6.22,1,1,81.3408088974947,India
2.3339862041442383,11.999545130801732,2.62,2,2,63.97839102079949,USA
3.42551854212617,8.177365424402042,7.3,1,0,0.0,USA
3.889252014251346,1.67362027274154,6.14,2,2,44.446740815147834,USA
2.6346518830556502,9.342165652357679,6.6,1,1,20.33494117217719,Brazil
5.519944799185444,0.5393638600123176,4.32,1,0,0.0,Italy
7.5325511783484895,8.332514392430351,4.35,3,3,113.32851762905736,USA
5.782551884738642,8.325509430056705,7.16,3,0,0.0,Germany
2.138985733111009,9.59860029463363,5.72,6,1,8.715911405112916,Italy
3.5477414438967223,7.383010312737376,6.79,2,1,77.63193308892711,USA
7.746197745576767,6.531097324647868,4.53,4,3,133.89828450396328,India
6.393073638293687,1.6080170707425188,3.72,1,1,15.48788792905976,Brazil
2.5763759131021056,8.29852613908757,7.35,3,0,0.0,Brazil
1.9119694047993654,8.06593812397412,4.05,5,1,11.57178136931342,Germany
6.901935730063701,6.536555016236011,5.34,3,1,81.49303481828063,France
2.625963538847997,8.378728286793919,3.73,3,1,45.48527457055864,Brazil
9.226088679452234,6.445745609062893,4.33,8,1,9.997430535514884,USA
9.803709777340504,8.45368760776482,4.4,2,0,0.0,Germany
5.593639092039455,4.1449723513373335,3.54,2,0,0.0,USA
8.954545019887398,6.785694545633681,6.91,3,0,0.0,Italy
6.197137981890633,6.590325114617725,6.17,2,0,0.0,India
8.44542039762162,7.299351489140495,5.67,4,2,53.84177955947833,France
6.744344682598952,8.327327372533905,5.53,3,2,36.45677220720222,Italy
3.2791936892502074,7.718169463948427,2.64,7,0,0.0,USA
2.6124523832017976,7.371097317044154,4.41,3,2,149.61054392380854,India
8.213038244093942,7.353806552051667,6.09,3,1,93.30359401456111,Brazil
5.445626187420809,7.766748762480544,3.43,1,1,77.96566770160757,India
4.276566827839556,2.26974236063504,2.62,1,0,0.0,USA
9.303573185805092,6.762166177974756,1.0,3,1,47.72447287592571,India
4.789334925891411,2.7439198935595193,8.7,2,2,33.90731752133906,USA
8.484648380744963,8.040250563216047,4.86,1,1,56.799362083577826,Germany
8.69777135342926,7.666505882865022,5.19,5,0,0.0,Italy
1.4878143276233518,11.102728901068247,2.31,2,0,0.0,Germany
6.352059075039237,6.276084746326394,6.91,2,2,103.65532328618208,France
1.5111875131930979,6.118030750004632,3.42,3,3,109.28443137568465,Italy
4.028108448142818,6.383555991369258,6.58,2,2,159.18851485199406,Germany
3.8177132295386946,0.6855644002876708,4.73,2,2,103.1597085897066,Brazil
9.252332991774415,6.398830684975171,3.6,1,1,49.563917088635094,France
7.515584924756224,7.454635111677137,9.18,5,0,0.0,USA
8.214910598034852,9.262986465068828,5.6,4,0,0.0,France
5.822583771985904,7.575939539668222,5.4,2,1,60.12851307630062,India
4.3132055887190575,2.0979217836046664,9.05,1,1,30.784353045072706,Germany
7.461063852822777,6.02364850813025,5.75,1,0,0.0,India
2.7880810172035067,9.859444099382642,3.69,4,0,0.0,Germany
9.412083307040387,9.31105707652207,4.11,5,0,0.0,USA
4.2021415138237765,2.1551595665635297,1.0,2,0,0.0,India
3.975982813668427,8.512883981312685,3.86,2,2,91.65943670328622,France
4.25376606014196,2.9883905757550373,6.93,3,1,29.14407935373598,USA
7.944565959248179,8.94368160045541,6.21,6,0,0.0,India
3.067499376998781,7.914131895226626,4.88,6,1,71.47905732389232,France
9.72236413084089,8.01750615582574,6.99,0,0,0.0,USA
8.667288263998863,7.457201753736326,8.08,1,0,0.0,India
0.9048585147441539,8.729191871156308,3.68,0,0,0.0,USA
4.671581143607722,6.754700913800102,6.27,2,0,0.0,India
4.769284539054892,7.5049207978118355,4.94,0,0,0.0,India
3.796361191637,7.61716794308533,5.93,2,2,78.8621361547919,France
3.947528061994307,1.314130409052087,4.54,4,1,16.08499145299048,USA
7.957314409470808,8.409441327005423,3.12,3,2,95.82982956677814,India
7.023050407610199,6.912765497016257,9.3,7,0,0.0,India
7.667936455926234,7.7502727510558485,6.28,6,1,72.33609430479585,Germany
2.113776637664712,8.05671717318311,3.53,1,0,0.0,USA
3.177288076695799,10.006328477734844,6.22,2,2,132.10718952837502,USA
9.356952757900393,7.840523218012638,5.34,3,1,72.75927570309413,Germany
7.332980641251858,4.568065536916416,7.67,2,0,0.0,France
8.636542649265056,6.925782631253171,4.31,1,0,0.0,India
9.033215304095823,6.655689554893696,8.42,0,0,0.0,France
9.255562591874325,8.69431474930448,8.3,2,2,21.20333459645552,USA
4.04423787058511,7.134276094290557,2.14,2,2,25.479990960467063,USA
7.873548120326664,5.7271963370711365,6.26,2,0,0.0,France
9.565793462869683,6.103108704687618,2.12,6,1,29.344231456162195,USA
1.5978349008780284,9.120039919469802,2.43,3,0,0.0,Germany
3.502845953080614,1.151354855519386,5.1,3,0,0.0,India
7.058665869548321,7.879510349188842,4.46,4,1,31.812027354881856,Germany
3.090979656444804,7.840406163789349,6.26,3,2,144.25388135929478,India
4.945544404870697,1.241915115127775,8.8,1,1,29.367665889902874,India
3.6523558738011066,2.7144895008486465,6.02,2,2,85.05920287059833,Brazil
9.002541540677505,5.434999502783297,5.81,2,0,0.0,Germany
9.11952176883344,7.0644388564180725,2.9,4,2,114.3021270152973,USA
5.724629630609653,6.686447828759148,4.59,5,1,57.05419593013499,Brazil
8.319814923033356,7.734443909380474,6.93,4,1,8.254126474172143,India
3.135914847642715,9.876679600581081,5.04,2,2,46.87138703568473,Germany
7.564268113369215,6.373481035232887,4.92,5,2,95.32939089077166,USA
8.042337630479032,7.041753387754557,4.57,8,0,0.0,Italy
5.8456972569441445,1.0363744489813493,5.62,5,1,18.993190594092635,Brazil
7.4264656463460526,7.8679676669081875,5.26,2,0,0.0,USA
9.015650544526048,7.5764157111890125,3.77,3,3,103.21535541372883,Germany
4.452151812648218,2.813776396724115,6.85,2,2,193.37607827550886,USA
5.957690813143653,6.028699656513292,4.36,3,1,66.53586287213507,Italy
5.584478646955927,6.475168239460603,7.7,0,0,0.0,India
2.874519174364859,9.19896643406323,7.39,2,0,0.0,USA
3.7549149994991344,9.06922023919817,1.15,3,0,0.0,Germany
6.180177100544729,5.7213547587660765,3.15,2,2,128.4374963278846,Germany
8.775144087828254,7.565437899820202,5.24,4,2,24.587248514228655,USA
5.079888899424172,7.429459684477277,6.65,1,1,78.41041122108719,India
2.659253210085277,9.139862581669863,4.71,2,1,29.423298177743096,France
6.170512801517987,6.717886376377114,8.8,3,1,28.614670436906703,USA
6.4007796179335354,6.907323725653804,7.72,1,0,0.0,USA
4.896662093552824,1.7446971401311915,4.87,1,1,26.14615296335023,India
4.246496538483444,1.2107517333378177,3.65,4,1,13.323271342609294,Italy
7.845453962047234,6.643392472249554,6.47,3,3,21.21149639398466,Germany
6.60768660021073,6.932027952052008,4.06,5,1,17.189648291638022,USA
6.874169346869956,8.407690534631705,6.38,3,2,132.07357031409214,Italy
3.281857068323574,9.844477940060932,7.93,6,0,0.0,France
2.8449823223428785,10.683307653487715,6.22,2,0,0.0,Germany
3.331617555434951,10.135316795522794,5.53,5,0,0.0,India
7.569979057277559,6.965973494073708,1.0,2,1,74.6152156318748,India
2.3865273070579547,10.638964586667882,6.35,2,0,0.0,Germany
7.267208082406841,8.545494231516946,7.62,7,1,71.0594140895167,France
10.34112946794108,7.123388361270566,5.93,1,1,90.67365708012139,USA
6.717541498504494,6.017719017358259,5.48,3,0,0.0,India
9.407033463233065,8.289801654733374,5.78,2,1,25.88464549706222,Italy
9.123423272464349,6.851022022413799,5.95,3,2,133.1959649288351,USA
9.577464315866713,7.1035528288256735,4.67,5,0,0.0,India
9.687351188718045,8.788902342997222,8.42,4,2,118.90990151761274,Italy
5.253339001899938,1.9406657908830427,3.96,2,2,162.74998671971136,Italy
2.71172185011758,8.485989081535342,8.01,2,2,52.77274744779444,Brazil
9.228595287567629,6.743359193374183,4.55,1,1,49.74666690877541,USA
3.7993858507214098,2.6604081343360204,2.37,2,1,67.09241138106543,Germany
1.7938163076115061,9.732471853906256,5.28,4,2,134.3813776367208,Italy
6.283420345348631,2.3642975608734584,4.77,4,1,96.08646350796334,France
8.820575210462724,6.67500128599405,3.68,3,1,60.45179626036463,India
5.565853936942718,1.8820938235877047,3.57,3,2,153.4068900483605,France
7.4785558633076965,7.2788141587391175,4.72,4,2,62.902760674867125,India
2.032839853696531,9.519756287364949,4.46,0,0,0.0,USA
7.970273102408234,7.820224527741095,3.48,6,1,60.694020357597,USA
2.9745080798328036,8.908337773894186,6.97,4,1,45.35107969463822,USA
3.384815876437507,7.631486397233985,7.43,6,0,0.0,India
9.675434083382921,7.606999519517686,4.5,3,2,78.11825234728899,Brazil
8.580746007425574,6.022787845111368,6.36,3,0,0.0,Germany
9.007541414801556,7.283000531971772,7.56,5,1,65.83582660557833,USA
9.489504050527785,7.565767147988353,9.75,1,1,40.65642010062863,India
1.7898487269109191,2.51775208473436,3.04,8,2,115.17820209036915,Germany
6.599716090972777,2.4237827333721205,6.43,2,1,49.41715124003239,India
7.721897007853803,8.28726079267181,3.93,4,0,0.0,USA
7.2798694740831555,4.9892691732367815,2.92,3,1,73.47622814942184,France
4.631052522061345,8.40646414110389,3.36,2,1,97.11609197015176,France
7.177522535894801,6.261820289965239,3.85,7,2,117.67389121194103,Germany
6.868671071684915,6.285023577884477,4.58,2,0,0.0,Brazil
1.9059501224813564,9.312444594188847,5.38,3,1,11.786071038055626,India
3.9869286803960207,1.4233803243026988,2.99,1,1,90.3895906594813,Germany
6.833415587480353,6.13117347947002,3.22,3,1,97.07730148069844,USA
5.655271164903325,0.8013383834682068,7.87,0,0,0.0,Italy
7.252685858815186,7.96525113643828,1.93,5,0,0.0,Germany
6.164396017344004,1.528223293045479,4.05,4,0,0.0,Italy
8.209597208376373,7.135925915407091,3.3,4,3,141.9105004734334,India
8.2071346816887,7.3812867302289815,4.36,4,1,61.70793139020712,USA
9.355058194157865,7.090386982953651,4.79,4,3,45.95979339314077,USA
4.423877414654988,2.307134833616922,7.2,6,2,113.29940702630991,USA
1.0326572733268544,10.394377482345773,6.52,2,0,0.0,Italy
1.805757489913856,11.169214805581463,7.49,3,2,78.8481411825298,France
10.371502351998345,5.581953265247578,6.14,2,0,0.0,USA
4.304634754360075,0.6321049706391633,5.0,1,0,0.0,USA
7.827032308663091,8.070207771593383,6.53,5,0,0.0,Italy
7.231676847183562,7.876298838871944,3.63,1,1,13.832255910826264,France
5.413436542434915,1.4774637373658324,2.93,5,2,17.961499128980584,Italy
3.2940959361349904,9.66256656204218,2.01,4,0,0.0,USA
3.543003756844115,2.7952357619732595,1.77,4,1,15.554298450036582,India
7.252213625214699,7.361607421218196,5.64,1,0,0.0,USA
3.0595027768981704,8.34266276026027,8.56,0,0,0.0,USA
3.472013528936391,1.6447944245239297,5.58,4,0,0.0,USA
7.245407936453277,6.951695286169826,6.05,1,0,0.0,USA
2.104984757775418,9.73015887288928,4.57,6,2,145.9730793157201,Germany
8.920470802208875,9.13817208282178,6.23,1,0,0.0,France
9.704362201859402,7.602268669628767,3.48,5,0,0.0,India
2.248800270944142,0.9533683502461383,5.39,3,2,129.73095849842667,India
3.1966780424423074,2.6113566827893053,3.84,3,0,0.0,USA
8.230235132668941,7.420959202477362,2.99,2,0,0.0,Germany
2.530564917401186,8.267074449050497,5.26,2,2,173.68989863003765,Italy
3.3198016484907997,1.7344170818772977,5.92,9,0,0.0,Germany
7.25014054774514,7.1109585611796575,3.1,2,2,196.43954705021773,France
8.75624085700858,6.543305767361062,5.98,5,0,0.0,Germany
6.699288500487382,8.223318983859848,6.64,3,1,34.83074311516776,France
6.685957172803102,6.2378313366049145,6.05,5,0,0.0,India
5.81706379941244,2.1099163313399627,5.37,1,0,0.0,France
7.718761639654918,6.8452903076402745,5.5,4,0,0.0,Brazil
7.6833508520459555,7.3498393897655445,3.3,2,1,49.20931243630467,Italy
3.3321022710804407,1.628065587121542,2.47,1,0,0.0,Germany
8.215233857797632,7.540490963811486,2.56,0,0,0.0,Brazil
4.421873205106977,1.941908269786486,6.1,4,1,73.01167760355895,France
2.692536362087287,2.951627489607282,6.61,3,0,0.0,Germany
2.449264992786422,9.291663066156513,3.35,5,1,8.398547058202306,Italy
4.363927384531963,1.6114458478473455,5.93,2,1,41.539943980057586,Germany
5.008603337926323,11.305228700789064,6.62,1,1,79.32890048676607,France
0.5327570385372646,7.45004451648727,5.41,4,1,57.466380599073176,Germany
7.609200124371661,7.288529443407263,2.39,1,0,0.0,India
5.138568748363646,0.03067199297896206,1.49,3,0,0.0,USA
7.3193092000697195,5.745072736174207,3.67,4,3,185.91050525483385,Germany
4.256004094897318,2.175450091561951,7.35,2,1,48.470642081333175,Brazil
3.1207154260446983,7.607625031350099,5.58,4,3,29.70483643084227,France
2.1822702492885875,8.795185599389457,2.86,1,1,55.54158957475395,Brazil
7.2818907467207215,2.5712688389881984,5.56,1,0,0.0,France
7.834496272735347,8.420867401591309,4.9,1,0,0.0,France
7.579282752572105,6.436360327135849,5.33,2,0,0.0,Germany
6.135337081471058,1.688544179687053,4.68,2,2,11.300838559533913,Germany
2.533552215313733,11.156556486810185,5.39,4,2,30.96554457287379,India
8.738279128858265,7.120802886062033,4.94,2,0,0.0,Italy
2.1272621708211967,9.444327775389391,6.84,2,0,0.0,Italy
2.3360166972015683,9.399603507927159,5.28,6,0,0.0,India
6.277090480930955,0.5418148368863049,3.53,4,1,55.56723439113857,India
2.5709618229128792,9.493727646284386,3.2,2,0,0.0,France
9.7242903246359,5.56775505774065,6.39,3,1,46.59303010978176,India
11.154772613563502,7.9463844004601984,8.95,3,3,178.79466930621217,Brazil
2.9265644366578347,8.719196213960416,3.79,1,1,42.011588012467634,Italy
3.0983097558338772,8.078689829435895,3.22,3,0,0.0,Germany
5.615592213897352,1.9739251913953275,7.26,1,1,46.757289645165514,Brazil
3.0264860731531225,10.423633568383902,8.73,3,0,0.0,Brazil
7.116939425346488,5.852150591018148,7.06,5,0,0.0,USA
8.013443718907226,6.4504703558214755,5.67,2,0,0.0,Italy
9.803723915817711,6.734005783002193,2.53,4,2,103.14460020043445,India
9.185202148526104,5.643887417792073,4.53,3,0,0.0,Brazil
5.211103046464341,3.3638132798906892,8.83,1,0,0.0,India
8.630398064674337,7.974012555487139,1.09,1,1,51.020411719345546,USA
8.514917461222822,7.79872605179898,7.72,4,1,29.19801788791387,France
6.856242065995089,5.852914805033087,4.16,1,0,0.0,France
9.827706027375731,7.3555482588669205,5.51,1,1,59.76184074386914,Italy
7.43611816713274,7.751777313015566,3.31,3,0,0.0,India
9.355036866065896,7.103996333051564,5.14,5,0,0.0,Brazil
1.8989814534635276,9.171259089166755,6.01,3,1,64.81003129227105,India
6.379805555177461,8.871249742230614,6.58,1,1,71.26082479882558,Germany
1.93212549587221,8.811240742155329,8.93,3,0,0.0,Italy
9.650484887170078,7.534449077462633,6.53,3,3,80.09648640534428,India
5.598695142695774,3.1008559784571608,4.32,5,0,0.0,France
5.071510465865699,2.7128451520585655,4.88,4,3,46.31027359714099,France
6.058914447595365,2.2665217202637153,4.3,5,0,0.0,USA
1.776557545837171,8.93356954808974,6.3,2,1,70.29376322462083,Brazil
3.746148333930832,7.693829515114045,6.05,1,1,67.82715025695956,India
9.443391447357982,6.761924239121834,1.79,2,0,0.0,USA
9.57175292345325,7.312516593870296,5.45,6,2,150.59739389903916,India
8.092011234076883,8.090026682504282,1.36,1,1,35.22292443030163,Germany
1.0272368546162143,8.731068089253089,3.19,5,1,32.68713607279835,Brazil
6.535027448337071,1.7100084118809054,1.57,1,1,10.64865722518335,India
1.9144432813874643,9.867701686978629,3.1,4,0,0.0,India
7.660757342486546,8.236249728618512,5.31,5,1,52.746616431901,Germany
7.4697043339375,6.6290197541138935,4.23,6,2,82.03189166048115,India
10.174154601786531,9.171182918441152,4.53,1,0,0.0,France
9.043188390907396,9.563488107730151,7.03,3,0,0.0,Italy
8.49216193558123,7.391916776135366,4.59,3,3,150.09773450093033,USA
6.448343374264971,8.05425196575706,5.94,4,2,73.26497733595428,USA
6.232021208584199,6.38657229907218,4.28,1,1,52.757921404268636,USA
8.73072432041306,6.714931109929425,7.04,3,2,80.06085692159364,India
4.795034179093458,1.5748866503981835,3.32,2,1,20.233468247994907,Germany
9.040770930819345,6.196018668412207,2.4,2,1,99.3574772948715,USA
8.195424599369412,7.346060571347998,6.89,3,1,40.28246880671097,Italy
2.6319065566484743,9.107658502474973,3.51,1,0,0.0,India
8.301503072680335,8.978157663900792,5.08,7,0,0.0,Germany
5.38846078687109,7.1806455784547145,5.35,4,1,42.80434121797311,Germany
5.110361832357208,3.9455141630229322,5.83,1,1,32.80471898230721,Italy
9.642266133363174,8.121374740977004,4.58,2,2,71.55465055812996,India
5.972094890358573,5.789865309617882,9.01,6,2,179.5894010236138,India
8.621391303534573,5.740096306875161,4.14,3,2,156.978136733139,USA
5.020705254573355,3.3158915452919175,5.8,4,3,189.80107612673544,Brazil
8.725989807903634,9.715396304955988,3.88,4,2,172.85919838321144,India
1.4032971986954412,8.450338640140078,4.82,4,0,0.0,Germany
7.034317522285825,6.166232149185809,5.6,4,2,73.79700102771223,USA
8.823511746705504,8.259017311377148,4.88,4,0,0.0,France
7.141473682923729,9.310923798025867,5.72,4,2,39.61765069122198,Brazil
3.400290823703073,2.5810100226757404,7.95,4,1,20.79156969075939,France
3.982743873950043,1.2754507800424872,4.46,2,0,0.0,USA
9.586602411413706,6.903258884339874,5.61,0,0,0.0,France
1.006840570956722,9.088380908618097,8.05,3,2,74.45642436725001,Brazil
8.929709017063953,8.204004216412816,3.36,2,2,192.21748263773685,USA
7.633651820879085,7.213868066381244,5.15,5,1,98.87436448698995,Italy
8.263094503607256,7.001955204586982,3.21,2,0,0.0,USA
2.3305029062422746,10.243500912495373,3.99,3,0,0.0,Brazil
4.116680857613978,9.198919986730626,3.77,5,1,29.230347786562312,Germany
7.486590637023905,5.54499692547185,5.91,5,0,0.0,USA
1.8934264732816086,10.218170565367139,2.87,4,0,0.0,Germany
4.379989544078606,8.662772644157013,3.11,2,0,0.0,Germany
3.4169538031996707,10.53357005184009,3.11,3,1,62.75698022147438,India
7.800115978890848,6.030073198086376,8.57,1,1,54.27141660611318,USA
7.208352004117561,8.286920137880818,6.67,1,0,0.0,Italy
8.364986573250867,7.106730883810774,4.31,2,0,0.0,India
6.174837748712283,6.070567705023007,3.67,2,1,58.63748543301928,Brazil
3.599680125272628,2.671985354221208,4.13,1,0,0.0,USA
9.32045204095748,7.560169828171553,7.08,2,0,0.0,USA
2.896206233831565,2.129992700038925,4.64,4,0,0.0,France
3.4495965395371035,8.453525221218461,7.26,4,2,85.668413874485,Italy
5.276432043101366,4.295778909203499,2.34,4,0,0.0,Germany
5.563451109621248,7.078678780156907,4.92,3,0,0.0,France
6.838300359274267,6.325142428277333,3.43,2,1,36.01453067836486,France
4.99961781135489,1.4745357881522807,8.07,1,0,0.0,Germany
8.96485380616466,8.09843747041269,3.92,4,1,98.65189648158177,France
4.958687175856357,1.9522486465576552,4.32,2,1,51.32847782564586,India
5.766991055030008,5.146286846601967,6.17,3,0,0.0,Germany
2.2968397345762606,1.359131522391321,3.79,2,0,0.0,Brazil
7.132062834828789,1.6980482556856853,5.68,2,1,13.090375443415919,Italy
3.8809081373247567,0.994428847630966,3.84,5,1,24.23663450514019,USA
4.3168364674550945,1.6059326831414462,4.74,3,0,0.0,USA
2.2516472323299856,8.939840212432154,4.42,1,1,67.54720215694762,France
3.117072883728568,8.475163425049344,7.44,5,3,94.23467281630732,USA
9.070205731697243,6.363512393310875,4.72,2,2,108.18379348355785,India
7.387319961331362,8.221081629257226,3.49,6,2,154.55071734438195,France
2.93849984757001,8.321865148324466,4.32,4,0,0.0,India
5.883672262924864,6.143882148110819,3.2,2,1,71.56483033474395,India
2.922206687864705,2.209312093819833,6.3,4,0,0.0,India
3.1749040901232126,1.3047147730875543,4.68,3,1,79.18181120531604,Brazil
1.3164624576363357,7.756417972289434,1.26,3,0,0.0,India
2.1190318296553667,2.1219784456203223,6.21,2,0,0.0,India
5.669483197647795,3.9556401341096596,4.78,4,0,0.0,France
1.4274308953799215,7.702066934766915,4.44,7,0,0.0,Brazil
10.014138736975209,7.172939367123775,6.21,3,0,0.0,Italy
4.330283692347247,8.416618444943465,5.8,2,0,0.0,Italy
6.181228069821869,5.763130165635818,5.43,2,2,63.566256876176155,USA
3.521355352016469,2.61602517790368,4.61,0,0,0.0,Italy
8.731783080201636,7.958485789111253,6.27,2,0,0.0,USA
8.972003671290823,7.314440121403017,3.48,4,0,0.0,India
7.949488937096018,8.22601457105655,5.48,2,1,82.16623816146728,India
3.6924561357185253,6.975053950438221,4.65,7,0,0.0,India
4.0984058297209325,1.8711634038134703,4.84,4,1,7.743662731113009,India
7.344550205515991,7.060762975321667,8.94,1,0,0.0,Italy
4.371320918094707,5.073250709129435,6.83,3,0,0.0,India
5.044914222083814,1.1276175075861183,6.38,2,0,0.0,Brazil
9.729159436766793,5.375144408766552,4.11,0,0,0.0,USA
7.442708268203644,7.8266741118037615,4.27,3,3,227.2111070447371,India
3.4310574361780635,8.010328756116824,4.9,6,0,0.0,India
9.01035911875168,6.589202913185329,7.24,5,1,79.51757390096836,USA
5.1735740842342945,3.46612230669456,7.99,1,1,97.0871257616419,Italy
3.3047546909936325,9.438680066059334,5.9,4,0,0.0,USA
2.554709868353992,8.590049794800278,5.93,7,0,0.0,France
2.6704833347187593,9.41833698501286,5.88,10,0,0.0,Italy
4.742796226751339,0.34087438205937337,4.96,3,1,52.274364570815614,Italy
4.177796881930945,10.0730146580822,3.62,3,1,17.829052247268514,USA
0.49581037552612717,9.150821459281058,6.75,2,0,0.0,Italy
8.557752790677391,6.740593419899436,4.53,3,0,0.0,Brazil
6.030851194229502,0.6171993390807682,5.11,1,1,10.70391576591792,Brazil
4.807448942029092,3.135429281446399,6.12,2,1,64.78016521071729,USA
3.5943493505540483,1.9469088906708798,5.94,6,1,19.775748941893937,Italy
4.264245175510761,0.6683527935077826,3.17,1,1,51.6172788453808,India
4.638050077384001,2.113151780262086,2.6,4,1,47.37171395095873,India
7.257616937136488,8.895331498708323,4.38,3,2,56.75876494267944,Italy
9.392262440478252,8.052892710628454,6.47,5,0,0.0,USA
7.644179608622884,8.850831139693302,2.72,1,1,78.64015138895255,Germany
2.0218923860077553,10.086215993410118,3.31,3,0,0.0,India
4.181001991203105,0.9555849067273563,4.74,3,1,49.97508958404727,Italy
5.371776905462482,3.2276883863219217,8.43,4,1,46.83543748185654,Brazil
7.03882890273791,5.867166708606165,3.14,4,0,0.0,Italy
0.44769404641635235,10.222652358791464,4.38,3,1,26.793675519645266,Italy
7.116363468503835,8.745416004203046,4.07,4,3,20.044498814213043,Italy
5.634230356043525,2.8754410838841844,5.95,7,0,0.0,Germany
3.033717889332524,9.503660689426239,4.46,4,2,35.11482148472063,USA
0.638232447680968,9.403900305569225,2.06,6,1,30.208010273915434,France
0.3392610349722074,7.590603491314399,5.3,5,3,91.49294902749389,Italy
4.446269325192593,2.717756082413862,3.3,3,0,0.0,France
3.1165520562649616,8.937065082975275,4.21,2,1,93.58138930959662,Germany
4.424091709899882,0.795408225949374,6.98,3,2,103.84349804234172,Italy
1.6856298949860702,1.3314425402886028,2.82,4,1,79.34275999191912,India
8.834553900080804,7.567763968359275,6.66,3,1,83.3737254793171,France
4.964660430338216,2.4531094250890106,4.68,7,0,0.0,India
10.632771341724911,6.202243324016918,1.36,2,0,0.0,France
3.3863728238563398,1.7582148458617808,3.92,4,1,47.80581619427815,USA
8.752850506287713,7.134464994646328,5.3,4,1,49.258867521101735,USA
6.313242782380625,1.3837172840020135,4.56,4,1,20.458501424022646,USA
2.439145459939569,10.176164430806512,4.81,3,0,0.0,France
9.101176822796383,8.797260493574871,5.32,4,2,182.36991147216293,India
9.807606954980375,8.1675121676179,5.9,3,0,0.0,India
5.232208383241445,2.0724834988920815,7.37,4,3,237.41537041831555,Italy
4.419150079269735,0.6404912429155283,5.47,3,2,39.79589064759399,USA
3.869053764032669,9.760539694225542,6.41,1,0,0.0,USA
4.510205784199501,0.4366389935586936,6.5,1,1,91.7265136179078,Brazil
2.755260111182699,8.17103953288213,1.72,6,1,43.44636810616241,Brazil
3.1329665837485554,10.928317482065108,4.86,2,2,49.743240938036834,France
0.8454647909092767,9.319529254729675,5.43,1,0,0.0,USA
6.88300154048622,8.811657542738905,9.05,3,1,42.80343310639463,USA
0.8314968089763095,8.460697886490326,8.03,2,0,0.0,Italy
8.076142239302204,9.310231969003302,1.0,1,1,72.97353291462298,Germany
7.930467118931519,7.340937164496935,4.28,2,2,149.6148096479019,India
4.101900307406146,2.4396142807809933,1.0,3,0,0.0,Germany
2.2751731686996024,8.765757510123873,3.64,4,0,0.0,Italy
2.4416694183648264,7.589537941984865,4.25,1,1,87.51130644412756,Italy
0.6050610334797433,10.640245043560384,6.7,2,2,172.208838302877,Brazil
8.344333872768837,5.747153428469809,5.03,5,1,75.26101147678999,Germany
3.0755922142674734,9.845902914378724,4.47,3,1,78.80735446208497,India
6.510709988243024,6.8684578855907015,2.31,3,1,63.530026960325884,USA
4.081083017343144,1.6610977518879992,5.0,3,1,6.9588879560715515,India
7.8799950419508695,6.040966222493416,5.24,2,0,0.0,Germany
6.252857006821156,2.702406633251485,5.32,3,0,0.0,Italy
8.735111496870093,6.6113218906480755,3.27,1,1,37.3512441408895,Brazil
6.741868785977233,7.321487096570576,7.65,1,0,0.0,Italy
1.921805923246738,10.428473416529412,5.52,0,0,0.0,Italy
4.446173456423139,2.513457627976427,1.1,5,0,0.0,USA
3.8395434300627977,1.4741824279616202,5.36,5,2,199.7374764477896,USA
5.090374560006136,1.7114113937196374,6.43,4,1,33.53376647399446,Italy
7.285656345563986,6.34292977873421,3.4,3,0,0.0,USA
5.03445882171232,1.5474140792891415,5.01,1,1,52.51468892488095,Italy
8.930679599005124,6.570040769400796,4.24,6,0,0.0,Italy
3.625722063001409,10.25009774820526,3.62,3,0,0.0,USA
8.505706971854972,7.42526012133863,3.65,2,1,66.78865736315555,USA
3.053580347577933,9.125208717908187,8.16,2,1,91.28373550941122,Germany
2.8088742710595374,8.964081511156577,4.85,1,1,24.094182674463934,Brazil
4.1760244067221555,0.8749833001625822,2.19,7,2,65.74473067047202,Italy
3.2926249186467524,1.0743698736968943,2.4,4,1,95.83835564496587,USA
8.836209335618538,7.108828368111866,7.02,3,0,0.0,India
3.5511854257517594,2.5346423137668648,8.67,2,0,0.0,Brazil
7.028356778968663,6.399498378027352,6.05,3,0,0.0,France
3.7059862694790615,9.907983817587432,2.83,1,1,25.299911636226074,Brazil
4.33468999074735,3.0200814784288714,3.48,4,2,78.09984789154704,USA
8.574644984126579,6.51279020542675,3.63,4,1,97.49392100247046,India
10.403182181591472,8.089166021981399,8.45,1,1,47.4468407011345,Germany
8.459204123566773,6.790821827943725,2.81,2,2,85.85329198299213,India
1.7496827355666422,8.722527495939785,4.22,2,0,0.0,USA
4.477816734191277,3.168347095452148,3.37,3,3,121.10846200244798,Italy
4.791281884179834,2.2716214979221716,1.0,3,0,0.0,France
2.442206905827878,9.530225345902421,7.35,1,0,0.0,USA
2.4333930648590236,8.33712441668621,5.37,2,0,0.0,France
4.341726310028201,1.2811044852760403,5.84,4,3,203.22893901070987,India
4.05547785963207,4.425539596809456,4.22,2,0,0.0,India
1.0435488541311961,8.788509827711787,2.76,3,3,56.66087606090453,India
9.238091333358735,5.601235828575572,4.61,2,0,0.0,France
3.934768316062141,0.623564428228804,5.37,5,0,0.0,USA
2.851885217133099,8.64284526220253,4.16,2,2,83.18141126736889,USA
5.504127220926738,0.7343741714404453,4.99,2,2,41.400375748063496,USA
2.7549406871386943,8.741562558450651,1.0,4,0,0.0,India
8.139894974573036,5.669487415238001,2.62,3,0,0.0,Italy
9.898183961719063,5.301164500557971,7.38,0,0,0.0,Italy
0.6358998468352046,10.094334193912971,1.44,0,0,0.0,Germany
4.0415995020302535,1.1044021393678223,4.46,2,0,0.0,India
4.805118886293027,1.9856915482705184,4.35,5,1,71.69050698216968,USA
2.161636009249198,9.100983827612717,4.69,4,0,0.0,USA
2.8222556535759047,9.013577533621676,4.33,4,3,121.47320519288976,Brazil
9.689442543470397,6.101297195906749,8.29,3,3,106.1040414497057,Germany
4.677420677714923,3.0649750230153776,1.68,7,0,0.0,France
2.342745414839694,9.506737392206471,4.69,6,1,46.317113405840175,India
5.107829258359953,0.8028889775439572,1.8,2,2,176.75998367359273,USA
10.218717603360078,6.516245145488332,7.8,4,1,13.65325914760588,USA
7.349882907417627,5.3815632326060925,6.8,5,2,26.296647208836415,Brazil
8.68257584880473,7.223476604395037,1.87,3,0,0.0,Italy
12.174229306105106,8.60741169876897,8.76,5,1,99.77813136872592,Italy
6.7381482382165965,7.005902220934276,5.87,2,2,110.53182665072491,USA
5.846414559682404,2.2422223769564393,9.04,5,0,0.0,Italy
2.370552439342666,7.928159829016912,2.66,6,2,99.51275099101515,Brazil
3.8605035109679844,1.321281101409351,2.09,2,0,0.0,USA
1.42914156391344,9.957074642338398,4.36,4,1,56.36354758497361,USA
3.5743112861281228,8.709061423843654,8.13,4,2,86.19768907607327,India
5.842621866782111,7.155591908454969,7.26,2,1,74.57621594998598,France
3.142646441743928,2.6996813062767924,2.38,5,1,12.876505778927015,Brazil
3.2516818555911344,8.528980292830454,2.54,4,0,0.0,India
6.673435167534553,8.640874220150714,5.31,2,2,161.39289772734404,India
9.896478749106697,7.714392823300663,7.19,7,0,0.0,Brazil
2.3339108441188263,7.677560689322391,4.44,6,1,7.389474330066687,Italy
5.599275170314135,5.338652398443693,6.35,3,1,15.660291492664163,USA
5.094583232644876,1.9070037493942973,3.6,7,1,68.44862441449516,France
6.1568504172184975,6.691497251300935,3.37,3,1,78.97359076868914,Italy
5.266313508682046,1.8932612312781822,6.19,2,1,15.611892008881217,Italy
1.3848442631822475,8.680208897218382,4.65,3,0,0.0,France
8.056898837170483,6.8983299622258185,6.72,3,0,0.0,France
5.668647827651582,2.47485472910952,7.95,2,1,46.6427141704203,Germany
7.618896673681238,6.647158412463098,3.47,7,1,10.757494984590434,India
4.797513394669045,2.1681247763529194,7.63,3,1,86.57417777061971,USA
9.930447666358408,5.850377038852173,3.85,0,0,0.0,Italy
6.05268113020847,5.654005007941878,1.0,2,2,111.19711426841593,France
3.320198486681595,7.900239678036328,3.75,1,1,87.66974414914836,Germany
10.534785911082482,6.0247193614468415,7.84,4,0,0.0,Germany
7.309226749962763,8.44104346427331,1.09,0,0,0.0,Italy
3.55610860573469,9.550938880725608,5.5,4,1,55.801796519537945,Italy
7.392601435119082,7.323631193113061,4.29,1,0,0.0,Germany
8.302673705283537,6.221438350722638,5.74,4,1,83.6528278766687,Brazil
6.633279238202771,7.588295754635529,4.27,9,2,72.6723059896517,India
3.8289849000278515,2.339983727226174,4.69,5,2,12.257801626804781,USA
2.8931688950051018,9.264486334450016,1.14,1,1,10.992815190323869,France
2.0510295082640515,8.034564903481515,3.63,5,0,0.0,Germany
2.9188842156822474,9.726608287778484,1.34,1,0,0.0,India
4.460627810871189,1.8631641852396805,4.74,1,1,89.06048031208186,France
4.143667031767782,6.311339897936498,8.21,3,1,44.5710134279765,Brazil
5.750464963121823,7.989898486864032,6.66,9,0,0.0,USA
8.238211301391503,7.302104620546366,3.28,5,1,55.02088975843165,India
7.83894681024322,7.199394540680999,6.51,2,0,0.0,Brazil
5.2631055366375215,7.5394337280531145,4.37,3,2,31.065767491225355,France
6.695616722171824,8.763120842928839,5.7,2,1,40.31559357888311,Germany
2.1772172924837356,9.204785807977387,3.41,4,0,0.0,India
7.638091114082135,7.859525331491101,7.86,2,0,0.0,USA
5.460111234534086,2.790475887679058,8.04,1,0,0.0,Germany
8.819550033248063,7.596316301784682,4.1,1,1,15.121486570273008,France
7.653343309035694,9.14083373522431,7.4,2,1,21.528984404165318,Germany
4.235721676748799,1.974964556818839,8.51,3,0,0.0,Brazil
9.654511928512125,7.475656634362819,8.74,3,0,0.0,Italy
8.424226918056894,5.727858941403198,5.33,0,0,0.0,Brazil
2.7581617715318236,9.985857079152677,3.59,1,1,61.03873785805528,Brazil
2.4449176039572875,7.936541350269016,2.73,5,0,0.0,Brazil
8.15422276570127,7.45810620031095,7.7,6,0,0.0,France
5.49703722465139,3.497808280423488,7.48,5,1,56.40518756658096,Italy
2.42636505253465,8.286114227228506,3.93,1,0,0.0,Brazil
2.992759106899287,8.402119211043502,7.87,4,1,19.70888316706131,Italy
4.777957244645648,0.08704097998970584,5.88,3,2,48.32932769529754,Germany
7.184692540606152,6.7887721109077885,4.53,5,1,5.211489470958506,France
9.103850618069359,6.41818674798385,2.44,4,2,165.62404020220794,Italy
2.9811294888421838,10.103236725165688,4.3,6,1,12.911149586032682,USA
3.483323619160765,3.2544083374637123,3.86,2,0,0.0,Italy
9.977110693612223,6.669625821266739,6.77,5,0,0.0,India
9.0486555295015,6.356268177517637,4.21,2,0,0.0,India
6.358832885458518,7.372994505659665,1.83,2,0,0.0,France
9.60048621966223,5.014318894089854,3.68,3,1,21.18465457231524,Italy
2.3126764533512802,9.723289885786834,6.32,3,0,0.0,India
5.81107763269597,6.968680660544736,4.27,2,2,141.53676275488476,France
5.043178440394925,0.14751168827612404,6.42,3,1,84.56434670552085,Germany
7.021592367960647,2.800405791598155,5.48,2,2,174.50316698430896,Italy
6.7458666170970405,5.8183248263176255,3.53,0,0,0.0,Italy
3.853306744670251,2.3055420171647167,6.09,4,0,0.0,Germany
4.50179650156662,2.5643058018646645,6.85,8,3,176.17398651955295,India
7.912523115039951,7.241610619773095,3.87,6,0,0.0,Italy
3.5734176298700993,9.004441319547938,3.99,3,3,264.76291651307525,Italy
5.806260608706298,6.010537074622525,6.1,1,0,0.0,India
4.137010082557145,3.1520356209776708,6.72,6,0,0.0,USA
1.7977870435872552,12.127196329242162,3.42,5,0,0.0,Brazil
8.105851227397912,6.81274572359423,6.45,5,0,0.0,Italy
1.8568914714425198,7.382951017781249,5.13,2,2,117.3037656558353,Italy
9.678125163984712,6.812417703169918,2.58,2,1,47.71830786330447,Brazil
4.80321351690564,3.4348867001978505,6.39,3,2,162.6055439678254,France
10.616303291338362,7.099356586007774,4.11,4,2,32.66123445883099,Brazil
6.412915164832118,7.244400693114194,3.61,4,3,151.07320020223105,Germany
6.846791382049964,5.344478614464915,8.72,4,2,190.88732030498414,Italy
6.859613386149659,6.126465311642483,5.1,0,0,0.0,Brazil
2.34870799907927,11.226817167595563,4.45,1,1,21.99961237502335,Brazil
4.863805710174708,0.026644397581867763,3.42,7,0,0.0,France
8.248057445560688,7.22125656528111,1.25,4,1,96.32713013864671,Brazil
7.839465596307796,4.411972996178054,3.31,3,0,0.0,Brazil
8.811986467888575,7.51200190658819,3.27,3,1,55.908040970395994,USA
5.7151003774100175,3.020446092500195,4.53,4,3,215.17329470466535,Germany
5.0134125196398704,3.428604167856057,4.59,1,0,0.0,Germany
2.759590425659317,0.947950598203299,1.0,3,3,262.12673688098715,Brazil
1.668463140923201,9.222088635551636,1.87,2,0,0.0,France
1.6469741111657732,7.598059072405676,3.79,4,0,0.0,Germany
8.03501171389818,5.677281566392452,6.2,4,2,53.941277128141834,Brazil
10.274979548815256,7.874583039714636,7.31,1,1,78.9980597052844,Brazil
1.8302663329934719,8.877290638755863,1.71,4,1,40.09190033578889,Germany
4.610635579491817,6.691655996846664,4.77,2,0,0.0,USA
7.299474186982499,6.8583965747911035,7.33,1,1,13.655800278607503,France
4.619318278877595,2.262353357059457,3.41,4,1,63.40170188169038,Germany
8.612485922598703,5.97197546123447,4.28,1,1,30.443207000598267,India
7.597362157897479,7.643345978112769,1.97,1,1,55.84917014317016,France
7.314820523349063,7.754885817530314,4.32,1,1,76.88615212607327,India
7.859291931168493,6.680368918297591,7.08,4,2,36.014700294784376,France
8.804776159817768,6.020520993683899,5.04,2,2,83.86062544683158,Germany
1.770387142165247,9.629653612211374,2.52,2,2,11.91113170349676,Brazil
3.8136671235576034,9.68395867702836,5.09,2,0,0.0,Germany
9.629795399148865,6.141628941126713,5.07,1,1,44.61438163680781,Germany
6.653389102483849,5.762175770548795,4.55,2,1,73.06779953653758,Italy
10.03549434932624,8.996512618343656,3.5,2,2,191.26852087237728,Italy
8.058318322947525,6.5280709803178265,4.88,7,0,0.0,Germany
2.6974589581390567,10.207399074049349,4.55,1,1,98.8418989663057,India
7.651200504227985,6.209678538097686,4.49,3,0,0.0,France
2.860611858766483,10.57769948703043,3.46,2,1,94.27201656682838,USA
4.890507068331403,2.7817406908308486,5.28,1,1,67.44671214368715,France
8.413742660588865,7.001935231072996,5.49,2,1,58.4332968671983,Brazil
5.651055109089272,4.677866319903034,1.86,3,3,290.1260614928744,USA
2.5919126469492433,9.257377855859021,5.59,0,0,0.0,Brazil
3.8868669910098412,8.0764610882832,4.47,1,0,0.0,India
3.3245732513688715,7.9480511962990965,7.24,6,1,50.06796416569209,France
2.079856800251016,9.393925776584288,5.76,3,0,0.0,Italy
3.9997243793934896,3.4569135941444387,3.81,5,1,38.14684001472944,India
3.0574664179778273,9.84762003997863,2.81,2,2,100.46896735183235,India
2.387085441496762,2.309137857381309,6.04,4,2,70.4328689734496,USA
7.232637648815167,6.448199347907658,5.93,3,2,29.478557729145905,USA
6.375533359207328,6.726460463979327,7.16,4,3,121.76731207146696,Germany
3.4977887302036677,7.91069681098255,3.03,4,2,48.44919643611732,Germany
3.7802653223496474,1.0826008733497177,6.36,2,1,65.68265447177393,Brazil
5.938008177599779,6.803591531032235,3.05,1,1,69.91278732858383,USA
6.559699329306497,6.990474352567807,5.86,2,1,58.6525272486318,France
5.275761123883404,6.200728220264041,5.64,4,0,0.0,India
0.41335412124359117,10.608728519947519,6.05,4,2,172.1023127099885,Brazil
2.1087162365464214,9.145351314414171,7.49,2,0,0.0,France
8.609849317296757,7.656883502463007,3.89,8,0,0.0,USA
6.075449829391725,0.14476380309876902,6.32,4,1,64.1444951384733,India
5.95653989870114,6.42933917608968,6.77,5,1,38.39225698018562,USA
3.5100289790095416,1.1493328142995778,6.04,3,0,0.0,France
2.189672952269795,10.667903396690606,4.27,5,3,40.661071661966915,Brazil
6.358411399962545,8.964441214618747,5.67,4,1,23.382487591887475,Germany
3.177542817899552,8.953210456845946,5.77,2,0,0.0,Germany
4.319971558225188,3.3640032321173754,5.56,5,1,23.391157949969067,Brazil
6.313888686697319,6.844266298417898,4.83,6,2,29.668222653519404,India
10.09733048360416,7.28191542012831,4.78,4,0,0.0,Germany
6.19373673471335,7.142343162658802,7.43,4,0,0.0,Italy
8.046449960685337,8.895118032783037,4.53,2,1,82.51108688432937,Brazil
5.9299268068734,6.605641257639382,5.64,3,1,8.59776359276679,USA
0.4466727038096052,7.946753213944048,2.06,3,1,10.0892610810638,India
8.469412627806816,7.386630036990727,4.63,1,1,68.8409290784815,Italy
9.510303909989506,8.244711953323263,3.09,4,0,0.0,Brazil
3.8735262269630852,1.8943812838604321,6.46,4,0,0.0,USA
7.0805008571340595,6.75312617590196,4.35,2,0,0.0,USA
4.065796259140832,1.6920441990526456,6.3,0,0,0.0,India
0.06416218019711017,9.07350456221281,5.24,5,2,14.699672028655456,India
3.035077298947954,9.192036234466354,1.75,4,0,0.0,Brazil
4.424682512667921,3.1165677910902847,4.56,3,0,0.0,India
6.400116628209966,6.340454818930876,3.71,2,2,146.22947849077363,Brazil
4.724397312043429,1.259585014033556,6.3,5,2,138.96000396626684,India
8.71577259968524,6.807888881418376,4.07,4,0,0.0,India
1.68713746305826,10.911079110852269,1.33,5,2,187.82454430616878,India
1.7592973836290398,9.293553966414848,4.73,4,0,0.0,USA
2.6882909080689066,9.410105909294245,7.25,5,0,0.0,Germany
7.195591142503968,9.100098680832323,2.67,2,1,61.32170497164922,Germany
7.878266881934488,7.623319087071633,5.56,1,0,0.0,USA
6.782761158675394,5.034709912025567,3.01,0,0,0.0,USA
4.257426438558811,0.0027936159508876734,7.61,1,1,83.19802172659182,USA
3.109599700298314,1.8507336941933346,4.94,2,2,169.78597604780708,India
1.9230318226599667,8.601872309981841,7.41,2,1,74.45316596646249,Germany
6.313569732319203,7.3635935016797625,4.34,3,1,95.29325504345711,Germany
4.484456403700341,0.8174621090238168,10.02,3,0,0.0,Brazil
5.992679371124827,1.5065956127379554,1.0,7,2,16.69236030515472,Italy
2.0151337040772304,6.159659465293931,5.55,3,0,0.0,France
6.591477149611015,6.521261520597028,5.85,2,1,97.26731861844193,Italy
9.398885101730379,9.01769867368976,5.64,1,1,28.561103663302436,Brazil
2.778086313607581,7.907760219456652,5.95,1,0,0.0,USA
8.38490636731271,6.478570957556742,2.59,5,1,60.86041073538588,Germany
7.537585318816781,8.191021600348106,4.09,1,1,17.58095662968485,USA
8.39268425214591,7.944779009702232,1.77,0,0,0.0,France
4.981094678720135,3.47344429294172,1.0,4,1,6.350150193334927,USA
8.447042799515136,6.668919894569715,5.48,2,0,0.0,Germany
7.538100786412526,6.706186081300794,6.65,3,3,148.41917178532483,France
1.3501235580968525,8.67803138951725,3.09,7,2,65.14155867599837,Italy
7.969140599424725,8.314690454180296,5.06,1,1,49.890777005308635,USA
7.250325106367452,6.267697940360572,7.26,3,2,154.02715917794154,USA
2.9792397708122516,9.28016435785037,6.57,2,2,22.61466703130273,Germany
9.361780186470467,8.616670990519975,4.02,1,1,61.75538561065059,Germany
4.149266602201449,1.6904103563113637,7.04,4,0,0.0,Germany
2.120619018521786,11.507285645631113,5.08,5,0,0.0,USA
8.304264800319059,7.240932590082191,2.76,3,2,157.1803243007075,USA
7.7181983503049665,7.516202845348175,6.23,3,0,0.0,USA
2.573886228085269,9.087160226213838,2.98,0,0,0.0,India
8.227887757319161,6.99412645953616,7.58,4,0,0.0,Germany
8.184463251993632,5.972725492888019,3.22,1,1,46.04614147151818,France
5.61704978418712,6.937612562070863,6.13,1,0,0.0,India
7.027805724649499,7.766774627960322,5.17,1,1,99.66981581996373,Germany
8.395574435326905,7.365440955737329,3.51,4,0,0.0,France
5.738731214000996,8.243977526905288,4.25,2,2,35.22440981118114,Germany
8.661030543488701,7.322451781961289,5.43,2,1,61.98971362886449,India
7.827956906445678,7.664393706844984,2.55,1,1,44.13716798679805,USA
8.737523886176236,8.97819123136541,4.23,1,1,26.698773478111534,France
4.762121840775167,1.5542062384194972,3.18,2,1,22.564494025887512,Germany
4.795203835427503,2.371316949063269,4.59,3,1,54.686953139678465,USA
8.286319446320231,7.8928245833880855,5.96,5,2,106.86534846906318,Germany
8.662914114809599,7.6705891876989805,3.86,2,0,0.0,Brazil
8.83005326229369,6.551287894157161,10.0,6,0,0.0,India
2.52771075904514,8.725627489278184,4.73,1,1,97.10907978535447,Germany
2.8244942783388747,8.073263427531943,2.49,2,1,94.83064427585373,USA
0.8092402484763697,10.085829280433208,1.31,3,1,51.58328239585648,France
4.69293814916072,2.8384594400759817,5.42,4,1,39.36655310206071,Brazil
1.3032031065059342,9.791693480962833,11.4,5,3,214.7364903341774,Brazil
2.9726153158652124,8.548556374628065,7.32,3,1,29.704317717109202,Germany
7.715822041855441,7.145937958922939,3.76,2,1,67.486695669341,USA
2.335855958682342,9.258239326106821,4.67,7,0,0.0,France
1.3224630028754192,10.4506215339043,4.77,5,3,192.60654290026545,India
8.764586970429466,8.326244330676017,5.21,4,0,0.0,Germany
4.263895256876236,1.4120805529597347,7.08,7,1,86.33885495511417,India
8.054354613643396,7.034521696897486,4.28,5,1,53.15236341845025,Brazil
3.146369057974958,0.15077789875993286,4.82,2,1,55.65686994983292,India
2.730451246638522,8.7374728283094,9.72,3,2,152.9151121337971,Italy
4.238669629683423,2.6827691633242985,1.0,5,0,0.0,Italy
6.368951053292463,5.941200761236389,6.03,5,2,155.39229073336878,Brazil
4.403341452859566,0.6616205460420503,3.32,1,1,90.5404249577016,USA
10.016455651986064,6.4391427001364985,4.36,2,0,0.0,Brazil
9.897185765494005,5.142347677833026,4.59,2,1,68.48106387108501,India
8.832542641809356,7.4136333447297895,2.51,2,0,0.0,France
4.75435489504688,1.864641841375884,6.59,4,0,0.0,Germany
8.965835735545163,6.879596421063812,4.48,3,3,299.10378383133786,Italy
1.921341734915015,9.63402491290119,4.18,2,0,0.0,India
3.2903540011838643,8.75448598743081,7.95,3,3,44.65447694121871,Brazil
7.046112775432816,7.851299462413938,1.24,3,2,54.16479504192437,Brazil
7.78501747699414,9.453627181819662,6.26,5,1,89.92632290290497,USA
6.4151597214277105,5.729972789596331,7.77,2,1,52.45225030705035,Italy
2.734053604860829,8.364283547374862,6.92,4,0,0.0,Italy
10.841276170501203,6.906731264360362,5.83,3,3,95.10888249981699,India
5.462229307123855,1.136189329501145,9.06,3,1,54.85483594385105,India
6.054925450365173,6.294296609721291,4.28,4,2,103.81353293622853,Germany
4.6735978911291545,2.24176326498503,8.15,4,0,0.0,USA
0.5857518282277969,8.239671158179739,3.95,4,2,87.52655807533957,USA
8.040817449757887,7.1049645771602865,3.85,5,1,67.64907368985001,India
6.028543356330584,2.115547596451198,2.91,3,0,0.0,Brazil
11.077650423200236,8.867856402469938,6.32,2,2,28.44984519054893,Italy
7.8876404143219485,7.649271911918097,6.46,5,1,46.83917488635384,India
6.60142259513029,6.724530124045308,3.84,2,2,55.03224493152138,Germany
7.7458023419575905,7.922963930804962,6.73,5,2,140.45195715548297,India
4.083100063384735,2.0058085206316036,4.61,3,0,0.0,Brazil
4.3943132666175835,6.743984959200103,4.97,7,1,89.23472817452434,France
8.809175844310998,6.298628016117837,3.17,2,0,0.0,Italy
3.2472547067141417,9.195537290800372,6.48,3,2,69.37779143252911,India
8.599770225094206,6.890091277858558,1.65,3,2,100.67236647109289,India
6.884668061374799,7.323328285703642,3.37,3,1,58.80653666821563,USA
8.774278911618309,6.416793950148609,4.03,6,1,43.47622648440189,France
4.152245415273138,0.5369158190126142,4.89,6,1,22.763232483677115,USA
10.340752354279562,7.260774389929552,4.47,6,0,0.0,USA
2.3444367818162335,9.06517383005434,5.53,2,0,0.0,France
9.105267443775636,8.999544374258633,8.72,4,0,0.0,France
8.51448849030856,6.326994498880143,6.36,5,2,92.6153905977004,Germany
8.27560789655393,6.345448652835151,6.0,3,0,0.0,Germany
6.224072832862817,5.074440715159682,8.38,2,2,185.69823421358862,Brazil
4.008476280661543,2.0256960521560483,5.96,2,1,67.13972232928873,Brazil
4.1821942745490235,3.0198823977164957,2.7,3,0,0.0,USA
4.830102058072995,1.5935451872638982,5.98,2,0,0.0,USA
2.609351699532703,8.810612378021355,3.59,4,3,167.02417330841763,India
4.395850484056967,2.2678889368430335,6.57,4,0,0.0,Italy
2.961503942301827,6.590406801569365,6.06,4,1,99.12888094081326,Germany
9.290752021445051,6.556015878824892,5.7,2,0,0.0,Germany
3.8885333666247313,3.4932614249318332,3.1,2,2,149.22771081740348,India
5.907696847710636,6.736680656238622,10.17,4,0,0.0,Brazil
0.8954863539941031,9.467820429712301,4.48,5,0,0.0,Brazil
3.397632302678872,0.8475825699087629,5.91,1,1,67.91346746836578,USA
3.267799648958487,3.153111813979196,1.99,4,0,0.0,France
6.94140325342183,6.716681772889816,4.0,2,0,0.0,USA
3.779196220446626,9.68312625874454,8.21,4,2,60.84993892752978,France
5.7294154193047415,4.3385774559407055,7.03,2,2,69.8641055285878,France
4.6170583828159515,7.384825055111098,1.25,1,0,0.0,Brazil
9.114538137836336,8.735069620991139,3.54,1,1,82.94031220616114,Germany
1.6277900941291792,9.735421490743903,7.15,7,2,73.54503526780815,Brazil
4.5276854874413885,9.159349874157703,8.83,2,2,102.7985196063432,USA
1.5680157566327804,9.206183864071358,5.05,7,0,0.0,India
7.917422664169454,5.403365922487656,6.88,1,0,0.0,Brazil
5.457345962926474,1.0597111043085092,6.89,3,0,0.0,India
9.693860426541626,8.50306118310644,4.36,0,0,0.0,India
8.713890158729066,7.420213618385523,5.26,1,0,0.0,Italy
3.0980644497914462,8.177023697148622,2.72,3,0,0.0,India
6.404792641778872,4.765378551850693,7.23,3,1,34.33758243776748,France
8.882926428631233,6.6175377499997925,7.3,3,0,0.0,India
8.883513285061172,8.326102729770298,4.37,1,1,97.31435139707565,India
2.204566504445213,2.6573328925496864,3.93,2,2,90.4639795251774,Germany
8.859221467003799,7.293548395652457,5.0,4,2,176.87718652904073,Germany
2.5367125281033864,10.786537724868065,4.08,1,1,8.731408199213249,India
10.064888336537976,7.137717305398925,2.54,7,0,0.0,USA
7.324106721028975,7.726072625905198,3.59,5,2,49.42843637055057,Italy
1.8637134419116748,11.177540851503782,6.59,0,0,0.0,India
3.460108352739982,9.332807132997196,4.69,5,2,173.4961373853344,Italy
4.644871837031445,12.152034661858316,4.47,4,3,109.2602367078585,India
2.096266168777126,8.450561575394346,4.88,5,0,0.0,Italy
5.098227474550413,6.313501760440857,5.12,5,1,32.46186975377915,India
3.73137632471591,2.577277139379776,2.81,2,0,0.0,India
2.237618785857377,7.737537552378012,2.57,3,2,135.8723457868586,Italy
6.782885890813011,1.5034052196035952,5.17,3,1,35.51467830454942,USA
8.769566005791228,8.377706080136011,4.1,2,2,44.42016425353665,Germany
7.225854011911997,2.392220418694192,2.36,4,2,171.1272226042314,Germany
5.140796165313959,0.9908454116639561,5.45,4,2,147.27403412372527,Italy
8.926587986771052,7.119763402004283,3.79,2,0,0.0,France
3.0734452217101387,9.198837431395358,8.34,3,0,0.0,Germany
3.8347836551975925,2.1616454449588347,4.93,4,1,73.92820217474421,USA
3.415491562870147,1.0803963766645812,6.67,5,0,0.0,India
1.640041558663477,9.901576965465063,5.59,1,1,85.03570103752796,Italy
1.8686546879779766,9.137364329854503,6.46,6,0,0.0,Brazil
9.427506806333657,6.443849102084067,7.38,3,1,24.54447104586908,France
8.179507511946547,7.094642752340762,6.39,4,2,128.582536253282,France
3.595508989863386,6.096805356187233,5.36,1,0,0.0,India
4.31525916183016,2.2109014118467183,5.45,6,2,146.1028852925184,Brazil
1.2563549886252665,8.566061511898171,2.48,5,1,23.67012163566663,Italy
9.336791839176854,7.520374841973523,5.02,1,1,50.90440659563664,Germany
8.803102450288199,8.239901742862033,4.96,1,1,9.620255559949733,USA
5.594710406276187,7.353992463061665,3.92,2,1,36.97710946534009,USA
6.768403856310412,7.207435168348343,5.4,2,0,0.0,Germany
5.070741255243139,0.6974870239450004,4.97,4,2,89.64825623165953,USA
2.036159340892535,8.368714056162926,1.88,5,0,0.0,USA
3.5258807516292476,8.770205654524121,6.0,0,0,0.0,India
9.14219118611714,7.105867794360587,5.69,2,2,44.536481539430824,India
10.094483031143398,7.278978051253914,2.11,3,1,96.0025774922849,Brazil
8.698678206453817,5.011582405202856,5.9,6,0,0.0,Germany
5.585874035285309,8.449208617969171,4.89,1,1,58.00052662261566,Italy
2.384087505133354,2.404179376070809,3.06,4,0,0.0,Brazil
7.670251182424223,7.162421635200876,6.35,1,0,0.0,USA
7.446440508953609,6.0691958206602505,6.91,3,0,0.0,USA
1.373577475869806,7.9079926157866876,10.62,1,1,78.20004345233914,India
4.582042223850507,3.100957711052378,2.94,6,1,31.284784029126367,France
7.856052730882869,5.904773858387187,3.68,1,1,79.10089439291977,India
3.9837816002224598,3.2424253558393525,3.89,2,0,0.0,Germany
4.681166291815541,3.010328582598975,8.73,3,0,0.0,India
4.747638891680644,1.723275948128686,4.89,3,3,51.6907482814018,India
9.558716115436482,6.768122516056365,4.15,2,1,14.991731137204434,France
6.177744939091976,5.541590084694675,5.78,7,0,0.0,Germany
3.5768180524353443,8.871906643177027,4.56,3,1,92.63085415915694,Brazil
8.662785512800863,8.199027965343113,4.27,5,2,185.55723649387772,Germany
6.9091347897703415,5.416673939014952,3.75,2,2,187.8174096326521,India
6.840732674915026,6.6687289386299815,6.63,4,0,0.0,India
6.552716326912095,6.98151742299781,4.41,1,1,38.74759173041773,USA
4.858217586670262,2.941101632705722,7.46,2,2,71.22591297228325,India
6.552566970584897,0.6483239030079919,9.6,2,0,0.0,India
4.48742287242756,9.061221030258691,4.63,6,1,49.51956786488315,Italy
5.497777661519445,2.5267392150085253,6.72,4,0,0.0,France
7.169806585480053,0.979576680009284,5.55,2,0,0.0,France
5.6908209499581135,7.5451555112790585,4.17,0,0,0.0,USA
7.894543761950354,7.479412381899672,4.23,3,0,0.0,Germany
6.980323063968447,7.826423416023743,1.84,5,2,44.811958772347225,USA
8.32056994092717,6.6505356963334465,3.01,3,0,0.0,USA
8.01503276228068,8.58447460097963,2.57,2,0,0.0,USA
1.5472104339809092,8.777274158185694,5.04,5,1,47.349011652607885,Germany
2.070721884243023,9.03390278589231,4.43,1,1,25.91703164392113,Brazil
3.0558777076400157,8.742631017872268,7.74,5,1,73.06730882211855,Germany
6.255751326350415,1.0082763837543478,1.18,0,0,0.0,France
9.329590784297332,7.623043334914864,5.53,3,0,0.0,France
8.490629959036438,7.800007763722101,6.52,3,0,0.0,USA
4.294895674271034,2.200198544329677,4.63,4,0,0.0,USA
9.993823798764774,4.75337536691835,4.97,2,2,150.07336459602584,Germany
7.42264913753706,7.577051053414043,5.28,3,1,8.611339873474998,Italy
4.297573992778952,2.875260995529,7.52,0,0,0.0,Brazil
3.6099065614511656,2.019248905573883,5.96,3,0,0.0,Brazil
7.115498655684947,5.831315153604706,6.64,2,1,16.10192137712926,Brazil
1.3631700480393352,6.176779686800943,8.44,2,1,53.13608196924319,Germany
1.9960918248766675,8.754739450614405,4.32,2,2,77.01509231864951,USA
2.222423510670164,8.867080849512725,5.58,3,0,0.0,India
3.6462893206340654,2.10909425115908,6.03,3,0,0.0,France
3.9050679386939104,0.5739414247161008,6.46,2,0,0.0,Brazil
7.271674973818385,6.851789329598183,2.41,0,0,0.0,France
0.9286569364843766,7.999191936370453,4.83,2,1,96.39668428312383,USA
4.545975267515054,3.136170653646036,6.17,8,0,0.0,France
4.202154437248136,8.915946501403571,3.42,2,0,0.0,USA
4.747428856377722,6.893585975563255,4.83,4,2,75.46765241155107,Italy
3.5823641659346697,2.5965119846155607,4.97,2,2,45.308859438667824,India
0.9004167673183767,9.842515818382944,4.94,1,1,87.84425687000197,Brazil
5.219225595984877,3.3851965624839817,12.08,3,0,0.0,USA
6.778864368249671,7.067803524697712,5.57,4,1,53.257913613118355,Germany
6.816115193663924,7.850070694652383,5.23,1,0,0.0,Germany
5.9974984692782405,1.8295880952285977,4.93,1,1,14.398571907537837,Italy
7.222621416753502,7.652618199668106,3.65,7,0,0.0,Brazil
7.700466150001562,6.439352838837182,5.02,1,1,62.91059817514531,France
1.213134561271354,7.90712931139587,6.21,1,0,0.0,Brazil
6.579452141866749,8.859439288272348,8.8,8,0,0.0,USA
9.438774722224686,7.696290139775106,2.89,3,0,0.0,Brazil
1.7907801995811092,8.856539144966836,5.7,2,0,0.0,Germany
9.890850811633388,5.236674386182766,4.11,4,3,258.0636217131615,USA
2.676589688389127,2.433994549344597,1.0,3,2,55.47555039958296,Germany
3.551467600555256,4.533672643296416,6.25,4,1,91.81718245283554,Italy
4.816363019891054,2.424395700076831,9.28,5,0,0.0,Italy
4.530014713126166,1.7890828169248125,2.22,6,1,17.055618170228833,Italy
7.054338229081244,8.12644988689682,8.92,0,0,0.0,USA
4.426003668673462,2.9434858857290136,1.79,4,2,95.18269073090113,India
9.030432437265686,7.1749025320672475,6.27,5,2,42.66963041514984,India
8.59573181948255,6.729793721812961,1.62,2,2,16.010726172059552,Brazil
2.2011470835486477,8.62263756077653,2.93,1,0,0.0,Brazil
7.6799204727586465,6.898037561525745,6.92,3,1,47.34986359326457,USA
5.676414408858985,7.429663989135533,3.73,2,2,125.53901062167989,USA
6.051851976779353,6.077776815391481,4.45,2,0,0.0,India
8.645276953677895,5.805571783655451,3.65,0,0,0.0,Brazil
1.4053202797364925,9.489453874693703,2.94,5,1,15.89926356156408,India
2.170713779591059,8.718884718059293,5.93,6,1,42.037773745866346,India
7.010807345416111,7.311110699108886,4.59,4,1,88.13442541128646,USA
7.741603549006726,8.011630939902972,7.42,3,0,0.0,France
3.3155745521708,9.089981068203414,7.12,2,1,84.54119244136493,Germany
1.593795505350676,9.343037237858006,4.37,3,0,0.0,Germany
9.089182417863706,5.866585369977973,4.19,7,0,0.0,Germany
4.572601371314567,0.8985086445078689,2.26,3,2,173.6604967023428,USA
6.720943867532541,7.276193559355216,6.62,8,1,94.16772939281341,Brazil
3.4793218834323936,8.616728362706601,4.01,2,0,0.0,Italy
3.8866750546371307,1.8595775222387674,6.53,2,1,22.096066737068554,France
7.7915268531446635,7.470841774530099,2.16,3,0,0.0,USA
7.576088280937959,5.015910067388597,2.44,6,2,27.57307568271165,Germany
5.315015892635023,0.25713643563004296,4.83,1,0,0.0,Italy
6.8617949366215125,6.842542734568695,2.73,2,0,0.0,USA
6.094705010374752,0.3367666647342471,4.44,2,2,194.78013464651409,India
7.226600644256387,7.757465328430841,5.48,3,2,135.3942922039841,France
7.676066646064853,11.26585392630539,4.37,1,0,0.0,France
7.556638367941614,7.254499626482861,2.52,1,0,0.0,India
9.145321802519412,7.908248262534643,5.64,4,0,0.0,Germany
10.467536795716065,7.667523021803739,5.53,4,1,71.72485424301716,Germany
9.230321381423725,6.498511017092516,8.01,4,3,48.6240946662956,India
6.182426047602219,0.5532925196698031,8.01,2,2,52.33024016341535,Brazil
5.113411479679884,9.213234274994816,4.11,4,0,0.0,India
3.804189831208065,3.0703898755471704,3.09,5,0,0.0,USA
2.5439093927579934,7.845608090578789,5.63,3,2,122.15174188543843,Italy
9.541160569571451,7.229279071973951,5.87,3,1,38.31922086013481,France
10.285723848694952,6.7814393604508245,8.45,5,0,0.0,Germany
0.20555887094796121,7.534841905058597,3.48,0,0,0.0,France
1.3599242967670744,8.311109703072434,3.92,0,0,0.0,Germany
7.989522298904562,7.259100715921514,8.5,0,0,0.0,Germany
1.9872560574358524,9.311270801431508,4.11,5,1,37.77808170292571,India
3.4079816713758784,7.683972502459332,3.02,6,1,41.946297549490545,USA
4.440816282468232,2.157996717562386,3.34,5,2,123.42325887981485,Germany
3.564228352653214,2.309752729399767,5.69,6,1,70.81895073719409,Germany
3.106707817744392,10.43665598989683,1.96,1,1,82.19116118435198,USA
3.1323381494775147,8.458809009038067,5.37,6,1,38.93173829120303,USA
8.658661717764423,8.276341692722157,7.11,3,3,17.28702800616826,France
5.746589260515419,0.30145134726546763,5.13,3,1,34.846617265928,Brazil
1.4781981005567992,9.94556624731452,3.56,2,1,25.328543055651515,Brazil
8.9469119184164,7.921615188276157,6.22,4,0,0.0,USA
3.227641844305186,8.800838976486475,7.18,3,1,16.69115462504429,Brazil
4.02707136973356,8.657256927391712,5.48,1,1,37.27649083249794,Brazil
8.43065337313459,5.374913594396907,6.23,2,2,42.7915970717243,France
9.308372941790878,7.644029328097341,4.01,6,0,0.0,USA
4.903634421050677,1.4143701118783913,5.88,4,0,0.0,Italy
5.840900131709088,6.678579987493444,4.71,1,1,26.684069481460806,USA
2.422150554814579,8.715278777732454,3.74,2,2,129.18733285233316,USA
4.577952339100495,7.643215946721423,6.18,4,0,0.0,USA
4.300119828580578,2.204777158108824,3.3,4,1,68.71554815804961,France
8.520168429226125,7.737170813781077,1.7,4,1,80.3115137994391,Brazil
4.319094974376102,0.6111263130859745,6.09,3,0,0.0,India
8.096412832232687,7.714268639992527,2.49,2,1,96.84933792646993,Italy
6.437325035015929,8.669154747522269,6.93,4,1,24.15502237918946,Germany
3.390058496638737,1.7079321434705297,5.58,1,1,27.966404163859742,Brazil
8.777075046295623,5.625096006261353,6.97,3,1,67.54747137346479,Brazil
2.1566926546958705,8.443934761784641,1.0,1,0,0.0,Germany
2.548752776909405,9.695786825570947,5.21,4,1,85.09541646820986,Italy
7.277760588488301,2.2750430646617437,7.14,3,1,74.04570658096759,India
4.015368381139524,2.720150524045442,1.79,3,2,32.50259066164804,Italy
7.467364996506717,4.921575971548157,6.36,3,0,0.0,India
3.1610337308549092,9.061684799514735,5.47,3,1,86.3695204300498,France
8.80252515660017,7.461670471866278,6.03,3,0,0.0,USA
7.582783653407084,8.413501682194678,6.2,7,2,24.431452820593687,USA
2.5347516940441954,10.187015147457686,5.16,2,0,0.0,Brazil
5.841810505767644,1.981958126572804,5.29,2,1,84.1163166455514,Brazil
9.577043022178398,6.783383876035093,3.98,5,2,40.39183326524477,USA
9.507880083011822,5.789341954811482,1.0,5,0,0.0,USA
3.932326550933995,1.4343793793640212,2.76,1,0,0.0,USA
7.710325130434502,8.483771047328322,6.15,4,0,0.0,Brazil
8.83471330506942,7.797725582382279,5.84,1,1,59.74330246774359,India
2.503953923334567,9.061266721963063,3.93,0,0,0.0,India
6.931340302459316,7.752870664064485,4.96,2,2,152.52702083258305,USA
5.820868741533774,2.3764442469779037,4.79,2,0,0.0,Germany
3.76936238822533,8.397924720158844,10.16,3,1,42.689064988713355,India
4.662540542923995,10.111438839952017,3.28,2,1,37.4632866275953,USA
3.467976079239525,7.661777438757599,4.33,4,2,79.8862151914326,Brazil
4.640988780915395,0.42873583569248774,5.29,5,1,52.930029412167045,Brazil
1.8302506352905172,8.201883779260902,2.1,4,0,0.0,India
10.146581012060382,7.4791812131704445,4.76,3,0,0.0,Italy
3.101591547291619,8.150295358518505,8.52,5,3,135.808548789162,India
5.85092847526137,7.801827429757862,4.44,4,1,69.25542321951269,Germany
2.837092339565668,9.169476812057301,4.88,1,0,0.0,Brazil
9.167768861360845,5.959489750659389,5.07,2,2,163.0637517345665,France
4.1702810386199225,9.517538192947827,4.92,2,0,0.0,India
7.278883837097232,5.973239058665662,7.02,7,3,211.33857904036068,Italy
4.207219322831509,2.3656257024112524,5.26,4,1,70.93763417395643,Germany
4.203615804048073,3.0212864432098865,5.24,2,0,0.0,Brazil
2.296000994815061,8.262316796459503,5.04,1,0,0.0,Brazil
7.401582756627167,7.627212346943013,9.53,3,1,49.4407022750001,Brazil
8.082298698923262,7.870123307179086,8.16,2,0,0.0,USA
5.7448760380325155,1.5956385353809068,5.91,1,1,97.94762217880553,Brazil
9.226044623127578,6.9984264440277775,3.83,5,0,0.0,USA
7.278328973634459,6.802735310515113,5.94,2,1,45.29375079459489,Germany
4.412772828447175,1.8314121299131934,6.28,5,0,0.0,USA
2.7432174821597317,9.480644502644656,6.44,1,1,12.03158149365784,India
1.883530275287744,8.157128571782039,4.92,2,0,0.0,Germany
5.470376970214053,1.0673724705695844,3.78,4,2,184.29581076489114,France
4.596224641654819,8.429668397541121,8.99,2,1,21.54415277353517,USA
4.789476793746889,2.0709968586486545,4.9,2,0,0.0,India
4.468205182303318,3.0716545599925507,4.57,3,1,74.89319899282134,India
7.432868192991069,7.453812737568598,5.08,3,0,0.0,Brazil
4.541157941772428,2.7995920081324983,8.05,1,0,0.0,USA
1.7868162652249788,8.641452976106555,3.14,5,3,285.62461003467286,Italy
4.046782419501925,8.86938154911689,1.38,4,2,89.37372681296007,Italy
3.6155325970587784,7.818079504117651,3.57,5,0,0.0,India
2.042652311602623,10.36051188440107,6.58,3,0,0.0,Brazil
3.2783399728400484,8.074383027089457,5.67,5,3,143.74924479164957,France
2.8604399108046703,1.4401656021143978,7.0,2,1,75.14486993562916,India
9.806377552185706,6.757970153096279,5.85,2,0,0.0,Brazil
7.964213674818151,8.058966201702862,4.39,0,0,0.0,Germany
8.503201623562346,7.688124719203535,5.27,4,2,79.5064063210861,USA
7.254250010477325,7.36027917748318,4.28,3,0,0.0,Germany
7.524555651473568,6.086847097320916,3.82,3,2,58.60597002419159,USA
4.333572655208478,5.167804905838347,3.11,4,0,0.0,Brazil
7.190835480324951,7.971156310470021,5.51,3,3,91.17194184269908,Italy
4.392960508738646,0.0471918654956307,6.93,0,0,0.0,USA
5.120465594655814,1.1001807170513793,9.44,5,1,98.92520021176193,India
6.317534929068652,6.489937400395862,5.57,2,0,0.0,Germany
3.0319206435717896,10.06329535403521,2.83,3,0,0.0,USA
1.638450978464347,9.963099224669941,2.76,4,0,0.0,India
7.110491302349206,8.388719047655657,5.83,4,0,0.0,India
2.9090966851838873,9.283580880779056,4.39,6,2,150.75529051149763,India
2.8968975394613112,8.60067046256868,6.91,5,1,52.33418117542586,Brazil
4.203363972962558,3.044850057831322,6.22,1,1,42.76389731219878,India
8.22075722380698,5.352128019636435,5.64,3,1,87.25727709808463,India
6.592139743077745,7.880318862326484,5.64,4,0,0.0,France
4.686516202794067,1.4522767800369687,3.57,2,0,0.0,Italy
8.352733836592009,6.452012321165546,3.92,3,2,155.02892022603928,USA
4.327042363176579,3.004089022307639,6.1,0,0,0.0,Italy
7.263393442846952,6.3424356522040215,7.15,1,0,0.0,India
6.437718268987068,6.710099374295737,2.82,3,3,264.06472216796095,USA
5.455633322880171,2.5756431202230954,5.03,5,1,67.40185491378088,India
9.193486686758146,6.859519416041268,8.65,3,0,0.0,Italy
6.369560597980204,6.0872042214387445,7.09,1,1,64.90034752605384,USA
6.345646393732606,8.658312320841794,5.78,2,2,165.81737507825144,USA
5.66819968751884,7.385556802929473,1.51,4,1,58.71183519567012,France
8.981852426058968,5.908288984632231,4.42,4,0,0.0,USA
2.9214183680772203,9.927759860215728,6.34,0,0,0.0,Brazil
8.95192468427076,6.3125259554226965,2.37,4,2,44.23614077075606,USA
6.161780962155003,5.529115687548431,2.99,3,1,73.35924775879555,India
7.791151101633013,7.267437189220029,6.38,0,0,0.0,USA
9.509838361937087,5.482028206162244,5.75,0,0,0.0,USA
7.992691292338447,6.447045646534628,1.0,2,1,89.07903282177509,India
6.736221230079965,6.304752868755821,4.02,1,0,0.0,USA
9.405131208731827,9.396121456261222,1.72,1,1,97.28977217494864,USA
8.109586170170251,6.475455988613286,4.2,3,0,0.0,USA
5.712431207792175,7.3707053351793785,2.98,1,1,13.10433094796186,Italy
5.322466301452611,6.693101871801226,5.79,4,0,0.0,India
5.615919555584048,3.3726561109130753,4.6,5,0,0.0,Brazil
4.76924684293192,0.4075694215827652,4.92,3,0,0.0,Italy
4.468699466431702,1.907057289988725,5.78,0,0,0.0,Brazil
4.355117914543776,6.50925770056495,5.58,1,1,48.87607670912129,Brazil
1.0381629322356463,8.314790908030679,5.83,6,0,0.0,France
3.104732558236609,9.914819205529913,1.98,1,1,16.49005017789476,India
0.5676627471277533,10.374402028378634,6.16,1,0,0.0,Italy
3.350398249018414,2.031619164646382,5.99,2,1,61.47795895277687,Italy
8.800364028425376,7.4675751470252,3.34,1,0,0.0,Italy
6.126026081991456,8.904041204258892,7.03,3,0,0.0,India
9.059726014821106,6.519385227338015,5.21,0,0,0.0,India
8.779723817110291,8.452429511375925,3.48,6,3,296.1053447433496,Italy
4.5305186331262375,5.930220525026654,8.48,2,1,29.82666868569999,USA
4.124329438958259,10.179025482655494,6.35,1,1,34.863967556526376,USA
4.858597102369589,1.8063549432423387,4.16,4,0,0.0,Italy
3.4844270424104415,2.69825072838824,5.29,2,0,0.0,USA
3.5594715069496,0.7957531786914434,6.96,4,1,25.285325799215425,Italy
8.088109395420346,6.468026128404486,6.53,2,0,0.0,Brazil
2.588586047458453,8.713820179477619,3.8,2,0,0.0,Germany
7.652460922040234,6.994106146115573,5.53,4,2,86.09682980246964,India
9.652532434021387,6.753447576314049,6.38,5,0,0.0,France
5.213589254655526,8.384401575834511,1.72,3,3,108.65865651828756,India
4.857086773756502,1.5084024600290042,1.0,2,1,58.84924911743555,Brazil
3.1368319768706208,2.968863438311094,5.89,2,2,41.25084996069903,Germany
9.157445846333914,8.338865701769699,1.83,2,1,24.015249942470323,Italy
3.8939367097525,1.31162824142544,2.37,4,3,168.69584046775333,France
6.215754645730071,1.9253704335559423,9.18,6,1,55.627472353747144,Brazil
4.140427643342888,2.642254894208256,8.33,4,1,34.63416491819354,Italy
9.215103226373866,5.848572235788365,1.66,3,0,0.0,USA
5.607198808334674,6.6627037405489435,6.46,6,2,36.94576588385165,Italy
6.694230534683509,6.248209254118134,5.96,6,0,0.0,France
5.063386710250139,0.36846467414291983,2.73,1,1,31.27366601888141,Brazil
9.694428584073242,6.36881308180578,3.03,3,0,0.0,India
3.9987975696897458,2.6322240278541518,7.27,4,2,154.79607751669406,Germany
4.2094511374273855,3.9816426949224315,6.05,2,1,70.88720897290952,France
8.713194765866334,6.404364257024701,8.01,5,0,0.0,India
6.710409681878754,6.578650130222429,6.85,2,1,60.33142519230924,Italy
8.205261209138783,6.1445267425418075,7.06,2,0,0.0,Italy
8.49388281228543,8.504744549719303,3.05,1,1,39.798529214303166,Italy
3.256538059256491,2.874898381081006,3.23,1,1,68.88174292335688,France
4.627881491600378,0.9951466604181638,4.62,1,0,0.0,Germany
5.265463429903102,1.7498980955074224,6.22,3,3,26.902729564233162,India
7.730192580654704,5.425571132388189,10.19,3,1,97.87648211943201,Germany
3.300079414747316,9.048294224426469,5.14,2,2,56.89611433693511,India
1.5770060587923656,8.777730840979375,2.03,3,1,59.90660881209999,India
4.277531278681999,2.7149919783308585,3.01,3,1,63.81154871443965,Italy
7.883660940606624,8.578846105029642,3.57,2,2,76.68314149796055,USA
8.622664969149946,7.759206027423206,6.14,5,0,0.0,Italy
5.6040347204000796,1.66772498149905,7.87,4,1,85.54452242957633,USA
9.315733988233827,5.949123667024574,3.66,3,2,18.74042654693801,India
6.804999181334423,7.507146102425791,1.0,2,1,69.51223612597292,France
4.188884819198792,2.267119071883894,2.68,4,3,246.56701791678904,India
6.267000813814158,6.962996577150812,4.99,4,2,62.03385024282129,Brazil
1.5438001384615796,10.25041685000454,6.13,2,1,60.91086523643537,USA
8.258829019035366,7.059313630504338,7.73,3,3,117.22687556854383,Brazil
4.184411779978361,2.2181267771127358,4.8,3,0,0.0,India
3.3143693747956267,10.091134272856001,2.54,4,0,0.0,USA
6.883829106542426,5.174747236762863,2.7,0,0,0.0,France
6.205378882726505,5.3637621274767495,4.7,4,0,0.0,Brazil
2.8706603897467358,9.430732166299775,2.41,1,0,0.0,France
3.620655579989782,9.260790906630326,5.25,3,0,0.0,USA
8.453256213268254,6.50802811460856,4.36,2,1,21.17273587513001,France
5.685339076710354,1.7717497838637586,3.37,3,1,63.86352854349867,Germany
1.9603137877353858,8.759330334644623,4.41,0,0,0.0,India
3.1437200230634517,1.0549575174309405,7.08,4,0,0.0,Germany
5.3338020694193595,2.6897590237003834,7.09,2,2,14.262380328303813,Italy
7.41757115748441,7.063011160699873,2.67,0,0,0.0,India
9.838274783429393,8.640906833438525,4.95,2,2,125.77038860803661,India
6.99298198525857,6.748557953098451,3.71,5,2,81.77036492488743,Brazil
6.564104250231017,6.927968520928704,1.0,4,0,0.0,France
9.30212502628589,7.728552519942896,5.25,5,0,0.0,Brazil
2.4533336832082533,8.70463641421026,5.35,3,1,95.88536079852504,India
9.10616718920432,4.769891899850105,4.76,3,0,0.0,India
6.046681748326229,6.292414691408134,6.28,5,0,0.0,India
0.42315057351563645,7.99952663501247,6.25,5,2,100.08990004977449,India
8.2619717390222,4.9812760450914055,5.15,4,2,116.10155219625577,India
3.5043461049061295,8.832782966062654,5.27,1,1,35.729528958869246,India
2.5561182019319344,9.491326955421442,5.21,3,0,0.0,USA
5.562923663454863,2.379263702789399,6.83,3,0,0.0,Italy
5.246821444614739,0.13125060500918906,8.71,4,1,83.37490771853504,Brazil
7.063615851254235,6.374570716372738,6.45,5,0,0.0,Italy
3.738747217505167,9.510985351434844,6.07,2,1,71.59560962292326,France
4.178602904174122,9.557646320578257,7.18,7,2,14.189051357192719,USA
3.9788537816006073,1.4582309775074596,1.0,4,0,0.0,France
9.936254119703056,7.5842290774699785,6.84,1,0,0.0,USA
2.7578134768194276,9.640899765461393,2.06,0,0,0.0,Germany
2.7525816024277683,8.714447931923441,5.21,1,1,39.322466707922224,France
1.53138207336655,6.908639186357997,3.68,2,1,57.146274869317175,USA
7.505090859314064,1.0711770344975347,6.89,4,3,67.71914755835314,France
3.5521301608744333,1.849277320705531,2.2,0,0,0.0,India
9.8475309090734,9.542266273029552,3.65,5,0,0.0,France
6.800424262461626,7.831217640018411,4.05,1,0,0.0,India
10.340716738325527,7.430709380281119,4.94,2,0,0.0,USA
5.227955511395933,2.9355148532073017,5.56,0,0,0.0,Brazil
6.529977434003796,6.679076089559376,4.29,3,0,0.0,Brazil
5.708671157622394,0.6871699774242384,1.79,1,1,36.032915870308656,Italy
4.652102384643271,0.7765040916563362,2.83,2,2,107.1577562793319,USA
1.5560725776766635,9.527371548295614,2.8,2,1,44.91056880044182,Brazil
6.739805832633059,6.641610667602892,3.62,4,1,41.593058673730965,USA
3.5075830622410415,9.316078028017788,5.01,5,0,0.0,Brazil
6.180320076004775,3.228519464229207,5.56,3,1,85.1520375543167,India
1.663394750489822,9.528348680623097,4.23,2,2,165.5314538544821,Italy
10.01976901821332,7.257500929552674,4.4,4,2,125.67723675153147,Brazil
8.531123810738139,7.3677290903791555,6.6,2,1,36.39237666828461,India
9.193178487987826,6.364608825492716,4.01,7,0,0.0,India
7.108411535070652,6.712418058416385,2.77,4,2,65.72156235065475,USA
2.3486236420028854,9.017332148351736,3.44,5,3,209.09826794277734,Italy
4.626375591635124,0.866436696211281,2.71,2,1,17.77363613219267,India
5.980900417137626,7.4879195733056045,2.97,3,0,0.0,France
5.75319347440524,5.278116938662533,5.67,1,0,0.0,India
8.669605179290134,7.553703721727922,8.46,8,1,36.57315715255818,Germany
8.790438973960795,7.041834594709574,4.71,0,0,0.0,India
7.306784058548111,2.0703254710269796,4.41,0,0,0.0,India
4.747086798268235,1.6543233284460008,5.63,2,1,24.727019759682758,France
1.8463163543853374,10.187759985683646,3.97,2,2,121.87903943155624,Italy
1.423302057221172,9.488984361078275,5.93,3,1,79.26559562962454,Italy
9.05629614159674,6.678900784420231,5.99,4,3,90.71956634493893,India
10.606591266137496,7.908011704146165,7.69,2,2,185.21633968727843,India
5.767580349048064,7.431625323378928,2.83,4,0,0.0,Germany
7.4780327636861,6.437552833024575,3.92,4,0,0.0,Brazil
8.456196480745207,6.3328254059624705,6.33,4,0,0.0,France
8.745873126000859,7.64039403189754,3.27,2,1,47.90688967319638,Italy
3.494923669388294,9.518332643716166,5.9,2,0,0.0,France
2.699880023816097,9.231719001378044,2.4,1,0,0.0,India
3.593903477469428,6.184943575657691,9.16,5,0,0.0,Brazil
7.649334290389126,7.510079625131636,6.3,5,0,0.0,France
4.6429389529666745,2.5577926364274726,4.03,5,1,8.928130373044661,Germany
5.224402888065536,1.7050305446989689,7.31,3,0,0.0,India
9.969833057988172,7.339307688859353,3.99,4,1,36.262963033095915,France
3.619773468518579,10.766556571621944,5.19,6,2,36.67462093639002,France
2.542427613697211,8.806169270925782,3.99,3,3,296.38885177146153,Germany
5.628487629727276,1.5920319872673132,1.63,4,0,0.0,USA
8.979912175930348,9.094164787961377,3.27,2,2,138.6496131796848,Germany
7.029263135403062,8.217087551416501,5.1,3,1,24.273796239730213,India
4.931081591366134,1.609596389025703,2.95,2,2,96.76006866047666,France
2.3889019913408513,9.52872496225707,9.75,3,2,169.91603176216134,France
4.847421131116843,0.6263840218252974,6.62,4,0,0.0,USA
2.9945611708818536,9.096160267584644,5.72,5,1,7.751831243264449,USA
4.07017987330237,1.6153417504994652,2.49,2,0,0.0,France
7.119082284916854,7.1532417369951995,1.0,4,0,0.0,Brazil
4.557984456655609,2.9643607968673984,3.29,4,2,94.60690202825869,USA
9.45859205330369,7.617270267172702,6.0,6,0,0.0,India
3.829350206406475,2.830145220923518,4.66,4,2,194.47626001081892,Italy
7.533369220958238,5.9647066227910095,1.53,2,0,0.0,Germany
8.696615966318502,8.258240661327195,1.89,0,0,0.0,USA
9.04051809202363,6.386465239032569,4.06,2,2,174.91811354740128,Italy
2.147561598005116,8.369166373593197,3.86,3,1,59.55378037367647,India
6.2663095708369605,2.2092127477651022,4.96,3,0,0.0,Italy
3.5160004311025075,2.351215944368615,4.71,1,1,61.56596821050922,Germany
10.226080837637447,8.462221862193351,7.44,4,1,71.95754298264531,USA
8.793504624703726,7.986201273184868,5.0,3,3,168.75735067415596,India
4.045667963846435,1.3570262258917887,3.59,4,2,118.21390449465854,France
3.4509377181747527,2.4149303335902115,4.92,5,1,88.25391619940956,Italy
5.048883366320008,6.386913904786068,6.11,6,0,0.0,France
3.864916012164117,3.34126392075563,3.7,2,0,0.0,India
3.7397186083544387,1.5597209804689367,5.57,1,1,80.89265630531747,India
2.254765137535065,1.4079109447303284,6.33,4,2,51.748943432302795,USA
1.271759488368611,8.556984473111532,5.83,1,0,0.0,France
7.046466858845191,6.97647087886417,7.79,6,0,0.0,Italy
6.030134163740091,3.7605160983705574,5.92,2,1,16.82402343665798,USA
9.987632334026172,8.354938821932711,3.37,4,0,0.0,USA
8.200395796580722,5.766985981297078,5.91,3,0,0.0,India
7.291788336199484,7.420872948253169,5.12,3,2,171.3531375168739,USA
3.4324308691636545,7.662601522581988,7.51,2,2,156.42751852562276,USA
1.405264076350843,8.75800530394675,3.09,8,0,0.0,France
9.454475885528637,6.930848261972619,5.21,2,2,126.66501369194746,Germany
3.1392226025866448,9.746241630708168,4.7,6,0,0.0,Brazil
2.2801229348470478,10.088604140913883,7.05,3,2,124.90897869737714,USA
9.158067970903515,6.189395253020271,4.13,4,3,144.79574524689505,USA
8.131549451624723,4.953764187554812,4.73,4,3,116.40030555965737,Brazil
5.961858993356133,7.19050572975146,4.91,2,1,16.206100627362893,USA
3.3730805836425164,10.293751059856072,5.62,2,0,0.0,Germany
4.674212224796936,1.6106706810586635,6.04,4,1,29.047783025078548,USA
3.584239346429505,1.619483924373726,4.4,4,1,98.20129304876292,USA
7.937184126106786,8.947384327820846,7.94,7,2,15.409281397626323,Brazil
3.319000480850784,2.744571478844499,4.6,6,0,0.0,France
1.93606980981155,7.22841963626421,4.02,1,0,0.0,India
8.947078779469628,5.373427755479944,5.62,2,0,0.0,France
7.988805769641886,6.45679024483839,5.7,2,2,96.3907902797175,Germany
4.731193564839451,1.5927137797743809,6.95,3,0,0.0,Italy
4.800528776581218,2.6354326661003515,5.62,2,2,183.27223243762563,Italy
7.029593482322131,7.995529596806152,7.66,3,0,0.0,USA
3.5988306603951385,8.229524220070617,2.9,1,0,0.0,France
5.302414869626714,1.1503137824222995,5.26,2,2,103.92964585578737,Germany
5.664683084296301,6.774339209751823,4.44,1,1,69.7251928415085,Germany
2.3541015917331514,1.1905783213925987,3.45,2,0,0.0,USA
7.134001608177832,6.143272469170768,4.77,3,1,57.537309867276285,USA
9.980809654754433,7.812043053972712,3.22,4,0,0.0,Brazil
6.930569470214673,7.106284880956707,5.02,3,2,131.25242626010333,Brazil
3.540839611696242,3.769834885615749,8.78,3,2,152.8695647623539,USA
2.9685585225929945,8.16444175873353,5.41,2,1,48.76655782903276,USA
6.057516343868457,6.73964261754109,5.72,1,1,72.56202490513043,France
7.979664317558436,7.866508117889809,6.11,2,2,55.45965856566559,India
11.159813098713588,7.297753559621446,5.32,6,0,0.0,Italy
4.904133599835441,1.9328357737266884,10.51,4,0,0.0,Germany
2.3956802778015023,9.676416802719368,7.42,2,2,11.972731605997556,Italy
1.1189900740354368,9.572096434550184,4.1,3,0,0.0,Brazil
8.126020689690431,8.022095663968628,2.87,1,0,0.0,USA
9.717344025586462,7.13797438090585,6.73,2,0,0.0,USA
1.2422864738661274,8.306616662579541,3.43,3,0,0.0,Brazil
9.055713956052516,6.9818576318789445,5.48,4,0,0.0,India
5.878806693382856,7.661781665622835,5.89,3,0,0.0,France
2.560720551577396,9.517376496822068,3.5,0,0,0.0,Germany
2.56160207363022,10.718391644453813,4.86,6,2,36.2998879903795,Germany
8.249090965807328,5.115283709484211,9.39,1,0,0.0,India
2.261447176354773,2.1658212165887565,3.65,3,0,0.0,USA
7.150015945183128,6.717559931551193,7.08,4,3,284.32821600994623,USA
7.412463459931194,7.699376057465319,5.74,6,2,50.234759407020576,Italy
2.3080985763377826,10.064940524205934,1.82,2,0,0.0,Italy
6.598698694203444,6.071120984046938,1.0,4,3,212.63667279979717,France
4.484685394269888,9.765385582705632,5.07,2,0,0.0,India
8.186725535550403,6.6940411608054,4.37,5,0,0.0,India
9.004289488108935,6.952771931691056,7.69,4,0,0.0,Germany
7.798565467031229,6.981904448728387,2.83,2,2,64.00474151775327,Germany
4.034198836292303,1.9411273132602451,6.93,4,1,69.35213005137372,Italy
5.706732912519792,6.86304076807622,5.75,2,1,65.88921728557376,France
8.179301804614914,5.762480339911925,4.29,1,0,0.0,USA
3.044532710068973,9.372739746407941,4.39,6,0,0.0,India
5.891765608744761,6.420905411676418,2.94,3,1,31.62774017089759,Germany
5.2589620056161115,1.5976607033012324,6.94,4,0,0.0,India
5.581085861382187,6.266073329318738,6.45,4,1,61.89360097429841,India
0.8969193650641047,10.329200581782368,4.33,2,1,71.2730744103996,USA
2.4067129808945427,8.531458537391403,6.46,1,0,0.0,Brazil
8.273444839025476,6.695990194947777,7.13,1,1,97.72000009602003,Brazil
6.667327573490794,6.6395288355493545,4.19,1,1,95.01073162195314,Italy
2.496195731174843,10.467820205355638,6.12,1,1,15.453472894077251,Brazil
6.945825422195841,0.5738275180919612,5.92,1,0,0.0,India
8.56234190721547,9.410795077292331,7.19,3,0,0.0,USA
10.04263668917552,7.746602875823056,4.11,4,0,0.0,USA
4.1926358152737,8.208416061702133,1.29,6,3,79.55032712765598,USA
6.129157329216175,6.933161585201053,3.96,1,1,31.044406399037957,Germany
4.536416046381178,1.4835990369100605,7.27,1,1,99.44885512607148,India
1.6223102329554497,8.593524334517268,3.44,2,2,39.21969727648481,France
6.230022326038384,8.587452546925547,4.2,4,2,89.4038570156772,France
9.177532521845894,7.61548877795661,2.72,7,1,62.27962213303217,France
1.2454909453980816,8.167970150732586,3.05,7,0,0.0,Germany
1.776368541231005,7.740054009121526,3.74,2,0,0.0,India
1.9526444985189921,7.67880455909843,6.54,6,3,35.776597304872894,Brazil
2.0162111645382907,8.956768375192858,2.64,5,0,0.0,France
2.2821631441878614,8.690217952989352,5.96,3,0,0.0,USA
1.8437807993609714,10.95550356466207,7.14,3,3,143.42411401269973,USA
3.6978186526538566,1.4251738651995942,4.04,5,1,78.43617207414641,Italy
2.3008148151051975,6.972551259774031,6.01,1,1,92.14994908992773,France
7.739086914599287,6.200736422701826,7.19,2,0,0.0,Germany
5.578848304932894,1.9092918511093853,6.14,5,0,0.0,Germany
5.619138580515064,1.7235141457218126,2.99,3,0,0.0,Italy
7.382790710197627,7.8937154356304156,4.56,6,1,23.15142209736746,France
1.5709138170767525,8.498241399980948,2.94,1,0,0.0,Germany
2.116781655873983,8.505322502490824,7.79,4,0,0.0,Italy
9.42282697225796,8.661772546260778,4.27,3,0,0.0,Italy
10.669978985349637,6.422419628514346,3.0,2,2,136.27715467367716,Germany
7.345854582868382,7.921562545050765,3.86,3,2,78.95062295530202,Germany
4.950351590408853,0.8459058913865849,3.9,5,2,110.31922186509021,India
1.695216762855009,9.142903578603288,5.76,4,0,0.0,Italy
1.0470016843351133,9.46292189271285,5.78,4,0,0.0,Brazil
9.015002849344253,8.1204588411573,1.03,4,3,247.61021070852854,Brazil
5.42182137168002,1.907759450345338,3.98,2,0,0.0,USA
8.87026164668682,8.755601519403267,3.36,1,1,71.81546002722095,Brazil
4.933437883325691,9.89833152455937,7.53,3,0,0.0,Germany
3.0786473975448607,8.890264740808325,4.8,2,0,0.0,Brazil
9.611001147296468,8.109821146398982,6.86,4,0,0.0,Italy
8.78570562661875,7.483667080414078,9.95,4,2,110.48614775456367,Brazil
7.572584195682485,5.854022152315943,7.38,5,0,0.0,Italy
3.641057966894052,0.7508050689534929,1.0,3,1,99.72301405999184,India
7.96212176496435,7.897604197605238,1.31,2,2,91.55314968322226,India
7.913501544259273,8.471043532130945,9.05,5,3,287.49242855813657,Germany
4.703527897724619,1.6013906724172435,6.1,4,0,0.0,India
7.470676452700038,7.06309232900359,1.69,6,2,69.04623572381166,Brazil
2.8010088919682943,7.451095319501665,6.29,6,1,37.552478909404975,Italy
8.76549180901548,7.252671873846862,5.16,2,0,0.0,Germany
7.976678894312857,8.01704057972411,8.65,2,0,0.0,India
9.401393956431113,8.445664649418227,4.78,0,0,0.0,USA
3.354351581478909,9.567675111272749,2.81,2,1,29.710402697679616,India
9.609031576075004,6.874904331381,3.14,6,2,121.8218975260649,Germany
3.4128647589395653,1.2932637871939006,9.15,0,0,0.0,Germany
8.036542572307525,6.3172149099056165,5.71,6,1,67.46474519335707,Brazil
6.959476344639066,7.491714739480531,7.01,3,0,0.0,Germany
5.707352231543202,6.973370258817711,2.38,4,1,62.08032827332844,USA
3.70528494132963,2.050755073427123,5.05,3,1,83.54515360046244,France
3.1456153071618624,2.1540407954231644,3.1,4,3,192.51723494743328,Italy
3.0526907665496474,1.7658535879324875,4.74,3,1,18.991146991522776,France
6.611930936792608,6.026999328826207,5.49,3,2,148.23942025995316,USA
2.9387383619608594,2.3472317720717757,4.91,4,3,207.66853023146786,France
5.14172242931602,7.855208449062887,1.0,4,0,0.0,USA
6.6143701675708675,7.316399784270104,4.74,3,0,0.0,Italy
5.321243179270488,7.559331530494047,3.94,3,1,37.41465203128327,USA
8.65939602769785,7.254056863886128,6.59,4,1,78.1613284223344,USA
7.433272171033117,8.694218904403678,2.23,5,0,0.0,India
4.338352540458755,0.4887306157473057,4.12,3,0,0.0,USA
7.088133622105021,7.4118852942375835,6.88,2,1,14.358435635338266,Brazil
6.665163923683719,6.976494229590844,3.66,4,0,0.0,India
5.071531281848061,8.823258365598152,7.37,3,1,17.714939207973746,Italy
7.724245320500572,6.731877100156257,6.14,3,2,184.80636627670665,Italy
3.571501336778855,9.487878558833502,5.36,4,0,0.0,India
6.284303903258606,8.285969279141412,1.15,2,1,95.42926198126213,Italy
8.663960168867707,8.585021906301087,7.2,2,1,95.47033170298977,France
6.441674928171515,6.881624096223993,2.33,3,0,0.0,Italy
5.81017980302708,6.884252178220101,3.62,5,1,60.273702828349606,Brazil
5.210364922307792,2.9675842121483162,4.96,4,1,15.252804873178912,France
4.724744294589206,2.658789058159215,4.11,3,0,0.0,Germany
4.784188855663181,0.1394639163112974,3.07,1,0,0.0,USA
10.386589424866845,8.099610288361268,3.33,4,0,0.0,India
7.801450847471484,6.780121429510395,5.29,3,1,74.41640131227612,India
8.652449873013744,7.959703404182739,6.02,3,2,114.70142131291685,Italy
2.756375005573347,8.332301880200523,5.54,4,1,50.21183348061434,Italy
2.1419103096514096,10.852469804993444,4.05,2,1,74.41390092965611,Germany
4.907047286704338,7.676399782268037,5.93,1,1,59.89738701205827,USA
3.5050130178429795,9.665422370021979,4.35,3,2,163.7024068771797,Brazil
2.3661488531737978,9.863898116714534,2.48,7,1,89.01132829087673,India
2.9063929391987378,7.912016387742466,4.47,0,0,0.0,India
8.470798709074598,5.998661611648464,5.21,7,1,68.78153417147203,France
2.2870638514190373,8.535537506534844,4.81,2,0,0.0,Brazil
8.685134616077933,8.705905661188643,3.59,3,0,0.0,USA
5.385239560305977,2.0666931803793416,11.41,2,0,0.0,Germany
3.341553196156979,9.485701684584726,2.7,2,0,0.0,India
2.0957627198290494,10.891081940756388,5.3,6,0,0.0,Italy
3.136931529137256,8.726247254276245,4.05,4,3,143.07265522413493,Germany
2.42330461675942,6.794985755450787,1.59,2,0,0.0,France
4.908292109922663,2.224120704652775,7.77,3,0,0.0,France
2.1851405948311897,7.866594738382654,7.71,7,1,80.72306254326487,India
1.180556794804519,9.327470602063302,7.05,7,0,0.0,France
1.8815913254909191,8.734778664901787,5.22,7,0,0.0,Italy
2.002956633746824,10.461591827590128,5.03,3,1,82.54494766389394,Germany
7.865360224578745,7.653890172166604,4.83,0,0,0.0,USA
5.300221890790783,2.7207158097271913,7.56,3,1,57.265907833457746,USA
6.263763829039254,2.3563378736996325,5.53,3,1,97.9707109028842,India
5.520241967920526,8.246321184178173,3.79,1,1,91.81182098606871,USA
4.095180935290708,7.1343617430592765,3.24,3,2,25.12541568065477,Brazil
7.5955944143352125,6.795063733075764,3.94,3,0,0.0,Italy
5.09826784618517,0.8683950102992153,1.0,3,2,80.57243662299409,India
4.769877062029697,0.9101334110870138,6.72,4,2,24.80614034592383,USA
9.042211225615866,8.039440055984269,4.14,5,0,0.0,India
8.782082419062831,5.919855609448176,8.11,4,3,85.72836451516983,USA
9.170919998035336,7.98860668407273,4.54,2,1,30.695416862626974,USA
3.7640364297329914,1.1673700290565274,3.35,3,3,93.88916187206104,USA
3.493852407900013,8.221762681083108,4.85,2,1,64.48481459490418,Italy
9.696913982265997,9.019038734748559,7.41,2,2,138.76256828159165,USA
3.6984300881298795,10.068271899381198,6.97,5,0,0.0,France
2.170644746766836,8.076360551661923,6.57,3,0,0.0,India
0.640379782508897,9.433991736555587,4.71,4,1,28.3873594748344,Germany
7.676408423820446,7.3385079564887405,1.45,3,1,61.88905486708239,France
3.588658806445599,0.5585996323100817,8.4,2,1,9.618319071303285,Brazil
4.147921931358618,3.3012265729276997,4.57,3,3,132.81645879840318,France
5.253144380889245,3.1109464646093943,3.97,4,2,121.84699783222777,India
3.9603733131043093,9.002197180352267,4.49,3,0,0.0,France
1.3556072797358247,10.400635525461166,3.23,0,0,0.0,India
3.1527474553702124,10.044246945779483,6.37,5,2,108.83472327134942,USA
0.6536943082584872,9.238520872733613,5.93,2,0,0.0,Brazil
2.0986475377251335,8.783216650740641,5.08,3,1,82.27262883600793,Italy
6.846763817171057,7.262887994985505,3.95,3,2,97.01516340499752,USA
5.195621014270994,4.027262125376707,3.14,4,0,0.0,USA
4.970745864634453,2.7229363124299173,3.92,0,0,0.0,India
7.122002649256381,5.917899014694848,4.92,2,2,133.13149267691003,Germany
6.952449623741612,6.042095538739636,5.04,4,1,14.450490748797154,France
2.4174368465172478,7.026717213597429,4.36,4,0,0.0,Brazil
7.000270225281105,7.22999494239895,3.58,2,0,0.0,India
6.325999781793038,6.459799775790742,8.42,2,0,0.0,France
9.717463849743694,5.4049334919394,4.32,2,0,0.0,France
5.85474075838534,7.874881311207642,6.57,5,1,44.05909947867764,Italy
4.33263261056637,3.3422642667035833,7.03,4,0,0.0,Brazil
8.612121786118598,7.273310596958137,3.02,2,1,51.52370455006302,France
6.024682540095121,6.345641058207436,6.16,3,1,59.35463793135495,Germany
9.528664819084355,7.764605577359107,1.0,6,1,79.05514949133799,France
5.254296882076075,8.241784623739578,4.98,3,0,0.0,USA
4.4565781267019045,1.953375339420024,6.15,3,2,197.12367374254984,France
2.860003728019934,3.037340386281776,4.69,3,0,0.0,India
4.534340209710358,9.20074044296775,5.82,2,0,0.0,Brazil
8.723302190293204,8.332285422631838,10.73,2,0,0.0,Germany
1.8956796503223337,7.991493562999916,4.29,3,2,152.20758847337933,India
4.775069177215487,1.6469359794993723,3.64,1,1,65.24872420342749,USA
5.850060267328519,7.2511736221767995,7.23,3,0,0.0,India
7.233845807067911,6.041932373676509,5.67,4,0,0.0,USA
4.043311793788373,10.291962950096831,6.39,4,2,190.3857282706912,USA
1.3174901259456853,8.93056816834911,5.3,2,2,163.58494623234216,India
9.268003883710605,7.638895811626093,4.9,0,0,0.0,France
8.195853310063391,6.051978843371936,5.1,3,2,127.88727988780524,Italy
2.6773414416375396,8.542195550501194,3.88,4,2,138.94210438460743,Italy
8.845006329688683,8.059089813801275,6.6,2,0,0.0,USA
3.1878406843468534,8.6960486004557,8.62,3,0,0.0,Germany
5.441431605942522,6.545834127199425,6.04,5,3,142.521555197515,USA
1.8718729400296776,10.630586170920239,2.24,3,3,271.86394045949,Brazil
8.217301377238954,6.267937974657363,7.38,3,1,67.2522331224808,USA
6.171948947124028,6.373575201890029,7.92,4,1,12.364106282570706,USA
2.7935822726592594,10.604868200816172,4.06,3,1,66.17836271547891,USA
2.773712464363361,7.010423763791568,4.88,4,0,0.0,India
4.526290722607051,1.5905858412182985,5.9,4,3,88.23139790452018,Italy
4.556095736339037,4.227207792861851,4.96,5,0,0.0,India
5.706659491987004,7.40386888430263,6.28,4,1,75.57705635139074,USA
9.347672852966719,7.518296921126771,5.18,2,2,40.1409921612845,Italy
1.885077806000595,9.642631637462602,3.97,5,2,139.847806745692,Germany
7.267008936165985,6.12689614685979,2.61,6,0,0.0,India
5.075216364452845,7.113989196589315,1.0,1,1,54.544467870710676,USA
6.106321227416681,0.5639538859162185,6.77,2,2,61.83910246356383,USA
2.4636257831489363,8.362685780592505,4.25,3,2,134.8180342339157,Italy
9.76144694087254,7.25109384585642,2.1,2,0,0.0,USA
7.054409150028525,7.319270818778761,3.44,3,0,0.0,India
3.445703997842346,8.346506571729435,2.86,2,2,85.23629095407108,Germany
2.4201008887762505,0.5734881792080457,2.65,7,1,22.53752057410717,France
2.44472320824263,7.03881956184445,5.82,6,0,0.0,Germany
3.9245683651031644,8.593640805432962,4.98,2,1,25.462789264428935,Germany
6.663958420217652,7.232655836012567,3.38,5,1,86.55392142530982,USA
1.5218631064636483,8.938335104555799,5.25,3,0,0.0,Brazil
5.84910948345204,1.948883188270706,4.3,7,0,0.0,USA
7.032710924160925,6.462780291615507,3.64,2,2,109.10110803738351,Italy
6.329067769879781,3.643092465345371,6.7,8,1,47.97061640674839,Brazil
2.0095125127498163,9.486288399117596,1.0,3,3,161.6040969360264,India
5.496491544373118,7.560261959027766,3.79,3,0,0.0,USA
6.548404431291393,6.373306998723472,4.44,2,1,14.488708096564181,Germany
1.4388324628228204,10.286178550136977,6.18,2,0,0.0,India
4.492739331413994,1.3165456131410274,5.19,5,0,0.0,USA
4.418097432511966,2.9425389863487865,4.69,2,2,196.1394768508021,Germany
6.590288285508286,7.050333385247126,2.07,3,0,0.0,Brazil
10.131293769039539,6.306277546211861,3.43,2,1,18.10279604429025,India
4.742737414160436,2.1225115950006126,1.63,3,1,73.52606453646418,India
5.726457492696426,7.186797808796447,7.07,2,1,12.083222510541134,India
6.957535237482588,5.936407958876106,5.67,5,0,0.0,France
3.649255612850844,1.62997811525402,5.62,2,2,72.50120202053353,France
0.8437231785901735,10.028656193216452,4.46,3,0,0.0,India
8.341589999860291,6.165521108976471,5.66,1,0,0.0,France
8.937200382295492,6.6375884115490855,2.35,5,1,32.74466409182953,India
9.458868632081671,6.5734847378555825,2.25,6,0,0.0,Brazil
4.70825040219576,0.2267029583616984,1.41,4,0,0.0,France
6.94551567359529,0.9575883042901869,3.33,7,0,0.0,Germany
5.558416065073693,8.494011048754938,4.94,1,1,39.16758730100988,Italy
5.072231550428441,1.2559877832182607,3.9,4,1,18.668517075294943,Brazil
5.7251010998897325,2.0117248527250498,3.01,0,0,0.0,USA
10.238997611522558,6.838412896194642,8.0,3,3,215.20877155058668,France
6.499106885834967,6.18940870392731,5.58,1,0,0.0,India
6.122571189331853,6.19016931637986,6.16,4,0,0.0,Italy
7.468963755736451,6.645889179676387,4.48,2,2,131.27006852801384,USA
0.9193586448720663,9.588357349092323,5.06,4,0,0.0,USA
8.105161913366173,6.745308169985743,7.99,3,1,13.735184429526308,Italy
4.536770182863862,6.735344102158306,5.45,3,2,178.28718956330073,India
7.929438720266723,6.602082165668498,4.14,3,0,0.0,Germany
2.591348801445319,10.131581959786448,5.08,4,1,21.0118522587601,USA
4.073173728173049,1.3733482900236704,6.38,0,0,0.0,India
2.085130761534299,9.053733176439062,8.06,1,0,0.0,France
5.396910901282078,1.720544815138095,4.34,1,1,58.809924534795975,USA
9.734016268331782,8.080075816201186,6.58,3,1,38.4193502574164,India
7.738731465201411,7.604641862310196,7.97,1,1,20.71453385997259,Italy
2.5732753872014666,9.550577037715511,8.58,2,0,0.0,USA
1.9621002418827123,8.812093475764428,5.88,3,1,50.08524941575526,USA
7.308809481378924,6.800113738032365,5.57,1,0,0.0,Italy
4.9320276783469,2.2534056299432264,5.0,2,0,0.0,Brazil
6.910220255382026,6.6555101165676875,5.18,2,0,0.0,USA
8.693700122846467,8.196692207880291,7.3,1,1,45.86992613129952,Italy
6.435035196078141,6.44627435318707,5.58,1,0,0.0,Brazil
7.634326626550359,6.866528876942244,7.14,5,1,61.66548048808499,Brazil
9.463041923489286,7.476950295884092,5.06,2,0,0.0,Germany
8.7539867244378,8.172979170603034,3.53,2,0,0.0,Germany
7.904053738999464,5.941560130511698,5.38,3,1,9.551169652059198,Germany
6.6343502589336625,8.002077713225361,3.15,2,1,16.501956438870952,Brazil
6.836602706136143,5.812641742205261,5.74,1,0,0.0,India
4.253856038357403,1.0574146428071716,3.65,5,3,211.16066734687797,France
5.4971938502458375,8.224455598106498,3.75,3,2,13.20677898855621,Brazil
8.890881918556204,8.476850678895593,8.88,4,0,0.0,India
7.941867508494554,7.015982641639743,6.32,3,0,0.0,Brazil
6.051235697973726,2.758515286951015,6.58,0,0,0.0,Germany
8.143060256383773,8.450804038930773,5.56,7,2,38.24514028151769,France
6.31229671416464,5.885695173185709,7.88,4,2,146.90562100263173,Brazil
7.461207954378488,7.735637281216571,7.89,1,0,0.0,USA
7.009166137039598,3.368603766139917,4.2,1,1,93.89993102612783,Italy
5.52033576681476,7.900078312043635,3.73,1,1,23.697273360967053,Germany
6.694072677484171,2.120990422977259,3.41,1,0,0.0,Germany
4.844676713510019,2.382310606716726,4.93,3,0,0.0,France
8.618457614262065,7.210552439549635,5.37,2,1,62.519281365928514,France
3.5166837853527237,4.018824231617886,4.38,2,1,22.887807508582636,India
9.514039286794702,8.01761966231046,2.86,4,1,28.372783079052628,France
7.020869012219801,7.736611550395369,8.02,5,0,0.0,Brazil
4.898766351940807,0.9073669725919737,6.48,3,0,0.0,France
5.176268055075678,0.30202251914538314,4.7,1,0,0.0,USA
8.712936784829273,6.715369363878294,7.44,3,1,20.285634446049485,Italy
1.2920391022272537,10.535602180120772,5.31,3,3,57.11746440628314,France
2.5831704866471283,8.93862052387249,5.61,2,1,75.21456029402123,France
8.034264140035997,7.760716053057596,3.73,1,1,13.028152053984368,USA
7.521042981174705,5.769431909221854,6.94,2,1,89.23876129377285,India
4.887359383868206,1.9635052626273848,7.44,3,0,0.0,France
4.959844027373264,0.5662262834275626,3.55,3,0,0.0,France
9.671460890316357,8.140126485856415,7.98,4,1,28.34811153150936,Germany
6.145201338341603,5.457686637990125,6.65,4,0,0.0,France
8.307694367256715,7.788176564035912,3.16,3,1,68.06844399557922,Italy
5.303906740777505,6.861319081968006,5.77,2,1,47.12076868179296,USA
5.16132823528763,3.3101387574966923,5.21,1,1,33.79656932213092,Brazil
9.683557862072863,7.474390544010266,6.69,3,0,0.0,Germany
7.70792973072816,8.339896265193946,3.13,6,3,99.11814247863637,Brazil
2.0995615043687565,9.371258887465247,1.0,3,0,0.0,Italy
6.949673634879235,6.154690766118181,3.63,4,0,0.0,France
4.557181091209703,3.109361058583274,5.2,5,0,0.0,India
4.15525027162802,2.1165873146222083,6.77,4,1,89.4490705126431,Brazil
9.377640680246989,8.260029521555712,5.69,3,0,0.0,France
9.174477759353762,7.2040997547628605,1.06,4,0,0.0,France
10.537757276243529,5.516260605932969,5.81,5,2,16.302603093416963,France
1.6788618065085046,8.158202302289455,6.13,2,0,0.0,France
7.94485486221002,6.803581078076496,6.96,2,2,98.97369079207344,Brazil
1.91040323349084,9.682626616916401,1.27,5,1,74.561208693282,USA
2.764871448756165,3.1531582136305185,2.01,5,0,0.0,India
1.800983199796193,9.247502259461823,5.56,0,0,0.0,India
8.959447154758656,6.585904552925264,5.28,0,0,0.0,Brazil
4.978636998508468,1.8447714180231232,6.68,3,2,27.79715354428332,Germany
9.987167876251874,6.504570470524982,1.73,1,1,98.75938775518537,USA
3.2090476346034293,1.4966158825072073,4.45,1,0,0.0,India
9.136063405517241,8.049650436849078,8.12,1,1,41.32127820412616,India
6.073503856049047,2.1646203998980846,5.26,3,0,0.0,France
3.4521135963105745,1.57584643138937,4.9,3,0,0.0,USA
6.281455040816476,7.855642528890579,2.55,3,0,0.0,Germany
9.37805455478778,7.465927782126835,4.51,3,1,47.44548553893862,Italy
10.991337195280131,7.610623552899963,4.31,6,2,163.0981742361645,France
9.461508071944074,8.893106981779782,5.84,0,0,0.0,India
9.14110230176155,7.9840118978444,7.43,5,2,123.91110571593353,USA
7.984128108023194,7.092070700511049,6.59,2,0,0.0,India
1.0250815945167853,9.369899476983981,5.07,2,2,182.4344790901041,Italy
6.744687660988021,9.497222710707158,2.96,6,1,79.7601664847514,Italy
4.250475274702724,3.3289750233722333,8.19,1,0,0.0,France
3.5333844473819553,10.86837869453251,3.67,1,0,0.0,Germany
2.874703560038016,8.8629869079658,2.49,2,1,95.83488674680446,France
6.554375515296926,5.700846434696717,5.27,2,0,0.0,Brazil
9.210646110206495,8.888977575457815,3.86,2,1,72.74145432330009,France
6.061313454831308,7.174203901664581,1.83,6,0,0.0,Brazil
5.892225198526109,3.1096252582655772,5.72,4,1,61.00355395560936,Italy
2.5040841664102893,8.779698994823175,6.17,2,0,0.0,India
3.6731769455254417,1.177105546220098,5.97,1,1,30.888257590884965,Italy
6.241443150423057,6.667383472084162,6.14,5,1,70.27768643864253,France
7.097578097394809,7.114017578720841,7.0,4,0,0.0,Germany
8.396289737437192,7.229371478623908,2.78,3,1,24.787269345814217,Italy
2.4785749499257395,2.455703393761917,5.67,4,2,169.55376485784404,USA
7.631357432003761,7.459364663606816,5.26,0,0,0.0,Italy
1.8706051642753763,7.352766065929361,5.65,0,0,0.0,USA
7.461894253660047,7.3420851912472305,5.31,2,2,65.07736500690383,France
6.845422506613195,7.734734235031012,4.84,6,1,19.146664472760325,USA
5.177647026596585,2.279559166014146,5.22,2,0,0.0,Germany
8.531018402899672,9.157954248638791,4.76,6,2,163.32357912575418,Italy
5.90620910418439,2.6831024320879693,1.3,4,1,98.68035208533044,USA
3.4419208738874394,1.5465984311101584,2.03,3,1,10.888760931478123,India
1.106403312116651,7.612435065406041,2.76,2,2,145.82800773360228,Italy
2.6722645869965143,8.269383483391872,5.25,2,1,91.1008013704486,Germany
5.826505738627468,7.374607567090925,5.96,2,2,77.50833782105633,Germany
5.69446415971193,5.981807043586912,4.65,3,0,0.0,India
6.573238583942459,2.2299204826025196,4.11,0,0,0.0,Italy
8.294521102747893,6.4239042579529135,6.13,3,0,0.0,Germany
1.9709015440031172,10.086793465508123,5.1,2,0,0.0,Brazil
4.464584306324088,2.372487285659863,2.64,4,2,109.56345349616672,India
7.006783220608001,5.903611890503058,5.97,2,0,0.0,Germany
8.474487322343398,7.669557326409505,7.09,4,1,97.8928774058343,Brazil
2.1011447762159943,9.565083700471984,8.38,3,3,61.10654106261477,India
9.383983150998596,8.102205661224493,6.93,5,1,87.88523445152528,USA
5.434479219173313,2.946791933368579,6.59,5,1,83.59871753159396,USA
6.185929236138125,6.155681417040534,3.26,2,1,64.0633507166267,India
4.604782369443507,1.119236775480676,8.16,2,0,0.0,India
10.84981908209783,8.252712477046414,3.31,0,0,0.0,Brazil
1.9219352095885736,8.808658274555073,1.0,6,1,78.59604179806544,Germany
8.663812095090215,6.971218042149533,4.07,3,0,0.0,India
4.032310044448545,3.541352113468058,6.78,2,1,17.73004509883218,Germany
7.200373562630117,6.713293533757669,4.78,7,0,0.0,USA
2.6609827180883334,9.602603334682899,4.42,3,2,84.48858767411238,India
4.302001060754295,1.975401306103134,4.56,3,3,173.36478283819537,India
9.308866896165428,5.910831763006072,7.14,5,0,0.0,USA
5.0357930571861464,1.8559976789663566,5.01,1,1,45.33951870220493,France
3.2948643522974326,1.1121200117751564,1.0,2,2,76.92930523973952,Germany
6.063832681769268,3.3869393322319907,2.76,5,0,0.0,Germany
7.01994341919843,4.862303144482917,1.36,2,2,157.7203447465708,Italy
2.9253920279380043,7.884216789157964,5.68,3,1,86.8032642648714,USA
0.9670876704848745,11.020379016357445,2.38,2,0,0.0,France
4.26437879615253,2.672633930836434,5.96,1,0,0.0,India
10.385606307882929,6.114100461606869,9.35,4,0,0.0,Brazil
8.398079726425612,6.500173377136067,2.55,3,2,29.776178587569493,USA
9.087051180718543,8.15851234287729,6.07,4,1,36.74265305673261,France
8.975492667510126,8.110796610314926,7.67,5,0,0.0,USA
3.786055748723724,1.3299863419137017,5.13,1,1,57.740923855235884,Italy
3.837679428192922,0.8260101729290206,3.92,3,0,0.0,Germany
6.586469965828302,5.526658031799828,4.39,5,0,0.0,Germany
2.185113653657955,8.629203847782005,7.59,3,1,94.14674044313236,USA
8.621709648857234,7.335330174158652,4.47,0,0,0.0,France
8.129652846738875,6.57440840252617,4.71,2,0,0.0,Germany
5.494756097357226,6.483481654054489,4.62,5,2,167.12760420863773,Germany
5.590495355713825,6.223703027785975,5.35,4,2,171.90128918247123,India
6.25685806592372,6.056752763798774,6.21,3,3,21.368148131968752,India
8.59280931330865,6.858200397157626,6.13,5,1,81.41592354735617,France
8.66616908702957,7.4772867450434095,7.15,0,0,0.0,India
5.816879473018439,0.6607023804921821,4.09,2,0,0.0,Italy
2.08370768981252,10.21153305184355,9.71,1,0,0.0,India
6.029642970174457,0.6279600131321295,6.52,5,1,57.96519950332216,Brazil
9.38771114058596,6.58401234420465,4.27,2,2,69.76110647657356,France
6.392314028097954,6.087369416970175,4.01,1,1,28.313507475473322,Italy
8.237090968484337,9.185437793648877,3.25,3,0,0.0,Brazil
2.996902996001495,10.088619132968565,5.97,2,2,106.35358799043178,India
5.075826465943574,1.2112284458056481,4.83,3,3,47.58275345307828,Italy
2.1202188937005664,9.265759737138833,4.51,3,0,0.0,Italy
3.7313254319446956,9.727284558370709,5.45,2,0,0.0,Italy
7.246649805872912,7.27051877969758,7.22,2,1,85.4244256973565,France
6.560506349282729,5.693058442609565,3.2,3,3,55.96731838980355,Germany
5.062313809129542,1.5069810719945091,3.53,3,0,0.0,USA
4.861851377976205,6.8362012913987895,3.84,5,0,0.0,USA
10.517535846689794,8.298630058787513,5.39,2,1,71.31571191031327,Germany
2.5580948065268556,7.609096281394747,7.22,1,0,0.0,USA
5.202733316685232,1.835428623552805,1.0,2,0,0.0,USA
1.675275468503846,9.473466207426759,5.54,3,3,136.24844564721496,France
3.5628800421991045,7.946483206619129,1.66,3,0,0.0,Brazil
9.56579256309029,8.541070937449419,6.01,4,1,23.359918683575163,USA
8.542143202647546,7.483782202140369,4.37,5,0,0.0,India
5.37398517203535,0.43546187541072956,6.04,7,0,0.0,France
9.864761867271895,6.815830937115316,7.95,2,0,0.0,India
4.0800737751212495,7.887518659288516,6.58,4,0,0.0,Italy
5.945485748917576,6.446657151576466,1.55,4,0,0.0,France
2.7719443707392544,7.418392159624208,4.76,2,1,12.024028317418846,USA
1.8755365982786913,8.316086453587271,3.65,5,0,0.0,USA
7.28167649142606,6.134922711382119,4.0,3,0,0.0,Brazil
4.927151350255528,2.9168851896967762,5.39,3,2,122.69808182067256,Brazil
3.0576556694816235,2.0233973831064125,3.64,2,2,16.137756653982986,France
6.517084100058309,5.717461534589754,5.62,2,1,27.181839577458618,India
6.76959236721842,5.245061922656488,6.36,2,0,0.0,India
8.045932717220277,8.31804103152718,3.51,2,0,0.0,USA
1.0818922587635338,8.59485137553977,6.52,2,1,26.714335949665056,France
8.142581964163368,7.514964962843312,8.94,4,1,8.233628929184295,Germany
2.452547698155643,9.543978882555052,1.0,2,2,27.2115217288989,India
8.758633689253298,6.7186485164895196,9.14,2,1,23.326835460147393,Italy
5.5745335435647245,2.343095296945122,3.88,2,0,0.0,USA
4.939470559316208,6.137821085697643,4.16,3,1,81.34852240621352,Germany
8.559129984064674,8.08841310893528,8.02,4,1,79.20530790167642,Germany
4.061765377512458,1.715161147743123,4.5,4,0,0.0,France
7.116479240273448,7.0143072825614,3.84,0,0,0.0,Italy
10.349421305088534,8.378875982969747,5.04,3,0,0.0,India
5.193620241380826,4.468469401487377,5.92,2,1,96.54799114580315,USA
9.819298675162086,8.274544251676858,6.54,5,1,9.939127740762395,India
2.1278880107879656,9.3259389842031,5.11,6,2,112.05883681779339,India
1.3389989138561464,9.148582625446114,4.29,2,0,0.0,Italy
5.370103198452416,9.846862662016678,5.54,2,1,89.80418473491189,India
9.133091830861543,6.33627368346649,7.62,3,0,0.0,France
1.4800419857271065,9.486883610611365,5.57,1,1,94.18584398239568,India
6.269187371341777,6.915517032321297,1.21,2,0,0.0,Brazil
8.387126107753021,5.888255892768089,3.39,2,0,0.0,Italy
2.6296621816620385,0.6492185997211692,4.17,4,2,197.46282428722526,France
4.611660957290872,3.337495928111599,4.57,2,1,71.17643103268841,Germany
7.503467439838531,7.157068687503112,6.21,3,1,8.506135017545736,Italy
9.412262389710211,7.332812983805398,8.14,6,0,0.0,Brazil
4.021513816183972,1.1782760369390415,7.43,5,3,234.86859659309732,Brazil
5.50706624905584,1.4758153125266387,1.0,8,2,150.12332265197077,India
6.75883695865016,7.630132274841664,5.54,4,1,64.12847744021032,India
5.337116882618414,1.625644741421874,2.85,3,2,164.37444543565445,France
4.234115455565783,8.45199859895735,8.0,2,0,0.0,Italy
3.501858949861908,6.36438997410581,7.13,5,0,0.0,India
7.690284746849943,7.819162736977917,7.48,5,0,0.0,Brazil
8.039866417658128,7.504794075012758,3.43,4,0,0.0,France
2.152182137087703,8.321376532937668,6.44,5,3,170.01423193364735,USA
2.1425993769559017,8.074406341870967,5.04,2,1,20.85272959723742,India
7.364582736028885,8.516411378375405,1.36,2,2,10.168715504755282,Germany
2.7173198734100255,8.521285193539489,2.97,0,0,0.0,USA
8.411537563377365,6.638050062810283,3.84,3,0,0.0,USA
3.3489194652335263,8.4148934827543,6.5,1,1,77.09697922785,USA
8.035754558302303,7.988874488680942,6.37,2,2,100.59120869782721,USA
7.260864478424144,7.087271282369987,2.56,2,1,43.06321141401544,Germany
7.355883727881373,8.261512515790043,7.39,2,0,0.0,Italy
2.216125149754069,8.299934710171954,6.65,2,1,87.27692633588052,USA
3.7272906380504747,2.674559577750231,7.14,1,1,74.8892854197237,Brazil
5.503802386190547,2.742305463250765,2.85,4,0,0.0,Italy
3.690010438361595,10.128607822867194,3.31,3,0,0.0,USA
1.8163418672349385,9.748923673657652,5.61,5,2,18.812197836488767,Germany
1.1327011730332124,9.327418268211478,4.67,4,1,8.182420752620164,France
1.4261463798774732,10.068088180233225,4.4,7,1,84.30043887671334,India
7.9682620342103085,4.078736603640968,5.1,0,0,0.0,Brazil
6.6621881104254275,6.813968478126945,2.6,2,0,0.0,USA
4.742957057758949,1.997149702956325,7.15,3,1,79.08664415615986,Germany
3.5157401883323915,10.154164689327366,4.41,4,0,0.0,India
3.1058266816644804,11.112225467330752,4.86,2,1,21.699045242863765,USA
5.706929613966203,7.35612734087489,5.01,1,1,6.79500241755409,France
1.3197271341281096,7.786678313061329,3.27,1,1,63.05357384539108,Germany
2.980235928671073,9.246336065555958,5.3,2,2,181.657313110529,Germany
6.808206358570177,6.988958218345108,1.0,1,1,19.84643967546465,Brazil
4.571938963415819,7.62380951018113,2.75,4,0,0.0,Brazil
6.161136893834141,6.589196191683615,3.23,1,0,0.0,USA
7.870804761726834,7.020861871823153,6.25,3,0,0.0,India
1.5108867249047897,8.582665815480274,4.03,4,1,78.56987039177024,Brazil
7.472426424329917,6.903503553519893,1.55,3,0,0.0,France
4.199869250659202,8.035786582331715,10.92,3,0,0.0,India
5.512031941912157,2.297206126647265,6.18,3,0,0.0,Germany
5.338874814634497,7.4065919480708695,5.75,4,3,242.10763056010774,USA
1.0580540152577085,9.973556954283529,5.46,3,0,0.0,India
10.726189993858359,8.02602593456206,4.07,5,1,95.46656028118535,France
5.689927877781528,2.2978279194432503,2.76,2,2,103.8395784618321,Brazil
5.2108245308319745,1.1587668629475414,7.63,3,2,26.590668697392324,France
1.4440256573383636,10.4669028736845,5.97,1,1,27.072867280044996,India
8.825426461067705,7.016233076823985,5.58,2,0,0.0,India
5.429286932392208,8.00226015476236,5.02,1,0,0.0,India
5.775149487313803,7.007268190150831,6.36,2,0,0.0,France
8.169252502139646,6.902589350914937,4.8,3,0,0.0,Brazil
9.63455187940983,6.629824947882036,7.22,2,2,100.0295788992276,India
1.1386614790560368,9.70948902828232,5.33,6,1,27.441295704804467,France
8.515657125893998,8.429116060788187,3.83,1,1,26.721854891896864,Italy
9.06970371412605,7.300845390011362,4.31,2,2,145.7696394779992,India
7.722729495814139,8.047319078890306,2.06,5,1,97.17267547563621,Germany
8.45897235322153,6.675955721279919,5.53,4,3,117.56293458609215,USA
5.0211234913902,1.932563452262202,2.35,2,0,0.0,USA
0.7048495132660071,8.823382336471022,1.42,8,1,99.8043292957098,Brazil
5.138243535864564,4.037515865265487,4.51,3,1,99.0947174817841,India
3.5020636241382954,7.5690808637860965,6.0,0,0,0.0,Germany
9.047856138153065,6.7334969464078815,5.46,0,0,0.0,USA
6.605588350501967,7.1460337873483795,5.42,3,2,14.54906121967754,France
6.254809368097395,6.0751670196386,6.99,3,1,59.19188227326867,Italy
8.605040175078631,7.162395428812702,4.65,2,0,0.0,USA
5.761994749547313,6.378257543916056,5.43,3,0,0.0,France
8.679778103476368,8.498976927837838,7.08,6,3,93.44418300695355,India
6.369528459943997,7.452695641402474,8.1,3,0,0.0,Brazil
4.787176836617185,1.2926756361766842,6.71,2,0,0.0,USA
10.212501209007554,7.24535297936291,5.93,2,1,22.10136857157735,France
4.191183153608617,2.2074289483974976,6.8,2,0,0.0,Italy
8.97689538003342,4.756087005759703,4.52,4,0,0.0,France
3.114216426941259,1.3761976560396165,3.0,4,0,0.0,USA
5.267559254102576,3.637811505907007,4.04,3,3,240.1580328137383,India
5.226936370822637,1.9797183417452713,7.64,1,0,0.0,Germany
5.025589676759553,1.163279584851324,8.43,1,0,0.0,Brazil
10.623353595705712,7.095305381064172,6.18,0,0,0.0,France
6.179417343632505,7.8302621233278185,6.5,5,1,13.180523822416916,France
9.147656249410307,8.225142364423448,6.29,3,0,0.0,France
9.98653504860772,9.162277416410816,4.03,5,1,35.09738093396351,Germany
7.911328127901841,6.647804913083172,8.78,2,0,0.0,Germany
3.362442232382759,3.129751335534972,8.45,2,2,14.300633649847166,France
4.701762189115237,1.0456163531290041,2.0,6,0,0.0,India
7.220826923844566,4.576019809726757,3.41,6,0,0.0,Italy
2.9206242301687526,10.16818686245407,5.86,4,1,32.459263690643,Italy
7.6114864010093335,8.122529267108359,7.21,1,1,15.705536770333591,Germany
7.040912624812415,5.507830679829372,3.16,1,0,0.0,France
4.578781328222234,1.2243698879206781,4.73,4,1,64.86304997275653,France
9.514378844924597,8.03618494762571,5.09,2,2,197.71984606220832,Germany
7.187204580715014,7.847861932823046,2.57,1,0,0.0,India
2.0722594533064003,10.204932402984664,3.53,6,0,0.0,USA
5.407358180782232,1.971455530271668,6.2,3,0,0.0,France
8.435936587607804,7.203004541119509,4.17,4,2,177.53526638489612,Brazil
3.33313311002475,8.295176676749136,4.47,4,2,132.5389438614023,USA
5.96185504059977,5.669943497910628,5.52,7,0,0.0,Germany
6.688587093926952,0.34767741374089933,4.68,2,2,109.9221913735556,Italy
5.048943774562159,2.639797567397623,6.08,1,1,62.492425714501756,France
9.091476256678956,6.11995601926987,6.35,2,0,0.0,Italy
2.4655951766802966,10.709337168629075,2.21,1,1,9.215136783652962,Italy
3.1675247747173234,2.7071201623049705,3.69,2,1,30.225961136777588,Germany
2.887501741087105,1.1124405205453936,5.58,3,0,0.0,Italy
6.6187610164292945,6.080222303569963,2.93,3,0,0.0,Germany
6.6315450320209095,5.636992855808367,2.89,0,0,0.0,Brazil
5.969673201433177,0.29758923431663753,5.45,4,1,64.10075650921638,Germany
5.298021872230665,1.5778861359245513,5.08,4,0,0.0,Germany
5.3907516156294335,2.627600711046353,6.92,3,1,22.663006071527057,India
0.9747155212582352,10.13666034690148,1.93,0,0,0.0,India
4.581971086351192,1.238052883216144,4.94,0,0,0.0,India
2.272401182854823,2.3269403148321217,1.0,3,2,178.3680235493428,USA
9.484235929898308,8.349537041206,2.55,4,1,82.06253510431134,USA
8.045366151190535,7.892552452758462,5.17,1,0,0.0,Italy
8.11946433709531,5.988057622050585,5.14,3,1,42.110573841569924,India
8.805845701882767,6.362000228169489,4.78,3,3,136.19201442330413,USA
0.4208229182720227,8.874696500043148,5.27,4,2,66.89277167186003,India
6.5980437860654355,7.061969659066109,4.33,5,1,79.19769354338017,Brazil
3.6625481336487096,10.15160067056305,2.2,1,1,75.1830986102685,USA
2.3194914554423547,8.352303950401712,1.0,3,0,0.0,USA
4.028793773751383,1.7324453799516812,4.44,2,2,31.66671056310871,India
8.948710937282046,7.372190958661456,5.22,2,0,0.0,Italy
7.784027693482139,7.695897318444519,5.4,3,2,131.23055676604145,Germany
7.885183162335018,7.247132011907573,5.89,5,0,0.0,India
7.2234524963946685,0.642943428299394,3.77,5,0,0.0,USA
7.522080459474736,9.018886409678638,5.55,1,1,33.64547641083235,India
1.8711465216119931,9.51513060314278,4.34,3,0,0.0,India
1.2194448689700046,9.68746747946828,3.78,4,0,0.0,Italy
6.465872988203882,6.637659412640128,9.32,6,0,0.0,USA
2.941971506641139,9.808104595342137,5.66,2,1,61.05376390757048,France
8.218350897286843,7.765777777282363,6.82,2,1,51.79877838140253,India
3.214209478811159,8.958517050540616,5.7,2,0,0.0,France
7.841768419341655,6.879885645280159,4.09,2,2,145.845984668109,Germany
5.612322834146111,2.845957098410342,3.92,3,0,0.0,Brazil
6.031917587815193,2.084299059237244,2.49,3,0,0.0,Italy
1.7975827449638604,7.889644036360452,6.46,3,1,67.0831583990246,Germany
2.589797372349511,8.181230071197563,5.89,3,0,0.0,Germany
2.423988173418849,6.023150157297598,5.12,2,1,73.03537997154338,Italy
5.206084265994322,8.959991261680509,3.93,3,1,13.386225510926948,Italy
6.993209059382059,8.327490926739037,4.29,2,1,36.26654539140651,Brazil
9.324464223484842,7.751581663149869,6.07,1,0,0.0,India
2.659518083324622,8.687589915011957,3.64,2,2,39.52281049179027,Brazil
4.122121389005882,2.190972023689458,7.01,5,3,25.05783396172173,USA
5.855924854561172,5.342254641949465,3.86,2,0,0.0,France
1.3273065300927887,9.495194220947218,4.42,2,0,0.0,France
6.813842501676521,7.4809392323718615,4.77,4,0,0.0,Germany
3.9131046983942586,1.095552327077827,2.64,2,0,0.0,India
6.618971036446068,5.562568774258547,5.12,0,0,0.0,Italy
8.196219997637396,6.0361443223633575,2.84,4,1,6.022316502860452,France
4.5015435542117235,1.5957462828104023,3.34,1,1,35.05893004021595,Germany
5.914562685907588,0.837533779182903,5.34,2,0,0.0,Germany
6.286290591519907,6.618252386030221,2.9,2,2,66.35004662737569,Italy
4.339052880195803,0.3458579559934165,2.49,3,2,195.71876197140227,USA
7.2380216741792935,8.774943960858158,5.11,5,1,30.782700962357378,France
7.3793479398041715,7.592946367553604,6.52,3,3,271.69440587372145,USA
7.430161159351972,7.496839703232348,3.85,2,0,0.0,Brazil
3.8673367243858654,1.9152056842724294,7.77,2,0,0.0,Germany
11.055611466889578,6.592688015801032,1.23,1,1,9.776364784445164,USA
9.366778754536401,6.343209169548106,4.28,3,3,176.28616329016359,India
4.292692341115839,2.743971903928703,7.07,2,2,185.80596725893838,Germany
3.10560903102163,8.715104355770887,5.21,1,0,0.0,France
7.342256467744161,6.4249339234071225,6.12,4,2,133.15541589347194,USA
7.456969206859604,8.390102763855154,4.7,0,0,0.0,Germany
2.495268331139804,8.990161041088319,5.16,8,1,34.732023773861314,USA
2.012998435689434,8.478969415630662,6.0,2,1,53.38263348156935,USA
10.704167511839447,7.351991855937114,5.71,2,0,0.0,USA
2.4637061467219983,9.572622551410028,5.65,2,0,0.0,Germany
4.0347226006221035,2.883588183626302,8.09,3,1,79.74961811145285,Italy
3.2204456396830916,1.1157272543935153,7.56,3,0,0.0,India
7.8355180046808695,9.009393067720227,5.59,2,1,32.50779934008892,France
8.073002959694586,8.713280044974674,6.08,2,1,98.751171344111,Germany
2.0231613336351133,7.466982139259956,6.97,7,3,76.39672606200286,Italy
9.262389543224335,7.981436222045657,4.63,3,1,40.3681829419303,USA
2.2418053089808474,9.335983934394335,3.42,3,1,11.67985860453756,Germany
7.472999008360189,7.120224670921898,6.69,3,2,182.12541380979576,USA
6.479847273534419,7.560876039854973,6.98,4,1,95.83053001324176,Italy
3.162266429308657,2.2307705413388614,8.69,3,0,0.0,France
6.09365309228581,6.291277641733999,3.82,1,1,54.53019741650912,India
5.724077080271644,2.183472724162727,7.85,3,0,0.0,Italy
2.667789809584283,2.261198052246221,5.27,3,0,0.0,USA
2.4479001799482205,0.5509351824338584,4.4,1,1,64.45903721271195,India
3.7067727590409922,0.9762380575386052,4.29,1,1,52.88625161245909,Italy
6.1735602412958395,5.920856216826908,9.25,4,0,0.0,India
2.158567523779191,9.503473258345984,4.21,2,2,95.60637783807124,Brazil
7.074416812434506,7.185418746794512,7.14,3,2,90.82502812259108,Brazil
5.702046283816761,1.6496547371562749,5.05,2,2,114.49650038458645,USA
9.433148067090087,7.364321133722515,3.54,3,1,20.684181804269244,India
8.479591612639394,9.10397566679111,4.31,3,2,150.70267724774462,India
7.737899314379146,9.127642007463107,8.5,8,0,0.0,India
1.4362195752867384,11.378158622817683,6.99,4,3,174.55639060435715,Brazil
5.9306372603505295,4.561078657471416,6.96,5,1,34.85099696389969,USA
4.463766402268239,2.056157102753242,2.8,4,0,0.0,India
4.411873109418384,0.5661922218367432,5.83,3,1,29.55716295885572,Italy
6.931790103046787,3.840631688102083,7.91,0,0,0.0,Italy
7.115607290018216,7.370053614249909,2.34,3,2,147.19656752560618,Italy
5.8374366141682525,6.646824552188074,3.29,1,0,0.0,USA
1.967734894847962,9.773441288500969,3.74,6,2,63.22112132493819,India
7.175414101648568,6.452880124532037,6.46,6,1,66.36169919345431,France
4.593310562551339,10.73898277795943,3.23,5,0,0.0,USA
0.7174785846097591,2.256957711778812,4.52,6,1,41.39588010877071,Brazil
9.145159501024605,7.328666056040553,1.56,2,0,0.0,Italy
6.471531132581325,7.783402704055056,1.29,2,1,13.791977413299982,France
6.633807969334881,8.297749350503352,5.9,2,0,0.0,France
4.8453345232644045,1.197563079338341,7.61,3,0,0.0,France
6.867051421550956,6.012715100277971,3.46,1,1,61.27838062906786,India
1.1096029779069567,7.672158379713206,4.55,1,0,0.0,Germany
3.9987645760034565,4.797500274943778,6.95,2,2,100.29075509431698,Brazil
7.715247357295372,7.244457896011331,8.88,6,0,0.0,France
8.760212064152546,6.896736444575278,4.38,3,1,20.939345742832806,USA
7.936329378425917,6.8862869733403285,2.27,1,0,0.0,Germany
7.733547488671988,4.918041231377418,4.14,2,0,0.0,Germany
2.8830101368265995,0.7041871066862335,7.41,1,1,24.30195368614435,India
2.8362149406625212,8.800829348847884,6.61,3,0,0.0,India
8.278970238937145,6.6986317113968905,5.95,4,0,0.0,France
5.712420635800861,3.4019298459775023,7.43,6,0,0.0,France
6.773121789732084,7.42280646717856,4.55,5,2,106.03199726966578,USA
8.427820965149628,7.333034755439697,3.32,2,1,85.16179183503444,Italy
7.886995150525466,5.412544536953445,4.33,2,0,0.0,Italy
6.358032030798763,5.7278959302072785,2.26,4,0,0.0,Brazil
7.371393803807473,4.702816145726882,2.08,1,0,0.0,India
7.563487394497707,8.705621702260656,5.89,4,1,62.727310033756204,India
2.113398774343003,9.277836940153106,7.47,2,0,0.0,USA
1.827128132990119,9.140464031860288,4.3,3,3,250.59481264727134,India
3.4703982070250845,1.2521995754708357,3.32,5,0,0.0,Brazil
9.051306413186222,7.067167272645557,4.84,3,0,0.0,Italy
4.376389386081781,6.855629923424035,4.65,2,2,173.36897734195216,Brazil
3.583889024301258,0.9231148941175458,4.39,2,2,190.42507157417168,Germany
3.9167103973987083,2.339775930954537,6.69,2,2,30.771513928473546,Brazil
1.2537940135928538,9.960155771882468,5.39,0,0,0.0,India
4.450688654953021,1.886831825694005,5.85,4,0,0.0,Italy
8.462001798989435,7.929947643889866,4.2,2,2,101.14247866983236,USA
6.887987978422727,5.904272701652129,1.66,1,1,92.29658976377831,India
7.229325936510021,6.8544372780683345,1.0,4,0,0.0,India
2.1154003248364988,7.0866135488527116,5.13,4,1,71.54265506528377,Germany
8.47746714707033,7.844388608060275,1.12,4,0,0.0,USA
5.790354944220171,6.498075887559936,5.05,0,0,0.0,Brazil
1.6140044030250178,9.649457929880292,4.59,1,1,22.465926412706576,Germany
8.385374991715437,6.040165053533919,3.42,4,1,35.1476285040267,Germany
1.4876822302708863,9.93320098285665,1.0,3,2,137.7566493817655,Germany
9.530258597253649,7.813485224951419,8.38,2,1,9.243615706237197,USA
1.7308365468861124,8.463100411869789,1.8,4,1,64.87920016635496,Italy
7.020049052893189,7.515715164957399,3.08,0,0,0.0,India
4.973248687488979,0.5196408154546215,4.96,4,1,83.40787244577578,Germany
6.516631487718582,8.053739985822745,2.33,5,1,8.954401165243283,India
4.35775305929419,3.2038725889252024,4.41,6,2,73.93065490508398,France
3.1209667139580355,8.97724933114991,7.6,2,2,195.47875529209898,Germany
2.8741503525956356,8.175076460859316,5.48,2,2,129.2871160394739,Brazil
8.328832894980481,8.665779698358884,6.39,5,1,93.54596702364249,USA
7.697364824270602,7.775185388782897,6.83,2,0,0.0,USA
2.690646692300267,8.907949125667006,2.96,1,0,0.0,France
8.89634285102994,6.87015826122786,4.89,3,2,55.21296024080954,France
4.59998445247639,0.5689301176791433,4.85,1,1,51.71860291593592,India
5.091946674487772,1.6171955995548992,4.27,2,1,54.43619662086128,France
4.366149584061341,1.9588993309913434,6.33,1,1,70.18229328386072,USA
2.267235351486716,7.101005883540523,1.0,3,1,46.69432906827755,USA
4.875334631339216,1.7151956074877122,7.67,3,2,142.38816780630583,India
9.085185649146863,5.763089447693672,5.97,2,1,59.55796218898996,Germany
7.184085212299499,5.572974170125233,4.15,2,0,0.0,Germany
8.7233801499439,7.699162236394752,9.44,1,0,0.0,Italy
3.4769398493751886,1.615754635770032,6.29,3,0,0.0,France
3.5030602978876035,9.434477671093314,2.56,2,2,192.91032345199693,France
3.4045439454157744,8.6061852890381,2.21,0,0,0.0,Brazil
3.5220287433871738,9.328533460793595,4.44,3,0,0.0,India
8.651049742595115,8.109992708562487,2.59,5,1,46.199672359773864,India
6.2041363438858,6.3025926386687345,6.38,5,1,92.06973199306857,USA
4.305075848783599,0.179248570748769,2.86,2,1,91.78793176049787,USA
3.663258520364545,2.133438541358309,6.51,3,1,91.8819536576316,India
9.535359226000871,7.608362610854153,4.61,0,0,0.0,USA
4.670942262627033,1.811402402775063,3.61,2,2,101.18913263621863,Germany
7.567148928701432,0.9788146183098586,5.19,3,0,0.0,Brazil
3.3656958604619494,9.111956504946656,4.46,2,1,67.3927429349513,Italy
8.174052552378885,7.5459107296334,1.0,3,1,62.49959825527054,USA
4.432894247129733,0.942144408793425,3.49,3,0,0.0,India
6.568237253454843,6.4105131099815456,6.09,0,0,0.0,France
1.0165090540932284,8.743162527155754,6.32,5,0,0.0,USA
2.9392515865767237,1.2384264704680228,7.13,2,1,35.16085397591306,Brazil
4.819793205774518,2.8110002191702126,2.26,1,0,0.0,France
2.1850312705643082,8.884143073830638,4.81,3,0,0.0,USA
7.186688807950131,7.203250976172937,1.0,2,0,0.0,Italy
3.2401538987682237,9.77220797812194,7.97,4,0,0.0,Brazil
4.059861054118883,9.08284910300435,4.46,3,2,144.79175435136648,Italy
8.836671901014059,7.675547744287984,3.16,2,0,0.0,USA
6.01547580053231,1.5690743721083322,2.53,5,3,130.1303388231214,India
6.9555259762309305,6.799790020650735,7.24,3,0,0.0,USA
9.724367145021917,7.301138259001893,5.14,3,1,46.28808566273901,France
5.1668602275918545,1.9807298643348652,2.58,5,1,36.96461786657815,France
9.42361828795238,6.999047758002278,5.96,3,2,100.16259650865427,India
10.385858838910456,6.843102696095209,2.92,3,0,0.0,USA
3.116706372054254,1.441758282802307,5.77,6,0,0.0,Italy
4.482854007783393,0.7630087405265742,2.17,5,2,160.42512960256164,Germany
7.34573539069545,7.485765226786579,9.05,3,0,0.0,Germany
4.241433561238734,1.5265266371261257,6.26,6,1,33.72691296830595,USA
3.345259775152775,10.43878194944527,2.61,0,0,0.0,Germany
5.211020078266175,1.249683061520932,6.31,3,1,88.92862793171396,Italy
7.921700067913169,7.608034898020348,6.55,3,1,12.527227469737632,Brazil
7.909476510585787,6.077193437750278,2.75,1,1,13.566069483763885,France
9.591046998539078,8.799637790064468,8.97,6,2,125.32527416275013,France
7.407328603071876,8.007395116982877,7.46,1,0,0.0,Germany
6.760872402073211,2.9510172485950634,5.01,3,1,20.500599569448696,Germany
6.6717071237673125,5.894161209961226,9.26,1,0,0.0,Italy
2.083353964422921,9.432491884086293,7.46,3,0,0.0,Italy
3.7835303179468975,1.361535947246173,3.99,1,1,80.88588441120189,India
8.5769232540888,6.909006698031053,4.19,7,0,0.0,Italy
4.296543660375653,3.11537707682629,7.86,2,1,74.17302319451888,Germany
10.053870968687068,4.780429726023924,6.5,2,0,0.0,USA
8.638947835982002,6.477894427509299,5.62,2,1,53.48279745417863,India
5.671259361505433,2.361355479595465,3.09,4,0,0.0,Germany
9.455183089739588,8.170245254269547,9.53,1,1,59.14401527205183,India
8.801235414699555,6.593865033204583,5.39,2,0,0.0,Italy
9.34022187163368,6.778899526160406,3.99,6,1,71.89218312592457,France
6.350907645418889,2.4971301960174666,6.79,3,1,52.541448362709986,India
4.094791606232511,3.7899253135158366,6.04,2,1,99.16814049028274,Brazil
1.585170603845849,8.829383991755332,3.39,2,1,49.46414984441704,Germany
7.284638262601968,6.750687916460646,4.02,4,2,178.6205915473422,Germany
6.545682143152231,7.260017559816523,3.45,7,2,35.43813849713814,France
5.3707082968843665,5.761771456482819,4.17,2,1,53.3116781946957,USA
7.359789474344314,6.8499689319607695,6.46,1,1,65.54641244442968,Germany
6.213084659168639,6.206340758939687,8.74,1,1,98.5172179748443,Brazil
8.173775342241829,8.09829630557306,6.38,2,0,0.0,India
2.7316725198310157,11.06114832391788,2.34,3,2,97.51894702001618,France
2.9185060971484713,10.020210639994739,5.62,2,0,0.0,France
6.617610616792795,5.946686638800083,6.14,3,0,0.0,USA
5.559750352182531,2.99209292403063,3.51,5,1,36.076786042820586,France
8.936220161808146,6.0910685246684775,7.87,3,0,0.0,Brazil
5.783444881156714,2.0796636642308237,7.2,2,1,91.17955938595254,USA
1.6695337586215615,7.656768588356386,5.04,1,1,44.20031671249227,Germany
1.5443459899552927,10.629868951746554,4.14,1,0,0.0,USA
4.746061755668317,1.3353609910807962,5.43,6,2,97.6727835879896,USA
4.225251935656238,0.9779957240414946,2.53,4,2,31.353047506407965,Brazil
6.5377661288868065,1.859357145526974,4.64,1,0,0.0,India
3.2262137721806865,7.729701862498352,4.9,1,0,0.0,USA
9.552280668795564,7.868663795009244,1.36,3,1,83.61987640775972,Italy
4.672902143421134,3.3201109283297274,8.1,5,3,39.11705855752234,Brazil
9.71948081898227,7.604879453037073,7.43,0,0,0.0,Brazil
4.236175402230194,2.802318719000274,6.53,4,1,21.971937957236978,USA
4.159664402095702,2.242020470341724,8.01,1,1,15.822598614037537,USA
4.365076531475413,0.2280737895101863,5.28,0,0,0.0,France
6.461535763644669,7.555047450189445,5.48,2,1,11.37385298863406,Italy
5.681401797949983,7.165651218583171,8.97,5,1,85.22613366187291,USA
4.617442784247528,1.9152191421780145,6.01,3,0,0.0,Brazil
9.097286591403524,5.761644343774273,1.59,2,1,53.187061109074754,Brazil
7.712768714480236,5.8141458735441205,1.53,6,1,78.44838557401641,Brazil
3.317691225945938,8.512529084613785,4.64,1,1,12.496616452452983,Italy
4.230077592434569,2.7565283944647634,5.24,1,0,0.0,Italy
9.110327728944146,6.701458080553748,5.05,6,1,21.514287862982357,France
3.6764824950295325,0.041104525420772475,1.0,2,2,48.756878978648345,USA
7.627636677751805,8.66504812614805,4.74,4,0,0.0,France
7.54740958543956,9.076555854919047,1.0,2,1,85.1937667766536,Brazil
6.5850503906109505,7.52694589744357,3.36,2,1,92.09913849250086,Italy
9.05380447280035,7.886502097403559,5.97,3,0,0.0,Brazil
4.455589834395389,1.767329824019388,2.53,9,0,0.0,India
9.603808977078096,7.279977243419823,4.22,1,1,70.15728416077108,India
2.7881605533845586,8.734525959702488,4.27,2,1,56.6361356639961,India
1.6475614985548062,9.15334652685174,7.22,3,3,184.72366482696248,India
8.950591523827308,7.353085202370805,4.29,0,0,0.0,France
1.618814459532964,9.589491144304887,7.54,4,1,46.41067181787842,Italy
3.880871320283216,8.304845125770775,2.39,1,1,25.775127995878915,India
3.651349828362201,4.2140962401465245,5.26,5,1,33.3139622197276,India
7.7593445525358264,7.054376627742872,6.65,0,0,0.0,Germany
3.4878812886489583,2.082252654290564,4.98,1,1,44.443659029640266,France
2.0064528155619357,6.521015307868244,2.34,7,0,0.0,USA
8.398817737816891,7.518151493416115,1.09,1,0,0.0,Germany
4.336993592429108,3.3192694784549897,4.64,5,2,156.29174951952646,Germany
7.901102582969396,6.667771654859564,3.84,4,2,67.1911062990759,Brazil
6.412242142782958,6.795751039553277,6.15,2,2,185.53490860168932,Italy
7.408252441854044,1.7216177837565956,7.86,1,1,88.27805871226148,Brazil
4.685839772277035,1.7305866476509382,5.93,2,2,47.768561458060574,Italy
3.6132533533439224,1.5150326940990124,6.52,0,0,0.0,India
4.463744638517323,0.4390449904918805,9.87,3,0,0.0,Brazil
5.1180194117839095,1.395940958230161,4.61,5,0,0.0,India
1.8704674010235656,7.871281215467838,7.42,4,3,89.19298577880946,Germany
8.262099037040384,6.315041488212387,4.1,2,1,75.35544158415108,USA
5.172662045550726,1.1676430014302115,7.28,3,1,12.151006583551052,USA
6.280537431887461,6.7044358807841675,2.55,4,1,15.19649639706582,India
6.55279498166775,6.014750884225877,4.29,3,1,23.55017761183749,India
8.31776696079214,7.284006373267142,5.32,3,1,69.37538410696773,Italy
5.981382618295041,7.043743264133438,8.14,0,0,0.0,Brazil
7.426231381958421,6.854452297554885,5.08,6,2,117.89541037543029,Germany
6.592938531767998,0.9783133314731909,4.76,4,1,84.21921654292044,Brazil
6.086442127479469,1.513310421625592,6.29,2,0,0.0,Italy
5.424225853425078,7.468128112312914,2.59,1,1,34.69828485272913,India
6.531531899363925,7.271409483174324,1.74,7,0,0.0,France
6.72252854050744,6.811428883625409,5.48,3,1,96.3903478865058,Germany
7.42579329536929,8.294572604642267,4.73,2,0,0.0,Brazil
7.605409169958527,6.986779885450807,8.32,6,0,0.0,India
7.3189495736840575,8.053603008036301,6.29,5,0,0.0,France
11.068458009550625,7.05969468509807,5.18,1,1,41.47655925883564,India
8.5373593799936,6.527391409955748,7.85,3,0,0.0,India
5.329043293302437,1.2895354016543443,3.94,0,0,0.0,France
2.0585942101902113,7.144469788666157,6.5,1,0,0.0,USA
6.128063965749099,6.096724869121707,6.26,1,0,0.0,Italy
9.998664612736162,8.755272399739782,4.06,5,2,63.85207336026081,Italy
7.6466074542343145,8.029417111603255,4.72,2,1,13.551426917652782,India
4.07243155499975,3.774698091772918,8.24,3,2,63.91824375243267,France
3.3653674637145,9.049852202231316,6.68,6,1,44.54116058232305,USA
3.9324392914159136,4.183025349689196,2.96,5,0,0.0,Brazil
0.06344564343592385,9.143507310173549,2.56,4,2,194.0163035890688,India
1.8084970109321665,11.828940572670874,5.4,7,1,65.81389720079326,France
2.381093208141961,8.33323447072344,4.17,3,1,16.11339878741196,India
2.6325416870988607,9.323333571230975,6.0,5,0,0.0,Germany
2.7268788262799704,10.11306298018551,5.76,4,3,267.48885613218437,India
6.696172964679038,6.260760297841248,7.11,2,0,0.0,France
2.963992340430443,7.974479597171437,9.86,5,2,137.5279734615731,India
7.949785654658131,6.612973296814216,2.64,7,2,50.559561315143526,India
3.919666815221311,0.8475147161401471,5.47,6,2,173.58669915455476,India
4.937340889345918,2.112667480088191,4.09,2,2,117.86013679546366,India
9.297803188588654,8.206447721085455,6.5,2,0,0.0,Germany
6.4495380349795175,7.683934241518692,5.37,2,2,37.645936883230746,USA
2.778604457497308,9.731828383994284,1.0,2,0,0.0,USA
10.660862100322612,6.235589456869628,4.09,1,0,0.0,Germany
5.807388659214547,1.2492049534729446,8.34,4,2,125.26281428284841,USA
5.174226049681886,0.2047542583026596,4.15,4,3,39.89575834468286,Germany
8.20490856310371,5.534006169413466,3.72,1,1,57.20816885827053,Brazil
6.96718073760471,7.113186785326769,3.02,1,1,63.494301516576414,Brazil
7.4399803472111135,7.0554677676707875,4.26,4,0,0.0,Germany
1.0322631969344758,7.846506576930387,7.04,7,0,0.0,Italy
3.3445446763125073,11.15943525597171,5.59,6,1,38.113551013352534,USA
4.224962558107774,3.475122649129328,3.72,8,2,130.6155832477835,USA
7.934647946528455,7.600388169863878,6.46,3,3,280.6769508561615,Italy
4.932047664435427,2.088014774218485,3.96,4,0,0.0,France
8.24763971179182,5.914538615546968,4.22,4,2,67.42125440176194,Germany
8.28324340222308,5.930846418993638,6.56,4,1,84.19682423913818,Italy
6.976973160044003,6.101335285298164,2.75,4,1,68.36289383011766,Italy
7.832087009324374,8.142431221845987,2.21,4,0,0.0,Germany
7.330411684244735,4.793845492467865,8.97,1,1,47.900616014877706,Brazil
5.3430190334641505,4.471600167662227,5.57,3,0,0.0,Germany
9.176076789337944,6.525337021601737,3.08,0,0,0.0,Italy
3.163616292226322,3.7787441166275473,2.51,3,1,19.48526723152007,USA
7.917931595381526,8.391379592793102,3.61,3,1,27.61320896543436,USA
4.826985936353193,2.3615942976182382,4.74,4,2,148.8631854070907,USA
10.345912891399948,8.231968081144476,2.7,2,1,56.470454083890246,USA
2.403303169937516,9.598699108670806,10.71,3,1,19.725561291327043,USA
4.0402388414068975,2.3851226830025416,5.52,3,1,43.86892986198637,France
6.1354505727105275,3.251604641906447,4.7,2,2,148.3212386155742,USA
6.279983550426235,5.6084128017533885,6.78,5,3,273.765555358542,USA
6.337122961486754,5.621348353515878,6.17,1,1,25.205365626902505,India
4.65947845280573,1.170739644075895,5.17,1,1,88.34258261924433,USA
7.194228638593319,5.349923969479386,3.69,4,2,185.99097054378532,Germany
3.3857178492324973,1.4181529823966226,8.59,3,2,160.87414677653922,Germany
3.7188923658938577,9.614214858194526,5.09,4,0,0.0,Brazil
5.95198165934797,7.510554784069127,2.52,5,1,61.62014172592569,Italy
1.1918035574184245,9.211885732890721,4.64,1,0,0.0,Brazil
4.2917214394107885,1.8982431278222842,3.73,2,2,188.98060741793486,Brazil
4.0379343942929244,1.3399382872257548,1.0,2,2,180.1333484985495,USA
2.3785075985883677,8.872760374831373,4.48,3,2,190.71089807635218,USA
11.3663323456565,6.4893288216249205,6.64,1,1,96.25376064712853,India
6.183437475325024,5.408709245109424,4.66,0,0,0.0,Germany
5.532954189750124,6.506987196184937,2.95,2,2,151.23910019197652,USA
0.34414155524614776,10.204834722541918,3.27,1,0,0.0,Italy
3.5738466646004206,1.9216274753330804,6.27,5,0,0.0,India
11.324494324357367,8.443579553398486,9.42,3,3,264.2072385641513,USA
6.079962675803696,7.467032198721041,5.67,3,3,279.17378507813214,India
2.073222233552704,6.482040042978636,5.88,2,1,26.578081947089665,France
4.57630529704198,0.5222417928295078,4.16,1,1,23.55810709571151,USA
4.745157460137779,2.1237721767853657,4.55,3,0,0.0,India
7.340019523807925,6.908079007762929,9.96,2,1,74.32424591525746,Germany
8.17455907649153,5.421224204643478,5.22,2,0,0.0,USA
6.318620110990636,7.458430031836831,7.7,3,3,51.48466084803815,India
4.315969983012179,2.185048862769616,3.89,2,1,57.58569555554164,France
7.78778113975894,7.302310278080691,4.38,1,0,0.0,France
7.7909072480542285,7.08540211490446,4.12,3,1,50.079870560929265,USA
8.563813769142726,7.140599617086112,6.4,2,1,73.72605997464078,India
2.424056411207433,1.7777348374179682,7.65,6,1,7.5484584488987885,Brazil
2.4598892915325274,9.783125804167218,5.4,1,1,97.4021466129624,India
6.162363647368055,7.7395088040931475,4.3,3,0,0.0,Italy
3.9258137182459225,3.151589001504452,3.41,4,0,0.0,USA
11.364289038405389,7.451511279175967,1.7,2,1,48.527136846650144,USA
3.530128708339827,2.2964168714742943,7.43,7,0,0.0,Italy
3.2375095528042763,4.064263956673209,4.98,2,1,30.51554235685755,India
6.7267145382180376,7.846289657865421,1.53,4,0,0.0,Brazil
2.152422077521972,1.514946654684231,4.91,4,1,16.40603544596504,France
6.390393177601235,6.408239645399271,2.44,1,1,93.61941626090295,Brazil
5.124613484197026,1.6713711905444792,3.5,2,2,137.31785021693707,Brazil
6.143972047509902,5.954205416548229,2.01,1,1,59.70539660759816,France
7.6716307652465145,8.073488405719766,1.0,5,1,7.222617820925304,Germany
4.84922769356279,1.928125565929808,5.24,3,0,0.0,Brazil
2.9637453417961943,8.795632850763285,3.31,2,1,42.388244738811196,Germany
8.6743762757412,7.733983137400781,4.0,3,0,0.0,India
7.400299034762748,7.392397555012472,7.8,7,1,78.71356271221597,France
7.280800362898659,6.021758360270557,5.44,5,1,93.69208194799765,India
7.342906400633185,1.742508017301024,6.86,5,0,0.0,France
5.777259933857016,2.372639056542917,6.52,1,1,20.9021870545941,India
1.629780581915347,7.936910051213563,1.84,3,0,0.0,USA
5.0264650661332935,3.3324672833055375,8.64,8,2,44.48641491834552,France
3.3503787665041216,1.671589876149627,3.36,4,0,0.0,France
5.596272613863064,6.983697487923012,6.63,5,0,0.0,Brazil
4.819501108860025,3.3183173043931466,2.12,3,2,43.59940663304617,USA
6.50207245831336,7.062150024361602,5.54,1,1,82.99592241711066,India
4.479459454252754,4.474070181875014,2.53,7,0,0.0,India
7.190598657637342,6.477593383540626,3.52,3,0,0.0,Brazil
6.592406845975991,8.859429388128643,2.9,1,1,91.2817876153105,USA
8.357181865870823,7.61081948824779,4.96,3,0,0.0,USA
8.963502676930872,9.394694218031814,3.65,3,0,0.0,USA
4.263456281639906,2.289237553670683,6.15,2,2,62.11900430870856,France
6.238200643869135,2.706717497446598,3.94,2,1,86.15220759541099,USA
6.712659567817107,5.41942926114681,4.34,3,1,26.272003007859084,Germany
1.2783231098980152,10.699300406906831,7.18,3,2,176.80448694100866,USA
5.716637595473932,7.033190097757349,4.97,4,2,175.57452960284155,USA
4.585100475889276,1.0507566990967787,4.55,2,1,25.484956899154625,USA
3.7510191381924267,1.8134211859491454,8.8,4,1,96.77330624192783,India
7.363105326145647,6.908598717786339,1.82,3,0,0.0,Italy
6.5196107259130445,7.108260942564181,7.32,0,0,0.0,USA
4.699119328031303,10.208878348712052,4.34,4,1,95.27196353206136,USA
7.169657592617463,6.45828230711507,5.37,3,1,18.42769036937848,Brazil
3.703720562818785,9.300089414993055,4.08,3,0,0.0,France
7.39132313905095,8.595441218921069,6.61,0,0,0.0,USA
3.3689271151358184,1.5945899407275779,2.06,4,2,88.26960069994963,Italy
3.8396561008281975,1.420476730157235,5.84,2,0,0.0,USA
1.7778173704777578,9.604708189449784,1.23,3,0,0.0,India
6.427003161171149,6.6907755570957805,6.13,4,0,0.0,India
1.8190536313416377,8.613065656312486,4.29,4,0,0.0,India
6.333228239483999,7.238652120838556,2.44,2,1,49.67220755130065,Germany
3.589441207472134,2.819288153236666,8.48,1,0,0.0,Italy
4.615480268991945,0.5509400344345248,5.52,2,2,184.47161525358268,Brazil
9.3439483425552,7.403682675986257,3.5,0,0,0.0,Germany
4.65987432243452,1.5733429496542055,6.16,4,2,105.37075789856965,Italy
7.104886417251747,7.557717066996909,3.88,4,3,288.0878667286803,USA
9.724063357269765,7.060706072972588,5.73,6,2,119.1945509836568,Brazil
6.7136083432766975,5.883646977862963,6.54,4,0,0.0,India
10.174730179994274,6.446388977051279,8.22,7,0,0.0,Italy
5.4768699908617755,2.3416672707797708,1.0,1,0,0.0,India
8.950244441835215,8.274579777980168,4.35,4,0,0.0,Brazil
1.2596927223465915,7.681508730718672,1.92,5,2,123.3149421911361,USA
10.579007193123394,6.801392729272956,8.47,2,2,11.928037884683004,France
6.687705186115156,4.747963133132245,3.58,1,0,0.0,USA
1.4507731362031624,7.255546641775207,6.64,4,0,0.0,France
4.995217031818238,0.16390196935247392,1.0,5,0,0.0,France
2.580718352535781,2.7716710218479523,7.5,1,0,0.0,India
9.161918827917042,7.825417305359325,3.55,0,0,0.0,USA
4.962339222545516,6.051011153257611,7.24,4,1,19.558085750193154,USA
2.881404399123803,10.103034747902507,3.16,0,0,0.0,India
2.730161796882414,9.041171967192852,3.9,9,0,0.0,France
8.712403936150555,7.830159370407706,4.47,3,2,163.4400507234689,Germany
4.0534636873393275,1.3533975556868545,7.52,3,0,0.0,Italy
2.3182810989090394,8.97795552015598,6.76,3,2,47.73850017711296,France
7.990010536931405,7.24623341534932,7.54,0,0,0.0,USA
9.379622245774438,7.095418231047186,6.55,3,1,97.50371603173227,Germany
6.917345140916861,6.123382590422518,6.0,7,0,0.0,India
5.823596819585556,7.402890809842118,6.66,6,0,0.0,Germany
2.845686969678665,3.0563148966014664,1.0,1,1,84.62281240597082,India
8.837166769915138,8.01522802910669,6.52,1,1,97.97439539038722,Germany
3.465633999870759,9.4866924060787,4.26,3,2,129.70482196344705,Italy
8.970753341579346,7.408320644524847,7.01,3,0,0.0,France
6.532070597061169,1.089450543249669,4.91,6,3,273.43467042780753,USA
5.6112911939004615,0.6779110632736112,4.63,3,0,0.0,USA
2.5152685345926433,9.852776902649964,8.05,1,1,80.1213394853235,France
7.565181762634776,8.369031849346523,6.01,6,2,61.834528464411335,Brazil
8.791223058876698,9.746629046112258,6.71,2,1,55.092439842785474,USA
2.9922586747361897,9.16107914018387,5.11,1,1,58.92009234930468,Germany
8.537326522717535,7.897290676643288,4.43,0,0,0.0,France
7.7126478245125485,7.566625973827118,6.96,2,0,0.0,Germany
5.533752187973553,6.261647200887728,4.87,2,0,0.0,Germany
7.829622894670965,7.432860380342269,4.01,2,1,20.974534735176647,India
8.649657309126011,8.262552072997849,5.64,7,1,64.72813302166526,Italy
5.068640095108865,2.7436332796279586,8.07,5,0,0.0,Brazil
9.362556204740597,7.659844725120389,2.75,4,1,70.53627954213825,Brazil
4.557286260876811,2.7431384152759546,6.06,3,1,9.15771043818804,Brazil
3.797505240516288,9.307001610340174,6.26,2,1,18.560720984722728,India
10.129960667346976,4.768020266023038,4.52,2,0,0.0,USA
8.531707969654088,7.471986597045592,5.84,1,1,89.33949139591661,Germany
6.377392470799296,8.502430206569713,4.55,2,2,147.14268173297685,Italy
6.559568999658025,8.19554785916321,8.12,9,3,263.86311167897566,Germany
2.603656337494753,9.433896100222439,6.4,6,0,0.0,France
6.623512488664121,1.9850501184585239,5.51,2,0,0.0,Brazil
6.543551778645924,6.37999676365508,1.36,2,2,26.45821937054684,Brazil
2.069696392432524,9.793222631710435,5.96,2,2,117.98737329188118,France
8.128290615913897,6.09462700344637,5.68,2,0,0.0,Germany
9.176514473618479,6.747497745022035,5.91,2,1,27.313172058373397,USA
1.8387170058115376,7.942428895158166,5.9,4,0,0.0,France
6.450816010718264,8.33615608662238,3.6,1,0,0.0,Italy
3.117203765990074,7.999806401490908,7.17,4,0,0.0,India
8.941455818987386,6.804497196580555,5.62,3,0,0.0,India
1.0450203843003127,10.01114490166413,2.33,3,2,119.35629510082275,Germany
8.818055864513722,5.791301128258391,4.42,4,0,0.0,Germany
9.429373477362851,6.272359309148509,6.37,1,1,30.56819731545981,India
4.153202513346504,2.916767460213678,5.81,4,0,0.0,USA
6.63191547218741,3.8070662299651072,3.79,2,0,0.0,France
1.5938073474925885,8.464745853602787,6.29,3,0,0.0,Germany
4.15099271718441,3.5621100123848146,3.31,3,0,0.0,India
5.195704863803229,1.746642211557894,4.56,3,0,0.0,India
8.89901318983793,6.414870633583245,3.67,6,0,0.0,Brazil
3.685370959607531,9.50184642528504,5.33,2,0,0.0,Germany
1.3026886565443934,8.197350457211085,4.49,4,0,0.0,USA
4.671638292809552,2.048843224554118,3.33,2,0,0.0,Brazil
7.047766837200437,6.730114503368208,4.28,3,0,0.0,USA
3.0614206673337216,9.647217945953832,7.86,3,1,96.54419353021069,Brazil
8.860971886772385,7.127229297752937,5.72,4,0,0.0,India
2.480452800117933,10.29273799080562,2.83,1,1,62.11802051389751,France
10.35819579401152,7.268129390016368,6.35,3,1,22.706422829828238,India
4.351816037876823,2.4041926419516253,6.66,2,0,0.0,Germany
9.209519707897536,6.380053091090547,2.42,3,0,0.0,USA
7.660432142730263,7.368383317972635,5.39,3,0,0.0,USA
3.432119443684749,2.782282474672111,5.28,1,0,0.0,Italy
0.18986808307105596,9.407603967592694,5.85,6,0,0.0,India
3.614902291538686,8.799365097909586,5.94,3,3,249.1911095764605,Italy
4.210841588135436,0.26838377815061754,3.22,2,0,0.0,India
11.579817186113388,7.711737907089776,4.28,1,0,0.0,Italy
4.6219838592197515,0.9967696352769346,5.07,4,1,60.18871130032422,USA
5.696726701763746,6.373133247447805,4.19,3,2,176.12179154201436,USA
2.2925726476481314,7.988533444558044,4.51,1,1,60.76441998914078,India
2.496368979509065,9.494113163565155,2.32,1,1,19.302015347508096,USA
3.046843380832567,9.669689958048558,5.17,3,2,172.1515272886317,USA
5.266755899757123,1.9244040320976168,2.49,1,1,54.40171593945841,Italy
4.931257821044047,2.0053547709775716,3.92,3,1,6.683868324183699,France
6.855680808702009,5.493149703002667,4.92,2,2,38.2181588932507,Italy
5.581292701375853,7.967587761388314,9.36,5,0,0.0,India
6.354482532362999,5.520391380275051,4.69,2,1,64.37874602078992,Italy
7.482924039929425,6.306550756398521,6.21,3,1,79.59983195833755,Italy
7.547568861610775,7.441770150201373,7.06,6,1,50.62681013297203,Germany
4.593617618961759,2.0872711761672518,7.62,3,2,20.75412396518857,Germany
8.367001637555248,6.792904601238679,2.65,1,1,85.360851661643,France
4.726895316620488,0.9370261119655352,5.05,1,1,39.979554289137546,India
6.593353854373827,7.724847002067123,3.57,2,2,174.4152605490457,India
7.198044044869574,6.864072930262468,7.8,3,1,90.6039806006971,Germany
7.390311129346921,6.00838516909181,5.13,6,1,98.46644399891541,USA
6.073711674887946,0.5958741946686321,6.12,4,2,77.81873053792671,Brazil
2.56539248521179,1.9511348199364615,2.97,4,0,0.0,USA
7.542965514663572,8.25525898531625,2.66,3,0,0.0,France
5.5068775249023965,8.14886060087723,5.1,4,0,0.0,Brazil
4.323795875105128,2.2875083670721623,4.78,6,1,82.19142350637473,Germany
8.001118269907328,8.047322331943125,6.86,2,0,0.0,Italy
1.2415461118647764,9.303014131208158,2.89,1,1,97.25879861464999,India
10.143840194218981,6.2608226399708045,5.95,2,0,0.0,Brazil
8.300962331701186,7.996243403358844,5.79,1,1,81.25787412139945,USA
3.104858917096242,10.388724221369138,1.1,2,0,0.0,France
4.559555080336951,9.75346662289989,10.33,6,1,56.65939810996004,USA
4.770998160903249,2.8580122667418904,7.83,5,0,0.0,India
2.4489674131117236,11.477528240683608,3.63,4,2,197.3965312728248,Italy
7.9316793708267275,7.60381420746461,4.84,5,1,62.385573086962594,USA
2.306868826629948,10.64614302728743,8.21,2,1,67.51430086440298,India
10.251116334427287,7.723829008653523,6.14,1,0,0.0,Germany
4.488497433428538,9.762196384315855,6.98,8,1,97.33533097759644,USA
3.3091381297546842,7.1062839910750135,6.23,2,2,137.5491403779999,USA
6.071030953989842,1.7131334337602873,4.2,3,2,14.29639662976017,Italy
7.7983010367733225,7.717649425932851,4.01,3,1,85.25398470668253,India
2.015879722171861,9.199122251893195,1.66,1,1,24.463071495153073,India
7.367639994323356,6.697521789061611,5.19,3,3,61.19893217977803,Italy
2.730240086589801,9.083655930856391,2.69,2,0,0.0,USA
6.6973469676134005,8.194309122899057,5.52,4,2,199.16966145462058,India
1.9915386025836272,8.288542315044856,1.0,0,0,0.0,France
9.661276382498368,5.860019812194297,1.51,1,0,0.0,USA
1.6610234103860821,7.781762813429813,4.18,4,0,0.0,India
4.445387351363325,2.6390475076471223,4.5,1,1,75.23803794924362,India
4.815452921153923,0.9484189338643418,4.38,4,2,72.36184836748768,Brazil
4.287785207059267,9.3339379541173,6.97,7,2,122.88593329330355,Italy
5.421236956034616,2.0255424526683004,6.1,4,2,20.37270034631745,Germany
5.367559242009817,7.034007367261582,4.54,1,0,0.0,India
3.8040085806097954,0.8772988731420146,2.07,4,1,13.043770649332755,Italy
10.687735762514416,7.006839427535294,3.89,3,2,32.96864016993088,France
1.3126261213882588,8.855756555171352,3.9,6,2,138.0783742011392,India
1.8444948777196402,8.461365290831019,7.24,3,1,41.863614991981734,Italy
7.829224344907958,6.954522726247171,3.68,3,0,0.0,Italy
10.218898774083007,7.090923677063217,2.08,2,0,0.0,France
5.160634956586812,1.645363224064209,6.77,3,2,111.48621192874481,Italy
2.4332423551366626,9.756968546558044,5.66,3,0,0.0,Brazil
9.235330681278628,5.305523235513604,5.27,4,2,36.57153599121398,Italy
1.3460338708977906,9.024519189217909,4.12,2,0,0.0,Brazil
9.306251478969259,6.176972751791245,3.02,2,2,62.276796223790925,Brazil
5.989057885116806,1.9976015241187661,5.17,4,2,41.10215052810965,India
2.7653773755481303,8.772788682327542,6.02,4,3,149.73386768800475,Brazil
6.777986212799179,6.255475777132463,4.57,1,1,19.639469339534966,Italy
3.6518760182251606,1.8259769331727205,6.72,5,2,163.58792725847943,Germany
7.360401020476475,9.139200370579019,7.7,2,1,45.75658672916118,Brazil
7.444403226094938,6.505047829368535,6.15,1,0,0.0,France
7.985918878837813,7.716070730736109,3.64,3,1,98.64933734220976,Italy
3.9853452652297916,0.07634483224759325,3.74,3,0,0.0,Brazil
7.747299847444533,7.57367063153406,7.73,0,0,0.0,France
3.7896269755490333,10.769080310182686,5.32,1,1,89.53757148403017,France
5.261558709985231,4.886726092693532,2.55,1,1,32.27118518403172,India
9.035435744573405,8.08158862167267,6.68,2,2,47.646551510294906,Italy
2.892014812665719,8.890557181923485,6.56,0,0,0.0,USA
6.038545652544855,5.651381538047026,8.48,2,0,0.0,Brazil
3.961544206892608,1.3590261526935472,7.1,4,0,0.0,USA
3.8145868753972367,1.4802514089914798,1.55,3,1,73.8636051282936,Germany
2.9455835135793187,8.90467632427249,6.5,2,2,50.66732192513934,USA
6.346302160536922,7.230079673627236,3.93,7,3,126.65024885642897,India
8.694590318815154,6.905699396689322,3.96,0,0,0.0,USA
5.9319391705546245,1.2239979573374902,3.14,2,0,0.0,France
7.601708014493035,6.8608781736174045,3.26,6,2,127.35521888477892,USA
5.941215767277979,5.659633202194872,7.2,2,0,0.0,Germany
7.728531847521735,8.188793724265086,5.28,2,0,0.0,India
2.5173108246645004,9.172375353521506,2.65,2,2,99.57677544658763,India
9.190201552922526,8.269211952995859,9.9,3,2,57.56777816340517,Italy
5.15627550401468,0.728118460436737,4.5,2,1,64.217047761673,India
6.324988483019463,8.504027435845913,7.55,1,0,0.0,Germany
1.5954260016671644,7.468556341507588,4.12,0,0,0.0,India
7.2681342582701225,6.054552518406381,4.92,4,3,253.48678351487598,France
5.939866208490235,2.9334748520274,6.83,2,1,52.32001768455822,Italy
2.5438825104395315,9.248500860734842,3.04,1,1,34.40544759166738,India
6.782209848086958,7.139796456717015,2.93,9,0,0.0,USA
2.1380517496814413,8.4103009414825,5.69,3,1,29.560611245607504,Germany
6.491918881041771,1.5553866714271132,7.02,4,1,35.13684115281646,Brazil
6.208601179762422,6.549959643884008,1.6,2,0,0.0,Germany
5.000272231246181,2.4774575373250043,6.32,2,0,0.0,USA
2.327331367994255,9.262506714498658,5.4,3,1,79.94804966224098,India
3.796580524943149,2.6752000076080584,3.04,1,0,0.0,India
5.363511010796227,8.387662537909367,6.79,2,1,62.16971902068739,Germany
6.3724004251746456,7.576765337862845,6.13,2,1,83.40414010267303,France
2.6204236844014503,8.110378486733532,4.63,4,3,42.05865808310483,Germany
5.321277231009292,6.2178034509076445,4.36,1,0,0.0,India
0.9580456475302273,9.12996076249118,1.41,2,0,0.0,France
4.547910370025055,0.891255315227599,4.9,0,0,0.0,Italy
8.735560478339707,6.393822288535052,8.15,3,1,25.037256637168653,Brazil
3.423298032092392,0.8516395365157046,9.16,2,1,13.443315173551445,Germany
2.9698363940125376,10.071408354417237,3.23,2,1,95.9265001871729,Italy
7.575920770203664,6.0148384359814,6.5,1,0,0.0,India
5.412251202823592,7.676722162903925,4.39,5,1,41.622894123357554,Germany
3.304016432059488,2.6973062432552295,5.06,2,1,80.58287550610083,France
8.698912597289604,6.124076657543343,4.98,3,1,17.24863813480622,Italy
6.470414612544723,7.306034192593513,8.74,3,2,70.26224702853463,Germany
9.087174756822625,7.14295009273834,3.35,5,2,74.05327750222474,USA
7.052440543044677,8.009174015108249,1.26,1,0,0.0,Germany
1.526514480282809,7.614215405015313,7.06,3,1,43.512373689363955,France
8.405242121196514,6.327985008546103,5.87,4,2,162.50002942738521,France
7.870364109892554,6.94431338822866,6.33,1,1,9.467181761613702,USA
5.004401802667882,6.775595557200125,5.16,3,2,176.45876898670426,India
4.452651514721222,3.005827200562744,6.06,4,1,9.397884611835554,France
4.460299487091375,9.157874064703481,3.83,1,1,51.629145185211144,Italy
0.522136511353309,8.483315230386356,4.11,2,2,153.4283801676521,India
8.117165934551855,7.579847568467557,3.83,3,1,71.29576374855004,Italy
4.274201753697581,2.477440431979116,2.49,5,1,24.320493019436302,India
5.778407610423561,7.721617052187478,5.85,2,2,50.70302132132909,USA
8.618004464945093,6.936438671023764,4.69,1,1,74.71769656909355,India
6.125356205500651,0.07426750183001829,4.04,3,1,54.1363289284188,India
7.270128066108525,7.671744019642872,2.51,1,0,0.0,Germany
1.6966718006585522,10.370526156769145,7.96,5,0,0.0,India
9.330771869048228,7.783568306382259,4.02,6,0,0.0,Brazil
1.8228440680382172,8.175393454172585,6.46,3,0,0.0,India
3.698609515920078,10.656959081454286,4.54,7,3,290.41971775970273,India
5.1491741598701095,1.3570984686044083,4.14,0,0,0.0,USA
3.6599532614458568,0.015831094806742163,5.94,1,0,0.0,Germany
4.683941403634701,0.13740092776364188,2.39,2,1,38.357245049651524,USA
7.224262028159426,7.516366428261983,4.98,3,2,182.68742576202018,Brazil
2.0724590713192406,9.418580883160018,6.67,4,3,63.24685683355375,USA
7.274366419776307,6.493288281831418,4.38,4,0,0.0,USA
0.7086864415418965,10.25323248113776,3.21,2,2,36.13261353349374,India
8.593552915524311,7.074401912009984,6.06,3,0,0.0,Italy
5.416185842374391,8.639464071576516,1.38,0,0,0.0,Brazil
7.931956660754466,7.355644040011302,6.81,0,0,0.0,Brazil
2.2560323850147688,9.834630140810777,5.0,5,0,0.0,Brazil
1.8869904790093481,7.875453010417552,7.95,1,1,59.555870081306935,USA
4.177345869914722,2.3608495629735784,6.06,2,0,0.0,Italy
8.493241570620928,6.391531790215163,5.37,4,0,0.0,USA
7.878751864250876,8.353281079807735,1.0,7,2,188.35413392978714,Brazil
3.1148131627896145,10.840295841745258,4.41,1,1,29.984004114169338,Brazil
4.569041988312011,2.064294551194109,5.39,4,0,0.0,France
1.559603051688262,8.954870946925828,5.24,5,2,49.19381659217408,France
2.595249832426833,1.3941854640008273,6.79,1,1,41.61522602398788,USA
4.240413345755249,2.1023571572724427,4.53,7,3,66.08371492143257,France
1.6331508305229558,10.486956803949303,3.67,2,1,50.380131339752765,India
7.531579345174656,6.980137452217282,4.21,5,0,0.0,India
6.783250068037234,6.3325697731068935,6.16,4,2,109.45166405667085,Italy
3.660578605945466,2.1365300388565327,6.36,3,0,0.0,Germany
7.609810150221097,6.083916104118181,3.11,4,1,20.019668029763906,Brazil
5.635046501386707,2.910537098194412,6.98,2,0,0.0,Italy
3.223609976887494,1.330393301040784,3.98,6,0,0.0,India
2.0177681703325505,9.584046485396968,5.48,4,0,0.0,USA
9.784367774887563,9.486997769198846,6.69,5,1,45.450736537416574,Germany
4.62287276174427,2.478190772214499,3.39,0,0,0.0,Brazil
7.897881092568999,7.966072764017653,3.36,2,2,136.58344507403973,France
4.424765036057612,3.515446311602034,5.7,3,2,119.25036640979494,Germany
1.321811571487999,11.603849770216936,7.5,2,2,197.43922780261087,Germany
2.696069267214109,8.574555069924147,5.09,1,1,25.480127584213946,France
2.186223119435082,8.953282156342938,3.26,1,1,66.50566475268946,Brazil
10.311607929529702,7.810142395626814,1.0,2,0,0.0,Germany
4.102191356584419,9.45476086615872,5.75,4,1,71.60148671679346,France
9.126034812185488,6.939769934585694,6.81,3,2,140.0403707123958,Italy
2.0514247569008646,10.68877856154586,3.61,6,1,9.594061629606495,India
1.831271751713481,8.526374720052619,2.95,10,1,13.915109647089343,USA
5.688278724041642,1.892102578505315,3.9,4,1,66.418092343469,India
7.598111176312386,6.096643944951212,4.05,3,0,0.0,Germany
4.699788610307605,2.0969243264650093,3.07,6,0,0.0,France
8.471280963706043,7.603334769801059,7.44,0,0,0.0,Germany
5.067841462780736,3.6962444015869815,4.09,1,1,33.151071621007205,Brazil
8.826995378268276,7.999624529148616,6.24,2,1,88.1688808125057,Italy
4.678875040778452,7.820096727106032,4.84,2,0,0.0,Germany
9.57043653132438,6.766788403173933,8.07,0,0,0.0,France
5.328138547000515,2.5209086626782926,4.96,3,2,26.143174818240162,USA
6.347208645787324,1.2023508812120425,3.87,1,0,0.0,Germany
8.999774889805877,7.253408771420672,4.24,4,0,0.0,Italy
8.705643137502934,6.773071042809491,1.61,3,2,167.85831607292104,France
9.24535958358207,7.930777933253625,3.63,3,0,0.0,France
7.4836570766260415,6.6609054056423584,1.32,2,0,0.0,France
0.43989680225597505,10.258965708935108,6.56,3,1,99.39108655044363,India
9.372016842734338,6.220259981171382,5.52,2,1,40.02794482729314,France
2.268991779106527,10.267418952966565,5.67,0,0,0.0,Germany
3.1520171327374786,0.8479835822095703,6.67,3,1,31.884774922738647,Germany
3.6522169351264786,9.834444314953807,2.75,5,2,173.58411564584387,Brazil
7.582927171496722,2.6976607443224596,3.52,4,0,0.0,France
5.722823242237798,5.753871404839563,5.07,2,2,82.10220139685174,France
8.72048343049471,6.283554763881652,4.3,3,0,0.0,Germany
7.547985355142159,8.274638031141423,2.58,2,0,0.0,France
8.658804455098549,9.172461534060561,5.72,2,1,20.561453993766108,Germany
3.6013392164814833,8.760610050655941,6.74,4,0,0.0,Brazil
7.233417922293584,6.794769817481053,5.24,4,2,173.3693546336571,France
8.910656757938318,6.585896650227848,5.3,3,0,0.0,India
2.213917682431882,8.237786987705322,1.28,4,2,93.91645542206885,USA
6.570469471633806,7.5641556236549885,4.73,6,0,0.0,France
7.751797198737188,7.846682948900866,1.29,4,0,0.0,Brazil
7.456189761789336,8.511584791749764,3.93,1,1,38.82465525526147,India
2.531497906770803,8.325400585622916,4.79,1,0,0.0,USA
8.369874714450317,6.733695301433343,2.87,6,1,57.80209232576177,Germany
8.35031427026,7.344326939271247,5.41,0,0,0.0,India
8.155675249343423,6.520144208332413,4.98,2,2,16.54472524405638,India
2.7225299502178024,0.502043278567214,6.37,6,0,0.0,Germany
6.512427392375882,6.91158096347963,5.49,3,2,199.2363589230324,USA
2.684157379748159,8.258540968705477,5.02,4,0,0.0,Italy
2.5441861135497117,10.785086763833831,6.18,5,0,0.0,Italy
5.856326223505182,2.1286812877042927,3.26,7,0,0.0,Brazil
1.9141681572171856,8.45686307509,5.22,3,3,257.2087100714772,India
3.670981466965114,8.731147231454555,5.33,2,0,0.0,Germany
8.820472455153835,9.798836716434806,3.82,3,0,0.0,India
4.10028761549097,2.8680802399675573,8.31,2,1,30.742644127100498,USA
3.4306801249884953,2.0299113672375513,7.72,1,0,0.0,France
5.885625151644992,6.8142610957100285,5.56,2,2,197.91284737041144,USA
3.448962330254375,2.651897753220151,2.73,4,0,0.0,India
7.835190753330445,7.555315678124628,6.11,1,1,92.9784838537173,India
8.857804221937355,5.394040652872621,5.7,3,1,87.19990608118154,USA
6.768538839846437,7.9250346278981985,3.86,3,0,0.0,India
6.225271500555053,5.751152858092999,3.57,2,1,14.125869525344994,Italy
6.074055872748428,0.23374443970845382,6.31,5,3,282.0891015139572,France
3.6001640532679486,8.603471840243737,4.84,3,2,80.71145359259768,France
6.558485170104309,1.6199055485025737,4.08,2,1,19.64355375730522,India
4.060709872111679,9.676337962956795,9.32,5,0,0.0,USA
8.586734949374273,6.835653827424908,4.45,3,3,287.3029742066166,France
4.784132358510141,2.303953490478968,5.86,3,1,29.663388917678628,USA
9.089115363846643,7.190841135778808,8.49,2,1,63.404267525290074,India
2.8708285324887024,2.339916091832989,1.33,5,1,15.942827156634541,USA
7.015228431052153,6.094116780572815,9.79,4,0,0.0,USA
9.805984184924531,7.020262137831997,2.76,2,0,0.0,France
8.763475944420392,7.59704448297372,1.0,3,2,125.9811555256091,India
3.4739030488034652,10.642754682970644,5.17,2,1,86.73696569969917,Brazil
3.8427652700031207,2.014094432669655,4.34,3,1,80.48693401864665,France
9.879332974919798,7.9069564846546685,5.45,4,0,0.0,India
10.885494641799482,8.778932397670733,3.68,3,1,36.08626694257114,India
6.768559717955638,8.615843530223573,9.13,7,0,0.0,France
2.9964005442476775,8.662364810381812,2.08,1,1,56.04478004860852,India
2.962834010644433,10.740512673833955,6.67,2,2,188.98398137213056,Brazil
10.019518697231728,8.140147658760933,7.22,2,0,0.0,USA
7.66955883962489,7.378753351979815,6.13,2,1,96.36166920574145,France
2.5901149607154386,5.843860392320266,3.58,4,2,77.01640585721628,France
8.16999452702985,6.194037337903299,3.5,2,2,120.20243837837631,Germany
4.978795376085525,6.539244994027725,5.94,5,1,45.313735861952416,France
7.339232489908751,7.943368279807225,1.03,3,1,65.94552295167748,India
6.250688081454797,7.007272389570078,6.94,4,0,0.0,Brazil
9.446764798027152,7.730065053765398,5.97,7,0,0.0,Brazil
2.8543623285025466,9.503540663274649,6.79,2,0,0.0,France
8.002357832363733,8.318540495114593,7.26,2,1,48.191678429512095,USA
10.535423899925465,8.365189648582053,1.11,4,1,30.102996814863733,India
5.86117378191325,2.107128064520967,5.97,3,1,55.64067763847888,France
8.373825591421799,7.240190714874356,4.78,3,0,0.0,France
8.806959340536302,7.38706087065552,2.57,0,0,0.0,Italy
2.130044504326626,10.24450830384911,6.66,3,0,0.0,Italy
9.666467894248907,6.63196151280493,2.48,2,2,166.62371359694046,USA
6.895315157908208,7.151219285922741,1.0,2,0,0.0,Brazil
6.4028584887655,1.465452914791018,7.3,2,1,55.747137062973586,India
5.502422320843271,0.27819624542411936,4.09,3,0,0.0,USA
3.2363347988776185,8.766767492646817,3.85,1,0,0.0,Italy
6.914199416637089,7.391369051145474,5.95,1,0,0.0,Italy
4.25824774081489,2.7132953480459765,5.52,0,0,0.0,USA
8.212076972149475,6.24869098700354,5.36,4,0,0.0,France
8.288576534990925,7.4861385390809705,6.73,2,2,32.265482307043584,France
7.356972049595105,7.476733287259396,6.22,1,0,0.0,France
2.367940482965287,6.883719648391121,5.83,4,3,136.0911562819963,Germany
4.791536108373119,0.9494137362328814,7.8,6,1,63.84720035444259,India
4.5329073663696215,3.9154152786970315,5.7,3,0,0.0,Brazil
10.82245582339362,7.850852994979375,6.4,3,0,0.0,India
8.370855022541733,7.279932276871414,5.14,4,3,149.7288457056861,France
6.224549173520744,6.5512180565489055,4.38,2,0,0.0,India
5.098988591673562,5.050546996954708,4.41,5,0,0.0,Brazil
3.6615708864056034,3.7716497710788497,2.94,5,2,104.660125474677,France
2.283436099940996,9.031899380131978,4.45,5,0,0.0,France
6.520141251377412,6.464729970769957,10.11,6,2,135.94730162402274,France
1.8876257331966992,8.644675792154688,4.9,3,2,69.18645520138111,USA
7.82444168139299,6.715084330837235,4.55,2,0,0.0,Italy
7.290887621634753,6.734492596449055,7.21,3,2,21.659117727565693,Italy
5.165816116482752,2.217060625561183,7.69,2,1,75.62199524372187,Brazil
8.935517300459447,7.342781882849828,3.07,3,0,0.0,Brazil
2.4246924773598875,9.812280677810557,5.54,2,0,0.0,France
8.520072510052582,6.994956399245745,3.56,3,2,160.34910630867924,Brazil
1.8376664513236967,10.542317487586153,1.0,7,1,58.9075575970699,France
7.211899892401358,7.492660495630009,4.97,0,0,0.0,India
3.464320202402103,9.437885193791782,4.19,3,0,0.0,Italy
6.179130127993107,7.63471397566922,5.6,4,1,70.90994470717617,Germany
3.6671143194681006,2.379791718163406,3.01,2,1,98.75240485771195,Brazil
6.180414752479283,8.487750903799144,7.96,1,0,0.0,USA
6.234029112191725,6.176144916481713,3.81,0,0,0.0,India
1.4305167896214546,8.975777658697615,1.87,1,0,0.0,India
6.9608203752867395,6.0447761579111114,8.46,6,2,109.35733928516025,Germany
5.922673805067082,2.0511771024195893,2.54,4,0,0.0,Italy
3.203910754141808,8.605003690085217,7.48,4,3,63.409892071440666,France
8.76025004274002,7.594444258206145,5.3,3,0,0.0,Germany
7.308155701415489,8.7592000192985,3.67,2,2,151.52528090483386,Germany
4.026371319724429,9.764865295720087,6.53,0,0,0.0,India
7.115618045915282,7.902435939271602,3.02,1,1,83.78192285521354,USA
6.607109200921677,5.849670807639155,9.24,4,1,83.37714225460886,Brazil
6.327946958895301,4.983220845403865,8.19,0,0,0.0,Italy
9.026919607742327,7.244596239724148,6.09,2,0,0.0,USA
5.736322916821257,5.843723684688921,1.62,4,1,5.138167471069112,USA
7.610000046091549,6.686497305625842,5.41,6,1,38.80443622527092,USA
3.115897917818047,9.225569820477794,8.48,3,0,0.0,Brazil
9.026814616394839,6.912242991168164,3.28,5,1,36.92157250333696,Germany
4.382578835610312,3.0552819969338727,4.88,5,1,9.039366087813338,France
7.07162846141269,7.480313817861575,3.96,0,0,0.0,India
3.8820570745338143,9.365766028550523,4.32,2,0,0.0,India
4.620560531956266,2.0747997374741565,6.09,3,0,0.0,Italy
4.775738260309758,1.9206646154020799,4.82,0,0,0.0,India
9.153895449170532,8.270071443215485,2.61,5,0,0.0,India
2.4521844981556655,9.28287840706158,4.09,5,1,30.884966879445518,Italy
0.8919850480841263,9.118642065721534,7.77,2,1,12.290154430173502,Brazil
8.107290231250476,8.175964180320046,6.32,3,0,0.0,India
7.066792739015131,5.603845605402392,5.72,4,0,0.0,Brazil
1.2881639275273973,9.596383831666937,4.63,0,0,0.0,Italy
2.4639749140527676,9.065484030079407,1.82,4,0,0.0,France
3.603569588854331,1.7697085428604271,4.85,2,1,8.867618286606254,Brazil
4.207583657120771,3.2458844179119968,4.66,3,0,0.0,Germany
10.580044376502114,6.46921326508434,5.94,6,0,0.0,France
7.320529379762125,7.996560448459994,1.0,1,1,74.15206564734397,Germany
4.244831984058534,2.2822165189647667,3.26,1,1,78.10007669080701,India
4.681774757382378,4.609838825886321,2.63,2,1,28.079992798833988,Italy
7.301209502591563,5.835053448044741,4.13,2,0,0.0,India
6.308344137986974,8.501562217828168,4.78,4,0,0.0,Germany
4.883977279730488,2.247080770787911,8.75,3,3,34.593041248440485,USA
8.148945213660385,7.164164340742239,6.92,2,1,73.63817735376372,USA
8.009743823520218,7.105457726988955,6.69,0,0,0.0,USA
3.9243658507428725,3.0946688957906603,4.3,1,1,30.607941345621764,Italy
7.0425393845275055,7.513898239053747,8.15,4,1,9.10614546584791,France
5.701695482217833,3.3871988195027196,5.67,4,0,0.0,Brazil
8.262135006307588,8.723426356668261,3.47,2,0,0.0,Italy
7.7013080174562925,5.25658038238414,11.06,4,1,18.49419942717901,Italy
4.522223904625937,1.988197434227829,5.24,3,1,12.90406094402184,India
1.2889147266350331,7.937607000727308,3.61,6,0,0.0,Italy
3.7883388564487825,1.9794428401251503,7.45,2,2,13.02244414076143,USA
9.852933362443828,8.145746038365758,3.43,0,0,0.0,India
7.6736169713961,7.563753541269151,3.26,2,2,149.43420568654747,Brazil
3.2437891998507995,8.204033691183941,4.79,4,2,169.45605283665105,Germany
6.099931008971776,6.940264092681074,4.05,3,1,84.10291113885,India
5.62746815418516,7.003078539910316,8.46,5,1,20.005254709986357,Brazil
4.6180220887859775,2.6804010577450086,5.36,4,1,50.744622702388554,France
7.618794820687752,6.419127792544082,1.0,3,2,147.12694188792082,Brazil
8.307837958106138,5.74865530302405,5.05,0,0,0.0,India
4.722320602862943,1.6038509137825432,2.23,3,2,192.30957697488742,India
2.6593145743065567,7.750279960250958,1.41,8,1,45.4566182476775,USA
2.9010743884396164,7.9965218191213685,5.38,3,0,0.0,USA
3.4741210836328547,9.70033758819676,6.63,5,1,69.06681224360855,Germany
7.8018464682859845,6.904807236360939,6.9,3,1,63.89578750991676,Italy
2.409546257965109,8.510810474082122,6.05,5,0,0.0,Brazil
1.0084378324184393,9.864507870311815,2.77,2,1,81.44344193808956,USA
4.006289320734289,0.06693306385135145,1.85,6,3,59.80003392853233,Germany
2.57501355854446,3.1949743689174337,4.23,5,1,70.05092554439757,USA
9.8426680189356,6.914626740509208,4.84,1,0,0.0,Germany
4.077948722370175,0.5442650774290052,7.24,4,2,145.9367870997352,Italy
6.3927851221837795,5.202870000301489,4.94,5,1,49.26906047322407,India
7.379779872365999,6.348087161003161,4.34,3,1,24.758200850653065,India
8.200994715363818,7.49306332571699,8.74,2,0,0.0,Italy
9.98258257290063,6.644818783387092,7.65,4,1,45.52550101851171,India
10.694759306572212,7.727411010239321,3.13,3,1,49.179079289289085,Brazil
9.5842062630722,8.484745188652866,1.89,3,1,64.44740610554635,France
1.6370006229797722,8.699199397004213,3.5,4,1,67.23439215536776,Germany
2.4222877568693306,0.8049918560905318,3.79,3,1,17.497379888606396,Brazil
9.21805888166985,8.400187567000975,5.24,1,1,61.58465444711351,India
8.12790322254456,6.267678278064862,8.17,2,2,155.07145946432803,India
5.71139477180914,0.4666356537503329,4.95,2,2,112.2632661515316,USA
9.493312245244729,5.855501266731352,3.43,1,1,91.82328703791374,USA
9.648088298235942,6.5181212454331225,2.0,2,1,68.50030868995023,Brazil
1.7894396809045683,7.721013170327158,3.27,2,0,0.0,Germany
9.377138115533128,8.508218713379707,2.92,1,1,58.299839228631605,Italy
2.4903785733121517,7.84263178088076,7.68,2,0,0.0,Germany
8.77239664805711,4.668440897619213,3.13,7,2,56.322735190769784,Germany
4.511292648750833,6.0240614985004335,4.03,2,1,43.02576642573485,India
2.6896775366433756,12.207393696043182,4.02,3,3,206.76140047683876,India
3.927563355985782,7.253477316217546,2.76,4,1,72.40174245667572,USA
3.724401807137809,2.099628903001422,1.0,3,1,70.21638895448548,USA
6.07351244504598,0.11350664339093353,7.12,3,0,0.0,USA
9.352753574897754,6.281348108400259,4.95,2,2,81.95080793001698,Italy
2.3281760643490435,7.717454180242475,4.35,4,1,34.18395422917288,India
3.5800500417371888,10.925705215338045,7.27,3,0,0.0,USA
5.942469233014333,2.110831624808778,1.38,2,0,0.0,Brazil
2.9329573050754534,8.560872019814468,2.54,3,2,102.66498856390808,India
3.96138410574088,1.667670220887079,7.48,4,2,173.1820481538129,Brazil
2.5423245959265475,10.80884399171611,7.43,4,0,0.0,India
5.753233741429204,6.9787179922806235,7.54,3,0,0.0,France
2.1370921504458873,9.40344532386625,2.67,0,0,0.0,USA
5.563282353631751,9.78877033775645,5.74,2,1,87.34014192670439,India
6.922483438811608,6.805835903085802,1.11,2,0,0.0,USA
3.0366619896140055,0.15828585445932597,6.12,1,0,0.0,USA
4.575106576430225,2.0661053366237097,5.93,5,1,66.59688028865776,India
7.286643082958041,5.029328450840213,6.53,3,1,16.1760087035256,France
8.555950005436495,6.407229868494143,5.18,3,0,0.0,Italy
6.291191010910962,6.44260338980291,6.71,2,1,65.36682627532984,Brazil
3.3396420296093154,9.53680023346408,7.46,2,0,0.0,Brazil
3.3542797221753293,0.3573232129738999,7.44,4,1,60.49588749842222,France
9.38985515673764,7.376462383733505,7.69,1,0,0.0,Brazil
9.730792724351668,8.2609291979682,5.99,1,1,80.47111334501511,USA
9.078536627638531,8.254534770367808,4.42,3,0,0.0,Germany
4.5714323435616855,2.001945248021731,4.45,2,2,31.652708800258385,India
3.475828203822276,1.6151792495273962,2.12,4,1,41.059527846387525,France
4.971526503353864,0.9260121152504674,8.01,4,3,42.86188529293646,Italy
9.268742465323294,8.69171193924728,6.88,3,1,14.604142141462107,Germany
2.70006984260593,8.816090451818601,2.16,3,2,19.62525251457489,USA
7.30410310874305,7.382696107181632,6.3,0,0,0.0,USA
2.766873005297481,4.017651241140676,2.36,3,0,0.0,Brazil
5.989770239365775,6.45934303075736,2.46,4,1,79.97297856614406,Italy
6.947597908041981,8.030581773899907,3.09,2,2,118.73444180174955,France
6.7967623492822735,6.406772917720979,4.35,3,3,137.08470426876224,India
2.4810164656836218,9.005167131554119,7.07,4,1,73.51231037362137,Italy
6.056204006588959,5.9344761657083165,4.37,4,1,47.726778870761876,USA
3.8977401768839615,7.414015023694612,3.8,5,1,12.311433325646385,India
7.092316925456389,7.167812481405063,5.71,2,0,0.0,USA
5.990687185558233,6.5267157958169895,4.71,3,0,0.0,Brazil
4.048002769885009,3.247441942675102,7.12,2,0,0.0,USA
5.462451757428582,0.6616257179037308,5.19,4,0,0.0,USA
7.084334424673558,7.266604483598737,9.34,4,0,0.0,India
1.4127283892418665,8.388608840702108,2.68,1,1,55.374646361580496,Italy
6.641061065009194,4.71315032602898,4.75,5,1,78.37960533223426,India
7.138391603023649,7.377162080111629,4.33,4,1,44.57100058700702,Germany
4.047413380847587,2.3002420588185775,9.78,2,0,0.0,France
4.487911453912062,3.033313502612002,7.06,5,0,0.0,Italy
1.7409904064210129,9.22968263365461,3.99,1,1,24.173959868386017,Brazil
9.865641179686982,7.184550183943596,8.15,1,1,64.00098299987431,USA
6.275894174961048,6.252030896375698,3.22,4,1,30.584412820810936,USA
8.774225191685785,7.176253087985758,5.86,4,1,11.495131987509993,Italy
2.436000632051056,8.864043139400062,3.18,4,0,0.0,USA
8.789643871734466,7.78698327116492,4.46,3,1,84.23650327106023,Italy
2.9592104810485638,10.271435345060894,3.61,3,1,19.837488648317024,France
1.4265065691656769,8.543161476380442,7.72,3,2,126.12902688860885,USA
5.839178409149687,1.940892789838114,4.33,3,0,0.0,Germany
7.4382279448081965,6.6958602194720065,6.61,6,3,101.78185904756211,India
8.866275527914302,8.152866840724984,5.03,0,0,0.0,Italy
3.169389284996851,0.7103999082421679,5.81,0,0,0.0,India
1.188783613268916,8.139850479858403,4.1,1,1,99.2685276280374,Italy
9.802985345531066,7.158440253127718,3.66,5,1,76.36925717444313,USA
8.627455398125495,8.369325831198218,4.57,1,0,0.0,France
3.227116513800352,8.78376150301807,5.94,4,0,0.0,India
8.668950286693303,6.547736926186103,4.69,2,1,61.91018368104505,USA
4.476267326639903,7.897099666491319,4.78,2,0,0.0,USA
6.233581847722538,7.988284289760693,3.08,3,1,92.93263619306487,Brazil
3.446905465208965,1.5804434455149146,3.43,1,0,0.0,India
4.040305125608472,9.528540884216156,4.55,2,1,77.76839216298691,Italy
4.61996043992837,1.725289564862069,3.44,5,3,141.21578266449333,Italy
3.2757728424097428,1.4412919336514034,4.42,4,1,31.25566819987929,Italy
5.371544341007249,6.368694338254067,4.3,3,1,87.25084377999798,Italy
9.55646541539874,6.708130589743826,3.73,1,1,66.11363984812186,Italy
9.277545521457823,9.80728890808621,2.85,1,1,40.68670519101945,France
6.656103428609733,8.364088652743364,6.69,3,0,0.0,India
5.862796302138419,6.252781473002138,3.4,3,1,96.82281233462521,France
5.746700803850235,4.819686894831248,5.03,3,0,0.0,Germany
6.828713495615798,6.709708599213936,2.6,3,3,147.23895733007893,Italy
6.807378056915067,7.442271935210674,9.55,2,0,0.0,Brazil
5.885886928283313,7.133196434290057,1.0,1,1,10.68386756099248,India
6.048498329674021,1.8474233864449594,2.25,4,2,84.79773548645385,India
5.022312151920636,0.6610064827452142,2.81,2,1,63.10757987083663,USA
7.534453610704631,6.994985693410163,5.16,5,0,0.0,USA
5.793147068260888,6.434349742058818,5.46,0,0,0.0,USA
4.445950325555215,8.25293085838938,6.37,4,3,152.26357789066725,Italy
6.659869107211127,8.313673516241387,7.8,3,1,5.213884147976533,France
1.74311734466806,10.241219352082629,5.02,0,0,0.0,Brazil
6.879308579686202,7.4373909028905,4.53,3,0,0.0,Germany
9.36890811228322,7.269182074462053,9.32,4,0,0.0,USA
1.4408182893587338,9.61840701778684,7.7,2,1,89.3013961951081,Brazil
0.49392251259211006,10.304930589120868,3.54,2,1,54.55860740272528,India
3.6670509436451444,1.9356061745745408,5.57,4,2,16.269244105155487,France
4.412936370090177,2.3731696895542984,7.77,4,3,184.85614069593655,Italy
8.398049177160559,5.2281952564085685,6.11,7,2,42.29874410135763,Germany
1.1980301252501258,8.789967157320216,4.98,3,0,0.0,Italy
9.504883987869055,8.197692787395203,9.11,2,0,0.0,Germany
4.280266176140842,9.485828508616528,3.84,4,2,103.49575223117755,India
2.8844409389173915,1.2780203258638596,6.14,5,0,0.0,Brazil
9.371179297496194,6.190516349717306,5.66,3,0,0.0,Brazil
8.144839227149467,4.99432107679042,1.4,2,1,28.9481643504784,Brazil
2.045991330953627,7.647148321738076,4.43,0,0,0.0,Italy
6.984178579719797,8.274407343480364,3.1,3,0,0.0,USA
1.590881017050437,7.443785524575144,6.7,3,0,0.0,USA
10.048292785303186,7.208734093864153,4.23,3,0,0.0,Brazil
2.3738267420788186,1.622391478339178,5.09,3,0,0.0,Italy
4.760513597121555,3.017194813383112,7.37,1,0,0.0,Brazil
6.732616357538406,5.743050733230424,7.69,3,2,113.55429212876774,France
6.883890128795146,6.020695338516494,9.13,3,1,95.04750557027535,Brazil
8.559942061315128,8.435849739888965,7.05,1,1,53.79692658823121,USA
9.207571648251767,8.914358249425675,7.2,6,3,254.98215539037125,Germany
2.1753376564842153,10.445652910029505,1.87,1,0,0.0,India
1.8589964450940892,8.915110264418939,5.98,1,1,13.341631496893598,USA
4.272094309657046,2.6757029978745877,4.76,2,0,0.0,Germany
8.811999278647079,7.209907850321787,4.99,1,0,0.0,Brazil
10.295500455056967,7.162095017465886,6.24,3,1,8.700224902055508,France
6.438387368980999,7.058095801227291,7.65,1,1,35.4343456941925,France
2.7522588219336166,9.016574064341826,8.05,6,3,37.45229634595523,USA
1.4183359524490522,8.551346616173063,4.65,5,2,130.1125992474565,USA
3.288588433529667,1.6730408971125321,4.63,4,1,68.42564918764924,France
4.467249701937266,2.611846823821033,6.3,2,2,38.42331225904981,Brazil
2.0021773509173935,8.956890763124285,8.16,5,1,25.00202335485843,Brazil
7.6490443031963675,8.656962081531669,3.43,4,1,62.777363797835385,USA
9.672074997355127,6.998543471237377,5.72,4,3,90.79814039054739,India
7.460961177854859,7.701876884851431,7.24,5,1,59.96183960717899,Brazil
9.4579515113253,8.075959116316183,6.83,2,0,0.0,USA
9.740742477380136,6.8416586000139805,2.0,2,2,192.25838346827314,USA
4.763785652749172,2.5881309159875068,4.43,7,3,52.72093368288459,Italy
0.325100889672294,9.584793336552838,5.94,3,0,0.0,Germany
5.216330181350524,0.4646137157278756,4.87,1,1,96.94211306672675,Brazil
5.127097030858528,2.740477046543219,5.64,3,2,88.32875308979179,USA
3.042259107059645,3.4633072060405734,1.26,7,1,30.030175304256566,France
4.19770281112125,7.8942387057284495,9.38,4,2,23.408558808713522,Brazil
4.2075776504185605,2.2049006259711246,4.33,1,0,0.0,India
7.181976757483021,6.038477337510871,5.34,5,1,90.11826790256069,USA
6.1909144465965005,6.2703718699392414,4.62,4,2,24.70908809464697,India
6.01834619168191,1.3016574769601863,1.0,3,0,0.0,Germany
1.7815680794157704,9.066232014005621,4.54,2,0,0.0,Germany
2.4846874487938075,9.512284419443771,7.88,3,2,33.711676381821775,USA
6.904457505277917,6.467468231832981,7.07,1,1,57.74378644540762,Brazil
8.783386596795864,7.362987312567082,5.48,3,3,162.82468458696422,Brazil
4.005604119410788,3.1020171714901217,7.09,6,2,74.92749354859767,Brazil
6.954219868159346,6.53651205809773,1.57,4,1,70.9487964223945,India
6.638583913289159,6.2761925517925725,4.77,5,0,0.0,Germany
9.209124190435537,9.551677348848353,2.27,3,0,0.0,France
7.719235563191942,7.556180308569556,5.5,4,3,90.15798802382007,Brazil
8.935077161966365,6.8951011854986675,2.53,3,2,72.71278858682825,India
3.0668895791552404,0.9206224920706216,5.27,5,0,0.0,France
6.269392185457274,6.405367488436055,7.14,1,1,17.16340552590475,USA
3.355557342939723,8.429378474780552,5.47,1,0,0.0,France
6.744109188359475,7.102857806427968,4.01,1,1,35.54417769351156,USA
3.650886737186255,8.820626668918603,5.44,1,1,80.27762198497413,Brazil
7.22093170581133,7.133819328342345,2.46,2,1,44.52979561580842,France
7.542318674639305,6.7933485178133,3.15,3,0,0.0,India
5.699444408851498,1.4178891870354025,1.0,1,1,28.141967348160144,Brazil
0.62301172184222,9.18886394103016,5.11,7,0,0.0,USA
1.479740141454393,9.886601508226772,8.3,2,1,61.45036083464426,Brazil
1.5397404225260134,9.441480490070006,5.64,1,0,0.0,France
9.424943492195762,6.6751081065398905,3.36,3,0,0.0,Italy
7.704724491096794,6.833648320121757,4.62,3,0,0.0,Italy
5.858169087135893,6.057767294588395,3.46,1,1,61.09697718313851,Italy
8.204784346349031,4.775022953941445,5.54,2,0,0.0,India
7.451363013900604,5.1176364284063345,7.02,2,0,0.0,Brazil
7.0885612507551805,5.764760662360562,1.67,1,1,42.33600720871884,USA
7.77728589745243,7.608408815214021,5.61,2,1,47.57514320477321,USA
4.453449187309495,6.511757589434976,5.0,1,1,71.32858379222536,Brazil
2.4834334592230687,1.6019123132703381,7.2,5,0,0.0,Italy
3.9578040382043183,3.125518322902658,7.36,6,0,0.0,Italy
5.918533733919187,8.553193605781686,3.7,3,1,97.11324462473908,Italy
6.478488929887041,5.0251222357952905,6.56,3,1,19.488703296580386,India
1.08644948695281,9.940501530439914,1.92,3,2,56.81467984947429,Italy
3.4941907488697654,9.21296613774573,5.1,5,0,0.0,India
5.203990897305708,7.074104385842571,1.14,1,1,15.946452319659254,Italy
8.717954627680449,7.538507451831455,4.46,3,1,95.33134919022427,Germany
8.510318038652604,7.663052863762363,4.79,1,1,11.777481894170222,Brazil
5.325344749540244,5.510328491313568,1.99,3,0,0.0,USA
8.346741249045536,7.53753730519954,6.49,1,1,57.57659305464946,Brazil
9.949493055535996,6.979177010564995,7.53,1,1,77.22625227879723,Italy
4.917394695109992,2.293357538862605,2.99,3,2,34.70324900784712,USA
9.432741455213984,6.1784549990161635,4.6,2,2,46.96005105793911,France
3.49793701706679,2.0330749407371704,7.22,2,2,112.63405917822651,Brazil
7.454964559194349,6.626925897576648,4.75,4,2,127.9997510844236,India
5.775452034607595,7.393506274052008,4.66,2,1,67.22169980959816,USA
5.43967314972264,5.804482799258286,7.53,3,0,0.0,Brazil
7.711809862950307,6.349656761805447,1.63,3,3,62.16841625861673,Brazil
5.536080684529219,7.503825628192339,2.66,2,2,178.40174256253476,India
4.099502497241047,1.1716857621097252,3.85,4,2,102.2097993677672,USA
8.599743568705405,8.366388325058312,3.12,0,0,0.0,Brazil
8.584249149328386,6.963243118997441,2.17,4,1,68.43032771925553,Brazil
7.74015105913251,6.952587312869982,6.76,3,0,0.0,USA
8.42604715849251,6.707422762259419,6.11,5,1,32.90614502771404,Germany
4.198380661020012,8.543022387495801,5.0,2,0,0.0,USA
5.623690151135573,6.305547875739231,7.28,5,1,59.60700076599407,Brazil
8.897937602024545,9.270344877844817,3.75,3,1,60.336561360846545,Italy
2.153528674489521,9.205863524392411,5.86,3,1,64.0143496438149,India
5.796078667823401,7.601806047291389,2.35,4,2,42.17565078370212,Germany
6.354457877889102,9.268641055753633,7.62,3,0,0.0,Germany
6.592359262030477,6.918024271408716,4.86,2,1,36.93483865448131,USA
6.810541998426999,9.69073790989403,8.16,1,1,89.17680362067811,India
2.0907994021640666,10.415884721144751,1.0,1,1,13.996936209302804,France
1.5131499372469337,8.25749103962886,4.78,5,0,0.0,Brazil
4.393883497872401,2.419873294749876,4.32,4,2,43.600793064473834,India
1.7181656760097033,8.104898673403582,4.84,1,1,41.638242484879115,India
6.2340567924321135,2.0767078378899075,4.7,6,1,55.80084520236492,Italy
5.284865202107406,7.895617032089268,4.44,2,2,93.29914433709821,USA
8.117717207957078,5.038438420829353,2.5,1,1,68.71734897033342,Italy
7.864990307022589,6.567547624183692,3.57,1,0,0.0,Germany
7.71091508663316,7.371058543007813,5.91,1,1,80.83319538397828,Brazil
8.11240414498761,8.81613286296274,4.05,1,1,64.63418815564509,USA
7.638810737318774,7.701395977348806,2.77,3,1,81.59058865796781,Brazil
6.976281100769411,5.267329360578907,1.08,5,0,0.0,Italy
5.647183193701364,1.9965548985992396,5.0,2,0,0.0,France
6.825286897009395,6.117151336561975,5.38,5,0,0.0,Italy
5.656047531391996,5.545162864892303,7.78,5,1,16.055441691650262,Italy
0.9231808069073981,7.776470629371472,4.98,3,1,9.977690460895468,Germany
6.8649330956069035,6.493943095277558,5.89,5,1,65.88530839053912,Germany
8.767096359176996,6.419384072397223,3.55,0,0,0.0,Italy
7.966263380036552,6.777295350120878,3.44,4,3,113.07270401351464,Brazil
8.198271675603094,9.011679968401493,4.03,4,1,50.57759657539715,France
4.60553362200803,5.939739904652649,2.25,3,1,29.061922256760823,USA
6.42711880083277,1.539179221724775,8.5,3,3,118.93742312308909,India
2.246636294050825,9.207876039565866,4.19,0,0,0.0,India
2.1871153122857647,9.003194124249719,2.41,1,1,95.12765904933092,USA
8.450053501709577,10.30337743223585,4.05,3,2,122.16849258145822,India
3.7705918492394574,1.9623025469057598,4.9,2,1,44.56292096828496,USA
4.261118999625008,4.055830006050529,6.82,5,2,20.52887204978723,France
8.696768489740215,8.02667923191832,5.95,6,0,0.0,Germany
5.671352450499131,7.355433010958135,1.74,4,1,42.51082233298163,Germany
2.6021418296663383,8.774784206176571,4.18,5,2,118.55647370047876,USA
4.419860808568427,1.8457628115507723,5.34,0,0,0.0,USA
3.789502021723645,9.886743456478467,2.86,3,1,85.81548431542892,Brazil
9.608554739746152,7.867047248048731,6.58,5,3,182.77958625851699,France
3.956029935728525,1.9640106454060768,6.79,1,1,13.853211233355104,USA
5.763306123323863,2.6501637813157863,6.35,0,0,0.0,USA
8.309351434181641,8.30100357849939,4.95,3,1,12.738261675566845,Germany
5.2900638582886925,5.494671811619565,6.52,1,1,69.3285639146582,France
10.055827082851877,6.031715461831587,5.65,3,0,0.0,USA
8.168160494505548,7.2921269784326785,5.96,4,0,0.0,Brazil
9.10796963110105,6.504362711556288,4.42,4,3,94.98207049614022,Germany
2.501317438358022,8.688675076049819,4.22,1,1,26.44763969968487,Germany
7.599099575489207,7.505217013969599,3.04,4,1,67.43783238180087,Brazil
10.014062203302972,7.282004946230631,7.3,3,0,0.0,USA
11.348549897676424,7.284871146671378,2.28,7,2,37.916864082688605,India
10.519107381546663,8.071133160770753,4.96,4,3,146.13693854287996,India
4.98198487587852,3.890428832366855,4.15,4,2,87.86655251517824,France
9.69475088105712,7.083077936423832,4.16,2,2,177.32271683314113,India
7.103868146699456,7.090944311930527,6.72,3,0,0.0,Italy
10.295601414835463,9.049520917593041,5.89,2,0,0.0,USA
9.787928000701015,8.822534983732252,6.05,3,1,34.13847019716282,USA
9.040683188500541,7.301212365437778,5.3,6,1,77.70754845239209,USA
3.1584751681187573,7.790345861436065,1.35,7,2,87.15883935296925,USA
9.718198161346102,6.523182283462754,8.03,1,1,57.997020643111505,USA
4.58022452423591,0.27150382565331577,5.58,8,0,0.0,India
7.806140445931018,7.413653219099029,5.5,1,1,14.337924077416087,France
7.945271829924974,7.084905886988098,4.07,4,0,0.0,USA
9.496550000386199,8.13784576690648,9.8,1,0,0.0,USA
3.790157914750405,1.4901857578678912,5.05,1,1,34.37629016845046,USA
4.087617584115493,0.876026034311918,6.48,2,0,0.0,Brazil
6.929551483258274,8.017348328354721,6.62,3,3,106.51832358179232,France
5.462561262802245,2.3084869403380397,2.94,4,0,0.0,France
6.063546147037331,5.703765537104492,5.74,3,1,84.23816712903968,Brazil
2.689589304815158,10.387134602874852,5.36,1,0,0.0,USA
9.284782234891058,7.241786239467209,6.78,3,0,0.0,Italy
6.139205977103519,6.210225103060205,7.09,2,2,14.478824094511538,Italy
7.731244431337978,5.913984267745636,4.58,4,2,53.93607140510685,USA
2.4098653176235243,9.76567325157011,1.89,4,0,0.0,USA
11.137685452873072,7.49334958808239,8.01,1,1,77.23597601615703,Germany
1.6978010685611582,7.866022839445703,8.17,4,0,0.0,Italy
8.511731796719655,6.810209826493042,4.83,4,1,48.84175640772185,USA
9.324909002990749,7.222929810120496,8.78,5,0,0.0,Brazil
4.0499634399781685,2.3042085867579454,1.73,1,0,0.0,USA
4.747892957207602,1.066521138786439,5.65,2,0,0.0,Germany
6.984493599133789,4.567060118407992,4.65,4,0,0.0,France
9.540391318991322,8.826250596297989,4.51,4,1,55.0294035746293,Brazil
3.638869291745287,3.00635954830388,3.76,3,1,81.80668415402937,India
7.421666448338054,8.174459843274484,5.03,6,1,64.65522412979531,Italy
6.687633402529003,5.2878845196271715,5.68,6,0,0.0,India
8.87396631756768,6.6793199171787645,4.27,3,0,0.0,Italy
1.9535931570493017,9.10386680945357,3.85,4,1,88.26360979018375,India
9.813349141574525,8.081277695706886,2.51,2,1,48.9775024370837,USA
10.678320006049642,7.0574592597367,5.89,2,1,40.3776838857779,Italy
7.160198897749822,7.4961371369939025,3.87,1,1,35.644267544727185,Brazil
10.320446127070024,6.386478230306941,5.55,5,0,0.0,USA
8.287648434010972,8.191698395054598,8.11,4,0,0.0,USA
8.418985884174385,6.525002523314675,11.03,1,0,0.0,India
2.7251581434029823,9.951763620705247,5.32,3,2,71.01564971611992,India
8.759754535674885,6.74630195911659,5.07,1,1,64.9049275750582,USA
3.7483353463735964,2.0428739533700124,7.3,4,2,188.19134896051796,Germany
6.4283043664078585,8.016802712196762,3.71,1,0,0.0,Italy
0.10578203781447515,8.956667331164736,4.28,1,0,0.0,USA
3.8782909711918814,1.6671557295833233,5.16,2,2,165.3022536435626,USA
6.85959985134724,7.948133969167124,7.33,4,0,0.0,Brazil
5.360875789133737,1.42798343921441,5.68,5,0,0.0,India
3.0354454795701713,10.40262390640677,9.1,3,2,198.47219507405623,Italy
6.640889265859913,8.153946918410151,5.85,7,0,0.0,India
2.338332184924808,8.830302791845643,7.27,3,0,0.0,USA
6.693534170275335,5.583852883527944,8.32,4,0,0.0,Germany
12.17322046726184,6.67716537834934,7.07,5,3,26.138106212261135,India
7.811136196595596,7.306721599520963,2.16,2,2,195.3343255622337,Italy
3.4748624265759585,10.643452493099266,6.1,2,0,0.0,India
2.6923480941060447,8.65761299401845,4.64,0,0,0.0,France
7.628010371842303,8.156727793520608,3.42,3,0,0.0,USA
5.876261298422125,6.331646319735376,7.64,3,3,245.0485031933652,USA
8.100392830373854,6.67871397910522,2.63,3,0,0.0,Germany
3.621073638637388,1.158484030703062,1.48,2,1,81.07567625920714,USA
6.2563912945124525,5.242987803274241,6.93,2,1,28.160921104661487,Germany
2.7038949191694317,8.950097951089823,4.49,4,0,0.0,India
1.8836896062217146,9.899517611187312,4.23,4,1,19.14880938585533,France
8.302037694070542,8.348657520056285,7.63,5,2,39.196374170474925,Germany
2.010975874555965,10.154435166719589,6.12,4,0,0.0,USA
9.736818243408855,7.05273641851964,4.83,0,0,0.0,India
9.240995967872742,6.8164946527076795,4.97,5,0,0.0,Italy
8.131352292165412,7.5732484025523,5.64,4,2,95.55904084469027,Italy
4.508767497547619,1.3956354199215193,8.14,4,0,0.0,India
5.028697746491814,0.7992963576347032,4.88,3,3,60.89469280193546,USA
6.23028240480174,1.4040214852681983,10.06,1,1,52.020756962103555,France
7.677116354224396,8.93160005095225,5.32,4,0,0.0,India
8.486229926509276,6.3747205815438095,6.21,1,0,0.0,France
6.719065072853851,6.316293033889442,8.29,2,2,28.676814001964416,USA
0.6428591114593347,7.890792094958724,5.99,3,1,89.1553460836994,Brazil
9.716462829708654,9.144103183763669,8.28,3,1,35.30400998195268,Germany
3.8572802388095124,2.680202043551517,4.94,1,1,47.91525026953438,India
4.446796762221489,3.0234892362170873,1.67,2,1,47.63723831600911,Italy
3.972545455011621,0.268746250568181,4.76,3,0,0.0,Italy
1.408237988054179,10.972633582418915,5.0,7,3,222.36577359929174,Brazil
8.711557155493898,8.076854087276915,6.66,2,0,0.0,Germany
1.2696136166111887,8.618056450096562,5.53,2,2,178.30799513499042,France
5.635294026677576,2.5487316097710973,8.83,4,3,149.71145195582278,Italy
6.315128987103773,8.041860893452357,4.65,3,0,0.0,India
4.703110982741203,1.6973297240442755,5.53,3,0,0.0,USA
6.804218062226604,6.391120062615902,4.19,1,1,14.38896769766137,USA
8.360513603715356,8.800444937713403,4.26,8,1,24.78026707049936,Italy
7.719415484928836,9.544726309770663,4.22,5,1,77.90183269979093,Italy
8.272150365865837,8.290406332254447,4.57,0,0,0.0,Italy
3.8891585017352885,2.765880701674397,4.7,1,1,99.1772208323025,Italy
5.051444555392384,1.0317665149387072,5.77,4,1,48.55121699323936,Brazil
2.768788974416355,7.511143175080216,3.64,5,2,110.07492945001809,Germany
4.896049441922379,3.166480689867858,3.52,3,3,104.82892751894832,USA
7.839601186552912,6.413324209270792,4.84,7,2,167.22709868471955,Germany
7.451555737349703,6.0647854264669325,4.4,3,1,25.864843099198858,Brazil
5.448038285937159,7.602889848720441,9.66,4,1,10.193238982415355,Brazil
1.6963355042137902,9.643914970121934,7.62,2,0,0.0,India
3.757918071960927,0.5304548979380195,5.85,5,0,0.0,Germany
4.477924019286774,2.411582383437377,3.5,3,1,69.90056745224089,Brazil
4.051999138262396,8.381531098313282,5.06,1,0,0.0,USA
3.060442537510503,1.1552778418022265,2.19,0,0,0.0,France
3.289050569274389,10.096270937448264,3.78,7,0,0.0,Italy
7.628261823460417,7.017141551336346,3.24,3,0,0.0,India
6.477429366238919,6.631564488156959,2.28,3,1,75.870331937402,USA
7.279684625033796,6.935211043008268,4.83,8,1,51.59235073903689,Italy
7.996568075253634,7.927884539415046,6.68,3,3,269.3189901717537,USA
2.9624460320757637,10.466753662669067,4.88,4,1,12.746127272456857,India
9.815974593790816,8.352400357177647,6.24,6,0,0.0,France
2.09433212269084,9.477574658316428,3.42,3,0,0.0,Germany
2.567523654532103,2.1272015256243195,1.88,1,1,21.32508589752102,Italy
8.932409624321796,7.605028936167549,7.22,2,1,41.08635273283769,Brazil
8.329790358187973,7.081148365142582,5.96,3,2,25.741887983707578,USA
4.564207763571038,3.5107210029750755,6.88,1,0,0.0,India
1.3604319226806467,7.274572349420222,2.17,3,0,0.0,India
5.830964691001578,1.1545646572806534,5.86,7,0,0.0,Italy
8.134531872885193,6.955659621802219,7.97,2,1,40.680914793082366,Italy
1.1157430955283187,9.724835230496106,5.39,6,0,0.0,France
8.152839965064668,8.19790934538492,6.57,4,1,16.823156558395745,Germany
7.219610913502789,4.92716503927644,3.67,2,0,0.0,USA
5.758511170382313,1.9862130583176842,7.75,6,0,0.0,India
5.866913433276974,0.392565743131563,2.5,1,0,0.0,Brazil
5.596173838319448,4.2978429897935495,3.43,1,1,82.70623989370416,USA
4.028877712138472,2.7695097036895646,4.07,4,2,69.66928833860973,India
6.955905342890853,8.541690582453938,8.29,2,2,184.98518310910018,USA
4.904360521179475,2.036872043706503,5.7,3,0,0.0,Germany
7.067370203288265,8.755158902436673,3.54,4,1,69.11845957350597,Germany
1.5508118032107077,9.065947105049402,3.64,5,1,38.74774886797768,Brazil
5.701135094740219,1.5397801172545789,4.43,3,1,81.48027677439538,Brazil
5.11938638422971,2.7021108785111823,5.61,3,0,0.0,India
4.421452598472527,8.945652082112852,4.19,3,0,0.0,Brazil
8.541160609411103,8.262118718673815,8.7,3,0,0.0,Italy
8.913679997895567,7.8381631554798625,3.28,3,3,88.33476914670157,Italy
3.6889254531336295,2.6691017848815815,4.96,6,0,0.0,Brazil
1.8372530152382527,9.398488200204218,3.98,1,1,65.06656071389784,USA
9.621815884981885,6.44092562935519,3.86,3,0,0.0,Italy
9.322347379832289,8.128310359026102,8.22,6,0,0.0,Brazil
7.770166721760026,8.284883275317517,2.94,0,0,0.0,India
9.0991985578819,9.007693321839335,3.66,6,1,61.3114304684568,Brazil
10.259996804695042,5.352801633653133,5.11,3,1,31.7265933684986,Germany
2.8386454093998417,9.746156832486617,4.48,3,0,0.0,Brazil
7.183549838766643,7.789761619108985,8.8,1,1,70.71632215307129,Italy
5.5651607289449325,2.1418210515509273,6.17,0,0,0.0,France
7.146944214319079,6.431696343796837,3.14,2,2,32.283082607311805,Italy
5.502633428180788,1.1430991888114952,7.55,2,1,82.05581404499509,Italy
5.514066820719092,6.9266061744025045,6.03,7,0,0.0,Germany
7.978632705338245,6.226897871351385,5.68,3,2,32.9129258528904,India
2.3693103902136228,10.01040434310945,7.22,3,1,72.16177206219642,India
4.204740088266067,0.6582910195363201,5.87,2,2,138.51302073556548,Italy
7.571054110317629,6.937285826787336,4.37,3,0,0.0,India
9.413120983851327,8.60313703467645,4.17,2,0,0.0,Brazil
1.8514344469023765,8.944753841956052,1.0,5,3,80.14756671132668,Brazil
3.8974924657973666,1.8571726116191984,8.38,2,0,0.0,India
8.739890132711427,7.097539712146454,8.33,2,0,0.0,France
4.947888738445442,0.6703249204159867,7.03,0,0,0.0,India
3.4073385250078214,1.288677953327935,4.98,2,2,25.89208806932993,USA
7.361344242086796,6.637506780221005,4.46,4,3,170.35452282028763,Brazil
1.3079837008888053,8.60621075517677,7.0,4,0,0.0,India
10.569652335512325,6.824544172442818,5.29,3,2,55.74217025740731,India
6.88366521317352,6.079086867750008,5.57,5,2,107.63673067831013,Brazil
5.804236636734856,5.769609727628563,1.5,3,3,233.98949845963318,USA
1.383147372280582,8.962892404609835,1.0,7,1,26.187239316630073,India
5.275208031444308,1.8555023817478786,3.1,4,2,132.6897956168417,Brazil
5.953953817752706,1.0244209886727318,4.1,3,0,0.0,Brazil
6.769291757991894,5.772286310859146,3.4,1,0,0.0,USA
4.556707064293482,3.350504713469074,4.56,1,0,0.0,Germany
5.417676467105816,1.2408701342036434,2.35,6,0,0.0,USA
4.049060488136672,3.2182106921639884,6.1,2,2,58.60437862515269,France
8.787251452170931,6.470304797356824,2.79,4,0,0.0,India
2.978672008987702,9.556846171784287,10.21,4,0,0.0,Italy
4.382258350717107,1.9035362306406238,3.1,4,1,85.4784564859671,India
10.260961225850414,9.777461588424092,4.83,3,3,254.38003662942202,USA
1.8298243400962468,7.8654920930396655,2.7,5,3,163.76003427270012,Brazil
3.844223702402294,3.372587610594615,5.94,2,0,0.0,Germany
7.577169133626384,8.498932165262387,4.59,1,0,0.0,India
6.402331182341847,6.662596097337161,4.32,2,2,80.99389118821294,USA
7.261477931046794,6.485543700819385,7.51,1,0,0.0,USA
9.970935047157264,8.599294736257026,7.67,4,1,5.771995061860448,Germany
5.302047590175601,0.47453418679152004,7.09,2,1,87.46153693506017,USA
5.667987565502103,7.912752291398005,8.81,4,2,89.89382823509818,Italy
2.120821893822582,8.919461896917449,2.26,6,2,101.15099122512096,India
10.324490031242627,7.816242262065728,6.04,1,0,0.0,Italy
7.31467979138713,8.358111848580132,3.27,1,1,26.565029909319698,Germany
8.016002357855127,6.648461521665024,1.0,5,0,0.0,USA
2.284512897300864,9.946876960071412,4.54,6,1,78.81963117943329,India
4.080715001168893,1.512862921366369,7.5,3,3,101.81162764296829,Brazil
2.141577782843039,9.162375547996598,6.96,4,1,61.99549623107556,India
2.465682954409284,9.572425642716828,3.88,1,1,36.19588132472995,Germany
5.884100499477156,6.961565581053826,5.82,6,0,0.0,France
3.208923131045336,9.228266038932544,4.43,5,2,157.3465894853816,Brazil
8.979343475125702,7.799787932755259,1.0,2,2,185.2104210715221,USA
7.9566313296782685,7.8897936235573916,4.49,4,0,0.0,Brazil
9.202112286245882,6.55340380826695,5.23,5,0,0.0,USA
4.034972072299927,2.4709579933585095,5.87,3,0,0.0,USA
2.285395913531499,1.991422144796845,4.23,3,2,194.49125672426536,Brazil
10.503116758068773,8.666318230920409,6.12,3,1,12.269019273790281,France
7.419056984929688,6.707041944705393,7.37,1,0,0.0,Italy
3.272456779595267,7.209404027533802,3.98,3,0,0.0,Brazil
4.446897468467411,0.19105460195590318,5.99,1,0,0.0,USA
6.053481575110754,6.558456933684361,5.69,4,0,0.0,France
6.594592449051909,7.186505020362466,4.32,4,2,145.88739804064065,France
0.48559140382311083,9.02108597275832,6.32,5,0,0.0,India
4.407605333428629,1.9837153956817577,8.0,3,1,92.93769633141073,India
4.652048518511006,1.8802951825476792,5.12,6,0,0.0,USA
8.499733323520148,7.517178232130195,4.26,2,1,67.76302269475624,Brazil
1.1058276529275595,9.71218940073735,4.91,3,0,0.0,Brazil
7.381225930408605,6.199621790575819,4.13,2,2,127.08877051833888,Italy
5.485152133270197,2.576951153493691,6.39,2,1,18.132663409325904,France
3.760737047243194,10.45805073227158,4.09,3,1,96.24716566778892,Germany
2.6850520274848213,10.675756293926339,5.14,2,0,0.0,Germany
7.406438692861497,6.864518455275793,8.93,1,1,13.383987979187093,Germany
3.9572115234689944,6.81548017157824,5.24,4,3,238.44789694379148,Italy
5.661514050055709,3.409537718184486,6.57,3,0,0.0,France
9.815005451943366,5.523683380110265,3.03,3,0,0.0,India
0.2460201206671515,8.708675514044518,4.26,4,1,54.18876667490958,USA
3.9304476788996254,2.6177651163559084,7.24,1,1,14.161501697782,India
9.11193431317018,7.494766963183699,2.68,4,0,0.0,France
5.534510017539482,7.482006754208561,6.74,2,2,13.89435626647979,Germany
8.450470213220415,8.144099727167651,2.33,4,2,51.27632328392504,France
5.371316442403719,7.880380116052735,2.89,0,0,0.0,Brazil
6.57023674869145,5.267798065372398,1.0,2,1,52.65382443143173,India
8.658898235341077,8.609281952009269,5.8,2,2,41.54145694134144,USA
2.383973120404843,8.58488058707307,6.02,0,0,0.0,Brazil
8.68448009641937,6.801451011000343,4.36,3,1,48.35692413222375,Italy
6.714242422127407,7.5868527749183,4.07,4,1,44.929163682410305,India
6.054402771969644,6.398207961235608,6.59,3,1,52.86251270049543,India
8.531729522844206,7.6427325097114664,1.0,3,1,29.85362467654913,Germany
1.533380903708041,9.932740572140736,2.75,1,1,58.07433723078007,Germany
7.074211854190938,6.846239043840702,5.78,3,0,0.0,Brazil
8.167978610355311,7.950617727911366,8.54,5,2,13.119735596428832,Italy
7.887050367759479,6.995707605259345,3.02,5,0,0.0,Italy
2.035959998479205,8.94145721554145,6.97,4,1,11.676820122145006,Germany
2.949242109749734,9.145026705484414,5.96,6,2,151.68840305140273,France
2.623999871811814,9.5810578543825,6.29,5,0,0.0,India
5.949093871826679,7.5409507900285275,2.38,4,0,0.0,India
8.50532562718697,7.650085931361758,2.81,1,0,0.0,Brazil
9.33956571413609,7.525410109790186,2.87,3,2,63.434187491181945,USA
7.785845317343965,5.573555525541446,4.24,6,0,0.0,France
5.038757700747054,8.717678669128523,8.58,3,2,153.19558492538786,India
5.0421469134293995,3.294165473481442,4.73,0,0,0.0,India
2.449567253132576,8.367349350492749,7.37,4,1,53.95308663912298,Brazil
3.826329542999335,9.790314042041796,10.86,3,0,0.0,Germany
8.926136108270864,9.402679613965507,2.96,3,2,80.04651240581514,France
9.622169495720694,6.968842555567945,4.28,2,2,38.035887195114945,Brazil
7.854031311438964,5.9330939097088935,3.94,2,0,0.0,India
2.2531678887388744,9.996977112143835,2.01,7,0,0.0,Germany
10.985459856602041,8.321827484077087,2.45,3,0,0.0,USA
3.045161068166798,9.822343926479467,7.21,3,2,42.79217214406594,France
2.4884039153773423,8.286283186969188,8.52,3,1,67.33437882817228,Germany
9.35259672820665,8.22335241163166,6.62,4,0,0.0,USA
8.874229054236118,7.668793425110992,5.17,5,0,0.0,USA
7.09519513457022,6.611942643453973,2.61,2,2,168.3804555766904,Germany
5.002328717822628,1.4632757310750992,5.47,1,0,0.0,USA
6.2406703769385246,7.5885976948050375,2.88,0,0,0.0,India
6.101892143903416,6.805423750639061,5.66,3,1,55.28218264300262,Italy
8.758539325203687,7.650375321759637,1.69,2,2,194.6927677350166,Italy
3.025627266940322,8.817819544770224,2.4,1,0,0.0,USA
4.3167111705256165,2.241982040352886,4.15,3,0,0.0,USA
3.803879098773656,10.175112915576841,5.33,2,1,71.47765450261804,Italy
8.798463549144424,8.10699102170762,4.56,2,1,10.951200379668068,Brazil
3.0230645403894436,7.95507260630937,5.48,3,0,0.0,India
4.736633754666902,0.358419821649401,9.89,3,1,90.66630244373728,France
6.56491724876051,6.074211816274878,3.34,3,0,0.0,France
6.810623690414209,7.697691180053638,1.62,5,1,95.82552426796057,Brazil
9.86915288335546,6.758651421291791,3.6,1,0,0.0,France
3.8800767042403264,1.2631542410491798,3.36,3,1,98.84528095967666,Brazil
4.1658208307305244,8.48983799193567,3.54,5,2,17.67425904094133,India
3.5084998553476607,8.509511206970105,6.41,3,0,0.0,Italy
3.586043340863756,2.400984079093635,3.53,6,0,0.0,France
9.773725016618304,8.164090613290375,3.17,4,0,0.0,Brazil
9.270093245629383,5.66013620413917,5.19,2,0,0.0,Brazil
4.070527412646964,2.564837733633863,6.74,4,1,35.78766447830703,Italy
3.3276262889947517,10.546653852876437,4.23,1,0,0.0,Italy
8.208986250085333,7.164619897615169,4.34,1,1,69.9730242197345,France
3.5197958429816634,8.49906773439008,7.26,1,0,0.0,USA
7.203722244874809,7.1267117924010766,4.56,1,1,29.242658091016455,India
5.963973386892926,5.693694002758338,7.89,5,2,158.10878935559595,USA
3.393055059253883,9.168011234143849,4.59,3,0,0.0,India
5.765764793169049,9.680073895869533,3.61,6,2,147.3858890945598,India
4.88168090778385,2.2745767537218495,5.39,5,1,79.69759613632367,Italy
5.358775959087491,6.778501874585936,1.96,4,0,0.0,France
6.056290627928394,2.746409670606491,5.16,4,0,0.0,India
9.028106056203992,7.829886386560766,3.27,2,0,0.0,India
3.7623948140724695,0.5660824891567151,2.47,4,2,136.58926467460594,India
3.2280300106614805,9.759291441075602,4.9,4,3,264.85648908068606,Italy
7.70894756551264,6.288538574822849,1.03,3,0,0.0,Germany
2.961146994964628,8.224947622478647,5.72,1,1,94.98111760821018,Brazil
2.953490883128862,9.391586621243174,3.15,3,0,0.0,Brazil
3.613797992032477,2.354595301475074,4.55,4,3,293.68012947349365,Brazil
2.173052660026521,8.786809868244914,3.52,2,1,41.651995452762506,France
6.606831421433544,6.971043969912055,3.1,4,1,16.923943843973248,USA
1.3357553464203054,8.741741406836512,4.06,2,2,169.8930706300864,Brazil
4.164810251664949,5.378230459479628,7.92,2,2,142.771535905816,Italy
6.841892760887717,1.6170776353216767,5.12,4,0,0.0,Brazil
4.4637453326771235,0.9263441959277499,3.6,2,2,65.62645580089435,Brazil
6.910378576393928,7.323594782557566,7.3,2,1,97.5208307939553,Italy
11.137783280305909,9.124568112038038,4.6,5,1,31.330687605967086,USA
9.255033240227068,6.933760779382272,5.52,7,1,72.2072929160051,France
8.46785428985909,7.748941081165657,8.25,2,1,54.223091666272396,India
5.50867717453365,1.996274029941463,4.82,3,1,76.76453702475374,Italy
7.302994039997497,6.45995455578881,6.69,7,2,177.12154817662034,USA
7.755949045312567,8.939504595416633,7.27,2,0,0.0,Brazil
1.957721347813227,9.354875344598819,5.52,3,0,0.0,USA
8.210276274171896,7.651108606094676,2.47,5,1,76.73162816433695,India
2.714311475895224,3.466879442946266,5.1,6,2,52.730413896382046,Italy
8.053960620865464,8.036327720453565,3.5,3,1,29.268727614687414,Brazil
7.840988530876933,7.2042136036956785,5.19,4,0,0.0,Brazil
4.719452371170267,2.731994100104341,7.1,2,1,78.52088895073055,Germany
4.385750329094624,9.633997574164457,3.63,1,1,56.15600792476165,USA
3.902498932730143,1.1389848352081082,4.46,1,1,26.984351545522344,Brazil
8.027732783487417,6.754618062409278,5.31,6,2,76.40654212436024,India
7.653897113555325,7.103776165079391,2.98,2,1,73.80338585562832,India
0.3193946898350779,8.20598784284317,8.08,4,2,151.82704000612634,France
4.492538609606595,2.9370951069963027,6.09,3,2,56.38337965881056,Italy
5.642162599417731,5.301766915778661,1.0,5,0,0.0,Brazil
4.572600775532205,8.696935635955787,6.86,3,0,0.0,USA
4.196449417993065,1.702899316266123,4.63,1,0,0.0,Germany
9.28903431581327,5.314307571473142,5.66,4,0,0.0,India
4.199998497251267,7.4846234538357415,4.95,3,1,7.7220561816184095,Brazil
6.802284923795899,6.906623279379314,6.03,4,2,106.72115189100047,Brazil
7.797650119272399,2.879956956873131,3.49,1,1,82.25309840380547,USA
5.349289816814706,1.8326161984383003,3.81,2,2,74.42707523881349,USA
6.9175200229459595,5.5986141940225345,5.13,4,0,0.0,USA
1.9494071751217104,10.095066853752943,3.05,3,1,98.95668676289279,USA
2.771857143368918,8.677899182787185,4.55,2,2,40.471062473006114,France
2.7049147189876304,1.8238081882910908,4.29,5,1,19.030678542070948,USA
4.698487753599894,0.7453411178837399,2.96,5,1,42.18283074305334,USA
5.459618553486196,1.777697040354758,5.45,4,1,25.498751557822555,Brazil
4.547322158230604,8.006199817280917,2.88,4,3,273.34013530336824,Germany
9.642248100875431,8.54005114804824,3.48,1,0,0.0,India
6.210188819608802,6.992236036887292,5.15,2,0,0.0,Brazil
6.355628235566942,6.787366527496395,5.04,5,3,150.56323356965896,Brazil
8.110837552479245,5.1175877355843244,3.24,5,0,0.0,Italy
7.200251667458081,7.487630503196657,5.58,2,0,0.0,USA
8.593729686986793,8.186936987060314,9.06,3,0,0.0,Italy
10.219876815515448,5.711805849879849,5.08,6,1,72.87514181350518,Italy
9.039415692236378,6.086569657055858,4.07,3,2,121.96916237332078,Germany
6.671788807787199,7.278701632189706,4.62,2,0,0.0,Italy
5.05223480531405,3.5493422116821103,2.44,3,0,0.0,USA
6.411095934246146,6.727840217468446,4.03,5,3,224.4248838454427,USA
2.003232069596885,8.286013925791709,5.45,5,0,0.0,France
3.5765243363977826,2.99479444834068,2.83,2,2,75.65827623647499,France
5.294266970288865,2.263080857978395,6.47,1,1,71.56163164234741,Italy
3.9538290791929214,1.3559574372927705,3.67,3,2,129.84210610078904,France
7.215693887657011,6.6113046588367155,4.2,6,3,112.03646028169179,USA
6.206198378397577,6.718318052673227,5.51,1,0,0.0,Italy
7.698968783885844,5.721637596802619,6.85,3,0,0.0,Italy
6.197633891897125,5.838376740621349,3.98,1,0,0.0,Germany
5.786668080254602,5.90964695636928,3.89,1,0,0.0,USA
4.967689909802225,2.9256478408935376,7.74,3,0,0.0,USA
8.374882818519948,7.396212378534137,9.11,3,1,30.930988516897482,Germany
9.834372696805902,8.545717095605498,3.31,5,1,97.86278611417715,Brazil
4.37893932274817,8.625765353015312,5.67,4,1,60.66136094012895,Italy
6.426752864356379,7.146322543682438,7.26,2,0,0.0,USA
4.43837134588593,6.270599697063506,2.61,1,1,81.12711187417865,USA
3.2331879547953593,8.818895777021298,6.14,2,2,29.540352912817063,Germany
5.3121722442685035,0.47269313477773034,2.94,2,0,0.0,India
4.239978846118785,1.2280019136233815,1.17,3,0,0.0,France
9.798060091468944,5.65983293730232,5.7,3,1,29.4131026355653,USA
4.672652473783883,1.9943923347749903,5.58,3,0,0.0,France
5.187945760935272,0.6336803174120731,6.45,2,2,34.768376282683015,USA
3.2445010837347024,9.735765451955665,2.94,3,1,14.638281558204609,Brazil
3.226019943655555,7.147749511125261,9.45,4,3,74.74026732423798,USA
0.38704142604011693,10.046751388749469,6.87,0,0,0.0,Brazil
5.025628804409796,2.675829682440038,5.16,4,1,28.234000126404073,USA
2.6821436829761733,10.725994608340665,4.95,3,1,80.97812266727463,Germany
4.543878174494243,1.7751099207218255,1.54,5,2,141.59128105961406,Italy
3.0828596299329867,8.467427186957929,5.05,2,2,18.303908962083476,Germany
5.243592076772297,3.37467003049289,5.14,4,2,143.33056860140016,France
6.555281479956347,7.91643879011411,3.0,2,2,30.521586511617414,USA
7.863076954629241,6.564390170979422,6.32,0,0,0.0,France
9.86206220191383,8.34069712966886,3.42,1,0,0.0,Brazil
7.727254403648154,6.0615149749327335,2.88,5,2,109.91768868100576,Brazil
11.694603169977167,7.034032835065084,5.85,5,0,0.0,India
7.053692149686238,7.726241104768524,7.17,4,0,0.0,Brazil
8.876497343602438,8.091639867929397,3.51,3,0,0.0,India
6.89796525778498,6.997519893620816,3.98,0,0,0.0,USA
8.64024913960441,7.802877174317205,8.25,2,0,0.0,Brazil
3.309173704897175,0.20479804825395576,1.19,2,2,144.62729551265824,India
3.7766891240612734,4.013303569937651,6.27,0,0,0.0,India
5.930369889298361,7.343893964654055,4.21,3,3,131.4486281054119,France
4.59858747444344,0.4986669968924964,4.26,1,1,50.54357350981297,USA
1.4465403322652237,8.638652462432786,5.99,2,0,0.0,France
5.549283683661551,4.992250605317308,2.97,0,0,0.0,Italy
7.623443726452976,6.398811035097531,3.12,4,0,0.0,Germany
1.225101829104633,6.587894057663114,2.24,1,1,41.308620496723655,Brazil
7.8175805999961625,5.281461999684836,4.14,4,1,51.17143366318924,USA
10.096525046662936,7.656228209872886,2.49,3,0,0.0,Germany
6.741200544262983,7.626136441444957,6.99,6,0,0.0,Germany
7.547011245511398,6.519978641998384,5.17,3,3,145.7122094191841,Italy
2.464838825537143,7.26857869533867,8.93,6,1,96.35204978792018,Germany
7.7330138551427225,7.3680249978179395,1.37,1,1,93.74560118750561,France
1.369642087027281,8.62692416364551,7.88,4,0,0.0,Italy
5.666773454486016,2.5727472251860877,2.17,1,1,30.055041326589233,Italy
3.155770507295277,7.932738124583927,8.38,5,3,65.69519241520463,Brazil
6.6967126275310145,8.73384183449507,3.26,4,1,90.63904936022979,India
6.647954506956209,6.807764375956765,5.51,1,1,97.1486219435689,USA
8.824674844560954,7.575176784485257,4.65,2,1,61.75885192311719,USA
4.902381727079935,1.189005825580899,3.19,3,0,0.0,Italy
4.298785904086493,2.9951328390007355,9.83,1,1,63.293022322493535,Italy
3.940464296104814,2.134868210645485,2.43,3,1,37.031182799829274,Italy
6.844255774062631,7.966820404660674,5.86,2,0,0.0,India
8.494194051807945,7.947122442550716,3.95,1,0,0.0,Italy
8.543759244060846,9.213336819392547,5.98,1,1,12.25630862601681,France
4.8761024824923345,1.0340141141700503,4.31,3,1,92.53818373069329,India
3.2138607191076494,2.3670429021054753,2.75,6,2,46.87392541967057,USA
7.889161686397849,6.111754708009339,5.27,2,0,0.0,India
7.985971348228379,6.778453831709918,9.02,6,2,52.48811917990823,France
7.203276235860431,7.106802863174666,4.04,3,2,164.54353067586712,Italy
2.9556312376032783,9.208376121096629,7.7,4,1,53.12234640392698,USA
3.0489573033621116,8.235981402796009,4.79,1,1,66.44379493242869,France
3.24792045527637,3.67727176199985,5.87,3,1,37.9088160260924,USA
8.328826373811605,6.283055607609137,3.81,1,0,0.0,USA
5.970863713026912,6.08442257315356,5.71,1,0,0.0,Brazil
5.6572250295007676,6.817930363463659,3.36,2,2,93.77813112624,Brazil
6.961501368342109,6.316435939005791,5.44,3,1,55.278741093055885,USA
2.845735325029501,2.512934196769074,6.85,2,1,37.09073024394511,India
2.332756067775525,8.647258289115,3.72,3,1,88.45701626383052,India
2.8688272955052128,9.315393467390063,3.96,1,1,82.62338801677998,Brazil
9.607287669310804,7.436208115659077,5.35,1,1,34.35428386309407,Italy
5.513868587234984,2.0516089300244023,3.47,0,0,0.0,Italy
6.115681827435804,6.92502913143038,6.45,0,0,0.0,India
5.853058024619691,2.506061404167772,5.92,5,0,0.0,India
6.088698944565817,1.6580877560318086,4.27,1,1,60.42741702699463,India
6.973899908382236,6.698648529795308,3.27,6,0,0.0,France
7.330367468454022,8.88181559500148,4.07,2,0,0.0,India
8.95981486207642,6.463520440376401,4.34,2,1,14.885540776247042,USA
7.845598115762806,7.6922790650022765,5.7,4,0,0.0,USA
1.8278352964774447,7.860593846858463,5.86,5,0,0.0,Germany
8.941032615174175,6.449746951769448,4.15,1,1,66.33511989987173,India
7.152583564662049,8.556251257566988,5.64,2,2,128.94249907716903,USA
5.50331611641798,1.957606595070438,5.88,2,0,0.0,Italy
7.070152380771307,6.588735137037363,1.42,5,1,47.417123479069645,Brazil
4.373958762032549,2.5300444063088774,6.17,6,0,0.0,India
7.449527653016434,6.967976244307997,6.59,3,1,49.71954434002522,USA
7.853687348069492,8.831852202286395,2.62,4,2,119.10557873172736,USA
0.6957899245373271,8.671407266640758,2.2,5,0,0.0,USA
5.079364884236613,1.874859836486356,5.8,4,0,0.0,India
2.667503101062414,8.830432235039112,7.07,2,1,34.62786408716713,France
9.212501341439447,6.742545901424058,7.19,4,1,53.6880024028911,India
5.021231670808386,3.3386961464669977,4.65,2,1,33.14212363810767,India
9.166881008426309,7.215188068129409,6.15,3,0,0.0,France
5.265197170249604,1.8038952456081072,6.82,4,3,25.72818847354083,Italy
3.696191011358495,10.072100309019117,2.21,1,1,64.11904977238234,USA
6.191190671276601,6.540326571136717,2.07,1,1,78.27555387109155,India
9.036784196180045,5.494428501577486,5.17,5,0,0.0,India
9.373492023803648,9.013975585084543,8.74,0,0,0.0,India
2.1147454806744532,8.593301647378059,5.88,2,0,0.0,France
9.288995934204017,9.583124943241181,1.0,6,2,70.16056023569922,France
3.6852607342780415,2.4913886343861433,3.22,6,0,0.0,Italy
5.957453734644184,7.00990042248064,4.36,6,1,39.60820548950297,India
6.156630256526947,5.642371487526722,2.24,2,0,0.0,Italy
9.473123238740252,5.710392896584015,4.98,2,2,164.8521075470938,France
6.59170756990527,7.147301158931235,4.74,4,0,0.0,France
2.463633741910852,9.637693266478237,1.81,3,0,0.0,USA
4.101117998882006,1.7182227135371426,5.47,1,0,0.0,India
5.582329657225724,6.959485733296259,4.55,3,2,143.48198953577517,France
9.571789847804975,6.433560358941562,5.14,4,0,0.0,India
8.6216811329231,5.805006139467007,5.8,4,1,53.50284822657339,India
5.434776903891462,6.3005317461620995,4.31,2,1,81.16739177999365,Brazil
2.7377975383927686,8.019936753589809,7.88,3,3,259.7758102413421,Brazil
6.695409961621176,6.27015820594397,3.38,3,0,0.0,Italy
8.484813772187586,7.513082776007379,6.14,4,0,0.0,USA
2.282513374558153,8.452728381867697,5.29,3,2,24.688462541871655,Brazil
1.8764157569464652,11.284978986002717,4.92,4,0,0.0,Italy
9.433752141879026,7.462386904699251,4.63,3,1,26.180968464407123,India
1.2631124305551211,6.940895895790172,6.26,2,2,30.262268184912664,Germany
8.0920501630256,8.224314089527006,4.42,0,0,0.0,Germany
1.9156409007718884,6.073897493534041,7.32,1,1,81.52098318829022,Italy
9.558696611532664,5.880669161431368,5.77,3,1,88.06183135256941,India
8.84589241631066,8.267039733651412,1.0,2,0,0.0,Brazil
4.3123372993086955,7.430150185192832,5.9,0,0,0.0,Italy
7.11149569777706,7.222126939080722,8.19,3,1,58.94972320357255,India
10.43033621375466,7.775528284081151,2.54,5,0,0.0,Brazil
7.737843222922897,7.4263736024534115,6.68,1,0,0.0,Germany
6.890566243111356,6.4402667068031185,4.42,2,1,96.72184454130448,USA
7.2841422757929655,7.064984770470538,5.46,4,1,92.97657967820126,France
6.37526212543286,7.421408688238186,5.99,2,2,125.6084286059985,India
4.1407398847577355,3.1703377111885853,4.87,1,1,97.10281701606083,India
9.681924369167723,7.10095784472729,5.26,4,1,97.28498948228662,France
4.747108124647254,1.4732986494356997,4.21,4,0,0.0,Germany
4.581158409123472,2.4197061908814437,6.55,4,0,0.0,Germany
7.846681378375208,7.924575850572807,4.63,2,1,38.25590956985798,Italy
4.337609444145575,2.504036846007881,6.26,6,0,0.0,Germany
5.824572642208719,7.214316591342396,6.83,10,0,0.0,India
8.566745556482418,8.332817871278513,6.52,6,0,0.0,Brazil
6.139867900454001,5.394893009128829,4.66,0,0,0.0,Germany
6.376537937814607,6.605016116332193,4.98,3,0,0.0,India
6.206493498918301,6.575024188569194,3.5,2,1,58.89012080035205,Italy
6.351591186603306,7.648545110179439,4.39,2,0,0.0,Germany
7.791220567737416,5.890048362559587,4.17,2,2,131.14417738965344,India
8.065442102166216,7.204851528357921,9.85,3,3,84.11214601164762,USA
1.9252694377267863,8.654994037411262,6.02,0,0,0.0,France
1.274445709007955,7.982330886103886,4.99,2,0,0.0,Germany
9.699740485822353,7.975690800614389,4.18,1,0,0.0,Germany
2.5230353691469873,8.324558354134147,4.73,2,2,23.219508811722307,Brazil
7.750601005297157,7.657822879249712,3.56,2,2,95.9854211819314,India
4.003033621957712,2.7141866352771813,5.57,2,1,7.549164406626704,USA
8.802048463997675,7.781132657439075,3.55,5,1,82.6137548728602,Brazil
0.3518894097872467,8.408571205194983,3.91,7,0,0.0,USA
4.110962457123446,2.750765745733004,4.35,4,1,18.205991772643387,USA
2.2995382077781246,8.522649942566273,7.31,2,0,0.0,Germany
7.983772647815189,7.838037432771214,5.35,0,0,0.0,France
1.9984055345251555,10.04486671382238,5.32,1,0,0.0,Germany
4.57428066930907,9.04274370938148,3.72,2,1,70.86928373430219,India
7.8757357737902085,7.836122426771501,9.92,2,0,0.0,Germany
8.315979648190432,6.329981112058067,6.64,2,0,0.0,Italy
5.779946682723262,1.1360795503256924,1.78,2,0,0.0,Brazil
6.197784268546458,2.9657977869201613,5.68,3,0,0.0,USA
3.1962117227522473,7.663730163855338,1.7,2,2,75.69501572216468,Germany
3.2717168621993484,10.0505890202708,6.89,2,0,0.0,India
6.606012609985565,7.48061622868991,5.68,2,2,170.0459056177713,France
5.72287877474497,0.8967884965386737,2.74,6,1,92.07822519346739,Brazil
1.818724936931237,9.279903121370856,3.58,2,0,0.0,Brazil
8.146971375555484,6.733161223693372,5.99,6,2,186.2954236381557,Brazil
1.8754207421206517,9.42808522564982,3.6,3,1,49.77268269555705,Italy
8.578848933549533,7.342319107484195,7.24,2,0,0.0,Italy
9.199792085799473,6.944043659486959,3.65,2,2,119.506121973845,India
2.932796204780927,7.648668724008172,4.39,3,1,29.18289157403799,Germany
1.752709268736652,7.100226057610854,5.47,3,0,0.0,India
1.309118666625889,8.522383680692116,3.23,2,1,53.31790891690987,India
7.983138703243183,7.7707894737497725,5.91,3,0,0.0,Italy
8.651400704081512,8.605501277875389,5.55,2,1,57.81310814356814,Germany
4.974933188140273,2.53795878984838,4.29,1,0,0.0,Italy
7.967520203260529,7.5643517737911905,1.0,2,2,197.97165579273198,India
0.6246113171181411,10.55752965647051,6.07,7,0,0.0,France
7.120747551591692,7.962885758985333,4.63,1,0,0.0,Brazil
10.745549756324813,7.121748539199545,4.73,2,2,145.0584407052923,Brazil
10.122742783591102,7.636038081694265,4.45,8,1,70.15532197495693,Italy
10.008763514133513,6.5562503431387205,2.94,3,0,0.0,Germany
5.5577461989914685,6.9271681340503335,4.63,3,1,35.351715534076675,USA
7.2857786077250735,7.827092358893295,7.39,5,1,8.490103000166744,France
7.645721551658694,6.127183016288491,1.79,2,0,0.0,France
5.056680410711215,3.1402904719440294,5.98,3,3,230.64114136721432,Brazil
4.349275367558503,8.98200551714885,4.02,2,1,29.107404951677516,Germany
1.5338851645747713,9.529914216642277,4.26,2,1,44.128882019001125,India
9.590616578397478,7.539068550508655,3.79,2,0,0.0,Brazil
8.628043192740781,7.861557754653165,3.34,3,2,43.79115232380269,India
2.166472276675046,9.471039347352106,5.65,2,2,57.67151295594752,India
3.3367878437014697,9.100430011244697,4.38,4,1,21.27834067330817,Italy
5.1742437348644845,2.0642632901966453,4.93,3,3,277.8808365522382,Brazil
8.213099285762908,8.48799876254871,6.26,2,0,0.0,India
7.091090428126119,7.879254234601706,5.78,2,0,0.0,France
6.321395084272967,7.052735946284424,6.05,1,1,12.679340508220065,Italy
1.5126271124733028,8.547790748970124,2.15,2,0,0.0,India
7.65649946269397,6.828612720008401,5.59,3,1,93.8832597333657,India
5.597183658821633,1.8670790485993116,3.35,3,2,166.13744168446757,France
2.9557125751197715,9.870684922521793,2.16,3,0,0.0,France
8.96109918232282,8.22584867662909,5.1,3,2,151.70681480505255,India
8.872499638170337,9.439293725061688,3.49,3,1,84.63354441837005,USA
8.589802292543064,5.842938120743942,2.27,3,3,68.01394034926544,France
7.120690413617051,7.314142947599547,4.25,3,2,160.4101694355197,France
7.141572197575624,9.21617919829721,9.42,2,2,132.2332668666655,USA
8.982914523962458,9.146881877535169,1.37,3,0,0.0,Germany
3.614010730258625,2.035501033559855,3.96,6,0,0.0,USA
3.4136994784154178,4.169815738919686,6.45,2,1,21.578374902593566,Italy
5.218807484799337,2.433212007801198,5.73,2,1,97.49650850236728,Germany
8.260279361261409,6.468038456209923,3.02,4,0,0.0,Brazil
9.99198710806258,7.229901596428092,3.27,4,2,57.88825431119553,Germany
3.7028344548092305,9.933440301808323,6.57,7,1,56.31847249252211,Italy
7.939981631560482,8.628463119506737,5.75,2,0,0.0,Italy
6.833328386516487,2.9288736550545993,3.31,4,1,5.156857026502956,Germany
3.369516789903015,3.1278634506574523,5.87,3,0,0.0,USA
8.008210092140784,7.914864236671408,3.84,3,3,176.3195237126569,France
7.568903814303658,7.56510574340234,9.61,5,0,0.0,USA
3.683820284544707,4.2908064726146105,4.04,1,0,0.0,India
6.366105821896535,4.957885033006494,5.75,5,1,64.8023797043607,Germany
7.082945476568777,5.757906259982578,3.92,3,2,178.23433127091204,France
7.484346057786748,6.250551227210111,3.87,1,1,31.15079048849406,USA
4.536066351825134,0.7927091987086499,6.42,1,1,39.625584107864384,India
5.730062307248549,1.225073619319085,3.85,0,0,0.0,USA
3.8273330661061156,4.078467113399045,6.32,2,2,137.17646489304653,France
10.359760737550317,7.856119403112769,5.27,3,3,177.4539850679609,Germany
4.065826796576654,9.62029607954396,8.49,4,0,0.0,India
6.981655418718296,7.355949519685707,7.09,8,1,21.66595205776276,France
7.966622625574633,7.513805825421125,4.77,1,0,0.0,Italy
4.896253591728696,6.648581113058428,7.01,1,0,0.0,Germany
6.529879375903288,9.350772876155347,3.18,4,2,134.71305946554287,USA
1.8366239218500189,10.914168063093538,4.68,3,0,0.0,Italy
3.8498617394128933,2.665984894241655,4.96,3,0,0.0,France
7.99901807089718,7.3532926995830605,6.13,4,0,0.0,France
11.682271421407778,5.9272937852625125,4.18,4,1,80.88184789112634,France
9.620514500638109,7.479848059454147,2.53,3,0,0.0,Brazil
4.227399824340164,1.2344721856111693,5.57,4,0,0.0,Brazil
5.933075829727796,6.0592010721068394,4.88,2,1,33.95855197706862,France
4.340363798680624,0.737466661891323,3.63,2,2,18.21375378850886,Italy
2.5975605822580854,8.644275098316195,6.27,7,1,46.46595295476131,Italy
8.242832455914037,7.509775375399969,4.58,1,1,54.27830505202662,Germany
4.47145912419922,2.5768154229014706,7.93,5,0,0.0,Germany
4.456338514211636,1.8582187524488893,6.18,2,1,25.90785860541239,Italy
6.0377231432595995,3.1643427288808277,2.99,2,2,46.03181336628062,India
4.008637699987401,2.572620370262436,6.28,3,0,0.0,USA
3.0147575773455766,2.056081537112772,3.39,4,2,114.33463985610783,Brazil
9.145698076333241,8.567464840464828,7.46,1,1,80.49565420985026,Brazil
1.628050902239381,9.01561181693273,7.87,2,1,49.62956636664863,India
3.6415720609370466,2.4919627013924535,5.65,1,1,52.75323674934234,USA
4.6538838035994825,2.5369575589476465,6.44,3,0,0.0,India
1.4915361562092477,9.28578143902397,4.34,2,0,0.0,Italy
6.6299794922961395,5.412556979906498,4.97,1,1,9.14387042046728,Italy
9.30667644519546,8.145061732806914,5.12,0,0,0.0,India
4.543666574187522,2.232100112166422,4.77,6,0,0.0,France
4.060927078879178,1.076802136115551,4.82,3,0,0.0,France
4.886784899644713,0.8479718562030087,7.53,3,0,0.0,India
7.207422247028733,6.921769616657281,3.55,5,1,87.19390220420668,India
4.412159221392349,2.6886627807102172,1.17,1,1,89.73391013879473,France
3.5713580821456627,2.3185838655845856,6.36,0,0,0.0,Brazil
8.650683993488453,7.583765970591029,2.74,0,0,0.0,France
9.80397739624331,7.134023339106574,6.26,2,2,86.91955611884535,Germany
6.396697245973684,6.2480863696589255,7.18,3,1,62.349012696514855,USA
5.262822866641409,2.614711328876744,6.39,2,2,166.13744817168143,Italy
7.597388569251204,8.169874341704723,5.21,8,1,76.45097572105898,Germany
3.0406521744119654,7.4464267028328655,4.91,2,0,0.0,Italy
5.934129886491875,6.9595059746614405,8.75,3,1,64.65184736556338,France
4.1972895434539454,1.9808975771164166,7.43,4,1,26.727685430827126,Italy
8.014639289337339,6.3856120614956255,4.29,0,0,0.0,Brazil
1.502040422456081,9.532280904589774,5.39,1,0,0.0,India
6.355899425737417,6.274565610690364,5.43,1,0,0.0,India
4.266510411225017,1.4729718668447362,4.74,4,0,0.0,India
2.159397598484843,8.010231531356311,6.53,3,0,0.0,India
7.762393633935211,7.4692815548263605,4.96,4,2,179.1754945278601,India
9.12781102582386,9.03429869319309,3.52,4,3,163.415241356469,India
7.50985926479771,8.450584638643917,3.01,2,0,0.0,Germany
8.480857570787286,7.657649162836938,4.43,3,1,60.51130369309781,Germany
6.384110667006374,7.7131178491153864,6.03,6,0,0.0,India
7.729635445911656,7.1589045730475,6.97,5,1,35.285527512728834,Germany
3.068458837889801,1.0407984407587447,4.51,7,0,0.0,India
7.097469679621575,6.996778325557611,2.1,4,1,93.49979991162033,India
2.311905357421544,9.325594801641206,4.41,5,0,0.0,India
4.039493143356996,2.1128233735060826,5.67,3,3,39.77289131346681,India
5.503407078749623,2.144639001531123,6.35,4,2,108.2651335096692,Germany
4.896127493248423,8.518407956188172,3.6,3,0,0.0,Italy
7.058308078759254,6.127218511782162,6.02,5,3,120.48992017231448,USA
7.761445690136689,7.4713252125183205,5.31,2,0,0.0,USA
7.922797964911267,8.587573086005868,3.01,3,0,0.0,Italy
4.034722793977489,8.322378058317078,4.96,3,2,103.44087180746402,Germany
3.1551618021772856,8.215094121548068,5.01,4,0,0.0,USA
7.753138840501649,6.938940471778491,3.37,8,1,23.168518220666762,France
1.327629906633604,11.357940181010946,7.03,3,2,136.82305349323678,Germany
1.9952897733938353,9.19386791013792,3.71,1,1,58.78842389078953,France
9.501317717907058,6.734818081941933,4.21,2,2,169.32161225707134,USA
9.17859743459018,9.270221377864265,3.91,3,2,103.68409572255983,USA
6.244381654547313,7.906351968578846,5.66,0,0,0.0,Germany
10.282046126231066,6.840722226813753,3.25,2,1,42.691632071832615,USA
10.664228850748616,7.687107189344893,5.67,2,0,0.0,Italy
6.380712790186855,6.605649415662105,3.11,0,0,0.0,USA
7.56040275747645,6.587844137120235,3.98,5,1,7.109874013324801,USA
3.4988257596230876,9.955057316186537,4.15,3,0,0.0,Germany
6.585610791844639,8.383264662875549,4.1,1,1,12.849297783729233,France
4.216188119317425,1.4840135087565158,10.46,2,1,20.647323655053125,Brazil
4.318126132237893,1.9406886480986374,7.19,4,3,21.307902572670272,USA
5.560904675959095,1.493450787174596,4.77,5,0,0.0,Germany
2.5356033800116773,9.294447287017928,6.73,3,2,95.62237019269442,Italy
5.283547589250592,4.050513123510685,4.85,1,0,0.0,India
4.236591044317163,2.0576966677250565,4.25,4,0,0.0,USA
4.274597978024216,4.361137389465464,6.35,3,2,160.42957721566663,Brazil
4.952701072994948,2.546936793842633,8.05,7,1,59.030475407439624,Brazil
7.9852673005843995,8.45144790101553,7.84,2,0,0.0,USA
9.642595678085428,7.488563552036442,5.94,6,0,0.0,Italy
4.367468819624414,3.206893962276925,6.42,6,0,0.0,India
8.101257086018338,7.024585518478873,2.36,2,2,106.70303036845976,France
4.350071854384396,7.73470916146262,3.34,2,0,0.0,Brazil
4.013962818543499,0.9949147458802546,6.84,1,1,17.9614817494868,Germany
5.718124142669295,7.064986349521212,2.4,2,2,34.2137275653059,France
3.778528119599449,10.716800786327926,5.27,6,0,0.0,Germany
8.899213733542712,7.51383304089576,6.37,4,0,0.0,Italy
4.828117727065688,5.5734925239808994,7.09,3,0,0.0,Germany
9.784392268761579,8.228272718757527,4.5,5,2,151.56760516902878,France
3.632683848701123,2.141400225124426,8.06,4,1,57.091448861695504,USA
1.4126505048224964,6.8230322770330405,5.76,1,1,83.29784059014932,France
5.290546465020188,2.3990806510421434,8.68,3,0,0.0,India
3.8087788599803476,9.844018546077496,6.57,3,0,0.0,Italy
5.078458127149107,0.6031430565763027,5.32,2,0,0.0,USA
1.2709145516191145,9.035557704934384,5.69,2,1,47.2158036523039,Germany
9.973719080509241,4.7080539554948535,4.71,5,0,0.0,India
2.9703673550873693,9.770850803111461,8.14,6,0,0.0,Brazil
3.771956373476948,2.5303073023442137,3.07,3,1,75.15538250587008,Italy
7.621470352159745,7.2618807899499895,4.02,6,0,0.0,Germany
8.7924785444991,5.102814825245493,5.8,6,1,98.87272805552509,Brazil
2.5151523322654796,9.79828890750907,6.26,3,0,0.0,Germany
9.382728776214924,8.371371972388454,5.57,4,2,112.31504599671959,India
5.972793044778344,8.331944338444382,5.28,3,2,141.51300665450037,Italy
6.274494175392321,7.160392306353128,7.11,6,2,65.9402934949479,France
6.334368708125151,5.993156985802775,5.91,2,2,185.98553879419902,India
3.4845636503310002,10.31779406013308,4.8,1,1,40.53953903749514,India
5.343021378448105,2.5063770018400446,2.24,3,2,143.65477678704713,France
8.009054070069544,7.478373363809087,3.23,0,0,0.0,Brazil
3.0687264851102185,3.054683770240473,2.58,3,2,183.84116484592494,USA
6.857559490214406,8.924440069477022,7.89,3,0,0.0,Brazil
8.525204339443018,7.9911078759753105,5.95,3,2,31.356347693576645,USA
8.310741333922525,6.950139370083991,3.55,3,2,87.3607905993052,Germany
2.4115215245039185,8.241276344342856,3.67,0,0,0.0,USA
8.084415691443878,7.831402760567324,3.87,1,0,0.0,Brazil
9.909347319167498,7.1812372230535555,2.73,2,0,0.0,Italy
5.581686997616138,6.234026352064093,4.51,3,2,130.98790710413328,USA
5.807096569532474,3.561616860180844,1.0,1,1,59.75186850176561,Brazil
7.437760450808721,5.8857308622839,6.64,5,3,123.83652058844147,India
6.393880043695811,4.773169411012761,6.21,2,0,0.0,USA
8.767462759580875,9.254181174554963,5.24,3,1,33.94328684171383,Italy
3.8738336338277017,1.5119026334424248,4.44,1,0,0.0,Germany
5.136513451207997,2.6082696955386573,7.23,0,0,0.0,India
2.423879480487726,8.206020406557395,4.11,3,0,0.0,Brazil
10.170456711266912,7.721755700190975,8.41,4,1,6.814272146951481,USA
5.680833010025891,0.707911274855517,7.9,4,0,0.0,USA
1.873779592843524,7.775027733344849,5.9,3,2,171.09617630650558,India
5.276786915231087,1.4980444054961288,4.37,4,0,0.0,France
3.5366944549950077,2.793723186828629,5.81,3,0,0.0,USA
4.820173716731546,1.1583015350313879,5.05,2,0,0.0,USA
6.564864629696107,7.931431407515176,3.7,6,0,0.0,France
0.5466104325219554,9.017981800046169,3.87,6,0,0.0,India
8.70779211907841,5.262750895830892,4.27,7,1,14.26893557928645,Brazil
6.231903734804185,1.3854317146208337,6.4,2,0,0.0,Italy
5.212324142383203,2.370216353823132,6.92,5,0,0.0,Brazil
2.218250258713265,9.97212575930659,7.61,4,3,40.15565980091102,Germany
1.1485390272140992,7.70546572907921,4.17,2,2,101.94506566885082,India
3.9385892654365513,1.0973548592944387,5.72,3,1,98.6352164822909,USA
4.310389536010115,3.6480293568547966,7.4,1,1,56.07320114553471,Germany
7.644476419459373,8.676092327859969,3.44,6,3,129.7241932244973,India
4.637640719753921,0.9057357509802326,2.95,0,0,0.0,France
5.822896760375592,5.444020247093931,7.19,0,0,0.0,USA
2.2325068237227312,9.841469377234345,1.04,2,0,0.0,Germany
7.165499446130391,6.718596094037539,5.99,4,0,0.0,Germany
4.687408942784181,8.484819164691313,5.13,1,1,72.3256616517759,Italy
1.0559221470102056,8.936055469139804,6.94,2,0,0.0,USA
6.876044589318487,7.0747732883006265,8.56,3,0,0.0,India
8.16382540206243,7.443662774524648,1.0,2,0,0.0,USA
2.6223256755684905,7.7150697647524975,5.33,3,0,0.0,Germany
2.6735328289381415,9.226379481272497,9.25,10,1,25.690995815299214,Italy
6.35368301052647,5.951720914139775,5.02,2,0,0.0,France
4.295814879523875,1.5986355331904811,2.64,3,1,82.525411484303,USA
7.465577959865082,6.371064448478803,3.75,4,0,0.0,France
8.549023120762248,8.465353843234936,3.0,1,1,6.579546558433417,USA
2.5357188823018104,8.132411476970603,4.83,2,1,20.426700971003804,Brazil
4.656253078159395,0.9862269474391752,4.27,5,1,98.90904187041488,Germany
8.87264108738582,8.39321459723831,5.69,0,0,0.0,Brazil
2.0833104168597143,9.033433905614073,3.81,0,0,0.0,USA
2.2003646104537866,10.716501072833559,4.09,3,1,29.389431729135573,India
8.986883171536594,7.4536739774842875,8.4,3,3,172.08511774712107,Germany
4.023103474708393,0.6251738995735632,3.92,2,0,0.0,Germany
2.9456229402330236,2.97977622497336,2.52,3,3,103.39043023571872,Brazil
1.8705374544096478,10.072404453285472,6.91,0,0,0.0,USA
8.296068365387459,7.288562219345323,4.73,6,1,63.24409036739424,USA
6.237748129673501,7.26320451443574,4.74,0,0,0.0,Brazil
4.932707679814785,0.09273413987765067,4.59,4,2,21.724751936313073,India
3.9851090606041524,1.4625611846431525,2.13,1,0,0.0,USA
1.4674729589938988,9.597830431210209,3.59,2,1,38.58228350518106,France
5.574044475340747,7.593420493556158,7.69,4,1,64.57124468795878,France
7.399301669354905,9.458402443416476,3.1,1,1,71.90104723175457,Germany
2.637115214533517,8.058745687597895,3.04,3,0,0.0,USA
1.4572500053298316,8.016225500883909,5.33,0,0,0.0,India
1.398365010898981,2.2703297077489535,7.44,1,1,33.075915010613855,India
8.47977329674619,6.915023397342496,1.63,0,0,0.0,France
4.669309427905653,2.489814129876699,3.35,0,0,0.0,Italy
6.0170597727326625,2.993206190842822,3.67,1,0,0.0,Brazil
5.1449453620696275,9.017661634795482,7.5,2,0,0.0,France
4.8920736904623885,0.0028611025893310327,5.38,1,1,24.484821964950765,France
8.140244291718343,4.56900128710033,5.44,4,2,40.38607741604969,USA
3.0704892408534175,1.3362872950017746,4.57,3,0,0.0,Brazil
8.363723833601249,7.37524080031189,6.49,3,1,21.79983201097695,Brazil
6.401589375958987,8.319717724074774,2.52,4,1,84.34995938359909,Brazil
4.208882636008289,1.7345641522261046,4.78,2,0,0.0,France
7.423583937276198,7.257993800009752,7.31,4,2,78.73740432296415,India
9.102808105404632,6.7797213200373365,5.78,4,0,0.0,USA
6.768790812459048,8.306573504699692,2.48,3,2,73.03066394745322,India
1.941094417924104,7.96463062928838,4.98,4,2,106.02098313639569,Germany
5.690497409697803,5.1240080035824125,4.56,4,1,70.30014606161066,Italy
1.9371401813386062,8.95209511119901,5.14,4,1,87.30362510881258,Germany
6.928669497108391,0.2099329850372469,6.88,2,1,21.877500801946482,France
5.101150920545932,1.0488123503103566,3.42,5,3,241.0286050551282,India
7.693440833080199,6.69964145144474,6.0,3,3,279.00613511763913,Germany
7.005213608237561,5.844433627401181,2.0,3,2,148.830770478347,India
1.8109743094391604,9.407771513620071,5.02,1,0,0.0,USA
7.5349547143520645,6.685141887285188,4.58,3,1,53.31743562255494,Brazil
1.3290694493112225,10.15857919675826,5.88,1,1,26.962352226848363,France
2.1595475757530567,7.449483356836266,3.25,2,1,83.24708332954415,France
4.545418125908687,9.061779596449965,8.97,3,0,0.0,India
9.770887145082716,9.182325551079218,5.29,2,0,0.0,Germany
3.017337820700061,8.86650580938085,5.8,2,1,74.89074314729505,India
3.1072806016303396,2.24247587350307,1.0,1,1,87.94304220605086,Italy
9.864271096335438,7.348170293709246,4.84,2,2,97.91585575101891,Germany
1.0672526172508603,8.501911887521628,5.65,3,0,0.0,Brazil
7.7389121548430735,9.205144204856474,4.48,4,3,217.881046650342,France
7.5406490726939825,6.080863135758701,3.97,3,1,30.225438546748553,Italy
1.6820821944869822,9.172260440449774,2.2,4,1,69.89684206128653,Italy
7.682348907376187,4.9375324144453145,1.31,5,3,273.1108392184386,USA
2.665095800989418,8.46599883170772,6.57,2,0,0.0,Germany
10.788405683160391,7.320165295458722,4.79,2,1,86.61371488579908,Italy
6.322909214517852,6.267225521512763,7.71,3,0,0.0,India
1.158083533066035,10.307031417716528,6.37,4,2,62.06361942224085,Italy
7.735712063152182,6.768841074108457,1.94,6,0,0.0,India
3.653438337128855,2.4899949497651828,3.92,4,2,92.03600614938723,USA
8.317551311902003,7.327961438108518,5.79,4,0,0.0,India
9.589354563455032,8.218983139173535,2.9,4,1,76.31931042708108,Italy
7.654429369286799,7.412716349949443,6.47,5,1,71.14048270737788,France
6.605967071938768,5.31325488606216,3.63,4,3,24.12357839045049,USA
3.3774585846510825,9.11209942129163,7.12,3,3,222.43172668578188,India
9.603981041881388,7.041363379511239,5.5,3,0,0.0,Brazil
9.270078931667138,5.991278328735258,2.9,2,2,29.658630908117523,Germany
5.5524991587685415,2.394886616943829,3.86,0,0,0.0,India
6.6042309570080615,5.966397940933356,1.0,6,0,0.0,Germany
7.099750821257482,2.754666923401364,3.52,6,0,0.0,USA
8.19509233808345,7.7133880735644205,3.86,3,1,99.12942125973028,USA
9.55849066031583,7.394219937163543,8.49,2,0,0.0,India
5.7615679786160205,2.2022645155871112,2.75,4,2,196.64987447529109,Germany
5.991180260792715,6.968715699624556,3.55,4,1,8.973342771526843,Brazil
6.6948585409022465,7.128025619018955,6.61,2,2,133.10785234799295,Italy
2.4988450032093694,7.7024498958481615,3.69,5,1,62.728164339966284,USA
3.7729942513446346,1.9434808936547536,3.23,3,0,0.0,India
8.150115436733092,5.916883059382007,3.92,3,1,32.757389204227465,France
4.7087849693490735,1.8405656057002353,4.95,5,1,27.353201004587195,Germany
5.46793765112141,3.044250184343537,4.66,2,1,16.1188670424282,Germany
6.597692887946108,6.423611558025301,5.9,4,2,56.768482024470885,India
9.227462852612573,9.319675235253628,5.57,5,0,0.0,India
4.048860380494669,2.413229612963877,4.15,2,2,170.06949907098107,Brazil
8.591037757061757,8.084953539559596,7.91,2,2,106.6415979494135,Germany
7.376503318492798,6.806222657151393,5.3,3,1,31.040800054393102,Italy
3.18558992511202,10.815226561109137,2.37,2,0,0.0,USA
4.148334422421197,1.346121069242991,6.65,3,0,0.0,Italy
8.263486210147116,7.476882069643562,3.76,3,0,0.0,Germany
8.156998324701888,5.9692025582421975,5.22,4,0,0.0,India
4.514991950878034,1.9888674798984904,3.69,7,2,146.30980577550466,France
2.977693736413066,8.255520870262947,8.75,7,0,0.0,France
7.44347552301113,9.205529747415627,1.21,1,1,25.050786961211486,India
8.693179060465654,6.378642414374688,8.39,1,0,0.0,Brazil
3.8536481340870274,8.095634181714123,1.0,2,2,16.48993394420255,Germany
6.824973731264214,1.2864543409374367,7.19,4,3,298.25961461356724,Germany
7.108540369179767,6.499099626835356,4.83,2,0,0.0,India
8.979468076079845,7.837655615491823,5.28,1,0,0.0,Italy
2.3171485065627184,8.70516966399582,7.82,0,0,0.0,France
3.2220434057299148,9.120716355890218,4.38,3,0,0.0,India
3.538569131234822,7.661615842354787,8.04,3,1,72.10073312674452,Brazil
0.8969769947973258,9.911125444063853,2.84,4,0,0.0,India
8.310815524387023,8.8033258794857,6.63,3,2,158.16567958101024,USA
5.289731596340576,7.600263570297513,1.0,0,0,0.0,USA
9.776507607857253,7.6806855011999735,3.64,5,0,0.0,France
0.11159546797722486,7.902319102424158,3.22,2,0,0.0,Italy
7.2276167407468535,9.132643108059597,4.99,5,0,0.0,USA
5.625278547678151,0.3873240435548846,7.59,4,2,180.5560613065207,Italy
5.491002934608339,3.1970256024833255,5.55,1,0,0.0,Germany
8.637402050070765,7.835128005867723,7.08,2,2,178.03804128545204,India
4.287425104590359,4.121466547727691,5.59,4,2,19.499297884556956,Italy
7.093397439213619,7.8834114242514435,7.64,4,1,33.73468543853265,Italy
3.6364399327285977,1.6418173848528828,5.66,3,3,115.4082080613097,Germany
8.687643527784097,6.5544728079119965,2.72,4,0,0.0,India
10.232887269962086,7.424198418597637,3.87,3,0,0.0,USA
3.1673141121280066,8.710560099421658,2.07,7,1,87.15829490725557,USA
2.562304424749661,8.463304324660072,3.9,2,1,60.910565478941386,Germany
2.2894229836037403,3.646037885839262,6.8,5,2,49.183096735926725,India
4.588369642474174,2.348529380085205,6.41,1,1,11.31042275772079,Italy
4.912115561555489,1.9158992731186297,7.27,1,1,78.76334375137063,India
8.455936187922516,6.485352204167953,4.94,3,0,0.0,Italy
2.015167436770011,9.274959894022228,6.01,4,0,0.0,USA
10.055999134242494,8.01879214258745,3.33,3,0,0.0,USA
9.382900688459802,7.816609317546641,4.37,7,0,0.0,Germany
6.423980281062676,7.673330790482981,6.78,3,0,0.0,India
8.644518748304892,7.317122162895565,3.65,3,0,0.0,USA
5.663620652239794,7.59943128008412,2.37,2,1,8.025651617716584,France
6.155196930551903,1.4313964479291301,5.0,0,0,0.0,France
1.7002783536600308,8.429830836347882,6.39,3,0,0.0,France
8.656868749693471,5.551495087074661,6.54,2,1,9.943549692284344,USA
6.389515450895783,6.982802143966621,6.76,5,2,49.08235572807521,USA
9.165935282728123,7.66946658347877,7.8,5,1,12.27224612542566,USA
7.716377264720785,5.786019697263978,6.92,3,1,59.54342989631374,USA
8.513823434265197,6.156125935431091,2.34,3,0,0.0,Italy
4.479804349619797,1.729759381372824,6.51,3,2,148.14005692253713,India
2.7665741604760954,7.345702054320732,5.07,2,0,0.0,Italy
9.69979601339196,6.046054141426578,3.02,4,1,95.91760108700637,USA
2.426757870118247,7.556734628733391,6.09,1,0,0.0,Italy
5.986450498838398,3.4168400031069703,7.99,3,0,0.0,Brazil
3.4401535711378877,2.6720893690215206,3.1,1,0,0.0,Brazil
3.924464814976938,9.232820170609267,7.13,4,0,0.0,USA
2.8393177170192003,8.802619146267144,3.62,5,1,43.21767953487428,India
2.7679936857198526,10.61293329870304,3.33,2,1,43.47699880476628,France
6.635017941378253,7.955674545189476,4.76,2,1,84.87173486883475,USA
7.743799270325235,6.8674551291272925,1.0,3,2,105.0477681541606,Italy
3.3162292653859224,1.537268214850299,3.18,0,0,0.0,France
2.884373247523474,2.427074913382079,3.76,4,2,26.104364406112204,USA
6.98761087716388,6.993090716382557,5.69,6,0,0.0,Brazil
6.853442041965471,6.808822332726485,6.25,4,0,0.0,Brazil
7.868499538786854,7.3709824881695125,8.42,1,0,0.0,Italy
1.9223405292524798,11.2047417540083,2.04,0,0,0.0,France
1.8964237179901806,7.960870565024665,4.86,7,0,0.0,USA
7.6183845574031785,8.04388041389221,6.33,0,0,0.0,USA
5.1163283908517005,7.137426093865214,7.79,3,2,98.4905504005149,India
8.872584575740019,7.241192365481498,5.17,1,1,59.8761203074184,USA
2.7326604083786012,9.728286622290414,3.06,1,1,49.06991882814995,Germany
2.4911807510083035,9.486916474041728,5.44,3,2,34.87937919589402,Italy
10.824854898613532,8.156188673379063,3.08,4,3,40.58082911632778,India
1.5901211400649817,8.72401158400967,6.98,2,0,0.0,USA
5.19886147776308,6.882355795033067,4.79,7,1,45.31734655569085,Italy
4.788659471035406,1.8019133791157975,4.04,3,3,184.2692749489204,USA
1.8010889463641597,9.970988444992905,4.26,1,1,56.26852258641693,USA
3.8239693010795484,0.819463360310368,3.54,1,0,0.0,Brazil
6.339676290396167,7.310101001890786,7.51,1,1,43.92306230476807,USA
8.966324731849406,6.562067358734852,4.73,6,1,30.279087509903874,India
6.673491811528666,6.88222127326077,5.94,3,0,0.0,Brazil
5.610367295841481,0.7149050545734441,7.75,1,1,30.637999612702707,USA
9.486684126958512,5.655739454951226,6.83,1,0,0.0,Italy
8.34561233717461,7.0194576574329455,6.97,3,0,0.0,Italy
4.242763504660249,1.9316979059415844,6.43,2,1,20.4981428463104,Germany
6.73693877894964,5.276407737809016,3.72,3,2,180.82540519597285,Italy
7.711598299229801,6.285600590644477,4.17,0,0,0.0,USA
5.016867504770988,7.509483804482402,2.12,1,1,17.035870138712667,Brazil
9.225380782869738,7.033139923847907,4.58,0,0,0.0,Germany
8.807113166966445,9.440895731919046,4.47,1,0,0.0,India
7.667349624416789,6.65381732603251,8.37,2,1,97.39971709635242,Germany
8.7949043478196,5.987831393805627,4.97,0,0,0.0,USA
1.4700858356324815,8.938521841662862,4.75,2,0,0.0,USA
6.53290317490932,7.217135967957323,5.13,4,2,92.17637588677533,Italy
9.237657779536223,5.364341306762726,9.08,3,1,18.9812866746383,France
4.782869471037317,0.24715906527396547,5.3,3,0,0.0,France
4.638257119264721,1.79600156882597,6.72,3,2,19.71299154365579,Italy
7.9998259925924495,7.613500964190065,6.85,3,0,0.0,Germany
3.538592346388273,2.7053209099954674,5.71,5,1,89.17117337272012,Brazil
9.680240797470066,6.515469486408666,4.1,1,1,81.92913426680882,France
9.553872176394538,7.860985002223905,2.46,6,2,103.17031023894516,Germany
5.647422953737359,6.442736919096278,7.36,5,0,0.0,France
9.13635229644069,5.273090585026665,3.17,6,1,77.81754958864839,Germany
9.786949657844977,7.396627169879446,4.56,3,1,86.39608370652633,India
7.108210987427171,5.643777588979708,1.89,4,0,0.0,Brazil
7.46984180335176,7.000607007175306,4.75,0,0,0.0,Germany
7.267118506056704,6.1676051511837855,7.73,2,2,22.780600175462276,France
4.9719602976449115,2.6192993599649035,7.2,4,2,57.10991867986514,USA
6.458266936844561,7.895401967525762,4.99,6,1,45.19806067682254,Germany
6.820231023800524,6.135921798121356,5.94,2,1,51.60048317482992,Brazil
2.859253163320612,3.47590401024632,7.64,1,0,0.0,France
3.980855009568431,3.3018160954853757,8.16,2,0,0.0,USA
4.375523003024634,1.1989658655878315,1.89,0,0,0.0,France
3.15068453209706,9.502158413069395,2.41,4,2,187.21892212217867,USA
8.404120578774124,8.319627704815803,3.99,2,1,25.603291082354165,Germany
1.6260878459055912,8.93644893118552,5.56,4,0,0.0,USA
3.6999110070780348,2.4498207247412895,3.4,1,1,99.08332124883047,Brazil
7.991474013456109,6.807496383776975,2.55,6,2,175.10354772173022,USA
5.208523452240872,2.3560913939979953,6.21,3,2,199.50304675717487,India
1.8767898839972292,9.98684057782505,3.72,3,0,0.0,Brazil
3.2585553124755275,8.792749530614584,2.96,4,0,0.0,USA
2.2126220779119885,9.477470923465907,3.88,0,0,0.0,India
8.218234559049144,6.510162979049812,4.94,1,0,0.0,France
8.06082836430015,7.5027234932352656,4.09,1,1,66.30018399168048,Brazil
8.073785847242586,7.1991176237487995,4.62,1,1,24.318235307039718,Germany
5.512695919406436,2.7052506353737544,8.09,5,1,61.56270318124264,USA
2.660860142738389,3.9999867999831245,3.65,2,2,82.0224727370769,USA
4.587924065327323,2.254518031430309,6.86,3,0,0.0,Germany
6.6465574245851995,9.884820692269809,4.43,4,0,0.0,France
9.492669627691114,7.910038073116703,5.29,5,1,63.75324889606492,Brazil
9.074861008732134,6.107678932673335,7.15,5,2,69.98647437903365,Germany
6.430684472958273,5.131974020751662,3.7,1,0,0.0,Italy
7.295942448495298,7.013425399794053,5.07,6,0,0.0,Brazil
0.3382549055549364,8.838400315765984,7.68,0,0,0.0,Brazil
9.027309001148634,7.484215782963608,4.76,1,1,32.32604070879633,Brazil
7.437550480440359,7.779491315379293,3.37,1,0,0.0,France
6.256923760749784,1.2027448848028532,3.85,2,1,20.777283022969236,France
7.460097909965861,8.376810049451104,7.21,3,2,21.310435238407464,France
7.211405962923393,8.408700889535233,4.16,3,0,0.0,France
3.7500340652869597,1.0123901256958416,3.28,4,0,0.0,France
5.9565937539155405,6.328853670941236,4.75,5,1,53.23704569885483,France
8.826967063813193,6.969445458746993,4.0,6,0,0.0,Brazil
1.576762752098083,8.599185839234952,5.43,6,1,12.260449463505308,Italy
8.182367204494637,7.321951108125509,2.39,1,1,63.389556347000905,France
4.351972759360181,2.218208348256138,2.74,1,1,8.765702756433429,USA
0.6625606270050843,7.944201361872169,5.65,5,0,0.0,USA
6.026612002907773,7.158229457642281,5.73,1,1,7.33538681809075,Brazil
7.739254694082044,5.957276286101592,3.59,2,1,11.960425489619038,Germany
7.697629375893016,6.757090919749191,8.05,5,0,0.0,India
4.705667484877064,3.6361011311305695,6.54,3,0,0.0,Italy
2.896328272842265,8.968874910266083,2.51,2,0,0.0,Italy
1.6735055109876082,7.884579273540703,3.24,3,3,197.61376728200577,India
1.639129892363996,9.509968016170927,3.36,2,1,19.784115316744668,Germany
5.884443996583357,4.2046685949684806,1.17,2,1,23.742143985336845,India
10.010610253538964,5.574809878079981,4.89,5,0,0.0,Germany
8.028210506390009,7.12746052042486,8.64,2,0,0.0,India
5.918159783687588,1.9123201639378042,5.58,4,1,7.930583237339841,France
2.9096161057437566,3.307055429441305,7.57,3,1,23.915333522030643,USA
3.849269694176685,9.446502818957576,1.0,5,1,17.653616292091282,Italy
7.673863064123798,7.1653335356765036,8.27,2,1,76.81243413203786,Brazil
8.637414615093343,6.309524893156087,4.43,4,0,0.0,France
9.569588729963055,4.9021431636214245,3.85,2,2,69.0436199683482,France
7.082551147685498,6.934855988952163,7.82,3,0,0.0,France
2.225909751506608,8.755381154494245,3.43,1,1,58.03155158117877,Germany
7.69521896237042,7.229972256352384,6.21,1,0,0.0,Germany
5.56943233509697,6.015524801524176,3.44,2,1,11.568816875040557,Italy
3.793381033359194,2.5811172509464857,5.8,6,0,0.0,USA
4.282230091259631,10.276207628912314,10.25,8,2,193.23074845606513,France
10.247231661061415,6.276338560250474,4.16,5,1,7.704343251920887,USA
3.880205818475548,2.6368160309735735,6.95,2,1,73.26314234865957,Brazil
1.5514060085798445,9.221889479598948,5.58,4,1,64.72828479248027,USA
8.78696899783333,6.506427456858471,1.6,6,1,74.14211215214527,France
5.025091488487456,3.093855390363327,8.74,2,2,119.55057484209438,Germany
5.595546914608983,7.05028212467673,3.67,1,1,81.21765432894082,India
4.0964584064515845,3.2370256230371206,2.46,1,0,0.0,Italy
8.017261755310747,2.649677160380707,3.34,3,1,81.32909085853937,France
5.047568573065279,2.554169223902424,2.99,4,3,157.29595581040726,France
6.818441010219763,2.1675031472789654,4.28,4,2,88.11599768523607,Brazil
6.418398929652472,7.395544457957332,5.87,2,0,0.0,India
7.773443621732882,7.984135226748332,6.29,2,2,10.789186515122715,France
5.004440313583558,1.2929962075927812,5.58,3,1,60.22434684422878,USA
3.931008289794594,10.51561978015381,7.57,4,2,154.3386315879081,Germany
3.4034005496357524,3.2476099117896355,1.0,4,0,0.0,India
6.230045859505097,7.222827370154091,5.72,4,0,0.0,India
8.712071883922079,6.710664920824296,4.94,1,1,29.785002071254645,India
5.023333851082318,0.9820785486091184,7.0,1,0,0.0,USA
5.2497588834185205,1.9332432205673682,7.24,2,0,0.0,India
0.7732338198875008,9.21219691166097,4.98,1,1,34.477615194662896,Germany
2.118501702124606,7.687813999887238,9.42,5,2,187.7499260183223,India
2.5627589824542274,1.737895773968293,6.3,8,1,97.08273188035218,Brazil
3.847803422775999,9.707204751229932,1.0,2,2,91.26391644980683,Germany
2.2997275394049774,8.029752077716353,3.27,3,1,69.48999470027744,Italy
9.428768526839285,7.342782224529915,6.76,2,1,36.53423682060732,Germany
2.8951184486228,0.9178455253482725,6.12,3,1,94.54334588070476,India
7.8687817091442565,7.293919711897844,3.63,2,0,0.0,France
6.179021182038752,3.545567894211059,5.07,3,1,73.05915835257633,Brazil
8.80467779810048,7.705444585501713,2.57,1,1,31.498660216675678,India
6.831954296528974,8.526620979877888,1.73,7,0,0.0,Germany
2.267875688135969,7.863272044578815,2.46,1,1,93.64319266680238,USA
2.554090653175287,9.196787158797536,4.95,4,0,0.0,USA
8.246224773433518,7.946533944796451,3.26,8,2,20.050715142264128,Italy
8.189359165518901,6.3986019622846415,3.91,3,2,144.37435243208006,Brazil
9.563995359519032,7.286305056834929,3.85,5,0,0.0,India
3.877512661885561,11.00156212742913,8.18,5,0,0.0,Germany
1.5539283858455448,8.975543233208779,7.14,5,0,0.0,India
2.3520697040618095,9.190475950701014,7.09,4,0,0.0,Germany
10.36176981477163,7.503844164676003,7.25,1,0,0.0,Italy
6.080559118008971,6.87397814284072,9.89,8,0,0.0,France
6.080978983960127,5.95817299199059,5.68,2,2,46.82208945504414,Italy
3.758445131001106,2.063479483147167,1.93,3,1,92.1973970180588,Germany
3.0338600301195533,9.507940975841473,3.17,1,1,51.764398321824494,Brazil
8.548876683785352,5.900186120617317,5.21,2,2,112.75703257984368,Italy
8.9264826255064,9.101167734318132,2.71,2,2,110.92228466065585,USA
3.915515086724584,8.931180555569627,4.56,7,0,0.0,Germany
8.575062269060613,7.320577504166108,5.31,3,1,61.818018996959346,USA
1.6567289796197997,7.785102530397905,4.18,1,0,0.0,Italy
9.495098114987726,8.999712423000718,2.28,3,1,60.9846557458131,India
10.151168029728737,5.136142000522661,1.7,4,0,0.0,USA
9.329738173325573,8.670003511054734,3.75,3,0,0.0,France
8.102377469889445,7.795741889634407,3.54,2,0,0.0,Germany
7.509221423015068,8.112698657444861,3.81,2,2,49.96456667783782,Brazil
2.018222671414499,9.74916391424814,2.24,2,0,0.0,France
5.338306046349949,5.546111407399021,5.92,7,3,24.958132013112664,Germany
3.243371421831246,9.096281684611881,5.82,1,0,0.0,India
4.9742058907816045,1.6831883295040921,6.98,4,1,62.09563176412922,India
3.998713906831251,1.7081046870521526,3.7,2,0,0.0,USA
5.103180346462333,1.6401220629652096,3.8,1,0,0.0,Italy
8.58738456339935,7.689578830959494,9.01,2,2,70.44155936884992,India
7.335795538631329,6.377534818904509,2.73,7,0,0.0,USA
6.6126514080237095,5.201535628927189,2.59,1,1,86.07374476594781,Brazil
1.3257039561628223,7.836245260821941,8.13,3,0,0.0,India
6.661058302277555,5.2113015119752415,2.87,3,0,0.0,Germany
2.3314966221194964,7.678941769488221,4.95,4,0,0.0,Brazil
3.852704766241105,2.1765291439395,7.7,1,1,57.70156202056573,Germany
7.765562116616381,6.1038160025286246,1.95,0,0,0.0,Italy
4.011729436472459,3.2595518209362657,6.16,5,1,71.22448744636733,France
3.9118028948524435,10.76386287138526,4.29,1,1,12.65361358538371,Germany
10.285210723396714,8.77715706637365,5.1,2,1,91.74410258852829,Brazil
1.418862480242388,2.3687685187036744,5.36,3,1,39.20980344284864,Brazil
9.276736644672717,7.271040233187989,5.87,3,0,0.0,France
3.043954293897073,9.309257583907144,6.6,1,1,38.49788085334619,India
7.06103322586846,5.93228881686348,3.51,3,0,0.0,Germany
8.699159294903389,6.613240878347625,6.38,4,0,0.0,USA
1.5307755110247152,9.536428674132257,7.25,7,2,188.41464905942294,France
2.7451676102637217,9.758471838513357,5.28,2,1,61.68088524281583,Germany
2.265540399350036,7.924077721398891,5.04,1,0,0.0,France
6.597626648596759,6.503721031386747,6.0,2,2,197.331714279981,Brazil
6.212271906696592,6.698997304386516,2.94,0,0,0.0,USA
5.609539165896373,5.5851024433375285,6.74,1,1,40.50240646868988,Brazil
9.84176156739424,6.354698801463709,5.76,2,0,0.0,USA
3.0809436650088116,9.34689363852252,6.01,1,1,43.486207269869524,India
2.515886018102466,2.3867859415124126,7.16,1,0,0.0,India
5.460022430351161,1.50543100008215,3.51,5,0,0.0,Germany
1.2623059075180307,8.95228211883229,5.47,5,3,71.72700660022936,Germany
6.77666194868666,7.506609809319273,3.41,1,0,0.0,France
5.939028656775768,2.6407177643107276,2.0,1,0,0.0,Germany
7.072782416000849,8.85849450984903,2.85,5,3,227.10526221990756,USA
2.848319902322789,9.384347243467277,3.95,4,1,29.4861744949238,USA
3.213229625417754,2.4722801907396734,6.9,4,2,178.55738570932877,Germany
7.607843400277658,5.98519228867824,5.62,4,0,0.0,Brazil
4.211030910622028,2.3890065202267925,2.8,1,1,56.958723585513816,Italy
6.233307028015445,5.405612225705432,4.98,3,2,133.2296514551398,Germany
8.743024357482392,8.104531870105856,6.85,1,0,0.0,Italy
7.987088599778961,5.678692561488922,5.38,4,0,0.0,France
4.833327411219898,3.283034853374266,4.71,6,3,99.50932667023575,Germany
7.278585809352046,6.1764573157796265,5.15,1,1,67.26932114144257,USA
5.807620761755881,1.198124720924492,3.51,5,2,195.74226178936627,Germany
8.651523873397714,6.243239434880543,7.17,4,1,23.45884759096996,USA
6.288536659826049,7.03651887206875,5.2,5,1,48.08939333203574,Italy
3.5642869912294453,9.14055386443239,2.04,3,1,13.914769493135262,Brazil
7.626844499638014,7.726456584788607,1.0,3,3,57.21372480388507,USA
9.216197210597361,7.483358267406801,7.48,2,2,149.4826881160134,France
0.8642299095514665,8.765250088641944,6.27,6,1,86.68004268286165,Italy
5.039875389171708,2.139028710739405,6.18,2,1,15.443990894376366,India
2.525620519125502,10.202679401646405,7.13,2,0,0.0,India
6.920479755029344,7.194442927451851,1.81,4,0,0.0,India
3.746132817144387,1.5852047150332798,5.24,10,2,29.663952450233126,Germany
1.2972536376663497,9.275536659432177,3.06,4,3,100.25513968536413,Germany
2.9518445110304232,1.3724217533021643,8.2,4,2,85.5823266236198,France
4.696389484693658,1.8482480886171666,2.28,3,0,0.0,Italy
7.950822049020256,5.546899031895903,3.59,2,0,0.0,Italy
5.74665335485243,2.387954146019973,6.98,3,2,111.66091776273568,India
7.1079879838089095,6.648568524462141,5.27,4,0,0.0,Brazil
7.7972199401114475,7.976530853808607,2.94,3,1,39.148047423350256,Italy
3.2861241615183427,2.70764642894195,4.25,3,0,0.0,India
10.502993741661523,7.619774847388668,1.0,3,1,68.58252271012483,Germany
2.8926571692628458,2.06779072861009,4.35,2,1,22.35626084021477,USA
6.0868229826150815,1.3123354481305862,6.98,1,1,90.44412294349631,Germany
9.798178058852304,7.098603375943352,7.26,3,2,183.37450804625806,Brazil
3.2489687870257176,7.679675521288089,6.74,0,0,0.0,USA
9.004168662298012,6.96383024979788,8.06,0,0,0.0,France
1.0886933750628953,8.443539834448845,3.3,2,2,78.4286188532963,France
6.2408905492607865,6.19370788523414,1.61,3,0,0.0,Germany
5.760845859842479,2.7787443867469053,3.23,3,0,0.0,USA
10.22292438136336,9.263214358227087,5.32,8,1,40.67126581032415,USA
1.3850849030667367,9.961812590321179,4.17,3,0,0.0,USA
3.458906352563716,0.8214885749063885,1.41,0,0,0.0,India
10.368458685379341,5.588212211905931,9.11,2,0,0.0,Brazil
3.0729194650607488,2.380260067339564,4.8,0,0,0.0,France
2.4057594937446436,11.056362168342066,4.78,8,2,66.48521898957858,India
7.583987515372152,6.675252293058255,4.58,2,1,88.49821172312826,Brazil
6.839104248834261,6.118935554224308,1.0,2,2,116.71858131636964,USA
5.299287420328301,5.963541979498245,8.43,4,2,198.01084897018683,Germany
7.4378574535490545,6.267284271606625,5.69,1,1,9.077637118921132,Italy
3.574196138408535,0.28943711632668334,8.29,3,1,14.50121423743516,Italy
2.734854003765002,10.403310491161083,4.31,5,2,48.131512456426336,USA
3.3188011429743964,9.43834717266241,3.41,2,0,0.0,France
5.000634590891936,2.0454580310656016,5.63,2,2,160.3576979954864,Brazil
1.8687178278519263,8.82378302220051,6.11,0,0,0.0,USA
5.544522573882646,5.941498514650453,7.12,4,0,0.0,France
8.439798016281214,4.762785448904993,5.05,1,0,0.0,India
7.075220428000495,5.471063626863857,4.63,0,0,0.0,Italy
2.1309216577330257,1.2044032739022115,4.49,3,0,0.0,Germany
6.733616581375543,7.308254924268751,4.87,5,0,0.0,USA
6.1772755669123915,3.3872800745475136,4.72,4,0,0.0,USA
2.3137158914994593,8.915440926959015,5.89,3,0,0.0,Brazil
3.898770089816346,7.3688873812414295,5.83,3,1,96.66059367933705,Germany
6.201077536530218,8.754975248777658,4.52,4,0,0.0,Brazil
6.08294303105965,6.1620475494387446,4.73,3,0,0.0,India
3.01433480266604,0.5334018865959846,2.97,3,1,36.801959265837965,France
8.540831596335192,5.330290986947607,3.24,3,0,0.0,India
3.098529854480112,8.555647492097236,4.97,0,0,0.0,USA
4.546591629039803,6.476169177207642,6.04,2,1,34.081764099200676,France
9.58014839833777,7.196165247377591,3.98,4,2,146.95471800935155,Germany
4.140631221733446,0.09992957212158005,1.81,4,1,92.03058345702387,USA
2.616227983007308,7.9790438057789475,1.56,5,2,190.01861053004578,Brazil
5.970311180606918,1.8525824954672625,4.96,4,2,146.55219214706156,Germany
4.123031953054273,2.5922026305292647,4.57,3,1,76.1575267454899,France
7.7352444783426435,7.167767606915493,8.72,3,1,44.66622489505556,Germany
4.858267823772276,3.2620331091470343,4.93,3,1,41.91882919836634,India
3.4615140037915473,8.33729098973979,5.46,3,0,0.0,Germany
9.52520799142414,6.297487667943463,4.62,2,0,0.0,India
8.082239875941005,9.910794371344013,1.36,8,0,0.0,India
5.079028969928519,2.8063491152109137,8.84,4,2,77.98141543621435,Germany
7.12303366594639,6.764869726303928,6.45,2,2,170.57893351861435,USA
2.8744912491981274,3.7141111705377226,7.31,5,0,0.0,Brazil
4.156261696672665,2.814950458724745,7.99,2,0,0.0,Brazil
1.5591817943831046,9.257290850252721,8.78,7,1,63.25562107407331,Italy
1.9781715281585401,9.163162932116013,8.35,2,0,0.0,France
2.5128001621433187,7.855921439005779,6.6,1,1,62.229369117491956,Germany
5.861670138721911,8.176158286099875,4.14,3,0,0.0,Brazil
5.203203773307196,6.154073594046613,2.67,4,2,78.13995944772587,France
3.6329514752829573,2.0209950037254147,7.01,4,1,44.03436733904719,India
3.782145659623082,1.5883776603366613,4.86,5,0,0.0,Brazil
5.588021786700151,1.66721525240914,5.39,2,0,0.0,Italy
6.577835260498397,7.392602984156849,5.96,4,0,0.0,India
4.417005180930142,8.153901117418819,3.31,4,0,0.0,France
7.1045474220867915,7.507570759751649,6.61,3,0,0.0,USA
6.064896469529589,7.185741648061627,4.39,4,1,59.03078295591402,USA
6.420465875172712,7.980252009546982,5.93,6,1,63.38323540931456,Germany
9.739139497647374,7.00442688124768,5.54,2,1,39.782492583616126,USA
3.8367680022747868,1.241312375524846,4.15,3,0,0.0,USA
9.304835283986128,6.914607380578717,4.88,3,0,0.0,Germany
4.506875672298038,0.6522774014345709,5.95,3,2,66.5472438112684,Germany
7.5322251004827585,4.562593362079092,5.14,1,1,64.8158557097401,India
0.6434231119079936,9.488119049110109,7.41,2,0,0.0,India
7.516357750259328,6.7062860680310985,4.43,3,1,41.22506940556646,India
3.753838589249724,1.640590304090857,3.83,1,1,45.5668342046232,India
4.0653921308118255,2.8448722695395454,7.35,1,0,0.0,India
8.056325376922176,6.251024184261946,4.99,4,0,0.0,Brazil
6.767645258530012,7.336808737969459,6.7,4,2,161.78718571042435,France
2.4867317302407037,9.561405243373532,7.36,5,2,194.1302404774491,Italy
3.282022837590322,8.777467521458313,1.57,5,3,271.2420482876742,Brazil
6.281032099706878,6.141543554073885,6.65,7,2,99.51707831722328,France
0.7437433827716533,9.419267839159277,7.85,4,0,0.0,Germany
10.092728816363511,6.657989048490024,8.96,2,0,0.0,Germany
6.996115543782305,6.390897768611645,5.4,6,0,0.0,Brazil
5.70894840244477,7.93115154356264,1.6,4,2,57.3223212745292,Germany
5.31917265621045,1.26303307710335,4.13,4,1,23.10210456547604,India
6.68225458571161,6.766351909795669,4.48,8,0,0.0,France
3.3411525405472013,8.376003401669827,4.18,2,0,0.0,USA
6.2728971886311635,7.956926566903003,6.27,7,1,71.66169077759868,USA
2.4534727107640557,10.10847764666927,2.56,2,1,5.5895598729168245,Germany
6.109663095015597,1.350899461046736,3.2,7,1,10.087044361713554,Germany
9.807760199924331,7.053230597874208,5.23,2,1,55.04261355927483,France
9.496503030773114,9.422364145851143,2.75,3,2,35.76899438547632,USA
4.330918821630194,0.13141311482460027,5.26,5,2,183.75957231862057,Germany
7.656489289772662,7.12836070713704,3.23,5,0,0.0,Germany
9.981999058175068,6.905513786865283,7.88,2,2,43.48100943307295,Germany
6.031336803184043,1.7609253741008015,4.35,3,1,60.33504101224464,India
7.808363506684055,7.631009959231765,3.83,1,0,0.0,USA
0.2377478776299542,8.60988870501436,5.32,1,1,93.48366073140669,USA
1.273415431230596,7.9432324485492725,5.49,2,0,0.0,India
6.200134365759032,0.021566771057845324,2.27,4,1,46.73168761103538,USA
10.835375193253984,7.421349407350971,4.82,2,0,0.0,Germany
8.918073716033444,7.9364177237517,8.63,4,1,28.645715121144367,Germany
7.424497261974782,6.741916845484626,6.28,5,1,57.11237784477898,Italy
8.271862272526477,7.598059103081985,5.4,3,0,0.0,India
4.349437354216952,2.4173148550279895,5.25,1,1,47.228872267592635,India
8.643488937650414,6.6264440026980065,6.31,6,2,153.86156143859094,USA
7.9253221620291825,7.0890275506468186,6.69,5,3,68.02876040302152,USA
5.982058967472955,0.03908193848115493,5.11,3,1,18.181656639780854,Italy
4.496219306330984,1.808089118937686,5.99,4,3,83.20293853408235,Italy
6.318053720580165,7.078778727098849,1.89,2,0,0.0,India
2.5406367934275265,8.165857494007508,8.89,1,1,73.4190341917531,India
5.491469882121299,1.0634892446282564,4.58,2,2,65.94255686593453,USA
9.543179267360067,6.721870486609579,3.57,3,0,0.0,Brazil
7.72430445444452,6.8183749168156496,6.39,3,1,32.40706190512387,Italy
6.861654611782962,4.18206913645852,4.79,3,1,35.41589417265076,Brazil
0.6998912733196401,8.796240232805948,6.91,2,0,0.0,Brazil
3.2395642547698866,9.230744717780297,6.35,3,0,0.0,Brazil
9.629001396558605,7.677089062239166,6.93,0,0,0.0,India
1.5136161090507203,10.71745873811636,3.04,6,1,49.473290880045305,Germany
7.479377805368895,6.795192026388279,4.93,3,2,73.27126757322797,India
1.9591455240281983,8.045941673334687,2.46,1,1,79.38009390259583,France
6.8274247212225765,6.943469264898396,3.77,3,0,0.0,Brazil
5.257947330158143,2.3196967022537325,6.24,3,0,0.0,Germany
7.4692133889612595,6.92936481897263,6.43,1,0,0.0,Italy
7.100189725560259,8.236654645562485,8.18,4,2,78.44319178464505,Brazil
8.277798471765498,6.369118864923561,7.37,0,0,0.0,India
8.648679801761112,8.356061813799824,3.77,1,0,0.0,India
6.035675790632339,7.1637958142031195,2.65,2,2,58.22620878085987,USA
5.671532610803276,0.5642505812502072,7.84,5,2,49.908040215916,India
9.262739372237194,7.119633910187015,6.18,4,2,182.19485859895258,Germany
5.295112464741862,2.2301671295265626,8.15,4,1,14.408460683123293,Germany
5.755213041180381,5.667125664726576,6.69,6,1,63.786470889970595,Brazil
9.16715858322325,8.35832204602494,4.18,2,1,90.9762136943592,USA
3.480854357594036,7.634667963409391,6.17,7,0,0.0,India
4.22645506559166,2.0055658976243107,6.07,1,1,23.16484083981998,Italy
8.722706966214577,6.357651281243607,6.5,4,0,0.0,Brazil
8.088772719190882,7.049411440117982,5.96,4,1,96.21082696449996,France
6.302706780466977,7.2285375435675405,3.94,3,0,0.0,USA
2.998637065570972,10.058447005267393,5.18,5,3,53.06730063063351,India
7.459416513634328,7.617309603773426,3.48,4,3,49.91375935644171,Italy
6.206870403951848,8.05868237804612,4.22,5,1,95.58854832958234,Brazil
8.717293878133267,7.117871003645317,4.01,4,0,0.0,Brazil
6.191725108258872,7.2272710756943965,1.0,2,0,0.0,India
7.934178161784429,8.89320859647646,5.47,4,0,0.0,Brazil
8.064986061991302,6.900145425262966,3.43,2,0,0.0,Brazil
8.382490078247871,6.7674703580193,5.69,4,1,89.41856038989715,USA
7.989236559054301,8.56148648499121,6.19,6,0,0.0,USA
9.551105641463604,7.330070882135337,7.69,2,1,7.632895203156211,India
7.4640992626233045,1.6189632954319437,5.79,4,0,0.0,USA
7.447601827494579,7.007406634868293,6.7,0,0,0.0,Brazil
4.972136518598002,7.857473710759657,2.69,6,0,0.0,India
7.103566615464544,6.960192591525039,5.37,4,1,68.57587435881481,Italy
6.3133207218510865,2.4149164203182893,3.8,2,1,48.45832908135466,Brazil
10.804376169603929,7.766898897601078,2.28,1,0,0.0,France
9.782268399968448,7.6469752797590935,7.05,2,2,78.63349477132084,USA
10.174597393187364,8.949500875505102,4.91,2,2,51.265797852949724,Italy
3.089250864422793,9.253690628733699,5.43,3,0,0.0,France
3.414929923915369,8.360519789549501,6.92,5,1,8.68164980230644,Italy
6.530011860122885,6.746610174214575,6.21,4,1,6.419748989485756,Germany
6.671773953013624,6.9251540717311,3.92,3,1,36.268686367127,USA
3.4365507572433245,9.252655110933107,6.21,0,0,0.0,France
5.331618970332578,7.5085522824312925,5.64,2,0,0.0,USA
5.192784064827583,1.0365776776970899,5.82,1,1,66.15240150393842,Italy
5.244620025419851,6.439073758425184,5.83,2,0,0.0,France
3.3705877309849974,3.5093264567956775,4.23,6,0,0.0,Italy
3.8237238472000574,0.51811507885018,3.83,1,1,95.35454536369126,India
7.530914656134452,7.8482381911282735,8.2,7,1,55.1127709915568,France
3.132653015844163,1.416451786083569,1.87,2,1,44.336679407634094,Brazil
9.542161014705474,8.208993498438799,7.73,3,2,90.01891540570215,Germany
4.309103940205048,1.4630088702905146,6.1,2,2,66.55881479681804,USA
2.1228149692046894,9.85205034974491,5.12,3,0,0.0,India
5.191843095559929,1.629071655678399,8.32,5,0,0.0,USA
3.387180209809311,8.187405774158462,6.29,2,0,0.0,USA
6.84867910288344,8.38518146752975,7.89,2,0,0.0,Germany
4.439677581927731,3.3723976340118913,6.61,3,3,194.79120912930264,France
3.007863951201684,1.0682218510026658,9.69,3,2,33.34134946312935,USA
6.269718068496626,7.024597434720376,6.55,3,0,0.0,France
9.18398141324168,8.095373401305498,2.96,3,1,23.92852168354296,Brazil
7.49922717125496,9.698413879478124,5.49,3,0,0.0,USA
5.425063918538478,0.19548872157053077,3.75,3,2,159.76231486011105,Italy
6.701929145361031,7.67476877742175,2.48,2,0,0.0,India
6.781101166245882,7.080554575953172,4.34,2,1,75.94095347860812,Italy
9.902373683881583,7.1449406459844775,2.11,4,2,94.7263042547829,Italy
7.177576555964493,6.426887690993049,2.12,1,1,83.00577339794204,Italy
5.13897465236585,0.2808988522974034,3.63,3,2,44.78153719205937,USA
0.8944188323428988,8.692257973706264,4.33,2,0,0.0,Brazil
2.8290451463075943,9.166044120447062,5.9,5,0,0.0,India
7.404295971716635,6.118917220574438,6.16,3,2,116.16195378181472,Brazil
8.598530922894021,8.42714982594349,1.84,4,0,0.0,Italy
2.064999295762078,10.115609085934084,6.16,5,0,0.0,USA
11.205296714142372,7.399715336947425,2.76,4,1,65.03826145339343,USA
6.131552695029909,2.6979990574265638,1.41,2,0,0.0,India
7.585264029707098,6.286081219090377,5.0,5,2,55.69100082499119,India
4.702306810109048,8.705087340237064,5.27,3,1,25.93985125229144,India
3.3902659597140423,8.302065364549271,3.5,1,0,0.0,India
1.9634109095203947,6.842714723437874,6.04,3,1,75.50365471473238,Germany
7.53042084621973,7.638273412775875,7.07,3,0,0.0,USA
5.032512951879069,2.4267552074499505,5.17,3,0,0.0,Italy
9.357719078726554,8.955411763868923,4.59,4,0,0.0,Brazil
9.317787167586468,6.295455103034593,7.01,2,0,0.0,Brazil
3.2443986578159967,10.670494380255617,3.16,2,2,164.0837284235696,Germany
7.800210416987747,5.3638211427199325,4.22,3,0,0.0,India
5.6023814281814,3.13876457908486,5.57,4,3,135.8068451166926,USA
7.091338058460514,6.75446152465213,6.38,1,0,0.0,Brazil
6.676145187698983,8.290911878366906,4.63,4,1,91.40813744717295,Brazil
5.505491367001161,7.161132790552001,4.01,3,3,170.02061800057788,France
9.888001872392806,6.876796049775875,5.04,0,0,0.0,USA
1.32947241469204,9.20839375915168,1.64,8,0,0.0,Brazil
1.7157089025005372,7.265754154960141,2.49,3,1,62.73874089467889,USA
5.835410224314811,0.4541999031274173,4.45,4,1,47.78428875462212,Italy
7.526725726912089,6.477589275395735,4.89,2,1,90.35817394842938,Germany
4.537884119592169,1.1307370538144057,7.61,2,2,101.63422437997401,Brazil
3.7311091654201283,3.657694518544184,5.77,1,0,0.0,Germany
3.044999086105048,7.306928170605374,2.44,3,2,41.135808800837054,India
4.927698101633847,6.802172296717737,6.71,4,3,287.6432428463552,India
4.023667932233517,9.33587933953756,7.11,1,0,0.0,India
8.044381953003839,8.64728345351097,1.99,3,1,67.34682541443016,Italy
2.612628847343034,7.775233425671679,3.37,3,0,0.0,Brazil
2.511601463971604,8.425014476409014,3.55,3,2,62.968464901623406,USA
6.415363447915477,6.312115053751705,5.06,1,1,80.86622283500844,Germany
1.938584625833219,9.982470788731183,3.14,1,0,0.0,France
1.3873397668222793,11.33432685021558,2.6,3,1,60.98279219714826,India
7.597944322030589,6.291525024133464,7.61,1,0,0.0,USA
3.5793891859470817,10.733326741040143,2.85,1,1,55.941529660367785,Germany
5.550094619892847,1.7896415117835789,2.74,4,0,0.0,USA
8.473901679500662,8.992769857875203,2.77,5,2,143.54174876990064,France
4.482041326387842,2.281461747579553,1.39,2,2,159.3812614043718,Brazil
1.686652710949561,7.793442478227299,1.22,3,1,18.961620304525994,Germany
6.265521385861586,7.239950054056335,7.26,3,2,173.16995858225084,USA
8.423016279395677,8.745026200731797,10.26,2,2,164.98004478952046,India
7.306226827437307,7.004827751512432,8.31,0,0,0.0,Italy
5.245392487352267,2.0375772063726743,3.25,2,1,55.86849490658363,Italy
8.798830995433821,6.671124455036225,1.87,3,2,104.48299754815092,Brazil
6.957736201264059,7.407472930996056,4.72,3,1,72.44998558306229,USA
9.025299269453292,5.918757693831703,4.06,4,0,0.0,Germany
1.4331904844541519,9.035597776870263,8.81,0,0,0.0,France
0.8392931187013439,9.408957658021302,3.97,1,0,0.0,Italy
5.169919162475751,5.670215633256842,6.82,4,2,26.688445649960112,Italy
5.883284633415263,3.201199893548867,3.28,3,0,0.0,USA
8.080082980481212,5.568652063956452,8.58,0,0,0.0,India
3.134016200748429,9.040377178409155,2.35,3,2,133.03846742763022,USA
5.897497892587461,2.379225806368813,7.46,4,0,0.0,France
2.571845845174572,9.25552637660505,5.36,2,0,0.0,India
9.505487306702337,7.356746154015663,8.14,4,1,18.733576296179276,USA
2.709550200846914,9.24612822033317,3.99,2,0,0.0,Brazil
7.20851668782208,6.160781991446508,6.27,0,0,0.0,Brazil
9.22227137869947,7.188392908423001,4.93,1,1,16.097336529838287,Brazil
4.6347722042008765,2.3719334483655463,5.24,3,2,143.65290067584786,France
5.895024624603005,1.4754971605116927,5.0,7,1,96.8275789023942,USA
8.37505818748849,7.607201365197556,5.09,5,3,16.21654359944533,Brazil
10.03538276146242,10.030210856474204,6.85,5,1,46.46724797398441,France
5.32432931386453,1.5519708673278187,5.59,4,0,0.0,Italy
4.127290039249592,2.6563820879418008,7.38,6,2,198.87258939100545,Italy
3.4485330168715045,8.870198572476706,5.97,1,1,17.915898972934592,France
5.240091801972379,2.931101739156416,3.72,3,1,83.83291526987924,Italy
7.814710027578817,5.794437684092308,4.3,8,2,155.03120377743105,Germany
4.856567933725774,2.2688352354227317,2.04,2,1,92.3776082363897,Germany
7.7775691767915,6.899790347604216,2.51,4,0,0.0,Brazil
2.436517098723409,8.60279298363614,2.07,1,0,0.0,Italy
2.030217797306358,9.347948233485269,4.28,4,2,179.2445116635529,Italy
8.33808940593777,6.075220113629385,4.66,2,2,34.08349709117826,Germany
0.9807291966402185,9.522121884487944,6.34,2,0,0.0,Brazil
9.560627944589603,6.744871861378248,4.56,1,0,0.0,Brazil
2.228561218562614,10.772906612393456,6.93,4,1,47.90928846780386,Brazil
8.610618638160052,6.589517921209552,6.05,4,2,83.56731311463051,India
5.7507899809625345,0.4723676686785572,6.67,3,0,0.0,Brazil
5.427700558836548,7.827640334248058,3.76,4,2,67.77937277753601,USA
8.001273427684465,8.331328809535883,3.47,5,1,64.20542808199517,USA
7.081100558700015,2.410296463671784,4.93,3,1,66.54812180635602,USA
5.518842809298753,2.4537782772880794,3.24,2,0,0.0,Italy
2.2135731343056553,7.497643578777531,7.22,3,1,57.68516397647791,Germany
3.6139140187473235,2.580458699042425,6.24,2,2,175.30581555901352,USA
6.328814355967765,7.082055662028965,2.43,10,2,51.09310387689028,Germany
2.8519121395795195,8.212008858976702,4.88,1,1,15.353237882505333,USA
3.7892655832761535,1.4321628181578325,6.01,2,1,56.46710173127155,France
6.7307405871975,8.395224529525427,4.07,0,0,0.0,France
6.716371564859105,8.348027770914747,6.57,2,2,199.2778545489067,Brazil
1.2910029112984942,10.071654433576546,3.54,3,1,72.41304099936485,France
2.4017532487118576,9.40165760883131,6.32,2,1,9.001053716638856,Brazil
4.674150650428324,0.2922992247026117,8.04,5,1,38.337230504090364,USA
3.1630960113783266,9.04159950804976,3.84,2,2,138.4423129741234,Brazil
6.462168159788104,6.798965761426326,3.95,6,0,0.0,Italy
2.301930293653806,9.083630465234572,6.63,3,0,0.0,Brazil
4.644199756394309,6.070798689344646,5.8,2,0,0.0,USA
7.422417116143333,8.324587758069466,4.91,2,2,42.07794600495951,India
5.6784849054369175,2.0663280216404742,4.32,4,0,0.0,Italy
2.5226948477906843,7.956575199242421,2.61,2,0,0.0,India
3.1959532891543443,2.41802322149822,6.76,6,2,89.15761556060494,Germany
4.039540177221614,2.566709116233923,8.38,2,1,10.501145342735164,Brazil
4.00983040487976,1.239007817819718,3.66,2,2,15.392876840680342,France
1.8548319666986925,8.958701457287866,4.29,6,0,0.0,Germany
5.951041132831718,2.837239666079679,2.84,2,2,37.38281992652257,Germany
2.8716385644558824,7.894616233572178,3.38,5,3,230.02033749190264,India
8.582768057649208,8.180814419621719,3.6,3,0,0.0,USA
7.757748894756722,7.865055718392979,4.2,2,1,30.60480446261494,Italy
5.009488498329965,7.379311591551877,5.25,1,0,0.0,India
7.247112465753717,7.866297589411265,2.64,0,0,0.0,USA
2.0230128314908113,7.064914372875898,4.5,4,0,0.0,Germany
7.358181457868988,6.364448963192553,3.17,3,2,147.43550614837542,France
6.007536995617486,7.046351665596777,4.34,1,0,0.0,India
3.74329329558091,2.546617177296131,3.56,3,0,0.0,Germany
4.75547557490801,1.9434031956043303,7.26,6,0,0.0,Italy
5.579450664338131,9.184966765872236,5.2,8,1,37.314645254891516,India
3.760235160676861,1.1528412228082647,5.24,3,2,157.7254681681941,Germany
3.954891657084354,2.7743514479289146,2.94,4,1,20.04414586426868,India
8.394041253549391,6.331409116881046,1.31,2,2,119.7284631323449,Germany
7.650896607828751,7.383019243313965,6.63,4,0,0.0,Germany
7.193579378067131,6.926271537245919,3.53,1,1,83.9560721762895,Brazil
3.5225518272968666,1.9316785793633529,7.16,3,0,0.0,USA
10.882096458162508,8.200282904652967,3.18,3,0,0.0,USA
7.270515458323659,6.676833372218484,3.62,3,3,294.1797229669734,Italy
10.032039610880288,8.319306425656194,7.94,4,1,18.5217482887584,USA
2.7790725583461215,8.035522412416015,5.14,1,1,87.66994749315865,Italy
9.119197002433669,8.822481378166234,2.48,3,3,268.69128882276914,Italy
4.340342501391101,7.785842296932559,4.72,2,0,0.0,Brazil
3.417221698573961,7.60198242686303,3.26,5,1,24.162214351776033,France
9.555886395836064,7.319041119121912,4.14,3,0,0.0,Italy
5.738841390698796,6.587100786017292,3.15,4,0,0.0,India
6.367842671609867,1.5038232175140207,4.39,3,0,0.0,USA
2.7150570539330907,8.267707781658082,6.79,3,1,52.41713459947714,India
4.616828280142635,3.2517448518801064,6.27,3,0,0.0,Brazil
7.707028706386264,5.931010348360225,1.18,4,3,275.32468408637203,Italy
7.067328797025307,7.918844027438617,4.81,3,0,0.0,Germany
2.532749773926988,8.839931870295485,5.18,2,1,23.813673923069818,USA
8.146259186257879,7.86976055944031,4.71,3,3,106.17894687709637,Brazil
0.4159996908428054,7.502402708635108,8.81,3,2,43.94516322840956,Italy
7.8224712376430325,5.856488964059984,5.2,2,0,0.0,Brazil
7.465912240703422,6.254633592971896,8.79,5,0,0.0,Brazil
4.246440939953551,0.06397222496348909,4.44,5,0,0.0,Brazil
6.715755789414814,6.550476060468155,2.07,1,1,5.337269470877144,India
1.9137067254134927,8.42439137173543,3.34,2,0,0.0,Italy
7.12479802729573,5.70360311231027,1.23,4,2,61.03218640059882,Germany
9.589351148026534,7.943179607261851,3.67,6,1,95.34762457950245,Brazil
7.729044660867576,6.728893371938399,5.13,1,1,33.32791627254872,India
1.4118974355090415,7.448638096592726,3.63,4,3,128.33237750892687,Germany
8.744151287462367,8.063856338055182,4.7,3,1,77.89388483063064,France
9.800826591555333,7.405552844886818,7.58,3,0,0.0,USA
4.978978149429183,6.4868144551094655,5.37,4,0,0.0,Italy
4.857597037315268,1.1485193436500445,1.0,3,1,36.99683575670551,France
3.344340524682773,11.103824849893094,4.78,3,1,72.2529853572751,USA
7.381273869947727,7.124324633451616,3.9,3,2,178.14510283925782,Brazil
8.831174500538523,7.965148147939912,7.59,5,0,0.0,Germany
1.8256282998522726,7.648330416997787,2.58,3,2,15.03376892782459,Brazil
0.8757660907516542,7.8679407351796335,3.45,8,0,0.0,Germany
5.065374363450996,8.050493191380287,5.75,4,2,196.7165113482923,India
1.734042129017967,9.56732621405068,9.09,4,0,0.0,France
2.135849063341352,9.326664338664893,2.49,6,0,0.0,France
7.706118566861504,7.747083049708499,2.28,1,1,95.92465609070838,Brazil
2.4423778309660715,3.241883578517302,7.78,1,1,83.36204575680652,France
6.12758080753244,6.859607863908278,7.5,3,0,0.0,Brazil
3.2993901948616644,1.6533434060519758,3.2,2,2,179.59132728011542,Italy
6.129688798206431,8.566986544649,2.59,3,1,7.319850643658505,Brazil
7.569362731204377,9.026793841516048,5.23,3,0,0.0,Germany
6.880105909219775,6.845965699935735,6.06,1,0,0.0,France
1.9185427923604408,10.12298970878123,4.46,2,2,143.26520557846388,USA
8.70539929180851,7.805018236065828,5.6,3,1,64.31743558555252,Germany
6.613957523973125,2.3504329432829585,6.01,6,0,0.0,Germany
4.133244002440182,2.2130424362254573,3.68,1,1,46.33323167499687,India
5.1356444092436115,2.6175581374789143,5.17,3,2,17.82879558312319,France
1.8289815176023008,10.206793640676297,4.02,6,1,80.7379099633875,USA
5.74309640828176,3.415112085893333,4.21,1,1,21.883139129834223,Brazil
5.704865390918232,4.764097536444952,6.68,3,2,179.78690672520412,Germany
9.370788599302731,5.663386100778,8.16,4,0,0.0,Germany
8.796078152209175,6.919369009791381,5.4,2,0,0.0,Brazil
3.409787975588812,7.881501176930577,5.82,0,0,0.0,France
3.348415146275389,8.705073752347108,3.83,2,1,48.274670239971485,France
6.874541795023036,5.352977209120816,4.98,2,2,37.39293151489555,Germany
2.968287933271742,8.319685759035178,4.35,1,1,38.381580765190975,Italy
4.824849411301257,2.4259260360174264,9.27,3,1,74.45192648795869,India
2.074427558495859,9.489716810724945,3.18,1,1,21.002522394844735,Germany
5.650718571248415,5.502224871511216,7.72,2,2,50.07412883296901,India
3.244727565642517,10.250379303408758,2.36,1,1,41.521141332002436,USA
8.844931667119376,7.299679147362586,5.22,2,0,0.0,India
8.73419436861467,8.239851868937274,6.14,4,2,64.79816603092851,USA
4.879506354467099,2.7062239654067306,3.83,2,2,197.94007772793506,USA
3.2917017908006114,1.9888519204123563,5.35,2,2,190.87594566663006,Italy
7.823332622581346,7.385126864021123,6.49,2,1,36.571642565583815,India
9.417633065215053,6.212399149082928,5.82,1,1,61.75647153019558,Germany
8.36002736438132,7.357124622852259,5.57,3,0,0.0,Italy
6.3557864673607956,1.8756443001951086,9.24,2,1,93.2279980513536,France
4.80651673153994,3.0331198537031083,1.16,3,1,95.90093996320047,USA
9.739893251939526,6.555328680493221,5.3,6,0,0.0,India
3.2111893108595053,8.351385210647374,4.64,2,2,33.59302585254587,USA
1.6887154418553862,9.521560159305618,3.52,2,0,0.0,Germany
9.406867061525011,7.0361640413490685,7.3,5,1,8.924976347414145,Italy
10.777127666017588,6.18807872116158,7.4,1,0,0.0,India
3.775898987152023,1.846637104193672,2.56,1,1,58.05166248685636,Germany
8.447843462761675,8.39864366448046,7.23,5,0,0.0,India
9.258201918920369,5.248563234603401,6.0,2,2,188.36303360272674,USA
7.875714181924378,7.365561952495934,5.02,3,2,26.34351219296858,USA
9.162399940437792,5.78248984639824,2.64,6,1,62.87810191316879,Germany
5.67375989115231,1.5657095766491305,2.06,1,1,47.73051775340042,Italy
1.4997258344567814,8.169344689604825,8.01,2,0,0.0,USA
7.1730585934645825,7.279534374261964,7.08,5,0,0.0,India
7.282460619626074,7.049438450390994,6.23,6,0,0.0,India
9.716024270152571,7.494321819432505,5.69,5,2,22.79801864584619,Brazil
4.416853154961699,2.2552058944029527,9.43,2,1,60.980421018242545,USA
8.054157582911534,7.352395395673171,3.81,2,2,42.153688644313156,USA
2.281737688448621,10.321428882480749,6.94,2,2,178.1735885342973,Italy
4.827952193219875,1.121989201493247,4.28,3,1,42.501259798241584,India
8.063238344890369,8.834845714701906,2.94,2,0,0.0,Brazil
2.34934123105535,7.986610987272363,4.84,2,1,92.0693519728247,USA
8.528173930534503,7.459949833565983,3.92,3,2,35.922176587380235,Brazil
4.756709010400285,0.6875786831847044,1.08,3,0,0.0,USA
6.993451963458747,6.447136665232311,4.84,6,2,199.5010862787457,Germany
0.9784467907090528,10.233047979895638,5.23,6,1,81.68973991221728,USA
4.88301349136659,1.5029663451554207,4.02,4,0,0.0,USA
2.2053790274478744,9.735848633324466,4.95,5,0,0.0,France
2.4207907367609027,10.491816209253583,1.01,2,2,67.71430053588419,Germany
6.9462282181732435,9.104493701884815,5.53,2,2,130.5867523509607,Germany
6.201990089226382,6.88778365696045,7.57,3,2,164.1735083718051,USA
10.326585969459043,7.523616974627097,9.83,5,2,70.13969299901953,Germany
5.701539822589096,8.00427557803788,6.97,1,1,43.79855476762454,Italy
5.87705963651711,1.7186936072953904,1.57,3,0,0.0,Brazil
1.1167323229884214,8.764239613599369,4.53,3,0,0.0,Germany
6.3242475350015015,6.020024525533127,1.65,2,0,0.0,Italy
4.089291769227395,2.482858915165388,7.15,3,3,275.69848334869846,Italy
4.530855416264638,2.0075449929671922,3.25,2,2,162.55312200464832,France
2.7777282709585824,8.123093902783035,5.6,4,2,183.4471034450834,France
7.281937213903992,9.87381619593657,5.4,5,3,244.21500915387293,USA
5.877756777610182,6.879949085868862,4.74,2,0,0.0,India
6.965046023984336,4.938363471224244,6.17,5,0,0.0,France
8.63182213149018,7.412751202373452,5.52,1,1,10.372974111235404,India
3.9669735042187,2.6360107769623644,2.07,3,2,36.52136710217398,France
10.149471578422986,8.20373705512288,4.22,3,3,155.13524956705848,India
8.429642994360602,4.3873219717205885,2.86,3,0,0.0,Brazil
3.589692298866432,1.0008714392058973,5.39,3,1,10.421461885403758,India
6.190443543078922,7.777458803902478,4.2,8,2,99.78637338813618,Italy
1.7188257270010388,9.354337422767212,6.13,3,3,192.0684851673365,France
4.601555000530729,2.791935654789548,1.0,6,3,111.7673133791983,Germany
8.094098637074413,8.179520205805249,6.66,3,1,99.0271884509385,Brazil
6.525317809632409,5.976588909472445,4.86,5,1,57.160444729141155,Germany
3.78638335616676,1.3037327703072417,4.97,6,0,0.0,Brazil
3.1554249328965533,10.789597020807834,5.85,3,1,94.12025116761403,USA
2.412201658060032,9.609443153635235,3.73,1,1,7.662534736777469,France
4.1336897751427655,1.7936551090682518,4.98,6,1,68.62394912033807,Italy
4.283943919141131,3.6210472897244053,4.61,2,0,0.0,France
5.688082803903377,1.1349932016092006,3.85,2,0,0.0,India
8.692092477613649,7.914812504792176,7.22,1,0,0.0,India
4.110101601529266,8.185789103418076,9.1,3,0,0.0,Italy
7.3366190249765015,8.288336361583397,2.71,1,1,67.61830223416324,Italy
2.285283488988089,10.378426558172166,4.61,2,0,0.0,India
3.3953923863392355,2.422996897667242,4.17,3,1,46.01175350059561,France
6.1116895276347325,7.406500458386624,2.25,5,0,0.0,Germany
3.3381926339748222,8.454105088001352,4.89,2,2,137.9013784319275,India
9.592652395182418,5.998737005099478,7.84,3,0,0.0,Italy
0.914692559827778,8.167324779879994,4.79,1,1,88.48058176314997,India
5.177290839048482,2.615470918951908,6.52,7,0,0.0,Italy
5.460562777793749,8.82969976600198,6.69,3,0,0.0,India
1.825868630241681,8.80497230861896,5.78,1,0,0.0,USA
6.758124181332335,7.835863951098591,4.63,6,0,0.0,Brazil
2.6075250719297167,0.651613897429681,8.5,4,0,0.0,Germany
4.521897741620723,0.8161732282763681,7.72,1,0,0.0,Germany
3.783038295008721,6.85154383049836,5.68,8,0,0.0,Brazil
3.1175483877320875,9.606816435516082,5.12,1,1,28.275463732036677,France
3.0381753311167654,7.957728485438069,2.53,2,0,0.0,France
5.343132664324049,0.1993945517382134,2.74,2,0,0.0,France
9.024064520054509,6.210758837177648,3.25,2,2,68.28099080972356,USA
2.304438740650966,9.780164407678937,9.11,2,0,0.0,India
4.425728525516913,2.8103241702721165,2.56,2,0,0.0,Italy
9.350196157729528,8.869631475930113,7.23,3,2,116.31493372170262,Brazil
2.6591383421318597,7.581134313673609,3.85,2,2,197.5620894639519,India
9.359416718766926,7.937059044683892,3.99,5,2,33.397169765425055,Germany
8.959636428025592,8.251594922159391,6.98,6,2,35.38401375283503,Italy
8.76666361688516,8.02015441671645,6.58,4,0,0.0,Brazil
0.6271731265777165,10.359706174353299,3.91,8,0,0.0,Italy
2.6753427981251767,0.4920239593190163,3.76,3,1,93.50446951808051,Brazil
2.554783639408248,9.257625577521013,3.73,4,0,0.0,India
8.796941994328897,7.1711454182275265,1.34,3,0,0.0,France
4.235083456807808,3.105974381115539,7.66,8,1,6.881320457403072,Italy
7.7440575048248075,6.187333823567709,7.67,1,1,26.729658637045052,Italy
4.344822646422459,1.5103133982263524,3.34,5,1,53.228848024167334,USA
9.612929104521323,6.3296976266414315,5.43,4,1,13.649008936537635,Italy
7.115700095931461,4.313000399185187,3.92,3,0,0.0,USA
8.529189569301213,7.38567382158443,4.82,4,1,69.96810801692389,India
1.6797227811210016,8.820459989425519,3.18,1,1,42.57917687071623,Italy
9.964278652771405,6.080902770553788,6.36,6,1,37.675776191976006,Germany
4.594624534263765,0.7400683789258768,5.91,2,0,0.0,Germany
3.5219512281913614,3.5123668841156395,1.31,3,3,166.01030211932607,USA
3.378860704327445,10.139720912613091,4.31,0,0,0.0,USA
5.2818259656718025,1.702902079576843,6.59,4,1,15.993361323798538,Germany
7.225731462931285,6.030464810569295,6.06,4,1,77.2762022628151,India
10.047652224414424,7.626266708003746,4.38,3,2,81.84265912454923,France
8.372943679816835,7.366754605143593,3.64,5,1,9.998019007053605,India
5.438646313055019,11.067258152699985,6.03,1,0,0.0,France
9.26692999358472,8.39222789563332,1.19,4,1,71.62354419740667,Germany
6.845233395843687,7.522342071719936,5.62,3,1,71.63023457985612,USA
5.109714123495677,5.970147052415388,5.03,3,0,0.0,Germany
9.405304147640289,8.277687429689626,6.89,2,0,0.0,India
3.4286218572865534,10.564220533215861,4.82,2,1,94.45248315131997,Italy
5.752513141431403,1.9020493931103961,6.71,1,1,22.270741794291062,India
8.772053019291775,8.108411602992888,4.02,1,0,0.0,Italy
3.635799203273074,2.9175549067761217,4.15,2,0,0.0,USA
2.975003192170913,8.863448416631627,4.29,4,1,77.03282919000155,Brazil
8.87606955284461,7.709479651757336,7.23,3,0,0.0,India
8.386780265396505,7.590044565476904,5.07,4,0,0.0,Germany
7.188871098783999,7.1214244970206755,7.88,2,0,0.0,USA
3.8868151238069872,8.449512124027379,6.69,2,1,15.316382305900468,Brazil
4.860068150433234,3.005559082067129,3.11,3,0,0.0,USA
4.457718252370177,2.2543813665247976,4.79,1,0,0.0,Italy
5.214374957206575,7.058816477839442,5.33,3,0,0.0,USA
8.045601376831732,6.77741907652736,2.74,5,1,70.63417205190932,Italy
5.384896183881966,8.23931086193927,4.29,4,1,69.11611043614056,Brazil
3.511414641979475,8.261850890845286,5.44,4,0,0.0,France
3.7896531940552167,9.203765949419402,3.56,4,0,0.0,India
8.897861302582466,5.557491752015174,4.45,1,1,23.895283768512282,Germany
9.271611930263864,8.254396204564395,4.28,4,1,35.381568246592906,USA
7.730409939779424,7.60889978965333,5.46,1,1,85.85546768073274,USA
8.79886555733208,6.264101508416647,2.9,7,1,85.98756676248115,Germany
9.941620499460637,7.571985336629995,5.9,2,0,0.0,India
7.875720482559358,6.969705389286522,4.22,2,2,40.84778877040499,USA
3.194360688482778,2.3350839546712585,6.81,3,1,27.171037997099234,Germany
6.008809639287806,6.13659892294135,1.0,4,0,0.0,France
8.529652462580394,7.789978888468116,5.48,3,1,58.84281881923898,Germany
2.1741395939686328,9.3304420853811,3.81,4,0,0.0,Germany
6.732634906862715,8.24321267385754,4.59,3,0,0.0,Germany
6.679593403838942,6.947119635001168,1.78,2,2,76.81331461221812,India
2.1783463184371725,10.465287566329657,4.97,2,1,61.90045203860122,Brazil
8.263634762928412,6.652608537813932,8.34,1,1,61.68126886938718,France
4.420514514715254,9.107265374727731,3.36,1,0,0.0,India
6.164018123178179,7.273346002438792,3.62,3,1,97.97912579032027,France
10.506957183136796,6.878382402867361,2.66,2,1,95.48663851992266,Italy
5.8164120900158665,1.3894475503781307,3.84,2,0,0.0,Italy
6.530263637668891,6.538010111718565,5.95,3,0,0.0,USA
0.9616924217226885,10.810163801293843,8.78,3,2,172.18950343868013,France
4.465230890546473,3.333337814768745,3.53,3,0,0.0,USA
10.24264417333218,6.739802269809277,2.14,4,1,30.33224350495094,USA
8.505714997686036,6.094578009026811,7.26,2,0,0.0,France
8.853075474652853,6.037957321787593,2.45,5,1,98.51309307125725,Germany
4.011735097058923,2.0721034709696156,6.27,3,3,255.39682917627923,Italy
5.732664322896101,6.944981034329308,6.89,5,1,57.28703988581625,Germany
8.018354114289224,8.269766587114017,6.65,5,1,27.08189872895967,USA
1.621693655638691,9.7751327825098,6.14,3,0,0.0,USA
2.45098890460675,7.871315830367698,4.33,3,3,157.67487011601378,USA
9.610580827519206,6.932344751862982,5.15,8,2,149.84413515013074,France
3.6677166182847762,2.0527492304972927,5.64,1,1,52.69463169464761,Italy
8.446199631148328,5.229825465368602,4.57,1,0,0.0,India
3.412899483782878,9.338645409919925,4.72,4,2,106.58406604649255,Germany
7.634867699735613,7.8576588577646875,3.2,2,1,7.072407517695909,France
4.184536413082789,1.6193107211206281,5.03,3,0,0.0,Germany
6.927612986001852,8.247436054560902,3.13,7,3,80.43347662852537,France
3.1606156266671985,8.530400294144,3.58,3,0,0.0,India
6.926149708973057,6.38610912706239,8.34,5,1,92.89964851510015,France
5.550092947180746,7.469533004762837,2.5,1,1,62.33900119031217,Brazil
7.423610604523954,6.452733547805149,6.36,7,1,78.4098063916233,India
4.481341143811645,1.055150622301767,8.25,3,0,0.0,India
4.4870238444138755,2.4067321441326115,4.32,2,2,133.1027982986957,Germany
3.6207778725663013,8.978460549491858,4.38,4,2,40.72436653521373,India
4.037254531613544,1.974952725045341,8.04,2,1,37.63609473215323,USA
3.1260483349832477,2.604045287536888,6.81,5,0,0.0,Italy
2.7617657744459105,7.766502946233472,5.72,8,1,46.53066602461106,India
6.860423770185723,8.397363453848051,1.76,2,2,62.81945631318116,Germany
8.366231065580914,7.462746313962319,5.27,1,1,44.871798332483216,USA
4.39050921105562,0.8101270336561301,4.05,4,1,83.55900720651799,Germany
5.785064736537475,5.64362008109177,1.84,1,1,96.42625641808068,Italy
1.2861145559574252,8.75543172782849,3.32,1,1,62.748127049176205,Italy
6.830035363489684,6.472230542378456,4.71,3,1,57.286285311956235,India
8.403950834607642,7.455138288771445,6.06,4,2,152.43831548273653,Germany
10.042414706807207,6.262049942575075,8.3,3,2,54.65166298134681,Italy
3.2951836556877323,7.6332415250445464,4.2,3,0,0.0,USA
9.04078929472298,5.649463789097935,4.97,2,0,0.0,USA
7.889988477306822,6.541963056274119,4.36,7,3,69.7032250778402,India
7.867239418253808,5.919824530753461,7.32,3,0,0.0,USA
6.125541386112772,7.038429205871325,4.6,4,0,0.0,Brazil
3.639401347726674,11.425962803776743,4.02,5,0,0.0,Germany
7.718207850632773,8.190097105007714,4.55,4,2,86.15194675880373,India
5.811688979501946,3.4712673174285165,3.41,1,1,19.835707615167372,India
4.455846437029098,0.5146523736215993,4.93,0,0,0.0,India
4.3668720882055165,2.5581910162285304,4.64,4,0,0.0,France
2.004210344072293,9.880041322368443,6.2,6,3,194.46263138295373,Brazil
8.044688462305908,6.451011638893067,5.14,2,0,0.0,France
7.02547162412346,7.845505803408869,4.78,3,2,186.58789569501806,India
0.9463088545445524,8.740293046369016,4.54,3,0,0.0,Italy
4.398976273639127,7.377072726196448,4.81,3,0,0.0,USA
8.949900735664665,6.838930076327012,7.32,1,1,80.34590254651403,Brazil
8.246415850391422,7.304369825097361,3.21,2,1,63.586404405931745,USA
7.382829464557068,9.487499248800283,5.31,3,0,0.0,France
9.545181158150355,7.153543729287772,4.14,2,1,51.642000061170656,Brazil
1.5129308036056102,8.520529545037009,1.2,5,1,69.52373137496541,Brazil
11.9326170057274,6.8762985558211795,2.58,5,0,0.0,France
4.576488984193291,2.45595980800105,2.05,1,1,66.8566074464684,France
4.303090120920641,7.658838625086032,5.29,0,0,0.0,Brazil
4.961463376600857,2.089677736416603,4.01,3,1,15.347668437687766,India
7.365344179006181,5.903221135428009,4.17,2,0,0.0,Brazil
4.425341171710138,1.6279154205187858,2.38,4,0,0.0,France
1.9941499367467022,12.867017618853042,2.11,1,1,83.49325496499847,India
3.201158735171232,1.7479070414493785,5.89,2,0,0.0,Germany
9.591591968373152,8.42778598275937,2.84,4,1,10.228553721408453,USA
2.273583064944184,9.785151322085289,2.9,3,0,0.0,India
3.8602719892607715,7.691828171454752,4.38,3,0,0.0,Germany
3.696796042082263,9.32410683842535,3.55,6,1,38.44395082831894,India
3.3559913411211553,7.499438903512457,5.68,1,0,0.0,India
4.776476231816853,1.9985549619130036,6.85,3,1,89.16217979859162,Italy
10.200741746740409,7.470331559581582,4.04,6,0,0.0,France
9.309158133139793,7.864902288133941,1.57,0,0,0.0,Brazil
1.7263238881041776,8.583160558623222,2.22,1,1,15.245842539481183,France
2.140524314179849,8.62094731587096,3.86,5,1,11.451038129048847,Italy
3.9402780275257374,1.7637940706288187,5.04,4,3,16.573869341827205,India
4.524690507451623,0.7900841686909668,2.66,1,0,0.0,USA
1.7087880978250678,9.768577458011896,4.34,2,0,0.0,France
5.9447135995474305,2.108345925283401,6.47,6,1,97.688595568941,France
1.4036716900947663,10.201316433758702,7.82,3,2,82.84477831310711,Germany
2.806573702295857,8.767902725683774,5.05,2,0,0.0,India
5.249117667117854,1.641304822118753,6.64,2,2,123.18504496655986,India
2.7015585878338726,9.315833470531935,6.88,0,0,0.0,USA
6.199340025433513,8.038043293007252,6.45,2,2,153.2984309389192,Germany
7.579744782966683,8.07182872689329,4.0,3,2,130.61846321914777,Italy
8.053800496160372,6.756327764483602,5.49,2,2,98.81591277762041,Germany
4.997540202859191,2.037675656803304,7.25,2,1,18.388274140921673,India
2.860047053129225,6.79593836814724,6.12,0,0,0.0,USA
3.48293743899863,2.295674344230637,4.64,3,2,157.77571333346705,Germany
5.198574119149921,1.5685311638997856,3.38,2,0,0.0,Brazil
6.290451799460949,1.3439575344112895,7.6,4,0,0.0,India
6.33210066071565,6.154519417793625,5.42,3,3,232.69300067093596,France
7.78392237780286,6.08949187443597,8.58,2,1,93.65424818174547,Brazil
3.5800901211138623,9.496758543441507,3.1,2,1,34.230327602839125,India
4.873743937237348,3.138160566504655,8.34,8,3,33.555507423258206,USA
8.582543504309646,7.948599712502776,4.69,6,2,150.4902156539871,USA
2.0644238152211556,8.188632445396179,7.24,1,1,33.47450714474116,Germany
2.945917359093346,8.9481535135725,5.27,5,3,237.91185913909453,France
5.22371591776716,1.5379214869355637,4.3,5,1,83.02433719962184,Brazil
8.011675959203579,5.888154088451814,7.16,5,0,0.0,India
4.009033285437245,1.6753028789838709,4.7,5,1,38.45360762939637,India
5.097203117314867,4.071391158487479,5.31,0,0,0.0,Italy
6.341651221324781,7.832970633862248,4.17,5,3,278.0733025373465,Brazil
6.417473095091593,6.989302687776499,4.7,4,3,232.2710129981741,Germany
7.484308041278681,8.967178838985463,5.61,4,2,189.6616927779166,France
2.1768836110731584,8.265799591641768,5.49,2,1,16.62134074642345,USA
5.734677338455427,1.1671779528813166,4.38,0,0,0.0,USA
9.688122759658954,8.124651499410657,4.02,4,0,0.0,Germany
8.306211622449629,8.539396477697684,5.04,3,3,18.874208907262123,Italy
4.188575971884437,0.9552581934635729,3.35,1,0,0.0,Germany
7.479276702602202,6.449369659294096,4.53,2,2,141.5712496543491,Italy
2.4379438731418577,7.720778502994226,4.26,6,1,91.22447671316064,Brazil
9.412392470204049,5.487034076928277,4.67,3,3,259.3837314129652,France
2.598431777274199,8.97671548321884,6.88,1,1,43.74065499826223,India
4.316803093551076,3.3087401394774885,5.27,1,1,94.6431967244065,France
5.107131051410891,1.42887353762644,8.89,3,0,0.0,India
2.827889498666047,1.0224789905254767,7.21,3,1,98.45463352102732,Brazil
6.9169653342814055,0.738657685518336,7.8,2,1,45.0615332479191,Brazil
6.80357859848342,8.145087040123318,5.37,3,1,40.72992736991465,Germany
8.787900992496567,8.585800806170376,6.57,5,2,97.1148162324284,USA
1.587396121075498,9.496974015407535,2.49,5,1,56.57444653326675,India
5.4139016102991535,1.9656888871999854,1.62,0,0,0.0,USA
5.79709018246836,7.540257460612422,4.3,4,0,0.0,Germany
3.106171909773824,6.623981760728883,5.31,4,1,81.88874214782567,Brazil
5.576698769205459,7.545141483579872,7.56,3,2,179.11127702095916,Brazil
6.231080443518272,6.837846528310967,6.58,1,1,63.15280131603654,India
6.942930413932607,6.9586979861903036,7.53,2,1,61.88778178069347,France
9.333239629935859,8.287474166553414,2.0,2,1,29.592223474898912,Germany
1.5928699483502688,9.360774604096314,5.81,2,0,0.0,Italy
4.576639723092627,8.925166088685533,1.04,2,1,28.60413750879335,USA
4.84701827300667,1.7338965367888806,3.57,2,1,44.94252140038236,Germany
6.387189851997103,6.590279551405235,9.77,4,0,0.0,USA
8.8875018866631,7.6660539052282965,7.03,3,0,0.0,France
1.943687977421206,7.253523369042504,5.84,4,0,0.0,Brazil
2.2587047727068734,9.360734337695297,6.47,1,1,86.80462951656669,Brazil
6.917513892173112,6.05914245396295,7.61,7,0,0.0,USA
1.965718244382657,9.214096561917035,4.6,4,0,0.0,India
6.291489239808611,8.19075537758032,2.9,7,3,275.3884040680302,USA
7.001364444934896,7.216313329942711,4.35,2,1,50.190632523151976,Brazil
1.9443552644526276,10.650083934334136,2.81,1,1,6.595275980502437,USA
8.955091877942316,6.656299678612055,3.99,5,2,148.25758331111214,France
6.642306303872898,1.6655982668249327,7.89,4,1,79.9606804475789,USA
7.931174749491431,7.857863994317995,4.17,6,1,67.88478300865101,Italy
3.5176463556000996,6.928388250464984,8.39,1,1,65.98805578635336,USA
4.242330139682323,0.5886516645157354,3.58,3,0,0.0,Germany
9.520867802789557,6.806755347952413,4.07,1,0,0.0,Germany
8.051110321122255,7.007097406480927,3.38,3,0,0.0,USA
9.654940786456997,8.604792560900046,5.1,2,1,35.61289456516029,France
8.573220662123767,6.862999494337389,6.81,3,0,0.0,India
10.080891759435715,7.851792854413809,6.12,6,1,19.411521464604547,Brazil
2.773854456290706,11.73445529478794,3.09,3,0,0.0,USA
5.1417790699287735,1.9443530823521087,4.21,3,0,0.0,Brazil
7.948468267985076,7.609901398499797,6.19,1,1,64.80421059995594,France
10.255317896317,7.904895974837627,4.5,2,2,183.94907330362935,Germany
8.386627555660072,7.100124499156612,4.01,3,2,146.66619610032993,Italy
8.74114055181047,7.64487788312848,7.55,8,0,0.0,India
3.88601672253714,2.3558232354182236,5.64,1,1,62.22661290261995,Germany
4.09278601284033,9.42728504033612,5.69,3,2,11.804295409744865,Italy
9.4071563441926,6.399114347268705,3.87,4,0,0.0,Italy
2.604661870141823,7.23803979473187,4.16,6,0,0.0,Germany
2.7395983372585175,8.090052983930017,1.0,5,1,11.56888064285834,USA
2.8723142842083167,7.006829267453312,5.89,6,0,0.0,France
9.59859015633949,8.193284973674995,4.67,1,1,74.26819532677487,France
6.826242918672248,6.252006623442242,3.1,3,0,0.0,Brazil
5.822199904037134,6.960925166439504,4.4,3,2,17.386647133920853,USA
5.400384955812244,0.23022215345406694,7.39,5,0,0.0,Brazil
4.356726951348226,0.051870229735440976,6.55,2,0,0.0,France
7.061288118337075,7.127502533223383,7.12,5,2,160.79975344327045,USA
4.437539929358014,1.78992444073145,5.02,0,0,0.0,France
9.40327928329123,7.952658213756487,3.62,2,0,0.0,India
4.953602019125008,0.4885648920210792,6.47,1,1,16.653016459336648,Italy
11.772098403865488,8.658975977200445,6.32,2,0,0.0,Brazil
5.182302805760203,1.1642057910149317,8.51,7,0,0.0,Italy
8.452840130712977,8.000194725801482,6.19,5,1,84.99807151397191,France
2.318098555032847,9.06072267635447,3.89,5,0,0.0,France
8.59387330703046,8.362362627480797,7.65,4,0,0.0,Italy
4.582837669375159,3.157157127137621,3.19,1,0,0.0,India
4.423355638691928,1.0339281432587253,1.35,2,0,0.0,Brazil
7.068807526310191,7.0363034933731425,8.41,1,1,15.938082239794072,USA
7.637526937207559,6.038578253543875,5.93,2,2,148.81297478198246,India
9.190001999479781,9.270827144388377,3.47,4,0,0.0,India
6.074188505580177,2.2579242773263,2.44,3,0,0.0,USA
1.8272446517577863,8.704019371604865,9.1,2,2,21.973649710134627,Germany
7.38789233723459,7.627894697641929,3.69,3,0,0.0,Italy
3.7422194509530473,1.3356822491157203,2.73,4,1,59.11235284620946,India
4.761897188142705,8.104666533501037,2.26,7,3,175.4510793734713,USA
3.6013188234013174,9.149624476090612,4.68,3,0,0.0,Brazil
8.55146391381666,8.648786518626093,8.76,5,3,161.36064009182977,France
2.4751141547935243,8.244312897139679,2.03,4,0,0.0,India
5.780163419755617,7.231769777110162,3.87,2,2,23.0718279965652,France
2.804147301344778,10.262028200872056,8.69,3,1,9.383648451488614,India
4.011208589197241,0.6449635147515478,3.61,2,0,0.0,Germany
3.0666894080605838,7.644483148619244,5.49,3,0,0.0,Brazil
9.64465897551562,8.082279108154742,4.63,2,0,0.0,India
2.0691831729994177,8.512231903845711,3.18,1,1,42.628895991849106,France
8.245806746875138,7.953630911082436,9.03,3,2,59.12020239828009,Germany
9.442466043387627,6.333096553459288,3.71,2,0,0.0,Italy
4.976156725475664,1.2361403227880348,5.22,1,1,67.8230998851884,Brazil
5.2577534433662185,7.399943739001173,5.76,2,1,43.15130613507778,Germany
6.166691499805367,3.8757278891702915,7.44,2,1,62.96853360038541,France
5.415425918627683,5.695365694569266,2.77,1,1,55.24253098461714,India
7.501754671507659,5.344578819904064,4.26,2,1,82.70059166405433,India
3.658932109214732,1.2023560533266426,4.01,4,3,139.51054740442692,Germany
2.797746318928455,8.230532607073894,4.21,4,0,0.0,India
9.397981937461173,7.143387311088852,7.69,7,0,0.0,Italy
4.982805213549444,3.2166388122866953,4.81,2,2,129.99522587254535,USA
2.542810187756463,9.469027040339457,6.64,4,0,0.0,Germany
2.6859717861685324,7.465667829334575,9.13,4,0,0.0,USA
1.3086659645788776,9.154645998046368,6.72,3,3,143.26634166675953,Germany
7.664426825061803,6.305485243575888,5.29,2,2,63.56317200109032,Brazil
4.375332937523379,2.3389296700336475,3.28,1,1,58.35276501225099,India
4.5576251365566485,2.2796205469040727,4.6,2,2,34.15398843058589,India
3.113942287590963,6.808720071099252,2.86,4,0,0.0,India
7.40971677715614,6.783211717241632,4.84,3,1,55.42166965792032,India
8.85644876009886,7.375324691280682,5.82,6,3,150.3688294655468,Brazil
3.8015169562272937,0.7605125513174182,2.18,3,3,119.47877357973695,India
5.445742722955,7.575790337442462,6.65,2,1,60.372461997477274,Germany
1.9922511073043792,8.792772865246198,3.61,1,0,0.0,Italy
9.23735568818593,7.723954909354983,7.06,3,3,234.17008128153174,Germany
5.016758069751093,6.7554461998683895,5.22,3,2,85.54840410176331,Brazil
9.496436566018776,6.306031852610625,3.15,3,3,202.3778953352109,Brazil
9.417513897782941,8.14636498871506,7.58,3,1,6.205226401338358,France
3.8294308300733926,10.845744894052675,5.67,3,2,92.3914017879669,France
5.8620957672206435,7.343025972762273,9.68,3,1,34.83795254100898,Brazil
8.697901889191176,7.758938568229644,3.02,1,1,76.16084181083637,Italy
5.9299856925347365,8.595202940458485,2.68,6,0,0.0,France
0.05088691521604449,8.91822622847367,1.62,2,1,79.77785299394128,Italy
2.6409899293668513,2.007199270287413,2.46,5,1,84.82747274943038,France
8.139423965134245,9.56842132964743,3.82,4,1,45.477671377775266,Germany
2.2642310519440274,8.50734295282719,3.43,2,2,165.596873335808,USA
4.951940967954839,2.8314401141226035,5.15,4,2,18.027481262118968,Brazil
7.018292943868571,7.3021605430572265,4.67,4,1,93.92113575395778,India
8.244303517051812,6.932583449338996,6.56,4,0,0.0,USA
6.330500515592905,7.410102524979422,4.16,4,3,143.12760244473213,Italy
3.600767667860362,3.6607177391775254,3.89,6,1,99.40654959933876,Germany
2.009333499312379,7.6149799533963805,3.81,1,0,0.0,India
5.669319392155142,1.6362745571555934,5.4,1,0,0.0,France
2.165409741502865,8.96563377662787,2.38,4,2,88.61644041285932,USA
6.745685308199257,7.491802714977745,6.31,2,2,162.11852813926689,USA
6.087881917142548,7.452012443085871,1.96,4,0,0.0,India
7.361790984134594,2.8176255560123975,2.67,5,0,0.0,Germany
2.8067611264127423,10.389992941509941,5.59,4,1,6.246126028161802,Germany
6.5285358994745355,5.503877622640374,8.33,2,1,96.90200313723265,Brazil
6.559810440680012,7.109133983521925,1.43,1,1,58.88768887789182,Italy
1.5830200755211088,10.923702768668452,7.08,3,1,26.66603363239852,Italy
6.230533806763769,5.959600018210268,5.46,4,1,12.92409472394592,USA
3.7264803152732293,9.17374863500245,8.31,1,1,6.801841372615785,USA
6.089236114615801,6.359597096647667,6.27,4,0,0.0,India
3.232585392735699,0.6750657802535742,8.99,4,0,0.0,USA
3.1938274488127543,9.804911727361091,7.48,3,1,83.97963460047006,Germany
0.9790024241893989,9.679213290500062,5.0,2,2,104.31136320137962,Italy
2.7106891570002682,9.007764812968864,4.15,5,0,0.0,India
4.584785632131283,8.928216435407428,7.68,6,0,0.0,Germany
0.8692330936813573,9.756413619270214,5.81,2,2,22.898059600368022,Italy
6.985502998124542,0.5730984495389932,3.92,3,0,0.0,Brazil
9.618370914785963,6.7188477338667845,5.42,2,1,17.18172074443862,India
4.510844721098318,1.1215075096063387,5.25,1,1,27.70230704208643,USA
2.6238384585591428,9.278554399843959,4.96,3,1,17.22920498472166,India
6.7612769900278336,7.683470026041641,7.56,1,1,17.152901573909723,Brazil
3.816567405283714,7.416413993703484,5.34,1,1,13.245662770649204,Brazil
5.49950390156587,6.320754183560511,3.16,3,2,19.79754893063171,USA
8.266116611842513,7.403952763589341,3.34,2,2,32.37293770139627,Brazil
6.43734555282096,7.745408868410798,6.44,1,0,0.0,USA
5.744987491330213,7.552026903740937,4.86,1,0,0.0,France
2.337358283259219,9.567537348183105,4.23,2,2,103.05443722124951,Italy
6.894310106635569,7.690688320541748,4.98,3,2,163.24973332298208,India
4.006606131517829,1.8764095807538426,4.46,4,1,68.5663955661332,India
6.778204226911612,7.633817238137692,1.0,7,0,0.0,Germany
7.792305951847137,7.158765927155256,2.62,3,2,29.12006184599935,USA
2.4121200737047097,9.98293111873121,4.86,2,2,28.467136982920856,USA
4.121212116606891,2.8263712289922864,5.47,2,0,0.0,USA
10.320401032118436,7.480562085695471,7.7,5,1,7.065576484248884,France
8.50290643615564,6.834745870585296,6.41,2,0,0.0,USA
2.827945938298883,7.984474279656476,3.69,2,0,0.0,Brazil
6.629112987395673,7.543201767101334,4.23,2,0,0.0,India
8.318498753964983,6.638937296357373,4.38,5,3,58.412795186515936,Italy
6.7669905093256295,6.833427859113986,3.96,4,1,28.621660276412573,India
3.8677716383102245,7.934549806922473,5.68,4,0,0.0,USA
9.879759026500553,6.511053083206369,2.34,0,0,0.0,France
6.305970227874555,6.822355446608719,1.0,1,1,86.09871798816893,India
1.0000666096481996,9.619892360829635,2.13,2,1,24.90454133107472,Italy
5.193925437116299,7.5263519174225415,6.33,4,1,81.79729528372908,Germany
5.562856401368532,1.452539077378433,6.16,4,0,0.0,Germany
2.39866230557881,8.387970852015314,7.03,4,0,0.0,Germany
0.4848879997658977,7.651112123605511,9.08,1,1,72.63913528318925,India
2.188411897120066,9.208338071804196,7.32,3,0,0.0,France
4.268416815140416,0.19718743697883934,4.15,2,1,61.50019055226222,Germany
7.658214237962982,6.236044670318724,4.63,5,1,18.146281508341144,India
2.829865248609942,10.809497484110643,7.56,2,2,194.45684297476927,India
1.0803399152391828,7.540153996156215,5.33,5,0,0.0,USA
4.4557330205448995,0.8429909544560485,3.89,1,0,0.0,USA
8.239650767461864,7.092969476032314,3.87,2,0,0.0,USA
9.215557888206366,6.451070025708398,5.63,5,2,130.3424287339121,Brazil
6.1577059387428985,7.53181374149418,4.36,4,0,0.0,Italy
7.930715945589242,6.49930047613125,7.26,2,1,77.38629452523139,Brazil
2.404996519100874,8.9516930002988,2.8,5,0,0.0,India
5.74161669801431,2.4651631707772284,4.03,9,0,0.0,Italy
7.284732946186183,7.708630947625083,4.8,5,0,0.0,USA
2.012797505318809,11.089351167546862,5.87,1,0,0.0,Germany
7.726059463600903,6.264004330804527,1.03,4,1,85.71185781920212,India
6.054719499053656,1.0989704139265821,6.26,2,0,0.0,France
8.831403035592295,6.400093709777311,2.07,4,3,94.52326746064531,France
1.8128101755960349,9.969591336768833,5.67,3,3,122.34234123458202,Italy
4.296122316717991,2.0946307481402777,6.9,5,3,278.61787104624267,USA
7.054071125436552,7.627538846525152,3.51,5,1,39.568243739323385,India
7.194070981448899,5.55460937355469,2.6,4,3,212.20524004086866,Brazil
9.774847602441502,7.903107137262442,3.53,3,0,0.0,Germany
4.614384707642902,1.7560108768038754,8.3,4,0,0.0,India
5.530303263340531,5.342093311414313,8.11,3,0,0.0,Germany
4.693776183261308,0.646907521991575,3.93,3,0,0.0,Germany
6.217890579054322,6.651922304314991,4.05,2,2,54.116373244353206,Brazil
6.192799695698431,7.278436606157575,7.14,1,1,84.03466748802558,Italy
6.658785420860918,6.922933972351466,2.31,2,2,136.17481199932092,Germany
5.413791212548307,5.787571759667643,6.4,3,1,65.86004820538093,Italy
7.821684549320128,6.452756539057964,8.48,4,1,62.760334419139056,USA
5.940424339489223,7.5513206684098355,6.63,5,1,63.75218136215834,USA
1.3631674789106851,8.236914643352415,2.8,3,0,0.0,Germany
8.54150064809013,7.110234502112756,3.32,3,1,20.01580616170314,Germany
2.5752774217000667,7.803269928435865,5.29,3,0,0.0,India
1.0679243339866347,7.578423977018883,6.78,1,1,34.9022262627258,USA
7.9097132460557,4.434340024162262,5.19,3,1,79.10863765534182,USA
6.691125779497565,1.2793652660389094,4.97,4,3,152.84879479514467,Italy
2.732399877687555,10.504149566800404,1.78,4,3,282.07827161793585,Germany
9.340063013247475,7.020287523101291,4.88,3,0,0.0,Italy
4.065779521712502,8.586170967232409,2.02,3,0,0.0,Germany
6.7806127416640125,7.4025243216534555,4.03,4,2,153.60808104480887,Italy
8.829790141456842,8.933064572537072,4.0,4,3,146.75836860612145,USA
8.250492634770222,7.908593117957075,4.11,3,0,0.0,USA
2.592635592843111,7.564640908499792,6.09,3,1,73.51800504451633,Italy
2.201794053333062,8.18967387776356,5.93,4,1,72.53077828540637,Germany
10.920799733338683,8.676957978406454,5.21,0,0,0.0,India
5.9127097900758026,7.603182698188091,8.34,2,2,61.438008281276325,USA
9.215580809952705,7.695420708064054,7.13,3,2,111.48417603817353,India
7.574125601399321,6.445216630598608,1.5,2,2,38.16439135067642,Brazil
5.387323807655157,2.271045874964577,3.28,4,2,86.4581875610178,Brazil
5.538238404575087,3.0979464039265445,1.3,8,0,0.0,Brazil
1.626864560729341,8.562195795365241,7.51,2,0,0.0,Brazil
9.6698064295375,7.752529763515091,4.08,2,0,0.0,Brazil
7.379508620779541,7.09210485429371,3.08,3,3,76.38612686339928,Brazil
3.0061296481707283,8.831717153818781,5.45,0,0,0.0,USA
7.550170352567953,7.031507085217356,5.11,2,0,0.0,Germany
4.844954175462731,0.34978715399948856,2.56,3,0,0.0,Italy
4.824817372512621,5.731094897223547,7.62,3,2,187.96153884458533,Italy
2.641366978697122,9.08656509358261,4.84,5,0,0.0,USA
6.925337945797097,7.318634098880929,3.93,5,0,0.0,USA
9.352744518292537,8.2340150474424,4.77,2,1,24.457193382617984,Brazil
8.369563395791493,8.143981154009664,1.0,2,0,0.0,Brazil
8.534137586064016,6.397260847527838,5.0,1,1,53.38809911240647,India
6.953611972687539,7.289429807862632,1.0,5,1,93.6741516826381,India
5.964671858141046,6.8420315738794875,3.61,5,2,95.31405736762711,USA
9.630603710807481,6.911470645713782,6.86,4,1,46.45367743949734,France
3.1335430127659745,8.829760770542473,3.4,5,0,0.0,France
4.06141910735177,1.895675384047744,6.81,3,3,234.90630892434808,India
6.012150152836092,2.1152141627712773,4.37,2,0,0.0,France
9.030630940917638,7.868135419682741,4.55,2,0,0.0,USA
2.18751908167625,9.182345934165141,4.35,1,1,61.35751223385368,USA
7.003928130029769,6.958862479520587,6.28,2,0,0.0,Italy
5.317362080496201,3.9348633033408467,6.47,4,0,0.0,USA
6.985759198763586,7.356308753674933,3.41,3,2,186.82135225730377,Italy
9.190508204755597,7.253003362771284,4.25,7,0,0.0,Germany
2.3141726390246236,8.256004059310731,3.56,4,1,40.94222769375766,Brazil
7.627062260142997,8.122027820114372,3.07,2,2,156.83410742250535,Germany
6.239600572766941,6.5236970097415705,5.41,6,1,43.01547357638651,Germany
5.642257397587671,7.137834154862242,6.56,3,0,0.0,USA
7.90199037580668,6.8525331052347,3.97,7,0,0.0,India
3.4337617374308502,7.41668695860289,7.55,5,1,62.82111672616312,USA
6.77811368401133,6.875707911626937,6.69,3,1,66.84395980538628,France
6.112564501661568,6.342125921125006,3.98,2,0,0.0,Germany
8.548516561069391,7.6016025110722305,2.26,2,0,0.0,France
1.3510867495526824,9.805948822161257,6.24,4,0,0.0,India
4.412107857104466,1.033153751816978,3.83,8,0,0.0,France
3.967485251901599,2.309669472761633,5.2,2,1,16.375866744382407,USA
6.790266452555031,5.8955397473187485,3.64,5,0,0.0,Brazil
3.9069527981195664,1.2329374313920236,3.15,5,2,39.54776157310037,Germany
3.223878300043182,9.535566033212136,4.87,6,0,0.0,Brazil
6.97475206870474,8.292185199591577,4.74,5,0,0.0,Germany
1.5735192299052891,10.285841223192481,4.4,4,2,143.54866911498303,Brazil
6.027698120360427,5.9652417951780965,2.87,1,1,56.51756223743717,Italy
2.799612451432533,3.301335737898065,3.57,5,0,0.0,Brazil
9.960156557048595,7.270289247935271,6.29,4,1,39.85991655865133,Italy
7.76273284843768,7.63781223097741,4.83,4,0,0.0,Germany
3.3774903549291166,9.548915214320758,4.96,0,0,0.0,India
6.588343525461013,6.084875344018765,7.09,3,1,51.362747969930844,India
5.760815348634347,3.5427982708802253,3.64,4,0,0.0,Brazil
6.188518131252138,2.293386261889561,8.02,3,1,66.76563825536567,Brazil
6.866812886584775,8.048600485375214,4.26,3,3,171.83771411554363,Italy
8.04860810136377,8.691749440394334,3.76,3,2,86.78342197168283,Germany
8.792967525874072,7.845155173852127,7.55,3,0,0.0,India
3.739204281049033,7.0296949085933225,6.26,2,0,0.0,India
2.0492254801136336,8.336570758446216,4.35,2,1,99.16936420526369,India
7.632816103939737,7.175590407176729,4.45,2,2,48.200252796135175,India
4.16203898552431,1.9285631517577306,5.34,0,0,0.0,Germany
9.218218965323594,7.439383674340703,4.34,2,1,96.33198053698618,Italy
8.227221661189986,6.19064010214443,6.6,3,2,188.6155816564878,India
5.9177354912586155,2.5436570148043054,4.21,1,0,0.0,Brazil
9.389185226964672,9.994198290361767,5.23,2,0,0.0,USA
7.248430456340139,5.934168632636509,6.36,5,0,0.0,Italy
7.3153380235360075,6.912984078428381,7.23,2,2,92.38902268068232,USA
4.895855982646872,0.8539194417200882,1.88,1,1,92.41110995333713,France
3.9284166421443967,1.5887128049636403,7.26,2,0,0.0,India
7.5364626598457,7.958424659905175,2.58,2,2,144.30783234948396,France
6.377863821351622,2.402137632489249,3.68,1,1,59.58093900114014,France
2.620010183331838,8.626043074676783,4.34,4,2,177.27455322193433,India
8.144116713690785,5.8749919734650025,6.84,3,1,47.829918138380506,USA
2.1529448343466666,10.275805380733837,6.96,5,1,46.12560303396898,USA
9.914186318473877,6.912066405732221,4.69,6,0,0.0,Italy
4.8887728053613575,1.5820133116878894,3.77,3,0,0.0,USA
8.105111919014417,7.960064953574371,7.25,2,0,0.0,India
2.9565195187115014,10.295302489933434,9.89,0,0,0.0,India
5.516484716070281,1.6613841106847071,3.72,3,0,0.0,Germany
3.7596053570224677,9.618801454553688,5.78,2,1,76.30229957679991,Germany
3.3965270819085216,9.786082305433982,4.68,3,1,16.780813453594853,France
7.989490960656489,7.719794479084789,9.62,5,3,111.5073673627888,USA
7.9416199782673065,6.65415667637995,7.57,4,2,178.39324759926973,Italy
8.289449241115676,6.929432436518126,6.21,5,1,45.19808568839659,USA
3.837607002293581,1.4685359416514974,4.58,2,1,13.278883686354806,Germany
6.505410456348792,6.512290024832081,5.57,2,0,0.0,Germany
6.9666424144694075,7.463232424600244,5.74,2,2,78.43620767988502,India
3.981496118287656,1.3786659879917247,8.51,5,1,6.7833902873515495,USA
3.781116624165473,9.225682695668981,4.34,1,0,0.0,USA
0.8252699315948815,8.555401865329381,6.0,3,0,0.0,Italy
8.516429055462062,4.356736261876389,6.44,1,0,0.0,Germany
9.970051945235669,6.478484403782428,6.13,3,2,49.60379838104734,Brazil
2.85562412905965,7.402718769095493,4.63,1,1,52.21388307173962,France
7.922402247907689,6.676861861970546,7.91,6,1,67.51956800179096,Brazil
4.33889852383488,1.3417326564575487,2.4,3,0,0.0,India
7.992282747746603,5.582031258884607,5.46,0,0,0.0,India
3.1826882472966185,9.293280290422123,1.32,6,0,0.0,India
5.1579805382580775,1.443968674129219,4.34,4,1,39.248664482366216,USA
4.062956389068814,9.83217578622335,6.0,5,2,59.29543605167987,Brazil
3.2997539405733156,1.487490939365685,3.38,2,0,0.0,USA
8.454672732769222,6.445386597413297,5.18,5,1,11.62262667996874,Brazil
6.415904133594156,8.047610417156662,1.0,4,0,0.0,India
7.6207898597860995,6.072370037291796,3.16,2,1,91.30569587908916,Germany
3.2674690986667945,1.6675372415339365,3.22,3,0,0.0,Italy
5.567894495379788,2.1816616545163128,8.03,2,1,39.6423109400731,Italy
2.858636950269706,8.24171737944208,3.61,3,1,85.45291717871298,Italy
4.887150288336858,2.8597491766983816,6.58,5,1,81.08668964742698,France
7.7260254969289575,5.136006408809968,5.1,1,1,36.02015858701172,Italy
7.8197032466022,8.184620904505376,4.34,3,0,0.0,Germany
8.724158673147882,6.100215867712199,5.19,3,3,177.71938916316094,USA
1.8236078767543338,8.872637542188194,1.4,1,0,0.0,France
2.299663392789956,7.922660956039219,6.05,6,1,26.99953089363532,Germany
3.2683302846064484,9.16467991467453,7.35,2,0,0.0,France
8.555499596517308,7.164881889455602,2.44,5,0,0.0,Brazil
7.401457732639418,7.7912796533007915,2.5,3,0,0.0,India
9.69443540929244,7.41360639303881,2.52,3,0,0.0,USA
7.839599710295311,6.514713385039753,5.33,5,0,0.0,USA
8.308894070822415,6.0554409685845165,3.58,3,0,0.0,Germany
5.873284912580771,1.9654806882193625,3.89,1,0,0.0,Brazil
6.517719354790282,8.1024724002802,6.53,4,0,0.0,Germany
4.382826427415036,2.2507221974342637,3.86,5,0,0.0,India
3.9828435992107774,2.9677279196823534,2.8,2,1,58.20560232299232,Italy
3.053311625166943,8.851493222126027,4.25,4,3,40.252741885028364,Germany
5.333702290087204,3.1396980201617355,2.81,5,1,89.93584876384395,India
3.775452130892382,3.5626927200445944,7.28,2,0,0.0,Germany
3.2754079826108207,1.0449038452847361,4.58,2,0,0.0,Italy
3.5095289476583247,8.33654115767347,2.25,0,0,0.0,Brazil
10.561373785927241,7.6347846151662075,3.98,1,1,88.90070199972766,France
5.935412350899456,6.684947546134128,7.3,2,1,84.9391474443658,Italy
10.532367037861416,6.476803587572197,6.14,6,0,0.0,India
8.392906660309043,8.184658492860056,6.05,2,2,186.6403749222828,USA
4.5696552156534755,1.6860601790783891,11.19,1,1,45.60410766323293,France
5.607673305231527,2.3721618414424275,2.66,1,1,34.40816438069069,France
8.014175393180372,7.080041845865803,6.68,0,0,0.0,France
8.169765140298884,5.875398140221835,3.02,3,0,0.0,France
7.560694406828201,7.834254981634596,4.59,3,0,0.0,India
4.571676305895433,0.566450251381174,3.04,7,0,0.0,Germany
3.3108711990046533,1.23084167106416,6.31,3,2,34.734746556220536,Germany
0.6525501864907954,8.532520157104846,5.52,2,1,29.15492407210082,Brazil
4.969992626699045,1.1591590146491764,5.48,1,1,71.66182825838507,Italy
2.151410262704467,9.575070654566556,4.64,0,0,0.0,France
9.43349675571119,7.03211655414981,4.47,5,1,29.122420081677834,Italy
3.5409625814999073,2.6605964390672363,2.96,2,0,0.0,Germany
3.730189047819767,2.7326697214568543,2.45,2,1,24.639564121016477,USA
4.825531608227626,6.420634534306938,6.63,2,1,82.61113093052687,Italy
2.2555720474423557,2.7183205482255492,2.89,2,1,89.84524605038426,USA
7.5472755239335765,9.225288624200248,6.64,4,2,116.00448970448491,Germany
2.9670460092352395,8.854923896052416,6.98,4,1,27.000451850024746,Germany
4.2814752607152124,0.7481697952806814,3.35,3,0,0.0,Germany
6.597177427095669,7.604494758398117,2.47,4,1,45.56474697568504,USA
8.790813121874722,6.363105995089474,4.69,3,0,0.0,Brazil
5.184338705755564,0.8786753231058357,3.41,3,1,20.918353045999815,USA
5.471377703159764,2.7712607326022938,4.86,3,1,14.988013625765246,Germany
7.214770329929463,7.015443827199056,7.24,2,0,0.0,India
9.337796621700289,7.860874436938484,3.33,1,0,0.0,France
3.1954767588078345,7.581614838458669,6.3,7,1,47.91347463465272,India
2.8816699595726663,1.7220518492982912,4.47,2,2,127.23931440929407,Germany
7.331002422232614,6.726581136025596,6.22,3,2,137.31817393715465,India
6.236910038519786,6.15947036191868,6.92,2,0,0.0,Brazil
1.2960999230735668,9.156003041838225,6.81,6,1,17.62740070396119,Germany
9.387872347446056,7.242535006096536,4.83,2,1,83.10879367745869,Italy
3.928575609278622,2.0902939000905834,5.61,2,0,0.0,France
2.3405429510860225,9.45622677776773,4.0,2,0,0.0,USA
2.530099217016898,9.131613511507103,1.72,5,0,0.0,USA
6.113171231301561,5.447121316566369,4.0,2,1,42.87124582112236,USA
2.62152567274358,8.793316528665098,3.05,5,1,90.66632830808666,USA
8.4518577352294,7.187570493291089,5.8,2,0,0.0,France
2.6096733436244555,8.956895425196779,3.88,3,1,25.467427516133586,Germany
5.806287014287725,6.0654251559818775,3.79,3,2,127.46243243133908,India
8.352833821026536,6.528148519067891,4.15,2,1,14.12326752011007,Brazil
6.2791353529698535,0.05039791187839571,5.22,5,0,0.0,USA
5.74759993221055,2.5397718323334573,6.1,2,1,14.447787116766046,Italy
2.6343720514359146,9.861168232083235,3.35,2,2,84.71636387023696,USA
6.247793897347259,3.326623331561935,4.3,2,2,197.19339931800098,Italy
7.978176960763464,6.664890834543673,6.87,4,2,99.60685176067015,USA
7.802604089525364,6.786203111615497,3.27,1,0,0.0,France
8.705819659793828,5.512723337179022,5.01,5,2,195.2241522603152,Germany
8.547292457342133,5.889542765833157,7.89,2,2,177.70923233612834,Brazil
10.409816944212283,5.678010670373357,6.65,1,1,66.82885865118078,India
3.3683303153358173,0.8200853522009497,2.63,4,1,5.198380724976268,Germany
3.1160628009099254,9.471972714251873,4.19,4,0,0.0,Germany
8.048420009782117,7.023080106671151,4.53,2,0,0.0,Germany
10.45134457021298,7.393001031719781,3.98,1,0,0.0,Germany
7.350210480562994,2.4930407020426433,2.81,3,1,53.42736602141433,France
2.863238333993774,8.440684355301421,6.27,4,0,0.0,Italy
7.41679145353959,8.36391544830927,5.7,2,2,89.3983849926712,Brazil
0.7816544529520388,9.450609797872353,4.65,2,0,0.0,France
6.06006377501005,2.5652835842256505,4.16,3,0,0.0,Brazil
2.178317390838293,9.847815089807247,6.05,3,3,211.45875317787886,Brazil
1.9272662724176635,1.8237139907757431,10.75,2,1,39.525702218099205,France
0.19453905637924152,7.147020935606573,1.36,4,3,201.89155444741016,Italy
2.1009448673382782,7.311702523960481,3.07,7,0,0.0,India
6.142099127684732,6.604860905707582,8.52,4,3,220.2466388773532,India
9.964198583781135,8.930927465322132,7.38,6,0,0.0,Italy
7.539122627989698,6.709624912579033,8.41,5,0,0.0,Italy
1.423411298113403,9.112269281669217,8.26,3,0,0.0,India
3.079030551291509,9.34379486377133,2.34,1,1,31.448428599289066,USA
8.044392635725501,7.537119490063019,5.93,3,0,0.0,India
7.059157025127191,4.536055814443321,5.26,3,1,62.93496077693977,Brazil
6.633443246855303,7.798425730604348,7.4,2,1,88.3997132319784,USA
5.4491374643514,3.205498289155396,4.15,4,0,0.0,Italy
7.359152185783054,5.250791075834335,2.95,2,0,0.0,India
4.941839736399866,1.425762161173859,5.55,6,1,81.96305079283667,USA
10.173650295391516,6.280939761964877,5.29,5,0,0.0,Italy
5.695327759994544,6.623390420480206,7.5,3,0,0.0,USA
9.533973206756206,6.382586962855818,6.4,3,1,16.57681237972092,Italy
3.734963286055091,7.5499112479885016,2.11,5,0,0.0,France
5.5788360144629525,0.44339560383139576,3.04,2,0,0.0,France
4.190970448915095,1.5670593269173287,4.85,1,0,0.0,France
7.138585014437368,7.886927275946755,7.68,6,3,106.09115156410648,India
4.8882039787439835,2.0512874191767483,4.54,2,1,95.98394596034136,Italy
6.961261551162514,7.24671216311469,7.57,3,0,0.0,Italy
5.234272238880525,7.1152744715270435,2.6,4,0,0.0,India
5.682863966170832,6.447989349292177,3.2,2,1,30.78607199200567,Germany
3.525019442031147,9.075965978046293,2.72,4,1,58.9951903724735,Germany
8.719265063713573,8.144998437378655,4.84,4,0,0.0,USA
9.330982609849414,9.007494945568041,6.76,3,0,0.0,Brazil
4.582481372441308,1.9223688953211984,5.73,2,0,0.0,France
3.711347149128839,8.618605416442058,4.89,6,0,0.0,India
7.541562371068697,6.481104834032094,5.56,3,2,67.85940257129967,India
2.974753539924057,0.0285704835355296,8.46,1,1,29.286366598658553,Brazil
6.867890821429334,6.3526709414159495,6.23,2,1,89.49908736105594,USA
7.96648318676192,7.372820340715862,2.92,2,0,0.0,India
3.4719301883373626,8.807674848502275,5.47,3,0,0.0,USA
2.8013602129560304,2.8712870080630797,4.89,4,0,0.0,Brazil
3.3984384512810744,9.969586686436074,8.09,4,1,96.02806546180716,Brazil
6.962140710062664,8.585317201051964,7.36,5,3,65.13480267676461,France
4.075682656367615,0.4791318906509814,3.83,6,0,0.0,USA
2.8497963299626115,9.514429161312206,5.44,2,2,151.55267958086353,USA
1.8363363870859302,9.6061002619397,7.1,2,0,0.0,Germany
6.632293889468746,7.180923723650789,8.12,2,0,0.0,Brazil
1.2037188158984211,9.03528996983108,5.79,3,0,0.0,Brazil
9.363229719505009,7.895131626305819,6.41,2,2,57.5649617549281,Brazil
5.086860553237953,1.334583858795702,7.69,3,0,0.0,Brazil
2.620706450195694,8.20931964734576,4.55,4,3,276.83653906691245,USA
4.40909268412538,1.1761830151268544,3.28,5,2,195.27475347503113,India
6.419989873076454,5.966502375707912,6.41,4,1,30.389727419849986,Germany
10.836933323191516,6.492201506373087,4.78,3,0,0.0,Germany
3.084835449290524,9.136295942843683,8.97,3,0,0.0,Germany
7.0054465426996035,7.953200921638562,2.89,1,0,0.0,France
6.508420427681211,6.86187859613883,2.3,1,0,0.0,Germany
1.3506020440453461,8.19360380984661,3.74,1,1,99.34266306163272,India
7.066701461073991,6.047709054685387,8.97,3,1,75.08669080380845,India
7.735369771102778,8.066031192462802,2.75,2,0,0.0,Germany
7.458756028158146,7.337926562866132,2.04,2,0,0.0,Italy
5.456362270085609,7.013499915387569,4.52,2,2,111.93838830224968,France
9.325149629154307,6.654626423769488,4.17,3,0,0.0,USA
5.230435867816809,6.0191994887344835,3.74,5,2,12.48385890084889,India
4.072231929624004,7.834826463690542,6.56,1,0,0.0,Germany
5.531222737833348,1.7688139572950836,1.68,5,0,0.0,Germany
5.271103193199885,0.8219430264335879,5.71,3,0,0.0,India
4.9782362781640614,0.9805916772119091,3.45,7,0,0.0,Germany
7.583101510001429,9.292177015883286,5.78,2,1,34.17970796284267,Italy
9.796777137890817,6.7484647193113325,7.4,3,0,0.0,France
6.508945339906362,1.2188715513335893,3.21,2,0,0.0,France
9.488801756095228,8.573344012552383,4.7,2,0,0.0,Germany
5.364470614951224,2.4216551381371723,5.87,1,0,0.0,USA
8.484345823965004,4.894410578332057,6.32,1,0,0.0,India
7.415732558846034,7.810417726660668,7.09,4,0,0.0,France
10.156729139109476,7.924436697914038,6.39,3,0,0.0,India
3.7370699092653017,2.7824343821827178,2.11,3,0,0.0,Germany
8.207978982664137,6.7144944681792245,6.93,7,1,68.1438067599324,Italy
7.552277652772585,7.890503178765804,3.42,5,0,0.0,USA
4.731933973540094,2.449410037328398,1.0,1,0,0.0,France
1.5453185062578405,11.224809129789673,6.54,2,1,54.70081607834002,Italy
8.307904292660773,6.92518429280995,7.14,2,1,89.07422072937696,India
2.0884979920342714,8.43636535136561,7.75,1,1,82.61127645527894,Germany
4.270939397196639,2.1869784778817953,5.87,3,0,0.0,Italy
8.94115030326352,7.680284891940051,2.77,3,2,66.4559819417832,India
10.038323336729654,6.812325116937318,11.65,2,1,30.867484720988514,Italy
6.562264557895909,6.724863541217667,1.43,3,0,0.0,Brazil
3.2893967521702128,10.344861032237361,7.31,3,0,0.0,Germany
0.40947583388623476,8.767260427452324,3.25,2,0,0.0,India
6.570071544384119,6.336769996276899,5.05,1,0,0.0,Brazil
3.5417215265802895,9.41221317814513,4.4,0,0,0.0,Italy
2.2851051412423335,9.026878528980117,4.83,4,0,0.0,France
6.7009120668153175,7.053924443745317,3.3,5,1,88.65390896025738,France
7.033435969032306,6.561282549696417,3.13,0,0,0.0,Germany
7.148305068676227,6.532436051030947,6.74,0,0,0.0,Brazil
3.2422306185767393,10.832348050756146,5.13,2,0,0.0,India
8.720300042692191,6.7148946280326385,5.46,4,2,168.86331212468292,Brazil
8.169303289112326,5.626374807056212,9.66,0,0,0.0,France
5.160167431445762,10.105792980120784,5.69,1,1,49.608550837492324,India
4.722651740013527,2.0099525171149666,6.57,3,1,38.72343001933554,France
8.054596359883133,5.925424900816828,3.79,3,0,0.0,Italy
2.9355552192582937,10.162731837395077,8.68,2,2,107.20751097954413,USA
3.0239802979674923,9.257816332384666,6.25,0,0,0.0,Italy
2.9266280050421822,9.358340049761788,5.45,2,1,87.86793460524137,France
9.134996493310481,6.326379368713017,7.24,0,0,0.0,Brazil
10.646669810660244,7.184008887165632,4.64,4,0,0.0,France
7.508860954538689,3.966000377507585,1.37,7,1,5.942014280386363,Italy
2.7545857390556208,8.260549963840832,7.64,2,2,47.997444155356035,USA
3.755879979481661,2.1056668274363775,6.61,3,3,141.09216248336838,USA
8.725167745243228,8.118164119072363,5.16,3,2,90.3451352360239,Italy
3.652923830373412,9.122845833974845,3.93,6,0,0.0,France
9.468195105773386,7.419953295027208,4.7,5,2,139.78712631233873,Brazil
6.133253949325898,6.915426452870842,5.82,3,1,24.832238102684457,India
8.412302744843032,9.294201306965194,6.06,2,1,93.94045838500874,France
2.5850690737377735,7.329618550971935,4.0,1,1,99.5526842801788,USA
7.869286478662539,7.7967482866394935,5.32,3,2,197.49497747430794,Brazil
9.141369577583085,6.777969135087176,5.24,3,0,0.0,France
7.717450252319052,7.724812591978929,5.56,1,0,0.0,France
7.764655823414069,6.775033622067651,2.36,8,1,97.88817956696876,India
6.38762313704831,8.011178223210917,2.84,1,1,22.311014845548858,Germany
6.237276129449724,2.6178594872249654,4.43,1,1,59.255966644604854,Italy
2.4678719907821316,9.457288258645697,3.01,2,2,30.204767669896896,India
7.2361041597808144,6.518085042287481,5.17,4,1,76.56874038747029,Brazil
7.787206008878012,6.4943639930133035,6.6,5,1,78.07969008509347,USA
0.8938219335833084,8.691965658986982,6.8,3,0,0.0,Germany
8.29546403627779,7.2961206246321995,8.22,0,0,0.0,Italy
6.704098971080512,2.131264559807542,5.95,4,2,145.87378843243903,Italy
2.6226782689348913,9.235844601822532,3.7,1,0,0.0,France
3.550536198515995,3.081614285663625,7.86,1,1,10.428527162457915,USA
3.5411994627937164,2.0177392948300037,1.0,1,1,88.74473641783746,Germany
3.002320445452522,10.457918131667135,1.1,5,0,0.0,USA
2.9106959467246813,3.9260870664302425,4.59,2,1,13.835366895733983,India
6.232842932255482,3.438380187422113,1.0,1,0,0.0,Italy
8.495474290854363,9.141987293880296,5.75,3,0,0.0,France
4.076669102185481,1.2712123856456101,6.82,5,2,191.24627346752743,Germany
1.2338068850537354,8.862571694621092,6.13,3,0,0.0,USA
7.228984381026134,5.6380305226301255,6.31,2,1,67.59867200785436,India
3.8742194184793854,9.715780910123035,3.82,3,3,44.86664049995316,Italy
9.456124030117039,6.826388891628767,5.23,1,1,7.150206944334462,Germany
2.998047044839024,7.89466869490931,10.7,2,0,0.0,USA
3.872811380827801,1.3693313864475454,9.45,2,2,113.34701141879593,USA
5.664652948509829,3.1417500482141136,4.29,2,0,0.0,USA
5.3262724920953755,6.84031013915993,2.55,1,0,0.0,India
6.0286445126445045,6.122805369501199,3.71,8,2,156.43415002157354,USA
7.116060365648985,8.809674240642048,6.0,2,2,109.1587441271767,India
4.499603250677673,1.637653851907666,4.68,2,0,0.0,France
10.402429520115291,7.548339652190178,3.26,4,0,0.0,USA
9.02027319497843,7.9205790152372435,6.03,3,1,92.68680385527722,India
3.6885667446853674,9.186540514609359,6.28,2,1,86.01666908624465,France
6.380068282902068,5.995667155894209,4.53,0,0,0.0,Italy
2.2838897010118084,8.644759199364962,4.82,3,0,0.0,France
1.970441630606381,8.093612535118956,6.79,2,2,103.66158828719252,France
1.8871276327467015,10.34321944773373,6.55,3,0,0.0,USA
3.1384610167455387,10.548013838114821,2.11,2,2,20.238162777647613,India
2.6847615685519655,9.682940932956228,4.59,2,0,0.0,France
7.456631630878473,8.20698715264297,1.83,4,2,104.9704647367237,Germany
2.868966268841836,7.688238442116283,6.38,1,0,0.0,Italy
5.623731179834248,2.0990562145173897,10.14,3,3,263.55067766282565,India
8.690505666332765,4.792092869720698,4.07,5,0,0.0,USA
9.075145599672869,8.036821092119336,5.11,1,1,13.79291905299095,USA
10.805422319542163,5.853142780822986,3.78,0,0,0.0,USA
6.84071136313394,7.369576588617937,4.22,4,0,0.0,France
8.061193770253682,6.659980405788171,3.99,9,2,90.64050133752949,Italy
7.036131021360481,7.4318474451082395,1.52,4,1,47.754260948162205,India
4.576604876331185,1.313421042686766,5.68,7,3,225.90321638469834,India
2.9841429342137062,8.360956895624609,3.6,2,0,0.0,Brazil
7.650735938617998,7.173841967583386,6.11,2,2,87.20406603094256,Italy
2.028188391316037,9.238170152477453,5.94,2,2,132.37747060100293,Italy
8.042895049828577,7.352697342266799,5.68,3,1,17.672801936745902,USA
8.262644999895745,8.973287615667106,3.14,3,1,98.68690424742653,Italy
4.966873349498199,1.138045179968497,2.05,6,0,0.0,Brazil
2.182342222442313,7.624987397987331,6.77,2,1,51.003557564048165,India
7.550934782522356,6.790911396663375,6.92,0,0,0.0,Brazil
4.125790031860204,2.8708254555904755,5.94,3,2,56.29233929910325,Germany
1.977191424230807,9.375947189445338,3.81,4,1,26.481890952640594,Italy
7.018423592096806,9.106871118233173,7.22,2,2,193.94375371252195,India
3.028593994878877,8.673378250852242,2.62,6,0,0.0,India
10.239581770835779,5.733092656979406,2.13,2,0,0.0,France
7.000128249374595,8.267396106706812,6.7,3,0,0.0,Brazil
3.2245013323127183,9.693883877132997,6.84,1,0,0.0,France
4.839489254630884,3.0673492314622077,3.63,5,1,43.10128715241965,Germany
9.81229480088511,6.647207051921341,6.77,3,3,249.98227150269815,India
6.6063159415661055,8.084439420454906,5.25,3,1,30.291887807614437,France
5.666939263101119,1.3252973942942106,6.17,3,2,171.49529110975755,India
5.95366106129904,8.177273889641668,3.21,4,0,0.0,Brazil
7.366794374180414,9.097718673427961,2.48,3,3,46.405414670073085,India
3.83335900377154,3.650370193906828,5.73,5,2,124.69410970015578,Brazil
7.141194414377805,7.224876173149603,1.0,2,1,21.750334254612284,Brazil
8.860527980071335,7.307975761855128,7.93,1,1,55.745054511488874,Italy
6.114189696776254,5.402389297973872,3.38,1,1,83.20991000801394,Italy
8.177355566832503,8.342220048471361,3.82,2,0,0.0,Brazil
6.3040708910120005,1.497107126162865,4.07,1,0,0.0,Germany
8.33407051215186,7.008330855575259,4.27,2,1,95.23891384186392,Italy
4.181853653213545,2.4485046093682232,1.75,3,2,13.113689685746838,Italy
8.818298007811663,8.06360128120399,5.53,2,2,146.64602589535497,India
4.259115432366297,0.703704417927919,3.67,1,0,0.0,Brazil
4.661013024382055,8.295132808955902,5.24,1,1,62.69931727497348,Germany
9.160568910471731,6.010914648346013,5.08,4,0,0.0,India
11.067903330747887,8.055740988589697,4.96,1,0,0.0,France
1.9903264426126281,9.510091149225893,6.5,7,2,104.2454280970363,USA
7.862730338295419,7.890700196434541,1.0,3,0,0.0,India
9.006873672539568,7.715409544440815,7.99,1,1,62.24248454885172,India
9.73479719438621,8.519783903805578,5.5,0,0,0.0,Brazil
10.246751140842019,6.823560418290068,7.48,2,0,0.0,Germany
7.4986159939989525,6.091355549390499,6.9,2,0,0.0,Brazil
7.555564855955097,5.557561130444286,4.09,1,1,22.575307896918055,India
3.0220782224127642,2.353947755305784,6.65,1,1,54.25081881899787,India
3.197968480116292,2.9190992692111104,3.09,1,0,0.0,Italy
2.1860121405945443,10.298102988051882,5.84,4,0,0.0,France
4.797972734804888,2.006613151913883,4.34,4,2,118.39601611966813,Brazil
12.146227709133399,7.172160011922961,6.57,3,2,131.59052305908213,USA
8.724806260158068,7.564601891904516,4.92,4,2,58.05201499956055,France
5.829105297483887,2.640414831369974,2.76,4,0,0.0,France
5.100676079844069,0.45083536565898785,6.12,3,0,0.0,USA
3.071365649631052,8.805064254453793,5.7,3,0,0.0,India
10.114198756537935,7.290048105171797,5.22,2,2,93.29936537131245,India
5.512880454456873,6.566966570142414,2.77,3,1,78.6722714586897,India
9.47358914119462,6.57385596455279,2.99,2,2,154.875314096021,Italy
4.615749725773128,2.4837703743510455,4.69,1,1,49.83889352122998,Brazil
7.300757425952354,6.432178860503,5.9,6,0,0.0,France
5.216584931555152,6.34038591353764,1.83,6,2,51.789160686575194,USA
3.799158522793804,7.719207356134706,6.91,3,1,96.77266547687832,India
9.441285565517429,6.002881255968896,2.75,3,0,0.0,USA
9.852121497605733,6.6000178064366954,9.23,1,1,99.92458752902812,USA
8.090207724384136,7.337178579336161,7.38,1,1,75.78279423953057,Brazil
2.6861448505467997,8.215988883659868,3.25,2,0,0.0,France
4.2726749020163535,2.26073358910806,5.0,0,0,0.0,France
1.9990401541375666,10.286856291126892,9.11,2,1,11.690503458007763,Germany
7.195908510707688,7.367163047964441,6.99,5,2,86.64444234804306,France
5.520941023608767,2.513759225752973,3.14,1,0,0.0,USA
3.205969441482325,9.596312695283048,7.45,2,2,58.383497220059766,India
5.473979593643307,6.679371052517557,1.0,3,1,89.63967097217137,USA
8.039162741601759,7.1601338261977165,6.54,5,0,0.0,India
2.3086284258218073,10.162923477627036,5.32,0,0,0.0,France
2.027130895717364,9.383019275515842,6.03,3,0,0.0,Italy
1.6380729196210577,8.68826259603048,6.11,4,0,0.0,France
7.961278287415331,8.382374845616228,3.38,5,1,28.558142795434765,India
6.520973991021149,6.237413229173078,5.23,0,0,0.0,Italy
10.05203995560926,8.18712842238499,5.4,4,2,163.61422450342647,India
7.146630952918302,6.011078317745107,3.55,3,0,0.0,USA
2.210444714687064,8.262495078103138,2.18,4,0,0.0,Germany
7.122293652578392,4.299817694585172,4.12,1,1,47.40193439286572,Germany
8.428176188922416,6.285474334074043,4.48,1,0,0.0,Germany
6.871560431740134,6.887818244758191,5.16,2,2,68.98663077093516,Italy
7.211209704476253,8.430834584839477,6.52,5,1,73.53927958625704,Brazil
4.461271437578819,6.911269958077424,5.4,1,0,0.0,Germany
5.859698585723516,6.345405643639749,7.1,4,1,16.70949021967456,Germany
7.548734137011252,6.531268822723947,5.89,1,1,17.675412118064216,India
3.6385641820301347,1.0509807785091045,5.16,6,2,173.6932209094237,USA
3.4585965118846933,11.646668193035712,8.44,5,0,0.0,Brazil
2.536502162562682,8.081018169125125,7.61,3,1,60.359690265620294,France
2.2308489884080807,8.505072765599188,6.2,2,0,0.0,USA
7.807285017853349,8.642130743676748,7.83,1,1,14.736736020493128,Brazil
6.504719504850494,8.160721738637054,5.63,3,0,0.0,France
2.840506006236073,8.402049393690572,8.11,1,1,6.098540938057487,India
1.752408943065768,9.626754922211925,4.54,1,0,0.0,USA
0.8658194672482162,9.374934019634116,4.54,4,2,136.37155627999584,USA
6.174113805091023,6.6241652161976,5.97,3,1,53.102102857315444,Italy
2.2438352736531217,8.43152747058674,4.01,4,0,0.0,Germany
10.848061123504728,6.774468484339837,7.32,3,3,46.566765138673254,India
8.018913350361538,5.179138073859447,4.85,2,1,89.0581372292897,Italy
2.9883718608980403,8.828627151534505,4.87,3,0,0.0,Italy
5.52348562222227,0.6069713462718145,2.53,5,2,142.80560278845064,USA
4.797225403901179,2.9496762730038966,8.14,1,1,27.655339575888775,India
4.809679452081591,6.025740272926525,4.73,2,2,133.47948326233995,France
1.7092557211107002,7.397975519761734,4.56,2,2,118.86568315755707,India
5.495080343976364,2.237459894093983,4.08,2,1,77.18193529557846,Italy
1.858747530516611,7.511205826438504,5.38,3,1,84.24622279922379,Brazil
4.8098533759773705,2.674992724484076,4.59,3,1,79.14485405467454,USA
8.611013961143692,6.233130716691265,1.85,6,0,0.0,Italy
2.68226944733662,9.02986517577979,7.73,2,1,49.68103333304524,India
7.897071359967091,6.734379370014313,4.37,1,1,24.277374324027885,USA
2.296623592420535,10.041272391518053,5.02,7,2,116.27338659030889,Germany
6.78361792315422,6.678035087114634,6.42,1,1,64.65590184912719,Brazil
8.251874626302401,8.074613458502336,4.21,3,1,22.197613607304618,Italy
7.194905378603414,6.648590821229485,3.89,5,0,0.0,India
9.133529009738707,7.938070153149571,2.08,0,0,0.0,Germany
6.982275764601901,5.516502298076247,3.17,1,0,0.0,USA
8.449863845233114,5.647825763765115,3.7,3,0,0.0,India
4.628363748151457,3.0038294921822914,6.01,2,2,112.1486911659107,Italy
10.455479471076053,6.796567771933711,7.91,7,0,0.0,Brazil
7.5272799475293155,7.210116461900833,4.18,4,1,32.03254496215788,USA
5.773170038856626,7.12595791071993,5.62,2,0,0.0,Italy
0.7338953465419831,11.322202378814431,9.05,2,0,0.0,India
10.66552369410727,6.1025723444998325,4.69,5,0,0.0,Italy
4.722411303703533,6.843505936712868,1.65,1,1,65.27987197636024,Germany
3.6314458156969556,0.44342072893664053,5.53,3,1,25.51432495331513,Brazil
5.063118757954705,9.948606039437596,2.15,3,2,118.10074433253517,France
6.956492598154932,5.56663643195071,2.44,1,1,84.41413437162727,India
1.9177554713008953,9.694506488675012,7.46,6,0,0.0,Germany
2.1187327731238605,8.911064375265825,5.18,4,2,184.73547160999394,Germany
6.778891383029925,4.702555404595174,1.0,1,0,0.0,USA
3.591866003762531,7.0212592656187525,3.26,1,0,0.0,Italy
6.855814692938134,9.71582129916846,2.81,3,2,197.87824464133598,Brazil
9.741531365531461,5.604612959469822,1.34,5,1,53.512987780420744,USA
6.375472640200992,6.4034960862561325,3.8,2,1,42.188015548172885,India
11.358766227255074,7.340230300236678,4.99,5,1,9.218174292965822,India
3.70675974754196,2.6466424800989627,7.78,3,3,128.64996702672727,Germany
7.527759625039048,8.79175180419499,7.19,3,1,20.17124323455361,Germany
5.892419567257332,1.1941502624207465,6.27,1,1,37.838354303654896,Brazil
6.534006846499825,6.942198291490234,7.58,3,1,39.51512461419854,France
2.480879246922289,9.044042267694067,6.57,1,1,20.13354703489209,India
9.199032257085584,7.103835870474863,8.52,0,0,0.0,USA
4.3217203346101725,2.5739026990863234,8.21,3,2,39.65082784199842,France
3.7125058305321676,3.2616033064441208,5.01,1,0,0.0,Brazil
6.829418337539883,7.21870254955824,2.78,7,2,91.9550318167854,Italy
4.145688813161189,2.2570142512434686,6.99,1,1,88.65615990708903,India
6.830532459845599,8.231817125300593,5.37,4,0,0.0,Germany
2.5651180715749633,9.35224365643044,5.51,3,3,96.65333933792687,India
9.301158280066382,7.995975690884859,6.8,4,3,106.47199952508538,India
10.55207133076525,6.856667505098784,5.45,7,0,0.0,Italy
6.237582099257709,6.374716217055483,10.14,14,2,53.14542391117856,India
9.632411463241457,7.250049860934485,1.0,3,2,134.6127451149516,USA
3.9183097538880722,2.1120257163716123,6.04,1,0,0.0,USA
2.184739018700233,7.210423335635957,4.34,5,3,255.91278329676317,Brazil
1.2534414974792294,8.119678825978818,5.63,3,1,91.42854875559244,Germany
5.529936568703561,1.3659082698546476,3.8,7,0,0.0,Germany
3.799759044998969,8.871027212834129,3.22,2,1,74.66329019691423,Brazil
10.012432137012182,6.742605738304585,6.42,3,2,81.08658784365136,India
3.8760763214681715,8.789520726305637,3.25,5,2,144.56939228992238,Germany
5.745938693052761,8.204942648978582,5.01,10,1,39.83100944229023,India
9.265308128142772,6.22350627342404,7.87,5,1,12.559949681229092,India
7.305543871867905,7.688234688707189,7.13,2,1,86.16405433326153,France
10.739402185453995,7.406817553045511,3.9,2,1,18.78143408754388,USA
4.713215581006238,2.941939579622085,5.04,4,0,0.0,Brazil
1.8163400388153135,9.596857447007126,6.83,7,3,84.93413631577306,Brazil
6.966613132320172,7.6781131941033856,1.54,6,0,0.0,Italy
4.225248327414071,1.2488671497330652,3.65,2,0,0.0,Germany
7.120025666839681,6.112265898607835,7.71,4,1,57.77941693098678,Brazil
7.667178631779977,7.350067466449098,5.37,1,1,71.3787320697456,France
2.4130768461117666,8.55201083949328,6.72,3,0,0.0,Germany
8.5598689671886,9.534765865781264,5.44,3,0,0.0,Brazil
1.5576478524787074,7.993123670638021,7.63,3,3,265.76175792816116,Italy
9.036943479514475,6.320980953493774,5.76,6,2,118.18031865525909,USA
3.029615717436301,2.726359633673281,5.77,3,0,0.0,Italy
5.823427938809706,0.8085063354283373,7.03,5,2,89.39819899202767,Italy
2.6025844819526984,8.48495401574995,8.67,3,3,197.34082106144172,Brazil
2.521444395899665,8.11703175671249,2.99,1,1,32.57025528858708,India
9.80390276284585,7.216395698328027,4.62,1,1,55.63148062961605,India
5.733155313663367,6.089423383250106,7.62,3,1,79.3017178006825,Italy
2.871747803521383,4.965980254001373,6.44,3,1,25.894384105724757,India
4.351728573805585,2.123644182714633,2.67,2,0,0.0,India
6.549013930060864,7.445459545777041,5.93,1,1,96.73373230276121,India
10.776854593575765,7.919856499364177,4.4,6,0,0.0,Italy
6.489681591767833,6.805222008904389,6.87,4,2,185.66992020486063,France
8.444949412166299,7.142972624612964,2.88,4,0,0.0,India
2.2421473571834913,9.90391692382176,3.13,3,1,24.702353609493883,Germany
7.043553167906786,6.477847248611569,3.73,4,0,0.0,USA
8.86828240276254,7.655196877133981,3.45,5,2,114.92075756643673,Brazil
8.134834233924838,8.317933196716334,3.38,3,2,153.61288793156822,Germany
9.78575065165447,7.069368384624316,1.0,3,3,278.99564924509343,France
7.63274452177185,8.003024270723518,6.68,5,0,0.0,USA
8.576750272570603,5.833913303147701,7.14,3,2,23.051604781906686,Italy
8.495279225941967,7.789670045993657,4.89,4,0,0.0,USA
10.3164414710237,7.634002192504637,4.95,6,2,54.67231712373938,Germany
6.7962284679574,1.5924750601456394,7.02,4,1,97.75709864845156,Brazil
5.5645791316270685,7.449739669822324,6.03,1,1,73.0646944866385,Brazil
7.592819495517403,6.653805385530812,4.94,1,0,0.0,Italy
8.156711753482389,7.963298039941996,5.89,1,0,0.0,France
7.346246159326916,7.6170109455077455,3.03,2,2,157.6480575159408,Italy
4.563639818907504,3.470049957791588,4.88,5,0,0.0,India
5.269239469656993,1.6741005987106772,4.96,6,0,0.0,USA
6.373039519453995,5.768156232415538,4.93,0,0,0.0,France
8.161118164020095,7.628921264299524,1.16,2,1,84.97741770403479,Brazil
4.1238978468790215,2.3900427465307725,8.55,5,1,56.26223541241437,France
3.6910717484735516,9.463760041030628,3.66,0,0,0.0,Brazil
4.889488294437813,0.46753433083435203,5.1,3,2,159.69928043176242,France
4.041898182942681,8.818005476810384,7.42,2,2,126.19959786495635,Germany
7.007293200255223,1.595404796418255,3.95,4,0,0.0,Germany
1.9117975532028921,9.71545887050922,6.42,3,2,124.93929779057125,USA
6.675752371409894,2.4421477620891996,4.54,3,0,0.0,Italy
7.984079019006266,6.446567982803417,2.9,2,1,78.2390926515969,USA
2.565786111952646,10.233256917991985,8.38,6,1,64.34061391542828,France
3.3017183614854506,8.899549686731422,9.16,2,0,0.0,India
1.4425229334635963,10.183581718643994,3.37,5,3,293.67002586969886,Italy
8.16418375151602,8.039785411967232,5.61,4,2,146.2404663652026,USA
2.6763157033696046,9.160999814631644,5.77,4,0,0.0,Italy
8.698034330935466,6.6669459521517815,7.44,2,1,13.189515740719976,Germany
6.368891641543996,7.8980590394110965,2.64,2,2,20.78965615720223,Germany
4.930843566365544,1.4661610246706762,2.81,1,1,10.302457227121856,France
2.8295449312470704,9.438452074600239,4.4,3,0,0.0,Brazil
6.644302139903273,1.8758585332391409,8.52,4,1,63.537153363115905,India
9.611742683251027,7.971895693208493,3.15,3,0,0.0,France
3.4833194692691185,9.71771404498563,6.42,1,0,0.0,India
9.05283032346023,7.874649519585659,2.86,1,0,0.0,India
8.97002801049592,6.732034658427787,2.52,2,0,0.0,India
2.217004894726377,8.826957109791946,9.54,2,1,6.991285077897036,India
7.089267184570432,6.2716179445978675,4.75,2,2,43.289588063397176,USA
7.047964825388461,6.640642604495512,8.37,12,0,0.0,USA
1.4355658731929781,7.987770828787261,2.68,4,0,0.0,Germany
2.9880350790611545,8.1515103641552,4.08,1,1,89.48184473420052,Brazil
5.16320261895669,1.1725793415926264,2.95,7,0,0.0,Italy
9.429653482667616,6.494084974567387,2.78,3,0,0.0,France
8.61635400891571,6.541636487963835,5.09,2,0,0.0,Germany
2.31013792747928,8.414069251039527,2.57,5,1,6.643754219911754,Germany
8.533155122055502,6.557043142590134,4.57,4,1,58.22632354836773,USA
4.6615811676619305,9.890741773701258,3.69,4,0,0.0,USA
2.75043368090908,9.366341524712618,5.79,6,2,101.2841995962691,India
3.9831894906006884,1.7128606426692945,5.67,1,1,16.632039270426155,Germany
0.4484496981707631,10.769626970641525,6.85,4,1,78.53355486383542,USA
3.6078180482305626,10.434790415469385,6.53,6,1,82.83019410826982,USA
7.984010417462227,8.615270766231335,2.87,3,2,178.80474984010326,USA
7.672761854765207,8.070855394012618,5.03,5,2,33.662363800097935,Italy
3.7615910674658695,9.37791801082329,6.09,4,0,0.0,France
5.060550000955465,6.412534680793789,1.73,4,3,247.69481524021774,Italy
4.697742883654858,1.7075770506783206,3.09,1,1,10.358884096623369,USA
7.36095519600515,8.334619921085693,6.96,1,1,9.054100310517274,USA
5.705255108487704,1.7151241683295706,3.71,3,1,41.380979985115715,USA
2.279126863861348,9.512029217289715,5.45,4,0,0.0,Brazil
3.1015535787048036,9.137833824153903,8.17,3,0,0.0,Germany
1.1583452923537447,8.360606987560903,3.45,5,0,0.0,USA
1.3150882200053777,8.03312059705864,8.78,3,2,29.74108867216863,USA
3.5108176329476657,8.733185835312367,2.93,3,1,24.993125253656252,Italy
3.6922538077871394,8.761522873102136,1.49,5,0,0.0,Germany
8.730347943750967,7.79427615704649,6.78,4,0,0.0,USA
8.181461693326508,7.075911379057252,5.8,1,1,88.92312680500454,Germany
8.51854971550919,7.2263558091262,8.03,3,2,74.47449836855937,Brazil
8.821421561045899,7.678295784126711,6.41,3,0,0.0,Italy
6.951919850865756,7.871303810900501,6.13,4,2,74.02386043288104,India
6.087675254685967,2.9118097066196764,4.72,2,1,34.115931314617484,India
8.183685763811507,6.9268267355334965,5.99,3,2,48.33495098983766,Brazil
2.191744361802575,8.68142572381581,2.91,1,1,37.37135622482822,India
9.66258762349449,6.967257985611372,3.52,5,1,96.1315068870316,Brazil
8.759253898673396,7.668132236092813,7.09,1,0,0.0,USA
1.5274321360611558,8.6894547446897,1.35,4,2,142.22346638243604,France
4.838096163948921,2.298429182170314,3.75,4,2,60.34570081980103,Brazil
4.116757487421724,8.251561349632107,5.05,3,2,17.42981882868594,France
5.013899835182813,7.202658303502568,4.5,3,2,80.02024486088362,Italy
5.756560111295624,2.205264321869269,4.19,3,2,194.8269615788288,Italy
4.677453695563967,1.6584788551526395,4.91,7,2,155.89514740562475,Italy
8.9344720445605,8.077710876531107,5.37,4,1,85.44950444462923,France
2.5419508932687487,8.470861357064557,9.77,2,2,82.14648242184893,Italy
4.159304423025627,0.09827761989319894,4.57,3,0,0.0,France
2.8843940033766873,8.696571031442087,1.32,2,2,73.91260677695709,Italy
1.7735756258070035,10.796085036969382,4.47,4,1,25.406899048742243,Brazil
5.252148646333494,0.41373390481450656,6.71,3,1,82.91307533928367,India
2.4413591091358127,6.994358796042185,2.08,3,0,0.0,India
6.17594001793763,2.5707073898354604,1.02,3,1,61.32728887954368,India
8.120396370813346,9.337636638858447,5.38,2,2,30.151807130500735,Italy
1.7113538431569837,7.154949356538264,7.03,3,0,0.0,Brazil
5.908282906609789,5.485007686773649,6.13,2,0,0.0,Germany
6.929093762474522,7.131888267202326,8.15,3,3,139.62509828942953,Italy
5.495122228500236,6.628075613341069,4.08,1,1,19.474458804992036,India
7.58543124626692,6.123467128169009,5.86,1,1,56.012400401106504,India
9.438684450899583,8.339810858255339,2.77,1,1,79.31597185132168,USA
1.2275538280489815,9.571977188923446,4.88,1,1,13.709142515460782,France
7.0146174191283315,7.5977487308864875,1.0,5,1,84.01045429680306,India
7.964800869487014,5.61130193695899,4.58,1,0,0.0,USA
3.857383045158463,9.757550222221036,5.76,0,0,0.0,France
10.71238325936723,9.519855150021225,4.86,2,0,0.0,Germany
5.516829962746508,9.58546553441753,6.46,1,1,12.618579888134441,France
3.0923090420917902,2.177113541456727,5.94,2,2,77.18678495914565,India
2.607785755337012,9.033135751143169,5.65,0,0,0.0,France
8.151150281537362,7.59773795062887,3.38,5,0,0.0,Germany
6.7315697772604555,7.523260003398602,2.8,3,0,0.0,India
7.298971234035317,7.760540537572122,3.9,4,0,0.0,France
7.848376902235903,8.848826207573294,2.55,4,2,111.57874395796556,Brazil
9.50676078728478,11.80260716652446,6.59,4,2,187.92664998193467,India
2.6499325664069766,2.305546517460342,5.78,0,0,0.0,Italy
2.8113782100353717,6.411149040371023,4.88,2,0,0.0,USA
6.322679308810767,7.693132445444769,3.66,3,1,63.6907404607641,Italy
8.588591688772198,6.892579115013476,7.37,7,0,0.0,USA
2.5351293305090867,4.015347594475463,4.26,6,0,0.0,Brazil
1.2883763242397024,8.137512346986476,6.62,3,0,0.0,Brazil
7.240857384065643,6.757618667901492,3.77,4,1,29.36954776490792,USA
6.971096469455202,5.759593650598049,3.87,1,0,0.0,Italy
3.7336635041808903,2.1151495978147374,2.76,2,1,20.895287732217056,India
7.2462610698202035,7.515414962897611,3.47,6,0,0.0,Germany
3.1795764010188785,2.1611114603734887,7.92,2,0,0.0,USA
3.3312736348806777,7.795001661676128,6.67,2,0,0.0,India
8.866937420877699,7.751700064344375,4.01,3,3,246.49141887735243,USA
5.518620486381496,6.815318243152565,3.69,2,0,0.0,USA
7.879619911674182,7.477070891922619,3.78,2,2,36.89094630736445,India
5.327811808279529,1.3601864126700425,5.02,3,0,0.0,Italy
7.723197504803196,8.732972398600872,6.61,4,0,0.0,Germany
8.376075427342961,8.37040194782199,5.6,4,1,41.079530135740356,India
6.82760654071165,6.7529356740816615,6.28,3,0,0.0,Brazil
7.68409295173625,7.200280976647569,6.14,4,0,0.0,Brazil
5.311148972933455,2.7191936369235483,1.03,4,1,47.84790661447286,Italy
2.548504910680381,8.879789343796588,8.1,2,0,0.0,USA
2.260882795474877,2.6432193557562558,3.83,6,0,0.0,Germany
5.305213370736976,4.18277525998311,4.34,3,2,186.0385461344965,India
2.2194227661563373,11.089686926843761,4.57,2,2,83.98924205626271,India
7.51977369624497,6.372097302221347,3.36,2,1,42.80750411921772,USA
7.441729910412833,8.183708126280548,7.53,3,3,102.62582125097575,India
6.742166480585059,6.844826534490758,5.16,4,0,0.0,Brazil
9.164745382784105,7.752873629159974,7.51,5,2,178.6658858097885,India
6.742285866586165,5.690466947790711,5.75,0,0,0.0,USA
2.74020855536922,1.8449062034569013,4.81,1,0,0.0,Germany
4.824187900306205,1.5531419566465694,4.06,3,0,0.0,India
6.457658369717812,7.70484357277831,1.0,5,1,37.912905920712326,India
6.333037465462631,5.722589987465989,3.3,4,2,116.98942646693249,USA
7.6868428686357095,6.937975752490288,6.59,4,1,43.69413751454272,Germany
9.352537200999036,8.323513920558314,2.85,3,2,39.35552509453264,India
2.0144919692777177,9.397721159601966,7.5,2,0,0.0,Brazil
4.191856317175436,7.990257537311942,3.52,1,1,35.88570498270336,Brazil
7.13198067314216,6.296398173451997,4.51,2,2,101.83284364717422,Italy
9.212728204634917,7.1612743755402075,5.91,5,0,0.0,India
0.017734802820871476,8.483417355278,3.4,0,0,0.0,Italy
1.3234934683897532,9.733239438863388,3.42,4,0,0.0,USA
7.5944344501427405,5.085584744883734,8.13,3,3,94.04223703331346,France
5.20963775593228,1.6489928229000907,5.09,4,0,0.0,USA
6.251924796599349,7.171131066361241,5.37,5,2,62.137363338963326,USA
8.188016559139667,8.181981758137734,7.02,7,0,0.0,India
5.170680419900831,0.8999794098736826,2.32,2,1,66.21634586113089,USA
5.508528377239348,6.862139678259476,3.6,2,0,0.0,France
4.5280317321417884,1.5204795354311986,5.04,4,0,0.0,USA
3.7149530205088275,2.2419454730893733,4.36,3,3,128.28153206847264,India
8.460709350215918,7.76719864238682,4.96,4,2,113.55709084120461,India
7.834065817442234,6.373193873139636,4.58,1,0,0.0,Germany
7.887733697911698,6.795136630640119,5.82,3,1,93.27207903555572,France
4.972639314865112,2.532998132768792,7.51,3,1,40.63621385061417,USA
0.5444724901363609,9.04954968017005,5.91,2,1,5.156534466063939,Germany
6.839319491821022,5.985179531710386,4.16,3,2,178.58884918291278,India
10.06255276499159,5.965824188631151,4.35,3,3,61.7107729758175,USA
5.450107532625278,7.183202312967673,3.46,2,2,57.89079215782288,Italy
8.32527988922576,7.570811041126443,3.49,3,1,69.14499224393016,India
1.776705520272948,9.303009791023344,5.43,2,1,31.08439503514876,Brazil
0.8597167287288292,10.084896688177508,4.31,7,1,89.60641377924848,France
8.337078669828808,7.860010642620033,2.91,7,0,0.0,USA
5.052980111839332,6.462662558865147,6.56,1,1,13.108836052496608,France
5.69598008789809,2.7614613405767354,1.41,4,2,130.05044470886133,Brazil
5.533067183435353,2.61506380679937,3.98,2,1,88.42477748885251,Germany
4.330368950300872,2.1651739209094085,2.67,3,2,110.65924918670083,India
6.890183626032123,5.943955999147736,3.05,5,3,26.527706546575338,USA
3.4778130159718184,3.555286435244299,3.43,3,0,0.0,India
4.7924047191257175,0.42163226297260525,5.81,3,0,0.0,India
7.649154973531008,5.911264288080902,6.02,1,1,64.98367742330504,Germany
4.7322556278680254,0.4085475566049277,7.72,9,0,0.0,France
2.9768988243646417,9.360790009929037,10.1,5,1,99.93159389420886,USA
3.1590245085501865,9.098454358384018,7.66,2,2,113.50659724787303,Brazil
3.1174241304975094,9.377401755942845,3.09,3,0,0.0,Germany
7.062212069563712,7.434702833708498,3.86,3,2,72.17341490577596,Germany
1.6660922907295102,10.177124705733307,1.71,0,0,0.0,France
7.668979557053848,8.31853631205135,4.59,0,0,0.0,India
10.186755269416992,8.870833898586381,7.81,2,2,177.3578006226567,Germany
6.7494977530532285,8.384258124223926,2.56,2,1,71.44006663604169,USA
9.948167245905918,6.319735100035067,7.06,3,1,78.53908844658893,USA
0.7596137188473295,10.395740206888808,4.52,1,1,73.35861841613078,India
9.088735750204018,6.82519994255629,5.07,4,2,128.9692080489737,France
3.9019330952197464,8.979735504244358,7.53,4,0,0.0,USA
10.48868226079054,6.341430508698488,1.05,4,0,0.0,France
9.012811618779415,4.780357045279958,6.29,3,1,58.30221422253247,Germany
5.9785154100890985,7.491877455468666,7.38,1,1,10.237622527769282,France
5.198602673172587,1.8166923078175734,3.55,0,0,0.0,Italy
10.636828251820685,7.3937087679214475,5.76,7,1,91.32951814050416,India
8.925021910221387,7.365194337638059,3.36,0,0,0.0,Germany
6.028285068978133,7.197337981497422,5.63,3,1,84.46718205538292,India
6.357181980224576,7.328706466385067,5.97,5,0,0.0,USA
3.040411917660349,9.49816277938636,5.02,9,0,0.0,Germany
5.1705619592381495,1.309733526721244,2.36,2,0,0.0,Italy
8.405281378032063,7.636761164499415,6.62,3,0,0.0,India
6.572930249121432,6.895053672697021,3.81,3,1,48.58127422916228,India
6.359450769550999,6.891699377594768,6.68,1,1,5.127337494175723,India
6.377080944697088,5.66801887395321,7.78,2,0,0.0,India
7.91434507751586,6.773034655231074,7.9,1,1,13.325699620487676,India
6.712624269455532,6.146761586097766,7.7,2,0,0.0,France
4.0616667380083475,2.2683106632781485,3.87,3,1,58.63666750885061,USA
9.699065745109113,8.677733840743786,1.84,2,2,98.52571181054658,Italy
3.29010576684687,3.7413389770005154,4.03,3,0,0.0,USA
5.729783795318932,1.4019857098565454,6.23,4,0,0.0,Brazil
1.2499643832659513,10.16072699859905,7.09,3,0,0.0,Brazil
5.369698198495732,3.3650905716206507,6.35,5,0,0.0,USA
4.834955761650703,2.5106483885471604,4.22,2,0,0.0,France
8.809478861842825,7.018541615650372,4.87,2,2,63.683314903974605,USA
7.6045413449167665,6.173154583355404,6.57,5,2,139.95319759493012,India
3.064744402539617,9.218675159801299,4.67,2,2,112.09340710638975,India
2.2318391610880743,8.992007149014608,4.46,3,1,43.98530438244894,Germany
7.838982151799393,8.062105115173772,7.15,1,1,78.977412798597,Italy
1.7997458059137106,8.578799757628477,4.47,3,1,95.6414171140464,India
3.674096203364142,1.4345960106441078,5.98,1,1,78.44519666228766,India
8.464873201881128,6.523632488606455,7.59,2,2,143.52626328258276,USA
3.8587738346042824,8.59907236029305,6.73,4,1,70.07179011483178,Italy
7.745016696196497,6.895887282175617,6.64,3,2,51.783214113935905,Germany
6.484983107794604,6.5218097783431785,6.56,1,1,90.87730980836065,India
4.605314596384298,2.8788872844380973,2.49,4,0,0.0,Brazil
7.569282696052214,6.93332202954893,3.59,3,0,0.0,India
3.2485690305117867,10.206185462611895,5.82,2,0,0.0,Germany
8.821143906250482,8.047597966243007,4.93,3,3,26.177848681118334,France
3.0957288926166857,9.238502532489115,7.39,5,0,0.0,Brazil
9.455612325891229,6.70453946461258,1.0,2,0,0.0,Italy
1.308935873313921,8.551124766112922,7.1,0,0,0.0,USA
6.084868668679336,4.8737009555630095,2.42,1,1,16.428604371604138,Italy
10.127709845739403,8.05833425900912,3.17,0,0,0.0,USA
5.597872777708121,2.6367153024391667,3.21,4,0,0.0,Italy
1.6860270390908356,9.087604095386725,4.85,3,2,130.9499427355533,India
2.6404545901450547,9.09113801115709,7.36,1,1,24.93113269484972,USA
1.8542220388310604,9.825084773790032,2.89,3,1,25.252914547924366,Brazil
2.0993789661242377,8.77302847357978,1.3,1,0,0.0,Germany
2.284745804492778,10.061384430810476,5.33,2,1,54.52473240415526,France
4.552794110084951,3.8530442333617403,6.82,2,0,0.0,Italy
0.29041738960461627,8.85524091779827,8.16,6,0,0.0,Brazil
9.082727592173521,7.87938137481611,2.21,0,0,0.0,USA
9.372449398248905,8.449980672627861,1.49,6,1,32.42912153010724,USA
6.280048563337517,7.740616919781257,3.51,2,2,178.82659754205525,Germany
9.001734987367323,7.504433590723728,8.05,1,0,0.0,Brazil
4.945029672103074,3.1212605503381647,7.3,2,0,0.0,Brazil
8.882955379702452,7.157943942931109,2.73,1,0,0.0,India
2.360530165850639,8.677200157080282,5.96,2,1,67.20637737224233,France
5.408910491670377,1.445780622301112,6.69,1,0,0.0,France
7.147525925309769,7.588887795997445,9.26,5,3,91.8696070580562,Germany
3.3540148189483867,1.4676799284962208,6.1,3,1,43.62706103171341,USA
3.5578610511861655,1.6345006300569744,7.78,0,0,0.0,France
6.050571156648996,1.6634588721341594,6.67,3,1,70.04600108991603,India
9.746792094158787,6.006953122611488,7.42,4,1,31.992528792062114,India
9.387181616268263,6.837030299953218,5.59,4,3,270.7429395512721,USA
4.698249127045997,1.3693107527037773,6.58,3,0,0.0,Germany
9.456359830542068,8.168803220105552,4.74,2,1,27.715479901396815,Brazil
6.990981593536781,7.090265197466821,7.39,4,0,0.0,Brazil
8.15666710523857,9.703910661663192,8.17,4,0,0.0,Germany
10.443961159698798,7.24747400780166,7.65,1,0,0.0,USA
0.8357455327542131,10.354747179988669,4.44,5,0,0.0,Brazil
4.183181221204855,2.3121631977501518,2.01,2,0,0.0,India
8.541743919485208,7.7500908272823805,2.56,2,0,0.0,India
5.074819874596,1.5791830026976115,4.8,3,0,0.0,Brazil
6.944024731775978,10.209613390784076,8.24,5,2,136.66360353410013,India
6.623582971706853,2.7303465050427547,6.07,2,1,50.8715783379447,USA
9.173365648654363,6.190447742406546,8.36,1,1,42.37649384120871,USA
9.082644795275659,8.831859013556432,4.46,8,2,86.69611051391954,India
8.42180421192084,7.520891377733395,3.53,3,0,0.0,Germany
5.876313878336369,5.614586671857406,3.64,3,1,60.23849712189516,Germany
8.183639263627866,7.888723132583302,3.22,4,2,92.29558984313964,USA
10.34640363643702,6.581583461742227,8.11,2,0,0.0,Italy
4.449637991814885,0.4757230153349834,3.58,3,0,0.0,Italy
10.159561494299702,8.310036919302904,5.68,3,0,0.0,France
7.251691516482596,6.599218466674775,7.08,2,2,42.6599087533661,Italy
6.316716530866185,6.987554475070196,7.62,6,0,0.0,France
5.196979597137973,7.222354723422739,5.04,2,2,18.400601648603754,India
2.035565546241296,8.087904998216784,3.84,1,1,59.50162507966958,Germany
4.565533506469577,1.788618241754787,2.47,3,2,10.679592104073134,Italy
7.730828516517854,8.62916847733875,5.03,0,0,0.0,India
1.7011614336506788,8.166220530167813,5.68,2,2,46.81767250623357,Italy
3.743546494932672,8.421821869045427,6.7,5,0,0.0,Brazil
7.183972062205221,7.19303856046596,6.61,0,0,0.0,USA
11.22333655460699,7.142413353094193,3.19,4,0,0.0,Brazil
6.335973062870663,5.278210801685965,3.31,3,3,184.0912162925748,Brazil
5.252211050230613,0.9945812939520776,5.73,4,0,0.0,Brazil
1.9955975164830337,8.48158528853641,6.29,1,1,28.481285836932106,Italy
3.1227852284155446,9.210527068865042,2.21,4,2,48.17720800465164,Italy
9.974663979792002,7.910565339566537,3.58,1,0,0.0,Italy
9.021644598659314,6.229754515273195,3.02,2,0,0.0,Brazil
10.283937957412572,7.363951855332171,4.45,5,0,0.0,USA
1.5899686884775468,8.346142042659327,7.45,7,2,35.33257337369004,India
6.456998573958704,8.893934349557025,4.48,1,1,64.83262450961224,Brazil
6.159403174245862,6.359132719784175,7.52,2,2,116.05646116126924,Italy
10.633940977278327,6.094351881980386,3.97,0,0,0.0,India
8.768547054420791,7.631484467578998,1.64,1,0,0.0,USA
9.137721599968254,6.731278537874689,6.46,1,0,0.0,Germany
9.508418330454043,8.23554658648701,2.56,4,0,0.0,Brazil
3.899419548206213,9.172047567492092,5.86,5,1,58.91026317596859,Brazil
9.972274092603815,7.403907954262358,4.13,4,1,31.787385735215853,USA
6.872642274895331,7.516308034478075,3.91,3,2,20.384815001550017,France
4.992002070525265,7.845323670026494,7.15,5,2,183.69300241158666,France
4.7541875892873495,1.9749731902971461,8.25,5,1,87.75887380467526,Germany
7.925725442606267,8.222150782229189,4.88,1,1,70.04534226448708,France
8.490041508969192,7.606846508034369,4.44,3,0,0.0,Brazil
2.22922899673293,7.888797080899945,8.71,3,0,0.0,Italy
2.2839335058052006,9.707008883315181,5.27,5,2,45.85305335693992,France
6.521293119954349,9.008758717794466,4.66,2,2,158.54069496730597,India
7.092250238341816,5.975838115551221,5.67,2,1,5.904954178857745,USA
4.9808421231800395,8.217390872727846,5.07,1,1,59.51297816020472,Italy
6.631249254645006,2.366083194488948,2.3,4,1,14.271189746872777,USA
9.362864495636108,7.76514798331292,8.06,3,2,52.430711448147555,Germany
5.29941030581724,3.739681484268366,2.96,3,1,50.80409735906302,Italy
4.057817502135089,2.372213824587258,1.79,3,0,0.0,USA
8.78214383824369,7.2487416188473945,4.69,2,2,79.75847149405307,USA
5.553956000452135,0.9861235050044167,2.1,6,0,0.0,France
1.7020750264154398,8.040739928493853,3.7,5,0,0.0,Brazil
3.1611017123818157,3.64543558803826,1.71,6,1,27.985667559381756,India
7.464120623945669,7.252366113401651,5.6,1,1,72.8550563725029,USA
3.0628469283999324,7.816408235609473,1.94,3,1,18.530611100969413,France
3.2408293619612785,10.904726813354104,4.34,5,0,0.0,India
5.517426389679522,2.324832038914791,4.67,2,0,0.0,India
3.158570661374176,10.335590160471334,3.63,2,1,54.806861220107926,India
5.131324347122503,1.7440886530190223,6.34,7,2,143.06875693446167,France
10.406100104225786,7.424469885788284,3.24,2,2,121.19939355870144,Italy
6.439957468878246,5.976218192639945,7.74,3,1,20.836345226114346,USA
8.007218142360033,4.43152260510189,3.23,2,2,48.14113769810895,France
4.74757828533472,2.9713873399124617,7.82,3,1,26.412908093996503,Brazil
9.189001150294606,6.835883842000123,8.4,1,1,27.02605066488919,Italy
3.120055262857816,9.518769384581338,6.08,3,3,261.97966210613146,USA
8.9537850738252,6.770091669523483,6.67,5,0,0.0,Italy
2.8675377750739726,8.366744322563163,3.68,4,1,97.49509408744731,USA
3.0541167098616997,9.413422242550393,3.99,2,2,56.81524547884953,India
3.184905702214362,9.048438545686347,3.67,2,1,38.46981459280911,USA
8.428829636299108,5.375896692590717,2.12,2,1,23.601256953293404,USA
9.35815297880955,7.51196299591946,1.0,0,0,0.0,Italy
2.8717219244748695,1.6724953234970494,3.97,2,1,6.587990087717376,USA
1.7619040179294885,9.624656393631787,4.95,2,0,0.0,India
7.528703524717909,7.811274854052907,5.23,1,1,60.14595112396187,USA
4.775442252642811,2.701688327455268,3.45,2,2,18.681356514901857,Germany
5.696732252273344,8.424564502359502,6.61,5,2,28.60630229921728,India
3.0681194703243384,9.391498003262843,3.83,4,2,76.61049385786194,USA
8.7079705539789,7.408411157025371,3.88,1,1,35.89636237416778,Germany
2.674322944751596,1.3860544133205845,7.25,2,0,0.0,Germany
8.533586750767585,6.870295852879543,2.77,3,0,0.0,Germany
5.47019276710036,6.860890741058676,4.96,3,0,0.0,Germany
2.508669664196153,9.615492877127437,4.06,8,2,96.75965300627199,Brazil
7.738178270299359,1.7149945459092977,7.08,4,3,260.4098670173148,Germany
1.9463167628783955,8.134471774696268,6.43,1,0,0.0,Italy
9.509708200280963,8.993616816081792,7.41,4,1,92.83809103882048,USA
7.660031797079897,6.76259197411785,6.16,4,0,0.0,Germany
2.528213830955439,8.011756763560513,5.03,3,0,0.0,USA
3.890462849271128,2.310935782995333,5.39,2,0,0.0,Germany
6.644310022666633,6.82360191884668,6.0,4,2,154.39957294139072,India
9.093895377035821,6.062575083430649,5.54,5,0,0.0,India
8.97442421531766,7.125993578029535,2.78,0,0,0.0,Italy
8.838459442862948,9.115305189112062,3.57,2,2,189.19033770603576,India
4.821977082043963,0.9372077553340925,4.98,3,2,130.5285088166862,Brazil
6.0566385991479486,6.838567752712052,5.04,4,1,36.446961905916424,India
4.703262228865819,1.244779370699022,2.53,2,2,12.437640537193763,France
1.2048573801745976,7.351794140162648,3.73,4,0,0.0,Italy
2.69831103560788,0.4117358250098504,5.68,2,0,0.0,India
8.372006107452718,8.74578142407503,2.96,2,1,53.78492630317841,Italy
6.500017134736789,7.716296707814272,8.71,6,0,0.0,Italy
4.089954003763756,1.4631057338446496,2.12,6,0,0.0,Brazil
3.945107146921278,7.698470311770814,7.59,2,0,0.0,Italy
5.650153423064117,1.9288082284291703,7.06,2,0,0.0,Brazil
4.125978209579258,0.774218285946856,4.48,3,1,33.51556879061715,Germany
9.641737216428448,7.827159551676564,1.05,2,1,60.00251334724971,India
5.587390744803669,2.647864661749352,5.03,7,0,0.0,USA
3.224354769314395,2.9510419561518697,2.72,2,2,155.50668654120324,France
11.268083054318556,7.559309979696737,4.39,4,2,116.24052418622723,Italy
6.80174539996393,6.910778821277154,5.17,1,1,54.75255798905057,Italy
9.333811437735319,8.488848514721985,2.63,2,0,0.0,Brazil
6.480914389360926,7.250132059113191,5.07,3,0,0.0,Brazil
7.630902007479362,6.966980486855918,1.0,2,2,137.83777422138962,Italy
4.271259470442402,2.7802161005474195,4.31,3,0,0.0,Brazil
4.872921787757585,1.2551049003224677,3.8,5,0,0.0,India
7.504689194776183,8.464977493819974,4.96,1,1,55.66896204641474,Brazil
7.521269078668646,7.141788670645084,1.71,2,0,0.0,France
1.4204279688360781,8.637985403273326,5.12,2,2,86.8327171534046,Italy
8.822197762588676,4.520495334175843,2.94,7,0,0.0,USA
3.6044681418955546,5.8375823150023205,1.42,2,2,112.03555359787987,Italy
7.620882558660753,5.341843952363911,7.15,2,2,184.51310189002925,India
7.447435033335376,6.367565964876545,4.43,3,2,78.4585770300993,USA
5.9084620718755705,2.464582440296259,4.55,1,1,18.913176613123483,France
5.195820287873944,0.06822522993009317,4.97,1,0,0.0,India
2.2519986526968228,8.77362095366811,4.55,1,1,93.75392574047888,Italy
8.05665882260434,5.317755083902717,5.02,3,2,13.122787638494575,Germany
9.20875547110568,6.48163856521336,5.63,3,3,232.4015551322662,Brazil
1.9318340979460886,8.885626681846265,3.32,2,1,96.18475459759162,Germany
4.498170114526277,2.8509957151798577,4.77,6,2,23.332041703365014,Germany
4.831003070064494,0.8234622110433263,7.42,2,2,86.83762375965544,USA
6.494572023213435,9.587675286948055,4.29,5,1,71.49144706763761,USA
3.29454334881286,1.6920056414761748,6.97,1,1,6.370843023595356,France
1.637900325595506,7.668306447951573,4.3,2,2,23.831681562623487,France
2.984993067057651,8.188174136483779,6.51,2,0,0.0,USA
3.5304232807818816,3.6858810952170047,5.34,3,1,55.28364572750517,Brazil
6.863718532751639,6.699613537197865,2.34,3,1,22.898217438898293,Germany
5.775826682171923,1.8191720187429004,8.54,2,0,0.0,India
6.8463478161127735,2.052819266554657,6.01,3,2,144.24463967499318,USA
8.202091928205686,7.670886319014828,6.36,4,2,44.67712094273246,Italy
5.9908945887151015,0.4606407186418564,4.67,2,1,59.06179760302341,Brazil
2.598933317339977,10.454403343647794,5.43,3,1,38.39390662302274,USA
0.7115110962032276,9.655128989465332,6.84,2,1,38.65368473567864,India
7.929913517549848,8.034296940673897,6.48,1,1,80.45522725077389,Germany
4.300348679562115,2.934101862548993,2.72,3,2,190.03298527018487,Germany
9.481049350518724,7.794094374899,5.82,1,1,75.16312345830994,Brazil
1.5029048138383097,8.437394258675173,2.91,3,0,0.0,Brazil
2.2282057553177177,8.391586608377727,5.81,1,0,0.0,India
9.719469065513772,6.317809935076182,7.39,2,2,77.5760355718086,Brazil
3.9331547755028953,8.747633798963907,3.02,5,0,0.0,USA
5.330789793620294,1.5283628457702418,1.0,4,2,24.499893022707376,India
7.872286206602851,7.428914616053115,6.66,3,1,87.43449875709626,Germany
3.9233053478039963,2.782764119912618,4.6,3,1,73.52372137866803,USA
6.4836163588919185,6.738316018595102,3.16,1,1,86.06657949326953,India
4.7533348762846535,2.1590073128434852,4.25,3,2,191.3217157584406,France
2.1779341916491863,9.98983125532068,2.29,4,1,22.05095709710193,India
3.0497370055478035,1.3085185864386695,1.34,2,2,79.80480420025762,Brazil
5.285769256503994,0.8741249323858593,3.82,6,1,70.4863454279725,Italy
10.295632525621546,7.746981247329093,5.74,1,1,31.311594908938822,France
6.750180548603826,7.1226260428019685,6.29,5,0,0.0,Italy
6.532237349442715,6.474024483401518,7.38,0,0,0.0,Germany
2.7404985659824495,8.437866551863477,5.51,2,2,53.363123459512686,France
5.556701030815738,7.431784731322625,7.39,4,0,0.0,Germany
3.2309351763900036,9.19110700033772,8.75,3,2,107.20822534038875,India
5.852074477476113,8.151393842390048,8.48,3,0,0.0,France
0.2367629026058684,9.903323250478213,2.21,2,2,44.51323972456365,India
8.845498967617337,4.840978929587864,7.83,6,0,0.0,India
6.776509608705633,7.151406156423587,6.44,5,0,0.0,India
3.2182185806832404,10.96754526572489,1.27,4,0,0.0,Brazil
6.0192946317345495,9.647435015878344,4.72,2,0,0.0,India
7.855149275636989,7.335912991692711,3.87,3,0,0.0,India
7.640227855576409,6.3091685993337485,8.32,2,1,30.359536899638773,Brazil
9.227096507065593,6.061645472140218,2.16,1,1,44.58465588218386,Italy
5.1456142687009,1.8864685477925234,6.92,1,1,27.238738923822172,Italy
4.889329782158174,2.372397876880059,3.96,3,1,31.52928228844997,USA
2.954700144453522,10.467670605316023,4.51,3,1,44.087034940268545,USA
3.6398129579902765,9.63699735209859,4.72,1,0,0.0,India
9.25377823967476,5.987191026283258,5.36,3,0,0.0,France
8.90313701019714,7.528707806234887,6.14,1,0,0.0,India
5.2494048814367025,0.41779595009948967,6.43,1,1,93.94119792940769,Italy
3.2157112360405025,3.884775751004054,4.88,4,1,55.6654806299713,India
6.182444570358417,7.987292863157707,3.9,4,2,181.1760264786227,Brazil
3.061055768945197,11.572485413866573,3.2,2,1,87.60318840870637,France
4.511332542976144,1.3214945617843163,4.0,4,3,132.50227731439685,USA
2.637735134491681,7.132437082700682,5.49,2,2,106.4765830010911,France
7.317726854872799,8.585284075893703,5.21,2,2,125.05402625721361,France
9.362013289312905,8.055195242119614,5.72,2,2,41.09312649219763,India
6.68157026526612,8.91446546116031,6.88,4,0,0.0,France
3.440674511132458,2.420865950335744,7.96,7,1,58.65756742658346,Italy
4.110880422024975,0.8974330354991207,3.99,0,0,0.0,India
8.981102709806704,5.979182443353811,2.49,4,1,5.259877451383809,USA
7.552827260151597,7.378179036411402,8.35,4,3,231.24998501290764,Italy
6.662907549028387,8.296933121225136,5.21,4,1,45.55427890942304,India
8.22230204788834,7.613192727636844,7.8,4,1,67.31304216559636,India
7.773208159129281,5.293209936242856,4.96,2,2,105.11125689643715,Brazil
3.197347968230474,11.26672193354263,5.31,4,3,175.51630076641555,Germany
7.675346876244169,6.703651844874151,1.85,1,0,0.0,Brazil
1.6487241346930048,8.431208689629383,2.07,6,3,179.6973523266076,India
9.05993114681866,9.054338108543446,2.59,2,2,93.39456132811758,Germany
8.04982880928499,7.364603779593457,5.52,7,3,258.252236190156,India
7.06423818558832,8.037822517217215,7.24,3,1,67.42166763638164,Italy
5.256702465777985,8.514555952046692,2.67,2,0,0.0,India
3.387460875876217,9.114173082607534,6.24,3,0,0.0,USA
3.80550522393298,1.7385906543215444,5.86,1,1,88.95290775937697,India
6.003107811360351,1.669543611042731,4.92,6,0,0.0,France
5.500061474623258,2.783429728316066,4.94,3,1,33.29179981484073,USA
6.093609900337062,8.029289195492726,3.45,4,0,0.0,Brazil
2.952599756586933,2.804380787140488,4.39,4,2,141.98253722821656,India
6.2097591532464484,7.8240946086238345,3.42,2,0,0.0,India
5.451584407841366,2.305088131648619,3.38,3,0,0.0,USA
2.7356765149542768,9.3816516350145,6.96,3,1,46.40758128230331,France
7.47077402107688,6.551427243779464,1.0,4,0,0.0,India
3.1481593707422526,7.691196334790823,2.04,5,0,0.0,Germany
9.218796292753344,7.491173070885359,2.89,3,1,89.67401736040947,France
2.7061194310496397,8.549705050082704,4.84,1,1,37.44117456880973,USA
3.1131782490219795,8.784737472837975,4.57,1,1,75.65615099370154,USA
4.153247648038832,1.9629640835497992,5.87,3,2,118.75402951350057,USA
7.263045133120202,7.207743030585908,5.63,3,0,0.0,USA
2.929275481791587,1.5800794832392704,5.11,3,0,0.0,India
10.215953412699571,5.773146044567463,4.08,0,0,0.0,India
3.910919586194939,1.7841553862582578,7.73,1,1,33.11206926894052,Italy
5.528538244814268,5.966718502473764,4.34,3,0,0.0,Brazil
8.694211393856328,8.11325504013071,5.8,4,0,0.0,India
7.9265141630652085,6.654744676717581,5.05,2,0,0.0,Italy
9.835194851392881,6.717953260195271,7.56,3,3,110.38214721217567,France
1.5760695507116809,8.791565427421714,3.27,4,0,0.0,France
3.5008942864930606,8.38140585331353,5.08,2,0,0.0,Germany
3.8664229921946713,3.871904665295971,7.2,2,0,0.0,France
3.3244375291782555,3.28261378534338,5.53,5,3,222.53023731801431,USA
2.960356481461749,9.566026928109242,5.37,1,0,0.0,Brazil
8.311256557957895,6.685943057621167,1.0,4,2,38.273169698604185,Brazil
2.298180155850132,8.917573016327928,6.19,3,2,162.78632998648845,India
9.82170447958469,6.37112453036823,7.43,5,1,86.19369560070099,India
8.883970609969806,7.344364397636475,3.66,5,1,49.60188918643821,India
7.540764303342242,7.080680773931715,6.82,4,0,0.0,France
7.767590127752892,5.852225701842537,6.11,3,0,0.0,India
6.802263460867174,5.9908461685169705,8.52,1,1,45.600253602568976,Italy
6.0139525399839,5.79879263550741,3.5,4,2,27.722006223987442,France
7.7703232764135475,6.824479469510158,9.16,2,1,43.71129250190105,France
8.417354974104544,7.307573188521933,5.74,3,2,36.52421721383898,India
5.908993518539827,8.153365045082806,4.6,3,3,156.49780996888455,USA
6.439132694987932,6.955136593672748,4.68,2,1,44.960607894401406,USA
3.6520129260883296,2.696207623520596,7.77,1,0,0.0,India
9.641370157700255,8.978036196363737,4.94,8,2,21.253316399266875,India
3.1318469847872024,9.208893583435565,3.3,3,0,0.0,France
5.881543018547615,6.836905544590443,7.61,2,2,134.6860493652552,India
3.753740123137473,9.247154215625219,6.28,7,1,93.2163101487804,India
1.9979950235277695,10.387944673361279,2.43,0,0,0.0,USA
3.710742495718343,0.8391494980057739,4.97,1,0,0.0,USA
4.123264637467994,0.9499164605651476,1.84,5,0,0.0,India
8.393285056741824,7.602446012666147,6.63,4,0,0.0,Germany
5.835241139274691,3.451199115267733,6.0,2,2,14.955209000177089,Italy
3.109836312971555,8.722592378405045,3.46,6,1,21.53749874149773,Germany
10.173154574224503,7.199445689395664,3.84,1,0,0.0,Italy
9.588297284608666,6.476252971279075,4.69,2,2,32.730206385811314,India
5.761740341022353,1.786490721627287,6.55,4,0,0.0,India
6.170213400582512,1.1950748981080177,6.8,2,2,167.72741411026823,USA
3.8152668264630796,0.9143695356929122,4.13,5,1,13.737153789134588,France
9.74483553756878,6.598182874683946,4.94,0,0,0.0,USA
6.691952147650037,0.2672105890499967,3.49,1,0,0.0,Brazil
5.605205503389228,2.6775058937948106,9.32,4,0,0.0,USA
7.466598177171734,6.548145664709393,5.26,4,2,152.8663542811655,France
2.781587348002994,1.4654755555510213,6.03,2,0,0.0,India
4.568973473700733,1.638002710714347,3.77,3,0,0.0,Germany
8.715197668022144,7.059312247595088,3.71,3,0,0.0,Brazil
7.246741361223581,6.848520587123368,4.43,3,3,43.53939046543121,India
2.9668308723903656,9.199974708617061,3.75,2,0,0.0,Germany
7.88091791140382,6.099123142277674,5.75,7,2,53.81623309365825,Germany
6.687008043564334,7.024109570977608,2.64,4,1,57.62670901527191,Italy
8.82763444483953,7.677929482973042,3.19,0,0,0.0,Italy
8.795420430468319,7.320837189635461,5.87,5,0,0.0,Germany
1.6404251224619792,7.8279497010884675,5.69,4,1,97.07919931073343,USA
1.8229374326782368,7.40157025700867,2.45,2,0,0.0,USA
8.757614029909563,9.66424552702438,6.29,3,3,95.95841323077465,India
6.051969681416072,6.036559302053826,1.06,4,1,87.58417312647077,France
9.19253751830146,7.240342255394294,3.6,1,1,44.32723824874466,Germany
4.191917497778126,0.7583635480520887,3.13,2,1,49.68616316557907,Italy
2.753354258343399,9.978373296486678,6.49,2,0,0.0,USA
6.795617000226919,7.669356188162144,4.88,3,1,30.686062437653572,Germany
8.273463624480051,6.834723117147772,6.95,3,0,0.0,Germany
3.8305321514332213,0.9474462889661246,2.76,1,1,58.54436850393344,India
1.8271455573401303,10.50153228353425,3.86,4,2,48.42080692533301,USA
4.439193617852772,1.5684738270774057,6.0,1,0,0.0,India
2.1900231126335696,10.354736574221466,7.53,5,0,0.0,India
1.7650056515528134,8.833061954980218,8.72,5,2,94.54589424421171,India
4.229360353498372,3.7920682161410566,6.34,4,1,18.567440762721898,Germany
3.4838792932800717,9.801370731940773,4.7,3,3,28.982730600368335,France
8.281298134148207,9.067533149574436,3.73,2,2,142.40179808773152,Italy
9.619803822437264,7.466735998704833,5.68,4,2,114.23111779674933,India
7.572570421298338,6.303548472766952,6.53,1,1,34.182443083896075,France
7.22712749085718,7.722405310046016,4.11,4,1,38.045666641388244,USA
1.5013641699940616,1.8361801062467897,3.67,3,3,96.22242947181167,Italy
4.163002375584266,3.6502855541276027,3.33,5,2,123.01324997843795,USA
9.428384430164067,5.843658009989889,1.0,2,1,80.06067595331226,Brazil
3.3314180186191815,9.257973339690233,5.69,1,1,41.68749036803513,Italy
7.970748279129738,8.753695659117483,3.68,1,1,87.65405139124285,Italy
10.192110517427492,7.948462405814583,4.69,3,1,10.577621111980308,Germany
4.662229391194467,0.9865106562166216,4.32,1,1,33.2755943576727,USA
5.797123383959127,1.8016740835524927,5.41,5,2,151.5557966285493,Italy
2.028937121646825,7.959178452717872,4.7,5,0,0.0,USA
5.355053226356159,1.9220509909253543,2.69,5,0,0.0,Brazil
8.390173241520767,7.567893888101378,3.91,2,0,0.0,USA
10.081686494245364,7.4035641847139635,8.68,0,0,0.0,Brazil
5.453159242292695,1.1293158065158329,4.15,3,0,0.0,Germany
2.0089571536161803,8.480685821759154,4.08,1,0,0.0,Brazil
1.843273370998289,9.435872738812778,2.25,2,0,0.0,Italy
5.955269823125264,6.312891687842074,2.7,5,2,154.8599128871524,India
3.627193272859609,0.21321080179148177,9.01,4,1,92.91283047852184,India
2.6513441599932963,9.35297344612001,5.61,3,1,70.46307162384187,France
9.227538901832775,7.24256149076193,3.27,4,2,45.73094450436831,Germany
4.532500217818056,3.5788476420231863,3.65,2,0,0.0,Germany
7.906337682936536,6.709694175682834,6.21,5,1,99.27401646862313,Italy
5.802333518135577,6.89797174816368,3.8,3,1,29.33949661215516,Brazil
7.41698978046467,6.411585990457111,3.05,5,2,178.51056212619008,India
6.675410292947696,3.9652640914381854,4.91,2,0,0.0,France
3.690926008459423,1.066266809218671,6.99,3,0,0.0,Brazil
4.489410694733119,1.3100050938145493,1.93,2,2,120.37475560709974,India
6.179031793874143,6.756652037106804,3.0,4,2,50.65264270865803,Brazil
4.5447307131507815,1.5846897771692512,4.2,3,3,293.26693967708286,Italy
6.3005656184565995,6.413018649282372,3.93,4,1,96.54640548049024,India
8.739503711619578,6.535764657878264,4.21,4,1,96.12271679128187,India
8.530199420099505,7.246342639385007,5.62,3,1,62.33658560131888,France
7.401661480993027,4.960828293131487,8.28,4,0,0.0,France
2.6944852819304583,8.884465428464896,7.72,3,2,170.90333126551272,France
7.262626405634728,6.446041106092769,5.43,1,1,20.196796301789416,USA
7.438443482888065,6.211145111557764,1.87,4,0,0.0,USA
9.061997030833927,5.461309589049856,4.93,2,2,100.74269001186794,USA
4.204801594651785,1.6614937981754978,5.87,2,2,181.0241301669568,India
1.8664748631852062,10.343438658330752,4.64,5,2,141.38392269320576,France
7.6532670360894,6.656510138830042,5.18,3,1,41.67514967987184,Brazil
0.7742610472159417,8.157514034371529,4.66,4,1,49.177503560792644,France
9.351816120410064,8.66627051881547,5.67,0,0,0.0,Germany
9.921993590064105,7.392346573203352,6.0,1,0,0.0,Germany
4.398448271503108,3.439952240839708,3.29,6,0,0.0,USA
1.8379672667402098,2.4074333338628033,8.27,4,1,52.425190220694695,USA
6.212408251846742,5.896373549372383,5.33,3,0,0.0,Brazil
8.695893691285265,8.580230462104208,3.71,2,0,0.0,Brazil
2.9653184505269383,9.195712748312292,6.83,7,2,52.32664952482711,India
5.896076275641784,3.160883068079187,6.01,2,1,52.06976089699458,Italy
4.503456685950486,1.1948611309342287,3.84,4,0,0.0,France
2.354703957457499,8.677733538320147,9.1,5,0,0.0,Italy
3.000351370194855,8.729410634828652,1.38,2,2,121.32547945468663,France
8.896750067155871,5.481957299014143,8.61,5,2,181.83832299628182,Germany
2.894219434765614,9.39727511293925,4.77,1,1,16.907890688006674,India
6.422402379201927,5.527350562661184,4.48,9,0,0.0,Italy
5.585190607463966,1.4206003378218797,6.83,3,0,0.0,Italy
1.723397464401918,9.439743689983287,3.98,4,0,0.0,India
3.6619400006754628,1.3607467930398638,5.31,2,2,52.48109403336302,Italy
2.2663156099024753,6.932187425009334,4.94,3,2,90.08612933987632,India
9.492773490187318,7.95299941261318,6.75,2,1,47.63147111131519,USA
3.164885342514194,8.778574883341653,5.2,2,1,85.93570848244384,France
8.408215173414938,5.322922960899189,7.39,1,1,70.72306714696748,France
9.127220170970057,7.338910479999972,7.78,2,1,40.872504399933995,USA
6.35539701119924,4.7096574143313905,2.25,7,1,42.07736591510536,France
4.746936289220399,1.6280228028027048,7.37,4,0,0.0,USA
6.977221081305684,8.563491726318773,5.64,3,1,81.23988293702058,France
3.361526207425777,1.0777417230156903,3.77,3,1,26.789741665089302,Italy
7.628003906694457,6.949802045008269,5.69,3,0,0.0,India
7.847640155740551,5.732306801516194,6.45,4,1,64.84714000921622,India
9.548598654947918,8.992906375046351,3.46,3,2,126.09638004971183,Germany
11.07811938700213,5.880407626320892,6.52,2,0,0.0,France
3.0133774540604215,8.932763455096676,5.74,3,2,195.79881470007177,India
4.404954564707126,1.079654591421452,3.4,1,1,77.38379812030648,Italy
3.714794215749466,1.5229677922748885,5.35,3,1,52.808984948114876,Brazil
6.696385280692551,8.67076058623266,4.62,9,2,29.705184680688355,USA
2.1750212058078526,8.859027079373572,5.06,3,1,35.59905293316124,India
2.643214789725668,9.02897432292752,7.64,2,0,0.0,Germany
7.689362658541081,8.131337508653623,8.67,2,1,7.899742938586618,Germany
5.26340463505396,3.7785865303605126,4.6,3,2,25.55882146690289,Germany
2.7495230212108854,8.639465320648725,3.17,6,0,0.0,Germany
4.842262206826796,0.41621859723425403,4.72,1,1,9.936736814748201,France
4.73138798919363,7.466952272800133,1.41,5,2,133.56409223244503,France
2.236210235127571,3.3656256254237995,5.15,1,0,0.0,USA
4.9108698817173115,5.940374111528842,1.69,3,0,0.0,India
7.4709765709495475,5.492144009302579,4.87,5,2,104.99403835370593,France
1.0380272955591416,8.804962451046455,4.04,3,2,52.421755855448055,France
2.9209484232742544,3.020124218368941,4.87,2,2,82.4593828924076,India
6.687163715210241,9.129805211881301,3.73,7,0,0.0,Brazil
5.870041223260076,8.394683102334504,4.93,3,3,109.01060247716796,France
3.1508644431831323,10.679638045821852,3.66,3,0,0.0,India
7.781944345745813,7.213149369014865,5.77,1,1,86.5028844438465,India
5.399444114269405,6.371346262226642,2.28,4,0,0.0,India
9.376854210204488,8.838699308942259,8.14,2,2,37.93406269697563,Brazil
7.963223735823808,5.841723556116314,1.0,0,0,0.0,Brazil
2.5696013522496584,10.14206637883222,7.6,3,3,233.79232557431388,USA
4.935103594573344,1.2937246990229827,1.0,0,0,0.0,India
3.380813924779908,0.9678545579434965,2.83,7,3,271.19546967793974,Brazil
4.773770846787944,6.115951293344052,5.85,1,0,0.0,Germany
8.755289556822706,7.745641030403165,2.76,4,0,0.0,France
5.4240252525815995,1.0751424576162736,4.58,7,0,0.0,USA
5.320444900668919,6.928885857776564,6.56,2,0,0.0,Germany
2.869236891809733,8.286209030343,8.77,3,2,22.776706990911926,Brazil
3.5253465212200394,0.23396453176793197,4.04,7,2,190.07360827890002,France
5.387684131989629,8.757148747906255,1.83,7,2,131.62130851504486,Italy
2.6551908947821916,1.7060321979989772,1.0,3,2,52.04718567809327,Brazil
9.679449124196402,9.06544544739264,6.16,3,0,0.0,Italy
3.4480041320368517,3.916698565062929,2.2,3,1,51.47339987955836,Italy
9.441765591124618,8.85230175120901,1.86,3,2,127.10094042174083,Brazil
4.692336223117545,2.7529983246957817,3.78,6,2,151.79457625081147,USA
2.325363106730246,11.707319792178819,2.66,0,0,0.0,Brazil
1.127038632015223,9.662996015787964,3.07,2,1,41.57185202721171,Brazil
6.761296972253068,7.996173769347841,2.75,1,0,0.0,Brazil
7.556219365209499,6.7762350322933305,6.35,6,0,0.0,Italy
4.093916909113173,0.6235200137205914,3.96,3,0,0.0,Brazil
7.92525695070715,7.3505334698006095,6.73,2,2,128.55134050402717,Brazil
6.363464168224801,5.814684869678366,2.77,2,0,0.0,Germany
5.863827589374106,1.7755492161447664,5.16,1,0,0.0,Italy
1.94459169715915,7.994621789506206,2.84,3,0,0.0,Germany
9.537193937078005,6.400122442973623,5.43,3,1,41.23695137682995,USA
8.71797784125884,8.043979810574772,2.02,1,0,0.0,Germany
2.5020191561448084,6.927808469827237,5.19,3,0,0.0,USA
1.8031187092376186,8.771604851386288,2.58,5,2,17.848655987455725,India
6.452643507289171,7.534674534871677,3.34,1,1,58.65762789903624,Germany
5.976949048452021,6.556477120762969,7.91,3,1,36.184647747183035,Brazil
1.786370728067238,9.12608528640171,4.69,6,1,23.62902699110523,USA
2.413853423611442,8.750837912116072,4.48,3,1,75.9948445734775,India
7.032357136131426,6.397396832719809,6.12,5,2,14.038583979937757,USA
3.6102678651387006,2.2001016277409797,9.18,6,0,0.0,Brazil
5.871211221208279,6.786039752084423,4.92,2,2,90.47726706494156,France
6.824230279367936,6.445061221635502,4.68,3,2,13.193236148109932,Germany
4.36950743709231,0.5833895407480629,7.07,0,0,0.0,India
6.225734580880246,8.407230388611703,5.56,1,1,93.72181901680908,France
9.593361752546508,9.220126984072632,4.45,3,2,108.57625828116466,Italy
7.255555436622626,6.618925051996318,7.67,1,1,97.00644019042834,USA
6.088487186795387,7.16490514992338,4.37,1,1,77.8153644745289,USA
3.1187098252120333,8.827314825212875,2.37,5,3,198.27454163503947,Italy
2.552021004364325,9.072308863006716,2.85,7,1,28.96212215187449,India
2.699236658054245,8.656840705387895,4.66,3,2,111.08294623457239,Germany
8.197719226946775,6.270297073401194,4.76,4,2,11.584502868359687,Brazil
8.100924575756496,6.015718095869282,1.54,3,1,38.630586544832816,USA
1.9793934451374673,10.455854748856222,4.4,4,0,0.0,USA
7.9054888642737735,7.395883305407088,4.65,5,2,97.06336245027705,Italy
7.816634172397378,8.209514696601028,7.17,5,2,125.79587284976265,USA
8.945674579086972,8.874900636508196,5.61,1,1,40.61351889519912,Germany
8.045068717372327,5.409447602623658,5.88,4,0,0.0,Italy
5.789155022094276,5.835129098142753,3.96,2,0,0.0,Germany
8.49918607042814,6.3328756054066435,3.22,2,0,0.0,France
8.946661639880599,6.7886685927120025,4.76,3,0,0.0,France
3.4581141438775873,10.76164932611388,4.6,4,3,234.18055531804498,India
7.6475991076561645,9.085024808990706,2.57,4,1,15.057833245414333,USA
3.5621580904365,2.3163282381381487,3.77,2,2,129.51855078624143,France
3.12260028659369,8.711816441710193,3.41,5,2,170.27632320352566,France
8.483509638457617,7.913885123613649,8.57,5,1,36.17662148918317,Italy
2.8100573701935763,7.8048091927795165,8.04,5,0,0.0,Brazil
1.2434897821880495,8.148111279983821,7.08,2,2,45.22995000688982,Brazil
8.827119603440112,5.040242457971473,1.04,6,1,97.56513439773002,Italy
1.5248752245761663,8.800297283972812,7.69,7,0,0.0,India
2.4279192009965516,8.97639304648149,7.1,4,1,10.392589880791444,Italy
10.563313190767278,4.899258044801417,6.32,0,0,0.0,USA
3.4761737661819634,8.966574772056342,5.42,2,0,0.0,Italy
8.33400874107145,7.7093444019309265,2.92,1,0,0.0,Brazil
6.886882889616931,7.191817185743161,4.61,3,2,188.3582406068122,India
2.747308059364804,9.060288875451596,5.87,1,1,15.444474407236685,USA
7.9947534538147575,6.806890142963481,3.25,5,2,151.6804982443947,USA
3.6140604161152705,9.234827555212188,3.17,5,1,29.091029013060016,Brazil
7.060434636238496,7.5947737101169395,4.27,2,0,0.0,Italy
8.546292034905102,10.072305331408767,2.16,4,2,199.39928216927763,Italy
8.121897552978611,8.479255627619596,4.04,2,2,12.361426200703823,India
9.791431135868535,8.324750846344362,2.58,1,0,0.0,Brazil
4.4279688383517914,8.987772252749105,4.46,3,2,14.427852579388526,Germany
7.535661949391925,5.768478119134895,4.95,1,1,53.19643740882596,France
8.713549176958598,7.581384532793662,5.39,3,1,18.600255062509476,India
7.239538284717941,4.8489508802027155,4.27,4,0,0.0,India
9.003654267030122,7.570122193090532,8.52,3,2,107.25953097559871,Italy
2.171594960977548,8.602409162075855,4.96,3,1,65.38963694462535,France
3.1811204436974077,2.2083049833069204,3.12,7,1,5.031702322128434,Italy
6.777501192733352,6.794498264859925,1.8,6,0,0.0,France
4.065778160944503,2.5095835838320752,5.61,4,0,0.0,Italy
7.425241347480023,6.3984957475878526,5.0,1,0,0.0,Germany
1.6395917029470901,10.369923987003272,5.46,2,2,120.72515240550086,Germany
2.9551413369139103,9.127426585251344,6.07,3,2,101.96365754608728,Brazil
6.428279643286637,8.061303132705445,6.38,2,0,0.0,Germany
2.638714869916191,9.594143413493454,3.08,2,0,0.0,USA
1.9898511088115778,10.5470250412009,6.34,2,2,123.5739491096567,Germany
4.123762194356667,4.097725913769746,4.95,3,0,0.0,Germany
2.4839867555126682,7.471167900255451,5.57,5,0,0.0,Brazil
2.7065360433600762,8.86301284454481,1.9,2,2,163.85646252018495,India
4.052022531320101,2.2037805327069466,2.71,2,0,0.0,USA
9.715079988107242,8.24232756220106,11.43,3,0,0.0,India
3.884379953094152,1.871183029347054,6.45,2,0,0.0,Germany
1.8638216734676027,10.38291768573067,2.46,3,1,71.69595900978265,India
8.91532142077435,8.588438810471006,5.21,6,0,0.0,India
3.518744823470179,3.353308622809247,7.52,6,0,0.0,Germany
8.85584511953176,5.719401903028379,4.66,3,1,98.93568299666228,USA
2.3411822825202218,9.959497662809806,6.0,1,1,59.98550325813385,USA
8.982227883072293,7.55364924117319,2.46,3,1,96.81962623969902,Germany
2.738997253627944,8.162879693938008,3.7,2,2,174.38815487320437,Brazil
4.028543698529592,6.182130530087752,6.41,3,2,88.8691421776293,Germany
3.0574508622044614,2.790006695371713,6.38,5,3,172.6073063662314,Germany
4.14000640581725,2.5162019632303845,5.31,4,1,64.12384627192807,France
7.155962486195487,6.446359907314984,5.28,2,2,57.491088665748144,India
9.317019945575202,4.539806691700605,2.81,3,1,45.79989978175597,Brazil
4.16332741300886,0.6685802401402594,5.38,3,3,288.7820527422517,Italy
8.336926478735101,4.839762994369457,4.22,5,1,16.241451501789133,France
4.287917871957029,10.510330439687504,3.52,4,1,69.40012979113715,USA
3.085968953621083,9.769677354024077,8.44,3,3,179.15715318588468,Germany
5.339519367407238,5.91161079065107,6.14,2,2,132.7560442729527,Italy
9.55271431634003,6.5431463107678525,2.66,6,2,93.95147426253669,Italy
6.431046311899423,5.322430321453704,5.4,1,1,86.48678547253876,India
4.742996761945307,1.5217242936157984,4.47,4,3,129.92960639787887,India
5.111698524311737,5.919369581451911,5.31,9,0,0.0,Italy
6.7872457321523,7.279806084111938,8.26,3,2,130.47322085576428,France
2.2471308139660247,7.064724410443954,5.51,3,0,0.0,USA
7.521754364982874,8.906687369875382,6.16,5,0,0.0,India
2.1320972291505638,8.985023314513343,5.05,1,0,0.0,USA
4.306392555258406,2.8584260048066925,4.02,3,0,0.0,USA
7.602223972552748,6.4392897943702305,1.93,3,0,0.0,Italy
6.977706581616401,1.1124128822389123,6.02,2,1,56.305484647486,Germany
7.229052141786977,5.977051426539013,3.84,3,2,34.94255392253094,USA
10.075681446675178,6.790729702418256,9.74,2,1,13.381475741511023,Germany
0.08248113670722779,9.447245953559017,5.61,2,1,14.78620984673899,Germany
7.3538069907873105,10.21416590589784,4.98,2,2,36.26457298688398,India
2.0795794039201643,9.221973815361432,8.14,1,1,78.22073176464359,Brazil
1.7982376548492587,9.458549439684361,3.44,2,1,53.59308104139593,USA
2.816975858005751,9.233436455862261,1.0,4,3,100.78558719620344,Italy
1.935453202048337,7.737981711659986,2.71,3,1,16.646631947464535,USA
6.024723268514868,6.8707142387000975,2.5,1,0,0.0,Germany
4.753849504355873,1.1797099540572606,3.7,5,1,85.06676451396216,Brazil
8.517872850245803,7.139706315085217,8.07,5,0,0.0,USA
3.213052259446759,2.0425068456560798,5.45,1,1,37.402216964270536,Italy
4.783305403085595,2.844694070028666,4.15,2,1,36.03385783142073,Brazil
9.235546116083592,8.194394691084067,7.49,3,1,34.26937364761222,India
1.6138421922901505,8.38270839903299,4.42,6,1,53.893001105877694,USA
7.247386398081905,6.663191652698587,5.3,6,1,87.6034436348095,Italy
7.411558699443362,4.247723388598448,6.43,2,1,44.61889122003879,India
3.8795151950119706,1.579558101907722,2.63,1,1,16.543167125711634,Brazil
3.630441363147142,9.943696112989137,5.64,2,1,94.03710212316085,Germany
8.581966772897545,7.907252277020523,5.0,3,3,257.8446494095792,Germany
4.148316897209171,0.5604439250401758,7.3,4,1,69.67912554048075,USA
6.854208778784698,0.6254604536313286,8.63,2,1,29.893279783926864,USA
6.16371677502246,5.968359469303682,4.34,3,0,0.0,Italy
7.330620057322646,6.914850569792661,4.48,1,0,0.0,USA
7.293837972078803,7.824862445284836,5.19,3,1,94.99533349423861,Italy
7.603870777871319,7.751360776034747,5.25,2,0,0.0,France
5.248146002572291,3.319104691779047,4.27,5,1,37.862291991356784,France
3.3560485891781147,10.263905033494988,5.2,5,3,224.74011387760876,Germany
9.170505550566748,8.824799799010432,6.09,5,1,83.1141041799685,France
3.32221199531288,9.837566043876027,8.03,3,1,21.288821083789273,Italy
0.02400770637385863,9.279061439176301,2.15,4,0,0.0,Italy
7.228093382513251,5.8861068049071,7.74,2,2,133.4944460445385,Italy
5.1163090029452265,1.8199091305414266,9.97,2,1,87.27079337757739,Germany
7.602461986329519,9.055658370263517,4.45,4,2,100.90680128669017,Germany
8.993389801334489,8.511997882002227,4.94,8,0,0.0,Germany
2.6244218556049477,8.629343239788241,4.54,2,2,114.57695570790145,Brazil
1.679792041869261,6.803150819190437,4.88,4,0,0.0,France
7.913037206950512,8.678415847020542,7.02,2,0,0.0,Brazil
6.252747206935229,2.9197879922711687,3.95,7,0,0.0,USA
7.742454301659184,7.658080550036583,7.43,3,0,0.0,Italy
3.116843968426223,8.876975162409442,6.79,6,0,0.0,France
4.865148558243148,2.579931834147139,4.71,3,2,88.7246740841107,Italy
5.2014472690264,6.9530790251572245,4.9,2,2,138.00300989526576,USA
5.914362806770822,6.159120439845027,4.5,2,0,0.0,USA
10.09789048550575,7.680715794493642,8.0,2,0,0.0,France
7.7367995650429755,6.388295192187984,3.7,7,3,225.59272129573986,USA
3.1143071281670176,0.8190062991611906,4.9,2,1,30.626843066126394,India
7.712103812874659,6.784759318943168,3.22,6,1,76.21444672966621,Brazil
6.245234798589908,3.197106028178622,6.2,3,0,0.0,USA
3.460955344929776,1.7535002315897719,6.26,5,2,199.24739545655711,Italy
7.059257563876786,6.1009789676875945,3.72,4,0,0.0,Italy
8.19882224391907,8.811561882372168,7.22,1,0,0.0,Brazil
8.438780915620304,7.173712196752912,6.08,4,1,21.339464658930893,Brazil
5.605563607635121,9.432649745296697,1.74,2,2,51.27412872349244,Italy
9.191028551639617,8.152263369184277,5.77,3,0,0.0,USA
7.849801651988568,7.387344140532342,6.23,1,1,29.98388226268078,Brazil
5.2081522133808855,3.05955039514657,6.38,3,0,0.0,Italy
9.046550466248764,6.787176888542181,4.89,2,2,117.99232135081098,India
3.0057293585347193,7.860793702213538,2.03,1,1,57.010449685492226,USA
4.805282496527806,0.5911521152482944,1.13,4,3,88.63126642094569,India
10.845631656311314,5.575638320836847,3.2,4,0,0.0,France
3.186119623358709,9.62596241703919,8.29,1,1,85.21169935206682,USA
8.31135688767601,4.055942583873217,6.95,4,0,0.0,India
4.196615371410198,1.6845945667866309,4.87,5,2,82.16119896297482,India
8.109122348859358,7.2920328276619,3.28,7,1,78.69805633639861,USA
4.319493776791307,0.19377075343351136,6.38,2,0,0.0,Germany
9.113160134693238,7.694024926326795,5.05,2,1,8.241230070585456,Brazil
7.1695483441762855,7.759948899376933,2.55,5,1,35.15215044110515,France
4.671370398490097,2.6632433602773444,2.79,1,0,0.0,Brazil
9.293990254649671,8.060545771055017,3.34,7,1,47.065183154847105,France
3.9167093177705716,8.236469440607447,5.84,1,0,0.0,USA
5.320999174081184,9.07375751953482,3.55,4,1,88.43271618735238,Italy
5.196738802203439,8.367263828985717,5.87,4,1,84.83968782975865,Brazil
6.685828477384178,5.8530392926318076,5.14,3,2,174.19265212656862,Brazil
7.26711585442096,7.1272812055203465,3.73,1,0,0.0,Germany
4.407693418719413,6.911450745945669,3.53,2,2,40.064332511144215,USA
4.136740060935913,9.062371074859703,1.8,2,0,0.0,Brazil
7.126020028269088,7.194971881113573,5.69,2,1,92.98751225482914,France
6.649167310523637,6.2071393872440295,2.84,3,3,230.73935342270357,USA
9.45948700008124,5.407653889190255,7.3,1,0,0.0,Italy
5.89761620502968,7.310881201956331,3.78,5,3,153.03503156831113,India
3.604274780182707,2.8542285759981656,4.95,1,0,0.0,Germany
6.9198319256876495,7.382101553457151,2.12,6,0,0.0,India
4.921109328446706,3.4627690933883812,8.72,2,1,57.64789213441741,Italy
5.643683988923167,8.900166007799172,2.27,3,2,118.59551693441183,India
8.264987709595765,6.287055542992926,7.17,0,0,0.0,Italy
7.43579176057327,6.73134885994025,6.15,1,1,37.88439153265537,USA
10.524897999717446,6.555199421802075,1.0,3,3,251.91757304390674,France
2.579363334511397,7.353325194682331,7.88,5,0,0.0,India
3.230918089436062,2.2481719822325426,2.95,4,0,0.0,Italy
4.99752497646574,8.356037715864474,5.84,5,3,296.7493065679988,Brazil
2.571503120797069,2.0625649628723455,2.18,0,0,0.0,France
9.962189366294508,6.478679933908484,3.2,1,1,80.56618256931301,USA
1.901301113336211,9.20089525135468,5.14,1,1,55.1852447309714,Brazil
5.03948514579908,8.72828190631821,9.72,3,0,0.0,USA
5.248614425352518,1.4160391113685007,5.11,5,3,156.05145497340357,France
6.9732362145176365,6.870882600280478,9.04,3,2,65.6934019597884,France
2.525807965378659,8.908467370700624,5.14,1,0,0.0,India
9.16638420731277,7.433991671384839,7.5,2,2,14.704443056832702,Brazil
9.662189067259098,6.972009538739805,6.6,2,2,169.12209529343514,USA
1.9061029381039165,8.163750849451278,2.61,4,0,0.0,Germany
7.2327473711537165,6.8492601005190075,5.98,0,0,0.0,Brazil
4.240398926497676,10.509224355651558,4.87,4,0,0.0,Brazil
4.0225931293492145,3.175418687301903,4.69,7,1,27.240194464122695,India
7.202149310258327,5.761941044901972,1.75,9,2,166.32468093784493,India
9.050238350113492,6.613680256053979,4.66,2,2,180.29830183642508,Brazil
9.8044542797651,9.069426547684323,6.41,4,0,0.0,France
9.40308455366374,7.18104488624608,5.41,6,1,93.02149663568808,India
2.696341888057299,10.000016123878185,2.43,2,1,36.23072059568425,India
8.161042170929296,6.951815939560915,4.21,2,0,0.0,Italy
6.665094272264854,7.804753611723978,2.43,1,1,39.743895085894934,France
1.089594618539113,8.413862562459617,7.67,0,0,0.0,USA
3.1718213819985968,9.584884796791481,6.14,2,1,28.60064210007582,France
9.69461588029629,6.1566051141272595,4.03,1,1,80.85549861836,Germany
8.78785670295255,6.587669339586343,3.83,1,1,41.86735700161192,Brazil
3.435965187261721,2.1984263659243317,4.46,3,0,0.0,India
1.3498165797522281,9.987387689213394,4.58,4,1,96.20378439125315,Brazil
6.7644748767107945,8.191846285521072,5.99,0,0,0.0,Italy
4.713742270638981,3.1667562194169943,4.76,2,1,29.543899446692745,France
2.1830646008106322,7.763172551813018,6.42,2,0,0.0,India
1.9629133750490506,9.02070839800926,7.11,1,1,52.65479098900929,France
5.702418403734355,5.045975028913556,5.81,3,1,74.41418946402236,USA
4.010658163380739,1.2664629155677263,4.26,1,1,39.44219351507318,USA
6.712833526620277,4.89488305760459,1.0,3,1,83.71402985014744,India
7.714457101697943,6.54350816571378,1.0,3,1,56.174190360664404,Italy
7.182005248832453,9.248368410622223,1.0,1,0,0.0,India
9.962983444969005,6.827874162619363,3.74,5,0,0.0,Brazil
2.376227948905874,8.314165313259148,5.01,3,0,0.0,Italy
3.1477768190827375,3.268376756610376,3.77,3,0,0.0,India
2.000589249819308,8.58397680824368,2.54,2,2,28.408870443658678,Brazil
1.6363732720471156,8.048129404827904,6.87,2,1,22.379776711380625,USA
5.586686402739971,2.028172619974107,5.97,3,0,0.0,Brazil
6.993503798887011,6.865075667734156,1.87,1,1,51.5970949594456,India
6.32422833049953,5.796847816981643,4.37,1,0,0.0,Germany
5.025848928796977,0.796524740040679,2.88,4,0,0.0,Brazil
0.9160109964133532,8.503070451767137,5.29,3,0,0.0,India
0.496927177351985,10.037995674305304,7.24,2,2,18.45573821121137,France
1.8122432185420145,8.680466638442311,3.83,1,1,86.9384219484941,India
8.33446782246352,7.40871884546949,4.84,2,0,0.0,India
5.104590170023805,6.848325688405307,4.65,4,0,0.0,France
3.179312823506983,10.186004042914481,5.65,3,3,279.0138114378427,Germany
4.004337737412545,2.181492192566324,5.25,6,2,24.25919727402402,Brazil
3.9052077425512417,2.9291055062714944,9.18,4,3,136.9252625377507,India
7.467967248458956,5.972129835470813,4.98,0,0,0.0,India
7.077699722011518,6.483088152828996,6.48,6,1,40.65177992635958,USA
7.517657356803644,6.597756929296294,4.93,1,1,78.89517595182973,Brazil
5.88958925641242,0.9166726133154719,1.92,1,1,41.28369714394125,India
1.5115655461325057,8.727491892460053,5.77,3,3,229.49076682166503,Germany
1.8532968465229893,9.209022322917097,5.26,4,1,18.567929747488968,France
4.479301440764585,9.90688346649763,4.8,2,0,0.0,France
2.78919092492723,7.735255391978535,4.92,2,2,32.331236120589544,Brazil
3.875692049590255,2.8493436156338072,2.2,4,0,0.0,USA
4.147226680488767,7.227910662843635,3.64,2,1,19.49451455141312,USA
2.738588367120778,8.970809178384458,5.73,2,0,0.0,USA
2.9246988655246806,2.799093266971385,7.04,3,0,0.0,Brazil
8.987641178507685,4.7574035295662895,7.63,3,0,0.0,Brazil
5.385699047509073,7.210768255652279,1.0,3,1,68.52558975506764,Italy
10.301429007885709,7.567142936988527,7.62,1,1,45.24076899941765,Italy
7.923814370015293,6.032180839920665,2.42,0,0,0.0,USA
2.399802828447857,9.740052752097014,1.0,2,2,179.26572596462162,Italy
2.529071258421062,8.907021362387379,7.59,0,0,0.0,India
7.902354597370393,8.418456971140632,4.43,2,0,0.0,Italy
7.322382610341776,5.897039758877538,2.61,6,2,102.73790470631303,France
9.229327198159648,6.895370662410788,5.88,1,1,25.648362191108806,India
8.345073580442978,7.294621392000842,4.8,3,0,0.0,USA
4.8295132212831735,9.796915954514839,7.58,8,1,51.816915662561954,USA
6.5525519730979624,6.725461050039321,6.4,0,0,0.0,Germany
5.119942454132206,3.3563641992700752,6.63,0,0,0.0,USA
6.357606556040503,7.423311093652284,8.33,3,1,82.4654939904899,India
2.9258229286682127,8.951163115087073,4.72,2,0,0.0,Italy
2.8975445613539086,8.708667017130008,6.01,3,3,31.262983699719967,France
6.388623245193517,6.550286532407436,8.58,2,2,91.04512614860258,Brazil
5.060147365284663,3.278132372731151,7.52,2,1,54.03154965627775,India
8.40034872078539,6.495949415308469,6.37,3,0,0.0,Brazil
1.8767434064104493,8.540107953094356,7.67,2,2,186.02087058469965,USA
4.85270323489807,1.9628173940329954,4.13,5,1,48.017791733504836,Germany
7.711697658884066,7.965077580756423,5.65,4,2,142.63805746854462,Brazil
8.287770823809778,6.556175429560539,2.74,2,1,44.43476866880699,Brazil
9.876467041647448,6.616411834205493,4.79,4,3,63.3938804231674,Italy
8.424701378921675,8.31364770239152,1.0,5,2,155.53544823057211,USA
3.700313668974143,0.16487435544121753,3.51,2,1,21.335025619686032,USA
6.9220757201630265,6.373298195612898,4.59,2,1,84.63667819097994,Italy
6.742880688502807,7.204090443976524,7.49,4,2,16.396119549686187,France
0.8479384085048802,8.55718987161205,6.03,3,0,0.0,USA
2.2149734940392563,8.779878327881999,5.4,0,0,0.0,Germany
4.115643943310323,9.217749764065545,5.85,3,3,118.21237702910256,India
8.052207209037764,9.12106776018469,1.0,4,2,130.78600180375383,India
9.477543897422732,5.005279935146204,4.27,0,0,0.0,Brazil
5.321513059896491,1.9872780401938568,4.26,1,1,38.447903115513014,Germany
4.4059810357745075,1.777076473263794,8.19,2,0,0.0,USA
9.157840206555045,7.838384095433863,5.1,5,1,56.00969388686497,Brazil
9.130922506543621,5.334488719327407,7.61,2,2,71.73630174097853,USA
5.7461103950880705,2.1738683782296104,6.54,4,0,0.0,Italy
3.793444534769123,2.8988418934434534,6.35,1,0,0.0,India
8.87961375146156,8.978297056547149,4.29,3,0,0.0,India
8.729542850775214,6.255085429652874,3.79,2,0,0.0,Italy
4.724345622618049,0.9039151901856519,1.2,3,0,0.0,Germany
1.6178939361829947,9.018515987192472,3.82,3,0,0.0,India
9.31530361659007,8.010369892562423,3.21,6,0,0.0,Germany
7.163815073306049,5.312318083480283,3.42,1,1,11.554572923491243,Italy
4.090388325084883,9.909324442274437,5.95,3,2,45.80756396958602,Italy
9.621636513361073,8.10877827507025,6.33,3,1,19.1760761843263,France
10.771061899204948,7.0736044306591745,6.38,3,2,24.66962601527298,India
2.8517468239105153,9.184749899194893,1.81,0,0,0.0,Brazil
9.737775732895685,5.880634341441009,3.35,3,2,73.57574324528544,India
3.9572819645500745,7.606822353821766,4.05,3,1,25.74010917540882,France
3.3074304883335355,3.1443373166468787,1.66,3,0,0.0,USA
2.6136468415902216,8.845464405008311,5.59,4,1,27.349968435526957,Italy
4.502933265624206,9.388342698045893,6.27,2,0,0.0,Italy
3.354870727546863,9.00018716229165,6.29,2,0,0.0,USA
6.024999880600567,7.543271969085237,4.34,4,0,0.0,Germany
2.87016378887183,10.17361593156257,4.63,5,2,173.16258251173662,Germany
9.69066143508912,7.176146690300885,5.96,3,1,93.80228359474552,USA
2.2951038789225464,7.768547349486333,5.17,6,2,131.44979776975583,France
9.205471327683242,8.446492287084439,5.73,7,1,30.298158374438906,Germany
8.19603576303271,7.481914871251171,4.59,3,2,142.04424743927572,Brazil
10.363433397650372,7.456689404861409,4.73,2,2,188.1954313295221,France
7.680905810642185,8.472999976327232,7.22,1,0,0.0,India
4.2185220284576594,2.5945164239098344,4.28,5,0,0.0,France
10.321240797813923,7.31793578153052,9.22,6,0,0.0,India
2.0876515395161888,9.281104524493724,5.45,5,0,0.0,India
5.096128324756634,1.07148685530243,6.13,3,0,0.0,USA
10.378760473760307,7.709748979603285,2.02,5,2,193.06789405166506,France
5.529032661015908,0.851418581084844,3.33,3,1,20.0423392035278,India
9.553665325730677,7.575754395418001,5.44,2,1,49.535501407953326,Brazil
6.909430973002711,6.355524910228332,3.54,4,1,59.56505940997524,USA
7.305514624312591,8.311618899075391,5.88,1,1,74.63152981355304,India
8.318891133444273,6.163502533555414,4.43,3,0,0.0,Brazil
10.012145753734435,5.6476827509468555,4.39,4,1,45.29886644692874,Brazil
10.314558236945409,7.768397832175826,3.7,4,2,90.72048053916208,USA
5.312268173839484,2.139825501300576,2.06,4,3,38.70862962379841,Brazil
4.230538261009477,0.9170581147536454,4.12,1,0,0.0,USA
7.409394897074311,6.075253655095867,8.25,4,0,0.0,Brazil
5.626568980907356,6.970352474716269,7.39,3,2,44.014024524394294,USA
8.642055418195147,8.63607210983893,7.43,6,1,7.231045464321628,India
10.208584345843896,7.316906671345215,4.9,4,1,43.97309170331416,USA
9.55961167711574,7.173676429866833,5.59,3,0,0.0,India
3.5541311254465517,2.0029658490621562,3.38,2,0,0.0,Germany
6.350327257207601,5.5240028790656215,8.14,4,0,0.0,USA
6.182696556188512,9.298885060345366,5.25,2,0,0.0,France
4.477175134659009,1.1019766539331013,5.33,1,1,41.72645279247228,USA
3.523093575345288,9.09997328960168,4.44,2,2,47.60086596220235,Germany
8.402381432736673,7.990906018639272,3.04,3,3,293.0303716317547,Germany
9.130843950185351,7.994515567587627,6.1,5,0,0.0,Brazil
4.37431832370956,3.343271537551103,3.8,4,0,0.0,France
2.8328374412962853,1.6983243832709398,5.86,1,1,61.63814866324761,India
7.84137027511339,6.818918320013729,3.99,2,1,83.40523262586589,USA
5.187314172046395,7.139830764352479,2.62,3,0,0.0,France
10.157499714468134,7.166344415568535,8.72,4,1,62.6766550086395,Brazil
9.104900041564996,6.831643460684236,5.51,3,1,47.56025416970008,India
3.4578968401598824,2.969143362787178,5.07,3,0,0.0,Italy
4.935074204386938,2.36805117394331,2.78,1,1,78.04496230480473,Brazil
8.433083324814536,5.875280443792709,2.32,2,2,105.54212525527439,USA
8.045102038825911,6.57790244832653,7.29,5,1,49.495095187199944,USA
5.393298299730532,1.358630900249637,5.32,3,2,97.67896249638406,India
9.762631925117347,7.087096977128023,4.03,2,2,142.28653642277192,Italy
4.727270265148223,1.9571156446921458,2.3,5,1,34.06030097789445,Brazil
7.988507391317104,8.961804098635126,6.39,4,1,20.744068099804764,USA
1.5577483459946637,8.647779107830269,4.57,3,1,92.11151294741062,Italy
8.356287959416361,8.047617118004796,4.41,2,1,80.2616265987188,Italy
4.837554403182347,0.5484351175213109,6.6,0,0,0.0,Germany
9.654033804735354,6.348638610859662,3.82,1,0,0.0,Brazil
2.039930033244224,7.4787140049912155,2.85,2,1,94.41229313266403,Italy
1.9573116512305961,9.694516336615951,6.76,1,0,0.0,USA
8.62594767061252,8.204329768982925,5.22,3,3,69.7070242438415,USA
3.7139889323369513,1.8595029948592967,4.66,2,0,0.0,India
8.936773070812759,8.666530999234833,6.61,4,0,0.0,France
7.997859130507301,6.058188110860046,3.31,1,1,11.015369816081595,USA
3.1576474125507925,3.1248352669882076,5.21,1,1,82.7125989366123,Brazil
8.42065265598405,8.804515319616197,8.1,3,3,126.86649338167115,USA
9.496441249727704,7.0794273533401615,2.12,2,2,35.96608792485276,Italy
4.506600120998946,2.1786561115007523,3.93,6,1,83.97640000398182,USA
6.572837228689818,9.013228810994057,4.85,3,3,197.8673616019062,Germany
4.034853937622845,10.276870231625503,5.54,9,2,81.94124746470702,Germany
2.6082919232940194,8.41146547241436,5.45,2,2,145.13405221981773,Brazil
5.223761858512103,3.2572743791196297,3.92,4,0,0.0,France
8.586458308317985,6.906830928702968,6.11,3,0,0.0,Brazil
10.07202192096456,7.575852888870379,5.71,6,0,0.0,Brazil
8.709599075896362,6.088188936195223,5.99,1,0,0.0,France
6.602206079913927,7.653083027442568,3.98,5,1,93.87431280226812,Brazil
2.3959272125149855,7.576008149880955,7.23,3,1,62.46818994516801,Germany
7.518612245217947,7.960376653056639,6.35,1,1,61.48352685904375,USA
7.729228291159291,7.218750903817169,4.19,3,0,0.0,USA
1.6087990346576866,9.46551144751683,4.3,2,0,0.0,France
5.189562022518361,3.7745997832072202,7.48,2,2,142.47914268895033,USA
6.852450023478806,7.501441316797926,1.18,1,0,0.0,Italy
4.551505548701705,4.183859409956496,5.82,2,2,188.96193647967493,India
6.50392736663986,0.16826119637897285,3.03,1,0,0.0,France
5.919013958647785,6.08861215730299,4.68,1,1,77.98128871989377,Germany
6.979799959938027,6.665183628499241,6.51,2,0,0.0,Italy
5.973283955754118,6.669474148060888,8.48,3,2,148.94313288691637,Germany
8.326772228114006,7.688954758323412,2.53,2,0,0.0,Italy
4.49339816549994,2.9795807239672865,3.85,3,0,0.0,Brazil
2.543122848980659,7.419530170034989,4.67,0,0,0.0,USA
2.7232653207806115,9.393691525803431,2.81,2,0,0.0,USA
3.2929632886391467,8.323745075882062,7.35,0,0,0.0,France
4.213069209879469,8.089820140068767,7.92,5,2,83.5911468328661,USA
8.03672259690964,6.578129583460973,6.08,1,1,19.467203622188713,USA
4.954850707783433,2.18815250139528,6.04,4,0,0.0,Germany
8.484431502049333,6.710706518363877,5.14,2,0,0.0,Brazil
7.21187415372307,0.27626277026003176,4.8,3,1,5.986690791750407,Brazil
7.10628939487527,6.230961872205526,4.81,1,1,51.328654854749004,India
4.662959495178522,2.598073278594775,2.64,3,0,0.0,Brazil
6.424480810201752,6.107381215356553,5.2,2,2,176.80820663598155,France
4.687177579356829,2.6678388080593165,4.86,0,0,0.0,France
8.617313389396614,6.794765637755437,3.51,2,0,0.0,Italy
9.668589907356061,5.465951470331786,7.09,4,2,120.24236556901123,India
0.803223287768732,3.2100021500679983,4.56,0,0,0.0,Germany
7.569969145139943,8.260328592631764,8.49,4,2,53.99887837775987,France
8.122461419471934,8.265697219092573,3.87,2,0,0.0,Brazil
7.662493701448762,7.840556547259828,4.57,4,2,122.76581722256658,Italy
4.716487906679761,1.4614061259984286,5.7,3,0,0.0,Italy
4.6593053331463885,6.273872399779658,6.22,4,0,0.0,USA
8.4105588122854,7.044844012659146,7.45,2,1,37.63960180496576,Italy
9.108068363247668,7.5763995730143705,2.91,3,2,190.35660185750282,USA
2.5733359696457425,9.343048538501803,2.08,2,0,0.0,India
3.5851743812621812,1.9059393767446007,2.57,3,2,21.035660643695387,Italy
4.341058747198897,1.614925306033224,2.96,3,2,32.66559283353794,Germany
7.79380132681787,7.469518829811343,4.65,4,3,138.97680605188998,India
3.174619921182211,9.736189613636462,1.72,3,1,82.58209155243341,Italy
8.108484721521027,7.144194887625671,4.17,2,2,100.1244391339394,Italy
8.458494301598925,7.890828540790963,6.3,2,0,0.0,India
2.4829928702787147,8.710721802932406,3.52,1,0,0.0,Germany
8.542032391132343,7.41826139133161,2.63,3,3,87.0301474118966,Brazil
4.610527134112407,2.3684769365900626,4.15,3,0,0.0,Brazil
8.602462690886439,8.475038061431704,4.56,2,1,30.196921612906312,Germany
8.087402013575666,5.245246742115599,8.29,3,2,69.2824845678928,Germany
3.7657045173320065,9.827491314946299,4.62,2,2,160.81929978892157,France
8.416653192279199,4.695878991521045,6.15,1,1,79.28120128145424,France
2.4295997606767137,9.568343899314229,7.27,3,0,0.0,India
6.321371293646116,1.0893007888000028,6.76,0,0,0.0,France
5.150414214679338,2.174908338736776,3.4,2,0,0.0,France
4.042497775182959,2.0835877308868516,4.83,6,2,26.80709907970624,Germany
10.2455388561402,7.004956247437871,4.67,3,0,0.0,Italy
4.437838605821499,7.348234127072137,4.58,5,2,192.47755122956875,Brazil
8.163163355647717,4.347490441489178,7.23,4,0,0.0,India
0.7702979592551713,9.993144178980117,10.02,3,1,76.7870082654885,Italy
5.658911995655829,7.313460148360472,1.05,3,3,242.06288006242224,Brazil
3.59504252232503,3.757092279142501,6.16,4,2,68.76503352298778,USA
3.2014479523186465,7.045362985782239,4.79,2,1,29.03332902644191,Brazil
3.133353578188986,0.9688791204464788,4.85,5,0,0.0,Brazil
2.12287430524119,8.8098149072122,3.22,4,2,108.24565260527685,France
5.100294486070926,1.8336276410128285,5.58,4,3,220.53669066669596,USA
8.041075458095976,5.784467993928235,4.21,7,2,99.19701230481861,USA
7.000385726643735,7.745666607693966,4.9,2,1,73.81770524626161,France
7.798886364405419,7.614127612760495,3.38,2,1,66.35226480161279,Brazil
0.5550401893024639,8.508539423936385,3.64,1,1,9.038386551787994,Germany
5.349231350683419,1.9926279394596151,4.28,3,0,0.0,Germany
4.974317351076623,3.4512415822971763,7.21,0,0,0.0,USA
9.020642457353004,7.429958331929992,4.92,2,1,63.09546748210909,USA
2.571876720325922,9.96942844869956,10.31,5,3,186.91884721536752,India
0.8401280972264191,8.071728122406444,5.64,3,1,42.20592638653458,India
5.719544678752657,5.518348679935723,6.07,3,1,65.98997940846542,Germany
6.385737806501237,2.6958445088290306,1.78,6,0,0.0,France
9.888711863985817,6.543262190019905,5.54,4,2,80.74991300017547,USA
5.01159426619216,6.884022102571025,4.8,2,2,121.14927445910489,France
1.3663748085377296,9.766219160885095,5.52,1,0,0.0,Italy
7.705992476417139,7.27233920461997,2.41,4,1,10.023371787324109,USA
8.563396975565922,7.527968086021877,5.3,3,0,0.0,Italy
2.528458002787145,8.751395298990055,9.0,4,0,0.0,Brazil
2.7400639968975193,10.467546791519355,4.91,3,0,0.0,Germany
10.039863151375297,5.986800831352081,4.74,1,1,27.88422428177313,India
5.598243793027635,8.769813076897492,6.56,7,1,33.11648625813836,Italy
4.912889553722487,0.10147035360563628,3.26,1,0,0.0,Germany
8.416313397225316,7.106807904112276,5.92,2,1,42.1539482620221,Germany
9.603462423745631,7.7498907344722605,1.6,1,0,0.0,France
10.411674706241751,7.475538693336483,1.49,3,0,0.0,USA
7.252553188589672,8.379321153965275,3.73,4,0,0.0,Italy
7.161752134289005,7.510973103959356,5.98,3,2,73.38022867702972,India
7.8952904220310955,6.341897987783689,4.11,2,0,0.0,Germany
4.46750387877444,2.687901411458432,6.82,7,0,0.0,India
5.522898700439149,6.427819600705028,4.85,4,2,19.78608278772472,Germany
3.218528890909554,3.7254615930627635,4.87,4,0,0.0,USA
2.4606759951079233,8.183336011787283,6.67,4,3,194.6420630968824,USA
8.007968761417054,5.607626262427187,7.5,0,0,0.0,Germany
5.677060241877152,1.0626829804092108,7.26,3,0,0.0,France
9.028309180133089,7.3582773937905515,6.28,1,0,0.0,France
4.423051786005958,1.6804117651682773,7.33,3,3,95.99453832733992,India
6.797424264888473,7.211703372207492,2.78,0,0,0.0,India
6.0009723409708915,5.531416394630434,5.75,1,1,37.023893604094546,Italy
6.054212593328185,8.606323555233836,10.3,3,0,0.0,India
8.976113617828291,6.487921674810957,5.24,3,1,95.01169234418701,Germany
7.683988692913887,6.654321559190425,5.81,7,1,41.00483687248817,India
2.240070681807643,8.671093852700912,6.53,6,0,0.0,Brazil
9.22531259551417,8.213930920685545,3.55,8,3,278.4489132362903,Italy
3.146505370081545,9.472672831749806,5.15,3,0,0.0,India
3.8597349548403295,2.7084389939157196,3.12,2,1,42.873849509197235,India
2.580798882466814,8.97706389168848,3.01,2,0,0.0,Brazil
4.972598165813289,0.6400216754635231,4.73,6,0,0.0,India
7.87819757763371,8.272092880073023,1.4,4,1,99.33959599088509,Italy
7.491142993189625,6.092566268949081,5.1,4,3,20.833497487335794,Brazil
5.68125862177781,6.865773171100186,3.23,2,0,0.0,Italy
10.105905461169089,7.484498413085858,4.45,3,2,23.512037514647908,Italy
9.456724609596662,7.530405445255494,2.56,2,0,0.0,France
9.717480955729556,7.188478313635929,4.82,3,1,17.892484184326815,Germany
5.891826290741259,2.888993465538336,5.71,2,2,100.36731405409887,USA
4.576984969328243,1.5252920390087736,6.14,5,1,61.599851516204,Brazil
2.292422059290121,7.9169836005654775,1.46,4,0,0.0,USA
1.778238646676534,8.363626300829939,5.41,1,1,63.08720334876582,USA
8.380927013844266,7.462498567861987,2.6,3,1,8.266870429157404,Germany
8.746608806887645,7.135680095434912,5.56,5,0,0.0,Brazil
7.623870558106841,7.705878688744105,7.29,5,0,0.0,France
10.635471424265114,9.070582060052217,7.44,5,2,196.94329465518027,India
1.5488928267712798,9.476769752265175,4.74,3,2,94.04961326816951,Brazil
3.6635602912857346,7.262457321446602,6.0,2,2,134.31046738664907,India
6.406410125339287,6.263715302745587,10.63,5,1,92.32769792589862,Italy
5.142378532357392,1.0824208203884684,3.35,7,1,54.772693116442326,Brazil
4.998223347304105,0.7766117553240455,1.47,1,0,0.0,USA
3.089213955706435,7.857870311454465,4.13,2,0,0.0,Germany
3.3886796995944235,0.4406514071110683,10.23,0,0,0.0,USA
8.96098285694363,6.504998109848638,2.31,2,2,24.892901797000015,France
9.242397206888484,8.011869952536722,4.78,5,2,114.9201216014053,Germany
3.515215004552452,7.80009751541059,5.94,4,3,106.31163026251093,India
9.908583196650426,8.118448933172647,1.0,3,1,17.447130169119426,USA
4.834688393120244,6.654938661049011,4.92,5,0,0.0,USA
1.4492612390061284,9.631292077775019,4.8,1,1,33.04973646933102,Brazil
7.033127886721054,7.746557363228345,5.66,3,0,0.0,India
5.002883121034178,0.2520921629802626,3.38,2,2,140.4522547002656,Brazil
1.4338542210958525,9.224954593401433,4.68,5,3,272.33615157350994,France
5.1605683326507705,0.893636831774693,6.99,3,2,120.32410010678778,Italy
8.775382660094017,6.948227745785283,4.25,1,1,32.407934954439625,France
7.976270166089465,7.212004018992911,2.56,3,1,87.70174990565121,Italy
8.020461331686374,7.566744488750929,5.12,2,0,0.0,Germany
5.708508126413699,6.772584592845147,4.96,3,0,0.0,France
2.784249320204394,6.712364963462736,7.33,6,1,72.79064502272557,Germany
5.53829712160159,6.78768844593671,2.66,2,1,51.93698099080919,France
2.6672055216317396,8.587405058250901,3.06,2,2,116.63302901218668,USA
5.656915398319339,8.548823455622077,4.34,2,1,65.70745045993223,USA
5.439517071082096,6.527686678891632,3.23,3,0,0.0,India
7.490815693401556,7.712499038245389,2.21,2,1,63.62625877332655,India
4.215280670205959,2.3708071857170108,6.61,6,0,0.0,Brazil
8.131221596529448,6.606024313414282,2.06,5,1,35.66837686413925,India
6.323193412155631,2.3659380469918565,2.63,3,1,20.040694189299323,Italy
3.8024980465456344,2.8689659021766607,6.88,5,2,40.594804376412384,Brazil
2.0803811227221773,9.707391735461465,4.01,6,1,80.21206777963687,India
5.405280992241451,3.046582386351177,3.07,2,0,0.0,Germany
5.727589262385967,2.6647882590621204,5.22,3,3,149.99969749374847,Brazil
8.367360686850848,8.058487731250688,3.3,3,1,15.977187632774521,India
4.721059534382257,10.547719829494646,11.1,2,1,81.5224852614302,India
8.751633185150476,8.066518326437855,5.42,4,1,89.06703183824273,Brazil
10.15892404638261,8.615931845967433,3.99,4,1,94.85745515518562,Germany
7.811323344848354,7.319774381696852,7.46,2,0,0.0,Brazil
5.470040208574406,2.346011932596557,5.1,1,1,86.98845354776768,USA
8.684473527762512,6.632310477707586,4.91,4,0,0.0,Brazil
7.474300178313439,7.302678012297165,2.89,7,0,0.0,USA
3.2288220051620193,2.776324426554754,4.93,4,0,0.0,USA
11.110469412206617,5.734533313020927,2.86,4,1,96.50898373949724,Brazil
10.275873538080418,6.842979489891928,1.87,1,0,0.0,France
1.3144347611758125,9.908933315772193,5.87,4,0,0.0,Italy
7.37043365764769,8.011096981761533,6.7,4,2,87.6610318732254,Italy
6.508482055391104,2.0079772244405643,4.16,3,0,0.0,USA
7.463856284343356,3.839422639116506,8.44,2,2,180.82938478185395,Italy
1.0741102238305147,8.666983839240478,3.96,1,0,0.0,India
8.854193675089524,6.43572153516105,5.0,2,2,72.45902974603496,Germany
2.1928393015166057,8.129037442074099,5.31,9,1,61.45328875860399,France
9.144920831314392,7.910374454283571,5.54,2,1,41.87220947372473,Brazil
3.9077651968718916,9.577255364888892,4.1,4,2,149.736099776254,Italy
4.003655123576172,1.4081092103895396,7.52,5,1,40.08644973920637,India
4.3550418984859,1.866975593900979,5.94,3,0,0.0,Germany
9.565217139840723,8.368730497530954,4.63,1,0,0.0,India
6.087489792005801,6.6278965899130835,6.59,5,1,95.3180688546115,USA
8.022474246557493,7.576450119711829,6.98,6,0,0.0,Italy
5.346384299775354,1.9540475040870244,6.95,1,1,55.29178679038474,Brazil
8.217330190763274,10.066635787962449,3.91,6,1,91.87892290205508,Germany
5.655833568638105,5.930813094900631,5.61,2,2,48.86416336106682,Brazil
2.937976606209766,1.411831687498526,3.48,5,1,40.43209907971328,USA
2.5862993324668544,9.355438103014965,8.06,2,1,29.41778646629201,Italy
8.232178056877542,5.847910169115763,4.32,4,1,43.51531827121179,USA
0.9504084385558562,7.483824718454945,6.13,5,0,0.0,USA
5.671303905204037,6.6353249736724464,5.99,1,1,20.856027268543887,Brazil
2.5773210482207034,9.378256759051059,9.08,2,0,0.0,India
7.237209070996741,9.120539431996658,5.9,3,0,0.0,France
5.604974067112929,5.955387787762525,3.41,3,0,0.0,Brazil
8.146166020096242,5.712818875892166,7.54,6,0,0.0,Brazil
2.225446599391249,8.026412787297572,3.15,0,0,0.0,USA
6.371539476730484,8.470955450134642,10.21,3,0,0.0,France
8.755737239760597,7.1936865896493,1.95,4,1,56.05372486238712,USA
10.039540575529273,6.485781241149845,1.0,6,0,0.0,India
7.403262344633899,8.784341633787816,9.3,1,0,0.0,USA
1.8137951485024515,7.8732776184455835,4.9,0,0,0.0,Italy
11.042809807516335,6.2443610985942115,6.97,2,0,0.0,Germany
8.740247306356217,8.352372069108299,3.46,2,0,0.0,Germany
8.002528347228102,5.212311660271432,4.72,3,0,0.0,France
9.924738709991628,7.81508083490129,6.25,3,3,170.8879194444213,Brazil
7.775960524123266,7.365699705320956,4.11,4,1,31.257125573530896,Italy
6.308096494250528,5.492263622929974,5.58,4,0,0.0,France
4.050625105433034,0.7197679656457134,7.46,2,0,0.0,USA
6.747877081403979,6.517658724650336,3.73,3,1,6.371369757340106,France
10.147106061121967,8.308473018504554,4.61,6,0,0.0,France
1.6624268478362565,6.887058707846826,3.75,4,0,0.0,India
6.293188473406632,2.5962570318298273,1.53,3,0,0.0,Germany
5.3546244861170464,1.7394456260890065,4.03,2,0,0.0,Italy
6.627623429949342,6.281025407981124,5.81,5,3,60.57295581710013,USA
7.950170434892569,8.199568692170631,4.3,3,1,42.159083707242836,Brazil
8.776984092395146,7.011391547957416,5.8,2,1,5.8930205655567045,France
4.439752724165769,6.578867113184557,5.62,2,2,99.40580592366784,Brazil
3.134046430897481,1.92325945089957,3.26,6,0,0.0,USA
4.392542872331683,2.3064002189307535,4.22,1,1,50.54229667112816,USA
2.8443354042242017,9.356623962687943,3.71,2,2,142.7662108923242,Brazil
7.360143820997008,5.589755825490455,6.58,1,1,55.2546500292848,USA
8.707785464207651,7.538387624962568,7.34,3,1,82.84837123211373,Germany
2.268444443564182,11.615969242378716,2.82,4,0,0.0,Italy
9.393452912439622,5.166486190275353,3.99,4,2,160.78442953153566,USA
0.9165276247698662,9.033630199010076,7.62,2,2,116.24923326654307,France
6.738512694445677,8.405094533420007,6.21,4,3,36.21703436032004,USA
1.97438028670684,10.243266630687383,1.0,4,1,20.351143220034906,France
2.786741879368302,10.3055599672142,7.04,3,0,0.0,USA
8.006217539414884,7.8704913886259025,5.48,2,0,0.0,Brazil
5.06823174999955,2.3649983916568336,7.0,2,2,104.9518744096743,Brazil
7.573393798648021,6.537658714099045,1.75,3,2,190.54452613754768,USA
8.186486184655655,7.786435694991816,4.87,3,0,0.0,Italy
7.314421884523487,6.064515348679784,6.07,3,1,81.79920413516196,France
5.913480178741974,6.388835572549664,6.47,3,1,88.69961700208555,Brazil
7.140635915323584,6.870683232712174,5.79,2,2,72.15019928981872,Brazil
5.743598849950698,1.588680562899214,6.06,3,1,50.844352603038466,India
2.9919411452347826,8.06095751993961,5.75,4,0,0.0,France
5.801200996678324,7.877867375935302,9.86,4,0,0.0,France
9.736258650016067,7.954202777596583,4.04,3,2,116.3337794869169,USA
6.570211006009219,7.4444125390865725,1.28,2,0,0.0,Germany
6.596496368831745,6.982165983904794,13.99,2,1,47.37476557260878,USA
6.5895392915158375,6.836209060152558,5.4,4,1,36.63696842347241,France
10.24125682904912,8.615238523019944,9.95,6,2,157.91940128653053,India
1.1307279955912455,9.130110715425268,6.72,4,1,56.242275334539364,India
7.651776154863213,6.226741209480061,5.55,3,2,96.71738083625796,France
5.095068302297684,7.04553364545784,5.64,2,1,28.19619403687322,USA
4.116858650170808,9.199026707094045,6.88,3,0,0.0,Germany
10.07019644476909,7.90282156057834,9.02,3,0,0.0,Brazil
3.1071948653043675,0.8445790108436975,8.56,5,1,56.4285699255411,Brazil
4.894006523299537,2.6702206627804586,6.7,5,0,0.0,Brazil
1.8506533503799196,11.02449066696467,7.26,4,1,53.29271610168533,Italy
2.2753495972631517,10.049729544615266,4.92,3,1,63.23697761605831,Germany
10.41133629928551,7.3866005909279435,7.5,2,0,0.0,India
9.251047035830775,5.6008004339333475,1.0,2,0,0.0,Brazil
3.3696109883367025,8.629730583968497,5.8,3,1,85.49846031143716,Italy
7.72911977404928,6.713302222960849,7.96,1,1,61.51156910039823,Germany
5.449906074734217,1.2483086001406798,7.63,4,0,0.0,Italy
6.718941693025617,5.265326339028619,6.05,3,1,93.86902048058097,India
8.159275039500514,8.004309690222925,1.87,6,0,0.0,France
7.328041105362865,7.077232772889904,2.47,1,0,0.0,Germany
7.161704248027618,8.015541902306515,5.75,4,0,0.0,France
5.60859709172013,7.207183024139733,5.73,3,3,298.30690608650076,Germany
3.1841316418433023,8.611210139133291,5.92,5,0,0.0,France
6.933881794015418,8.17702220654793,5.16,3,0,0.0,Brazil
5.585809500336544,7.65559224196036,4.04,2,1,53.635974641908454,India
3.868678536678811,0.19920006782860256,4.41,5,2,139.64508983605876,Italy
9.248651502732521,7.077464748610611,3.5,1,1,67.35464229337768,India
3.528892942761607,9.220647899523772,5.4,3,0,0.0,Italy
5.404173060108976,8.326866699604413,4.62,3,3,230.23280849397088,France
7.242482818524877,8.40757094939465,3.85,2,1,58.81446180158277,Italy
9.66580450789784,6.27960193524972,5.14,1,0,0.0,USA
8.606866174137238,7.633252418585712,1.64,7,1,15.301013988356432,USA
1.4851350972412878,9.606813077399504,5.18,4,1,29.08123870027136,USA
5.1493924001577875,1.7858393741194312,3.92,3,2,125.3878372969025,France
3.383313500282666,3.262372735347605,5.43,2,1,35.18309412665705,France
3.860072160490501,2.9650959938276866,3.52,4,0,0.0,Germany
6.37392079065072,2.357378905590194,9.88,2,1,97.24804258696473,Brazil
9.425140472239091,6.119637281125718,4.9,1,0,0.0,Brazil
10.314198853737421,7.514402851417411,4.91,6,1,57.443194083138756,Brazil
10.090025805156152,7.345128463090388,4.29,3,2,19.824592480453983,USA
2.7034667550312697,8.258494628039958,8.55,5,0,0.0,India
6.876701224471832,6.702201201864292,4.63,1,0,0.0,Italy
8.308953662125335,5.593857506821088,8.17,7,0,0.0,Germany
5.370387171323769,6.497992422683429,5.6,3,1,95.5517774977614,India
7.175550467456541,8.624619608964325,4.73,3,1,38.93222323488655,France
7.81190837950141,9.641625175962504,5.48,2,2,42.771785645582206,India
6.713288325200614,5.643904615016351,6.72,4,2,129.35497503183873,Brazil
4.257061355241351,1.3670858517210733,6.92,2,2,79.3422497653132,India
2.2183005654627443,7.018754347746583,7.53,1,1,96.74289703027341,USA
3.986415940503294,1.5866280680429723,6.59,1,1,26.938667822997623,France
3.3726912280176844,8.983082639259237,5.56,2,1,69.87338194556197,France
6.036853161052243,7.418835873622388,5.51,2,0,0.0,France
0.6114306063067732,8.066393410929335,6.91,3,3,138.2124494019421,Germany
9.916691920430875,7.80618794154001,5.25,5,1,10.199083674966285,Brazil
4.981704050183068,1.9131321422521674,7.08,1,0,0.0,Germany
8.456855562070771,7.7303073390906025,4.02,1,0,0.0,Germany
3.3770140824999233,0.7436434327233459,4.39,3,3,92.13537876072648,Brazil
4.741602044699871,3.4711814542451593,6.78,3,2,97.67573149619513,Germany
2.017989957640754,8.656256748451336,3.76,4,1,34.20206757260905,Germany
4.547922053623836,1.9891949662358925,3.77,6,3,267.2242697126723,France
7.910733244445534,7.393236839640229,8.33,2,1,31.881837514614915,India
8.581750360786703,8.032552690817008,2.22,1,1,62.9379028380695,India
6.248938039246962,7.468209046023739,1.17,3,0,0.0,India
10.102665058398367,7.571748422909045,4.5,3,0,0.0,USA
6.016327506797612,8.402174861458429,8.25,1,1,27.87095472878667,Brazil
0.7822337718193451,8.61464994258372,7.31,5,2,167.2365592017905,Germany
8.609478548540103,8.675480220897162,4.3,0,0,0.0,USA
3.554006817073784,7.04792953882232,2.44,7,3,283.2739704202163,Brazil
2.4163046682909046,1.4551006644656752,7.45,4,0,0.0,Italy
1.8068485460853614,3.332359178104757,2.64,2,2,126.27882588331222,USA
4.014105792496325,2.2030940293586694,2.61,6,2,101.60384201994157,Italy
6.390496634501982,6.824938955404483,5.3,2,0,0.0,Brazil
7.93109309657839,6.937589788983139,3.41,4,3,62.757790501120766,France
4.91117590179098,7.568759501912714,2.27,3,0,0.0,France
7.484617916659499,8.798216900844386,9.11,5,2,94.18276519303319,Germany
6.137461287086415,7.247337245546784,5.97,3,0,0.0,Brazil
5.826956514969857,1.0083799463110465,1.28,4,2,110.34024668258239,Germany
4.375737574413367,10.021799818035245,4.98,5,2,184.16106617579885,USA
8.698976548737082,6.690192993968466,1.2,0,0,0.0,Italy
5.197287393079287,2.6053859979725824,2.99,3,2,83.41648680347434,Italy
7.317449314012922,7.779967564911215,4.35,1,0,0.0,USA
7.546034009751303,5.927632681035084,3.34,4,0,0.0,Germany
4.917861276447024,1.1256957933756673,5.81,1,0,0.0,India
2.417445138604377,9.266526524624998,6.32,2,0,0.0,France
6.406673626437999,7.196713036179021,1.9,1,1,51.03581168232311,Italy
6.365572629042872,2.095014148073186,4.62,4,0,0.0,India
5.7180042320228734,1.8869525859332792,3.63,5,0,0.0,India
3.883928129536181,2.3336113602335047,4.08,2,0,0.0,India
5.369651773262297,1.0421679723082904,5.26,2,1,68.92537135354519,France
8.383282662393789,9.1459157480501,5.47,5,1,61.05579612537841,France
5.536670859520044,7.11082056576077,7.32,2,1,48.22511469276308,Germany
5.436309202870212,3.6371559637488318,4.41,3,0,0.0,USA
5.049317366870354,1.6964979122215866,5.08,2,0,0.0,Italy
1.4131277155753517,9.439607436528432,10.19,2,0,0.0,USA
7.816669028438072,7.383177480505787,6.11,6,2,194.2309152750782,Brazil
6.104691084042796,4.860910340564683,6.69,1,0,0.0,India
6.8456703059861015,7.241543789626259,5.06,1,0,0.0,USA
7.2931584499606,7.732682182022446,3.63,3,1,46.7315306087338,USA
3.8737580056174306,0.8451071291330381,4.58,3,2,89.14115253565875,India
8.339069271054345,6.801639501793659,2.4,3,0,0.0,France
8.395765327613203,8.19487659122972,3.07,2,0,0.0,France
6.551064075963755,7.106091138620009,3.01,5,3,267.05769259808164,USA
5.383530611768275,1.7682930200760147,1.67,3,0,0.0,France
5.459252104367508,2.397059166384718,7.78,0,0,0.0,France
3.6355410099341947,2.0999943690756937,6.89,0,0,0.0,France
3.23880009286016,9.375703445471425,3.33,4,0,0.0,USA
5.68030972887294,0.018120913622449164,6.33,0,0,0.0,Brazil
5.389161393107552,1.3756908259163287,5.86,3,0,0.0,India
2.319616006454007,10.015332220765462,4.24,2,2,98.13984635330004,USA
3.193380632687414,1.5080937377397259,3.8,2,1,40.580067867355325,USA
5.328374810789668,1.738662148794841,2.84,3,1,92.35630006388546,USA
1.4531408139866984,9.237525042327482,6.52,5,0,0.0,India
2.7748021833388554,8.61440788952995,3.58,2,2,94.89386779730383,USA
5.0821957043925865,1.2224400769351331,5.93,1,1,68.0299730855807,Italy
7.629885998843007,6.291872798760888,3.71,1,1,25.32129536366171,India
5.740716579671222,9.106045011234023,5.77,1,1,76.80308378939621,India
1.7875255590095152,7.885234356981092,4.24,1,1,22.510867307907887,India
10.079627029376967,6.751047891687112,4.53,6,0,0.0,France
2.696093781214735,7.383812884483182,5.17,4,2,124.76345920757204,USA
10.075582739510638,7.172106847512277,5.95,4,0,0.0,USA
3.8322282784813364,1.5815997065846927,6.75,4,0,0.0,USA
4.1118848144624875,3.3262388441071393,3.07,3,0,0.0,India
6.185300810001971,4.307357204031472,6.46,2,0,0.0,Germany
2.109974500447471,9.661482067901062,3.71,2,0,0.0,USA
6.505973785530122,7.142685252591569,7.22,4,0,0.0,France
7.7914094788199115,6.620689602012788,4.33,5,3,82.26499092740791,Brazil
3.0643971497459486,10.895443197638912,3.95,1,0,0.0,USA
11.324122668922193,6.738001353602964,6.35,1,1,78.38967735119085,Germany
6.5283157758423584,1.8089276989087002,5.32,6,3,32.15525423578479,Italy
7.1959237275161145,5.721442569934645,7.44,1,1,18.877793172442967,India
1.1466347703402981,10.65490069168661,1.0,2,0,0.0,USA
5.632323540486592,6.744618220959184,8.07,2,1,17.42097811856705,France
2.1005903153509826,8.706477657059438,4.77,3,1,50.45891458019068,USA
8.78284783787063,7.566425456209955,4.71,2,1,90.84525121984412,India
2.5450236621627016,10.578929784012328,4.22,4,0,0.0,Germany
9.473634291004213,6.360023854982652,6.24,5,3,231.4414182994547,Italy
7.376657881817179,7.833267098031039,1.84,2,0,0.0,Brazil
4.736182372607622,7.13670442906547,6.04,4,1,42.04395431509034,Germany
3.802339166811398,9.586676439373997,6.45,1,0,0.0,Italy
3.5517753177233264,7.842052374761682,7.58,3,2,126.15051760357309,Germany
4.587123728227335,2.6266486658924726,4.8,5,1,83.07192008314381,Brazil
6.758445039250592,7.082762856098096,8.49,2,1,49.90110613885606,India
9.455626826394056,8.022098396360724,4.85,7,3,285.8274976558676,Germany
7.219967674034173,7.105832224888082,3.75,4,1,98.62085432523865,USA
4.633093347362557,8.488531106517561,7.06,3,1,50.5980554666131,India
2.250536475197362,9.227025904055981,4.03,5,1,25.344851173939077,India
9.563001968318314,7.180696276903553,3.93,3,0,0.0,Brazil
10.093476823841169,5.857484714049831,1.49,5,0,0.0,India
1.320600799965742,10.863648269584703,6.79,3,0,0.0,Brazil
7.635087992544152,4.6469936761437705,2.83,4,3,90.2868313681995,Germany
3.0718905706678337,0.48070741393473915,5.06,5,3,88.03298804593305,India
1.1394965153985654,7.9282315460802355,4.4,3,0,0.0,Italy
8.920773715785163,8.010663221501682,4.11,7,0,0.0,India
10.916847505526533,7.013670690808205,6.02,3,0,0.0,India
2.9210209920164076,9.14621409497028,3.2,2,0,0.0,Germany
9.568324428216087,8.210365574987287,5.53,2,0,0.0,Italy
5.837057367690014,1.2021275267995275,7.55,2,1,9.679701846938002,India
2.0244648057582753,8.167929473207447,7.36,2,2,10.666010358660632,India
7.1842498395060055,6.307936462238483,5.21,4,2,92.35920065718356,India
3.7736960300077156,7.221179675663745,2.74,2,2,144.63321891389077,USA
9.186636151680016,7.515891842536214,2.12,1,1,56.28274872764719,Italy
7.158211914907985,6.527070344860945,6.95,2,2,121.99048047899959,Italy
6.38788755039505,6.1167165136939765,1.0,3,3,57.42843207849873,India
3.2655483683370536,7.592032418600647,1.54,4,0,0.0,Italy
1.9402145438674747,10.64268275132686,5.82,4,1,79.10572547147018,Italy
7.342324587080484,7.029830389793074,5.28,1,0,0.0,Italy
9.186435101837308,7.107953454138935,6.9,4,0,0.0,France
4.798634887165644,3.129176353391859,4.2,2,2,29.13640781335241,France
9.242790044560113,6.010609938740464,3.21,1,1,15.841353633132394,France
6.606795798736355,1.9340256569723902,4.38,5,0,0.0,France
5.792526939489794,0.7557658904437801,3.98,4,0,0.0,Italy
8.211540301542357,5.572145400726603,6.71,2,1,79.19203132610978,Brazil
8.193154989505265,6.840539869142298,1.95,2,1,56.209828561567576,Germany
4.88550345041683,6.663554854897741,4.73,2,1,36.84485450628986,India
4.89725194264545,1.3423232809935433,5.3,4,2,44.19259824049752,India
5.387362681676211,7.133750047168449,5.29,1,0,0.0,France
8.351241197520416,5.815353706126525,6.84,2,1,77.43425180872823,India
10.432504081903614,7.84674192667564,5.81,2,1,10.084177877788068,Germany
3.2112507169301026,8.686623981600553,2.16,2,1,85.8879782757111,Germany
5.868735386428661,2.434247716237167,7.1,2,0,0.0,USA
1.895030923009325,9.771793838245626,4.1,4,1,92.77252002360179,France
4.608553887471776,9.69750914298713,2.25,2,0,0.0,Brazil
8.384693048054976,7.8880718281895845,8.78,5,0,0.0,France
8.84298583441679,7.45541820167774,9.64,7,2,74.00743415431367,Brazil
4.201662252767569,10.543836447658935,2.46,1,0,0.0,Germany
6.477445584823044,8.200885124705179,6.41,5,0,0.0,Germany
7.896097739068175,8.347874705358668,5.46,3,1,94.70837316399717,France
9.27980356194892,8.216870178106848,4.95,3,1,80.86120000186239,France
2.3148133214754143,8.661119835387634,3.74,3,0,0.0,USA
7.825635552085075,6.914357846284762,4.47,4,2,191.03823530834018,USA
0.9296254773220378,8.491426101045054,6.41,3,0,0.0,USA
9.124092472672366,6.2072327451975635,4.4,4,1,76.9694434831182,USA
3.6601912004750528,9.389984146543993,2.08,3,1,16.317507240476843,USA
6.842063839770159,7.032128498908644,4.78,1,0,0.0,Brazil
7.925047138595726,7.891875064041346,7.39,7,1,27.089644008792316,Brazil
4.919943209195387,6.566867899582331,7.95,3,2,64.93839583084088,France
7.713965377733933,7.571163970669843,3.5,4,0,0.0,Brazil
8.259980126564455,6.254999047026999,6.32,2,2,85.44523905609833,France
11.366572856949725,6.2544186243327395,4.52,1,1,32.98136503496282,Italy
3.0268901959219647,8.926194884169249,2.68,3,2,78.3345139800623,Germany
4.248854169362525,3.452651445801605,3.77,5,0,0.0,India
4.351095396010607,9.906353727930043,6.95,4,0,0.0,Germany
9.107438559166312,6.319204531115695,2.97,4,0,0.0,India
6.6620529363154795,3.8043468195066197,3.87,2,1,40.81921250142018,Brazil
1.668577596548197,9.5610196963997,2.76,3,1,24.412853658149213,Brazil
8.960529907676754,8.533905524560467,4.22,5,3,168.50071038991078,Germany
7.837001621836418,7.233797339170924,2.87,3,1,73.13034842438836,Germany
10.545553751206564,8.455810290337642,1.79,1,0,0.0,India
7.507523840996148,6.984187071082642,4.91,4,0,0.0,Italy
1.7964855941914188,7.131135920139737,5.8,4,0,0.0,Germany
2.4111300835138056,10.310157910061335,6.39,5,0,0.0,Brazil
7.795285229799628,7.91935478000925,6.59,2,0,0.0,Germany
10.380520650823232,8.209050287804658,5.55,3,0,0.0,USA
7.782286150177455,5.813971293028748,4.31,2,2,64.12992063937108,USA
0.8671824629163811,10.024103217540956,5.59,1,0,0.0,USA
7.31995287582746,7.688373418342872,6.37,3,2,153.24263249624892,Italy
6.576655317563987,7.469269981264889,5.75,2,0,0.0,India
3.612564229226624,6.861395535245839,4.84,3,0,0.0,Italy
1.6346805489202276,8.364520901350055,4.98,0,0,0.0,France
7.689193993240842,4.978196444613445,6.49,2,0,0.0,Italy
6.39288568899321,6.68279618098568,2.99,4,0,0.0,Italy
4.815482386032471,1.821218560468746,2.32,2,1,92.28502023800867,France
5.821491078583849,7.192687018670638,5.07,1,1,61.33859545850415,France
10.336609565960664,9.663519237431151,4.38,3,0,0.0,USA
3.6578593390171967,1.2864372883733806,3.61,6,1,53.39939242617486,USA
6.422085257146489,6.446361983927411,3.8,3,3,85.94817567694497,USA
5.580933900157846,6.598191572524897,6.11,1,1,11.936579468827489,India
0.830522949680184,7.102645577546564,2.33,5,1,73.56351056140916,Brazil
4.446574609780131,3.444754766510626,6.84,3,0,0.0,Germany
9.83946531452116,8.923920214387998,5.9,4,0,0.0,France
0.7610605539319149,10.054347948100897,5.74,2,1,87.25278234411722,Germany
4.579658066764797,8.321451338991317,8.47,3,1,99.89363563782186,Germany
5.592679905034851,7.00465807296237,4.72,3,2,56.111707880016134,USA
4.567021147387046,3.862448479444728,7.26,8,1,95.84672015178211,Germany
4.647241517651668,0.4946227469419331,6.14,4,1,92.1186952989772,Brazil
7.309527296359157,5.202484151119812,3.7,5,0,0.0,Germany
2.623737468305368,10.252102440171782,6.07,4,1,99.77784632324123,India
4.182201843239668,3.044645614195292,5.69,4,0,0.0,Italy
7.292047261001177,8.335001758565257,5.32,7,0,0.0,Germany
3.518981862459942,0.26839393971268777,2.87,1,0,0.0,Germany
4.011224531153531,1.6956560650804986,4.61,5,1,69.39390619197177,Italy
5.32573665483652,0.18056088985072938,6.58,3,0,0.0,France
1.6524951428101944,10.69166321600381,8.37,2,0,0.0,Brazil
7.299480466166666,8.234785198536526,9.33,2,1,16.27707631376086,France
8.49724864977742,6.4303969857794385,3.44,0,0,0.0,India
5.265470138734662,3.45781154581724,3.96,3,0,0.0,USA
5.670258012816507,7.546372979636738,4.72,2,1,40.49291638870384,India
2.2848579662746675,9.918303682959635,8.5,5,0,0.0,France
3.9877196134201776,8.294441919803614,5.48,2,0,0.0,Italy
1.76673870946013,8.376698586122357,6.89,4,0,0.0,Brazil
7.224968827556526,8.217065121387812,6.44,2,0,0.0,India
8.626535336450226,7.357460800633667,6.19,2,1,61.04636462598466,Brazil
4.25549145963518,1.76740269026356,2.01,2,0,0.0,India
8.821706775273597,8.207506075968372,4.17,4,2,57.44811497754985,Germany
3.713715572744893,0.7637343549816733,9.16,2,1,65.73628738975376,USA
8.209513928303249,7.274018269433635,1.69,6,2,39.17346572220539,USA
2.973115429438904,0.47841353749108784,2.07,3,2,84.95640292052033,Italy
9.870154307364444,6.434270753027786,4.46,2,0,0.0,India
5.062833954488897,5.532431507763323,4.95,2,0,0.0,India
6.882542342566064,7.677931714718726,6.16,2,0,0.0,Germany
3.631742429297164,8.096783307184058,3.11,1,0,0.0,Italy
5.150326325106514,8.37118951688742,6.13,6,0,0.0,Brazil
1.192082555712885,8.896217601207242,5.34,4,0,0.0,Brazil
3.5366011745787613,8.641017882257007,2.26,3,3,148.5782356263533,Germany
5.972842924475841,6.474259326583048,5.26,3,1,47.600777093665094,France
8.57214989143183,7.435217045605378,3.17,4,2,97.91618397196311,India
5.000247552132962,1.0625245967582422,2.95,1,0,0.0,France
6.688703459396164,6.772964263538379,6.42,1,1,32.92083034428983,USA
5.636938192681743,3.1005197732962175,1.19,1,1,40.37404975172762,France
6.865245194907004,6.689898633933105,4.55,1,0,0.0,India
2.657914350489388,0.4739884819830338,5.85,4,0,0.0,India
1.9365307891207442,2.3125254966969524,8.34,1,1,31.205257267003688,Brazil
0.8097616400440406,8.612491101256689,5.61,4,1,17.05285823351621,USA
8.356791607463652,7.39040075283901,8.51,2,0,0.0,Italy
8.240153153645442,8.622704168127887,4.89,2,1,14.4749781330781,Italy
2.916233935979531,9.700604585155022,6.32,7,3,18.806557723286623,Brazil
0.16012183635199273,8.298242691922482,4.44,2,0,0.0,Brazil
9.153288169090755,6.969571527824935,3.54,6,2,22.339467458085757,Germany
3.3053344262392454,8.064222630732194,2.43,3,3,268.902525722631,USA
4.06527697804471,1.63739106620031,5.65,4,0,0.0,Brazil
0.8805820774814583,7.63418466998343,2.62,9,1,9.912452040226995,Brazil
7.494941073224978,5.022259441985282,6.45,2,2,38.43649810052204,India
7.019222318267022,6.273314568216312,5.84,1,1,12.50059359302412,Germany
5.910944162235134,0.9931073821001178,4.97,5,1,78.12029588628734,India
1.9536849767105018,8.095599616712228,8.4,3,3,105.00322467900887,India
7.785258039041098,7.471725884126601,5.99,3,1,17.26229795461216,USA
8.801313379139868,6.8964123667660715,3.45,1,1,78.16328845608692,India
2.3828180435063384,10.953215127256605,4.54,4,2,180.56716366619074,France
3.163221612710048,3.0309706914826506,3.79,2,0,0.0,Germany
5.585637977859602,7.171273363702288,7.69,5,0,0.0,France
8.863389400604314,7.4003186067300275,5.52,2,1,80.47960169731509,Italy
7.872495896529968,7.429348246588522,6.39,5,3,237.14272102077547,Italy
8.006594618287833,7.133037217693597,1.58,1,1,68.41869423183044,India
1.649612750709194,9.094087612257054,2.66,3,0,0.0,Brazil
1.8136598654869727,9.863388238941466,10.14,2,1,16.1856832048056,Brazil
6.106227375083659,7.936380001024053,5.55,2,2,129.93580348151607,USA
5.637144403886974,3.1550597264996254,3.11,3,0,0.0,India
0.5608549782629371,10.039395280780095,2.66,1,1,36.57718342209188,USA
10.04652021499405,5.833719850133529,5.92,0,0,0.0,Germany
2.3942929386629386,2.1685729052240523,6.19,4,2,87.4099154899287,Italy
0.4351149533027767,8.094901536611898,5.61,6,0,0.0,Brazil
3.090878537001394,7.999529397505455,4.75,6,0,0.0,India
1.6511834277506048,8.186089855233087,1.0,0,0,0.0,USA
4.35617210786337,3.1636446691342144,4.75,5,0,0.0,USA
1.5458214938084285,9.42706705513482,3.09,2,2,63.35048134088525,Italy
6.575739861908706,2.1090255855070223,3.12,2,1,54.94493015525954,Italy
10.1500481895467,7.815401066077591,6.72,6,1,36.87981955019727,France
3.7116588688800833,3.216597962043657,2.39,4,0,0.0,France
5.234733209625346,1.3599577914647356,6.68,2,2,53.392942103621266,India
5.5881583020859065,6.573106533270585,8.17,0,0,0.0,India
9.33320841481533,6.039153507189529,4.84,3,0,0.0,India
7.0029387902174305,7.370276908652507,2.76,6,1,68.53692460349976,France
7.192044373052033,6.223425952920897,7.61,2,2,196.61686010404873,USA
4.086701590880831,1.7192179775434968,9.3,4,1,54.42539079784439,India
8.373840151058776,6.963767898893071,3.72,3,1,55.82567870089384,Brazil
6.6169852032795795,8.33012594944348,4.26,4,2,48.737203508769994,USA
2.0678904713535045,8.281129931088325,6.69,3,2,94.87755561872075,Brazil
6.267470384195718,7.778983404153276,2.4,4,3,74.4528450557732,Germany
4.376455400245559,7.3640939328765,6.47,2,2,52.79280464781554,USA
9.137311754007852,8.738363051957963,4.53,1,1,6.106636503645014,Germany
8.771660763636941,6.9422456597452555,6.98,3,0,0.0,Germany
4.324612502311846,2.2412201115304855,1.0,6,2,117.27388386174289,Brazil
0.9586971302386733,8.01593208745953,7.91,4,1,67.16631644753456,USA
7.19869011093597,7.794763328601676,10.52,3,0,0.0,Germany
4.012338833484028,0.08031686471515664,1.0,2,0,0.0,Italy
7.839980243293384,8.635211624547107,8.38,2,2,163.01328168055758,France
2.186118349936721,8.761932626072033,1.99,1,1,13.534981152046552,Germany
6.651145013433078,6.966271697375441,7.6,2,0,0.0,India
8.409599763341943,7.1192157068985376,4.87,4,0,0.0,France
2.3224308585756717,8.258903195844999,6.65,7,3,216.13866107561955,Brazil
9.427020281328002,7.719234447915657,4.68,1,0,0.0,Brazil
7.197928205255604,7.421730356585134,5.72,2,1,7.9046718952163335,India
2.5918783088954496,8.892538619815038,2.53,3,0,0.0,Germany
9.675709840985585,6.971305596601247,1.21,5,1,71.05712367381022,France
3.388480405464738,9.362881248059303,4.02,3,3,142.20263329154008,Italy
5.575935004164117,2.7501063868722486,4.31,3,0,0.0,USA
4.124707937136083,1.8466507869867816,5.3,1,0,0.0,Germany
2.3859928162682644,9.56577150423879,5.72,3,2,57.909701584685635,Italy
7.741070620615557,6.782620654252249,6.58,4,1,16.284958166020193,Italy
5.88167286900872,7.283424360597654,5.48,4,3,133.84754394023238,India
5.031088163465495,2.5549514545690943,2.29,5,0,0.0,India
4.947711208741986,4.041395725446556,5.75,3,3,183.3065450675134,Germany
5.633297380076326,8.03511809067585,6.49,5,1,59.55668777456512,India
6.406581918313269,6.778782416415479,2.31,4,1,23.20518367436763,Germany
6.305240840017394,7.377479126416209,4.11,1,1,74.38183253549094,Brazil
4.822891764539583,0.9816426428360998,6.46,1,1,36.31349906864351,Brazil
8.98675040379521,6.193634827595952,4.82,2,0,0.0,India
11.328609465012338,6.657042988535222,4.38,0,0,0.0,France
9.03201141668039,9.786536604273728,3.34,5,0,0.0,Italy
8.09033235800881,6.094743564593689,5.66,3,0,0.0,Germany
1.3360729854661089,9.383928320396416,6.83,2,1,10.566400455250015,Italy
0.9550372023379761,9.868262104750546,3.9,1,1,14.720121605610817,USA
2.6871154988571484,8.101475208901809,4.55,3,3,193.80501640897438,Germany
3.80247311091261,0.13371943068534886,5.73,4,2,199.88947209372398,USA
7.59816989793031,5.047989985698646,5.91,8,1,49.0646547852396,Brazil
2.358778717909174,9.379247130664547,4.0,3,1,21.24445051180667,Italy
1.8428851221435383,9.476877421052272,7.77,2,2,62.35119037016336,USA
3.5813366350383573,6.092935644703714,2.49,4,2,46.78773248567657,France
6.814299220256753,7.223762640184437,4.7,2,1,95.92544154746244,India
5.804290576763371,2.8988464416546016,6.13,5,0,0.0,France
1.9482781751115115,8.718805810169162,5.87,3,1,47.02403503354411,Brazil
4.637509920095293,1.4295627878476793,4.08,7,1,83.77368892861982,USA
9.22863190574771,8.42094560292141,4.44,3,0,0.0,USA
5.432804351039736,6.6361234052783,6.43,2,1,45.85899246452156,Brazil
9.257197021078373,6.179887681993657,3.85,6,1,77.04038380269319,Germany
1.8236898842625462,10.862894961494733,5.06,4,2,57.54116822412939,Germany
6.109577082233685,5.373962352501,5.83,4,3,265.99074991804486,Germany
2.68182492299357,9.897946065684994,4.99,0,0,0.0,USA
8.804889403738756,6.152987111790454,7.49,4,0,0.0,France
10.814543821026323,7.1224151202092765,1.04,1,0,0.0,Italy
7.013406563672509,7.74054806134278,7.9,3,2,96.91759908178682,Italy
7.743754465415443,8.456365127211598,3.8,4,1,82.52190035908113,France
7.661806645103904,7.340675623035504,2.76,5,2,192.72455120240653,India
3.6663142417660213,7.681157773420515,6.62,4,2,183.07020371713685,India
8.121448221816559,5.4314379899137775,2.57,4,0,0.0,Brazil
2.922662784176026,9.274566634781207,4.5,3,1,56.49379673362069,USA
7.313139012354804,6.320448022951578,4.08,5,0,0.0,Italy
2.843972955159291,8.610637664956325,1.0,1,0,0.0,Brazil
2.6005971805618646,8.93340763033286,3.13,2,2,126.4042890310356,Italy
7.2476854732949505,7.287698937935642,7.76,2,1,13.725699437390167,India
7.083016686002706,6.992470746748346,6.76,4,0,0.0,Italy
9.450240809277831,7.9186802393834315,3.91,2,0,0.0,Italy
6.71413562701813,5.913969932414898,3.92,4,1,75.46489610203163,India
8.988676122922277,6.7146997530753385,1.0,4,0,0.0,USA
4.075588983509082,1.3804668609836255,5.81,1,1,72.36711702542816,Brazil
7.153881417225175,7.336486856970462,5.4,4,0,0.0,France
2.160855883806623,8.116456061772691,2.87,2,2,96.35780632449291,Italy
2.0769346724185946,9.484330315566524,5.63,0,0,0.0,India
3.044525809006673,8.92375284589416,3.3,3,0,0.0,Brazil
5.090034470174749,1.8688112345026455,3.81,3,1,69.79969619770286,France
3.2820752908763593,9.421338415322857,9.16,4,0,0.0,Italy
3.955066726489205,1.8789006131758312,7.27,3,3,39.098413065730824,Brazil
2.0726378188950823,9.918220969284517,3.52,1,0,0.0,Germany
7.018128213091224,5.709917259205385,7.28,5,3,96.57869314284642,India
8.95718023865678,7.824684985567155,6.58,2,1,34.31300132363221,France
8.551599662943822,7.352801870999518,6.22,8,1,29.982179095054146,Italy
9.864395839377169,7.143790401488582,2.34,3,1,75.69170044478864,France
2.8036533806407844,10.467041673324506,6.36,2,2,121.08773152137088,France
8.16436260492596,5.805573800552,5.91,1,1,83.65809184130208,India
3.8116982723545934,2.658826076454443,6.47,4,0,0.0,India
6.711030342886442,5.4780990306941675,4.67,4,3,167.74580464358897,USA
6.972226586419663,8.749083669102824,4.22,3,3,103.12828856714191,Italy
7.651434679040113,8.668707570845001,8.98,3,1,6.759578601204849,USA
3.1506792182757026,9.446208672872261,5.59,2,2,65.5675451968718,USA
6.406812121223438,9.602563734267886,2.48,2,2,127.2304124058535,USA
3.387520700232489,8.636278229180105,5.53,5,1,7.158249172390858,USA
2.569023766582654,9.507846332532614,6.34,4,1,96.78020849508988,USA
7.432551207387504,7.938256024570358,2.57,4,0,0.0,USA
4.731046982894541,2.7613738247379187,2.57,5,1,40.97000453735356,Brazil
3.129837624242849,1.7526314547841946,3.73,3,2,32.48164342332029,Germany
9.607473036442627,6.389517413435989,7.67,3,1,80.80893960229028,Brazil
2.044827759506176,8.463734196489835,2.82,2,2,129.48009265953988,India
5.080232830106015,1.4522011327096362,8.08,3,1,34.55238712251232,India
4.573429860918646,1.6150902377614131,3.11,2,2,139.7520354964362,Italy
7.159593323957799,6.767360655199197,3.81,3,1,98.0182797695814,Italy
4.744306067175312,7.216654514485057,4.3,2,1,30.32614584562704,USA
1.2142120382357944,9.558506480538668,3.77,4,1,10.062619569797794,India
7.138849004155363,6.755724826368232,5.2,4,3,223.35418478672187,Germany
4.712032073049863,2.711406914756894,8.8,1,0,0.0,Brazil
9.510546629188415,8.579200441239804,1.58,2,0,0.0,Italy
9.922798380214793,7.318192342172578,4.12,5,1,43.95590699559034,Brazil
6.957958040081428,7.395578866359806,2.36,1,1,18.07550775673283,USA
6.709942100293519,6.679714808399595,9.49,4,2,133.78778217405306,Italy
9.654933943775594,7.217929956210025,1.0,2,1,59.55167821304359,France
3.7014117304870164,1.4267620644770589,7.66,2,1,55.897052374578905,Germany
5.170773150444051,2.831308754874748,1.92,1,1,52.04944722111268,USA
1.8300548476145546,8.712240628708457,5.7,6,1,24.319291687834777,Germany
6.560789787770845,8.538884218361977,5.76,1,1,33.35145858368707,Germany
7.189472092515343,6.094983007815892,6.62,7,1,41.09094125314905,Brazil
5.14521598387545,2.5010090338563193,5.54,0,0,0.0,Italy
7.88309261695056,8.36258610863959,4.38,0,0,0.0,France
2.881516675990673,9.451599315237281,1.0,6,0,0.0,Brazil
4.824841423570188,4.374753344971085,6.45,4,1,92.35026317968416,Italy
6.936133315810478,7.381867354445667,4.99,5,3,264.91935598278565,France
6.446443123879727,8.483839068305842,8.35,4,0,0.0,USA
4.802675454328014,3.4681999936765697,5.21,6,0,0.0,USA
5.906540089426514,1.002107654832999,2.85,1,0,0.0,India
2.3636764252845093,8.400163563190006,1.88,3,1,27.192750211059952,France
6.127143814077051,7.468218192200256,7.11,0,0,0.0,USA
3.346756585823131,2.0570421857016656,6.31,0,0,0.0,India
3.703122629451806,9.157229222962028,5.31,6,1,28.78919566376478,Germany
2.7966451424531056,9.301615032601331,4.83,7,2,150.91169326671752,Brazil
3.889468708473445,0.18886261598670684,4.31,3,3,32.76229835092503,India
5.333584948764287,3.5576640590977906,5.01,2,2,153.35490732665812,France
3.034828557038135,9.046693141538459,4.27,3,0,0.0,USA
4.840723929343811,2.0739607565855382,3.7,3,1,39.70140986623811,Brazil
5.634177662915724,2.2279008213209415,7.63,2,1,76.36553847407455,India
6.340585694398511,7.202121563893352,2.72,3,0,0.0,Germany
6.707568268785011,7.468471157582725,4.91,3,1,38.693684123027026,Italy
5.6163102134261695,0.8410205432247253,6.46,5,0,0.0,Germany
5.716724618607131,7.027264898492807,6.41,2,0,0.0,India
8.789479363426526,6.656877722540726,6.03,4,0,0.0,Italy
5.9558862559465995,1.4343848460933435,8.66,2,0,0.0,Germany
4.390905180947426,2.287299180391398,3.18,3,0,0.0,USA
9.005959282124374,8.436523614637384,4.69,2,0,0.0,Germany
4.070690845494609,10.51770595662732,6.69,2,2,153.13474763171345,Italy
3.9036926919120116,10.068177680494205,4.69,1,1,28.05040629993042,Germany
4.530996263014698,8.913005409496789,4.13,2,2,31.686466243993404,France
1.7723537259603168,8.732958571080108,3.98,5,2,19.979773479950865,USA
9.466626248653764,7.125994311207489,3.88,3,0,0.0,Brazil
7.397761247818128,7.418346723350735,4.82,3,0,0.0,USA
7.1043070927811405,5.805088378765037,9.52,3,0,0.0,Germany
4.2102438577005925,0.6720604175493867,4.65,1,0,0.0,Brazil
0.5166822698846318,8.247629540414973,5.28,5,0,0.0,France
4.646260377191417,0.12491115386231688,5.6,5,1,12.289723876588555,Italy
5.9913181676783696,6.855913382081476,8.07,1,1,86.03443066047137,Germany
6.880196141334235,7.813334170292716,6.17,3,0,0.0,Brazil
9.29851480553389,7.783945183483092,6.75,2,1,80.20100892613593,USA
7.389035328232184,7.2103522672086395,5.23,1,1,14.552214859120289,Italy
1.750269033265985,9.295477552167696,4.26,2,0,0.0,Germany
4.262492318765892,3.3180237151214262,5.3,2,0,0.0,Brazil
3.8301540004608174,2.160970021983254,3.01,1,1,66.2640210694986,USA
3.370900693309008,9.044317607362403,7.28,3,1,11.841355541704626,USA
9.503468055920422,8.617456438604417,6.21,1,1,80.21093578390293,USA
2.5640916236690368,9.299840203055979,3.65,1,1,5.185786941606329,USA
2.7778433763624926,7.177926344427924,5.16,3,3,90.70031267776069,Brazil
1.497734587644394,10.355762043729202,4.69,0,0,0.0,India
9.654350828582213,6.4743832689857115,8.26,2,0,0.0,USA
7.605460965249296,6.854862406018905,1.0,2,0,0.0,Brazil
6.869139208477395,8.280166130439326,3.72,2,0,0.0,France
10.183955674964157,8.275074993577789,5.07,1,1,90.03811936022508,Germany
2.8066798239266,10.326269866772268,1.92,1,0,0.0,Brazil
6.589589388097369,6.486119021100938,6.81,4,2,191.1695453408282,Italy
3.280969580445625,10.623806793974294,1.19,5,0,0.0,Italy
6.91776175997591,7.0906445336289385,4.83,3,0,0.0,France
3.3987120526782735,8.198475843232883,6.94,3,0,0.0,Italy
4.46703316141399,1.5374051869701129,4.59,6,0,0.0,Brazil
7.609861266212468,5.849682018688988,5.86,2,0,0.0,Germany
5.25482347525948,2.482852761183061,3.74,5,0,0.0,Brazil
5.124470215067376,2.2406450728387934,2.16,3,2,89.40237040521797,Italy
1.2322322369645624,9.352309609300029,4.53,5,0,0.0,Brazil
4.180847163049201,2.554893048911238,8.0,6,1,46.022467254351895,France
4.627854807314913,1.7336138250036326,4.56,2,1,48.915897727292574,Italy
6.591945147475548,5.2049796535857205,6.52,2,1,87.23031157489658,France
4.753273228194791,2.432163685615023,2.61,1,1,32.909304653766526,India
8.167455562134078,5.39268931477462,6.51,3,0,0.0,India
8.149550278478817,5.68397587618484,7.52,3,0,0.0,Italy
3.012873915361353,3.9957599145102134,2.63,2,0,0.0,USA
3.154692673528169,0.07630480172894893,4.35,5,3,194.54282130317046,Brazil
3.490706274100701,9.476389602461593,2.91,3,0,0.0,Italy
9.163782085541017,7.719327856228912,4.04,2,1,85.45756962639354,USA
3.555318708115254,9.487693543910789,3.6,2,0,0.0,Italy
0.8220559879801854,9.895925885147772,6.6,3,0,0.0,USA
1.4489877155538704,11.773946167109399,6.23,5,0,0.0,France
8.866494665085563,7.291336964554421,8.14,1,1,52.75443548100357,Brazil
2.5288354219794313,9.566776082615469,7.37,3,0,0.0,Germany
9.518294451568035,7.82685168934427,5.17,4,1,62.66120912425428,Italy
7.408297367714641,7.524570579780398,1.37,7,3,94.26666876394577,Germany
4.150464601733681,0.7721298697316525,10.45,0,0,0.0,India
1.9869469870349716,8.916370881755418,6.88,3,2,114.8960617313654,Italy
4.103625281847117,8.414911105244549,5.65,4,1,85.36728571813453,France
5.3983905995276755,6.12126182743715,5.95,3,2,107.37486949787358,India
8.250469235980276,5.285189385189932,2.84,5,0,0.0,Brazil
8.391880973331233,7.218521412594582,3.11,4,2,31.259937328353377,India
1.530308064495971,7.642542998934816,3.17,3,1,49.77345037275079,France
9.831761355769126,6.5990831553954274,5.65,2,2,122.89761156896535,France
4.285209377101152,10.078227115759178,2.06,3,0,0.0,USA
1.0057993212855996,9.891648418773993,2.99,1,0,0.0,Italy
2.456939132555267,7.953681061801721,5.9,4,0,0.0,France
10.033903084859455,6.661005769191963,5.87,2,1,72.61990989593617,Brazil
4.148681785578185,8.621815022137449,5.17,2,0,0.0,France
9.113510194022357,6.995452545134026,6.49,3,2,112.57366428713098,Brazil
2.8308326742701326,11.091034111759162,1.85,2,0,0.0,USA
4.78842673982074,1.6714366299820962,3.49,6,0,0.0,Germany
12.473527984176112,9.415621487116612,3.99,4,1,17.272196922716226,Italy
8.846256344089381,8.090573133991413,2.92,4,1,43.36295919963093,France
10.615591555325658,7.799533715564329,5.8,2,0,0.0,Brazil
1.109842186466748,9.93891981111109,4.29,2,1,6.048429679712767,USA
4.9815390681807274,1.7018547058724345,6.3,7,0,0.0,USA
9.266756191391588,6.040437479122261,7.79,5,0,0.0,USA
3.594348149610548,8.188875598219367,4.72,3,2,35.006882089866906,USA
9.497754643852325,7.327524175735299,8.97,3,0,0.0,India
10.383237126229126,5.064136657594517,4.58,5,0,0.0,France
3.6861597358227183,10.834830036140136,4.03,7,1,20.901201110270797,Italy
9.243378709581563,6.52505011869907,3.59,3,2,55.78986853652652,Brazil
0.7703462711994189,8.69304336208041,5.92,4,0,0.0,France
8.325284833270196,8.100444770258894,6.5,5,1,57.758230734860994,USA
5.040048441428599,0.040893590297031324,4.59,2,1,82.7539771245887,Italy
5.661841612906243,2.184379083165189,2.43,1,1,39.92474645844815,Brazil
10.21111900638242,6.819592235537364,2.14,5,1,25.09920258297079,Germany
5.104130074351105,2.5823052029942457,2.46,3,0,0.0,USA
4.94153229175813,7.82164351354369,2.69,4,1,7.886468845127055,India
9.271304021878226,9.581983711653347,1.0,3,3,251.9630265080075,India
6.653084440220274,5.582193087615185,4.22,5,0,0.0,Italy
8.672780693605421,6.928429272010291,3.62,4,0,0.0,India
3.904646127807822,8.306375187524246,6.7,4,0,0.0,Brazil
5.655506720222572,2.1606290660296428,2.87,4,0,0.0,India
8.196206752759426,6.563871154665325,5.48,5,1,88.87693962182873,Germany
9.08339284367927,6.221430959906144,4.35,4,0,0.0,India
2.507578591695809,9.429059018987113,4.6,4,0,0.0,India
0.6080069372997428,8.9536253143837,6.62,4,0,0.0,Italy
2.476400627641164,8.255790793498251,7.61,2,2,113.10306072415163,Brazil
10.11148915079591,8.455928456207973,2.9,1,1,97.34390812037864,India
7.159239911055947,7.00730897725839,2.6,1,0,0.0,USA
2.643506364523298,9.825094401358104,4.94,4,2,59.281700266528894,Brazil
1.8014456875972749,8.451819352304053,3.71,5,0,0.0,Italy
6.97762815793461,6.070247608405071,5.96,4,0,0.0,France
10.309539500915163,7.102688423461621,1.77,6,1,85.23651314310318,Italy
3.693052279340215,5.535675685192942,7.23,2,0,0.0,Brazil
6.219316727922961,1.361410044436147,4.97,3,0,0.0,Brazil
4.822049463940203,2.8650473185110066,4.48,2,1,22.94615913212983,Italy
5.621028551798455,1.5862402373407847,2.04,2,1,26.747061446823906,USA
7.578925953643886,8.04752517049872,2.27,2,2,97.38342385784,France
0.9299848075453587,9.78172085735123,3.89,4,1,53.04632886509799,Germany
5.31623588390301,1.935482563198494,8.23,2,2,28.398168525404063,Italy
7.524523049795608,7.609546642123596,6.08,1,0,0.0,USA
8.677716454480843,7.305356034093249,4.8,1,0,0.0,France
2.888325364040237,8.81070576809596,1.4,4,0,0.0,Germany
4.494529413914216,2.3205671703754938,8.17,3,0,0.0,India
5.115467272156684,0.2262739925951771,5.08,3,1,47.878494653800644,India
9.500565835301634,6.520210057091587,7.93,5,3,235.06969159446282,Germany
5.459356105883808,6.693040655299347,5.71,5,3,87.04123858429536,India
1.534077889634999,8.867228746696183,6.31,1,0,0.0,Germany
2.7682397688734532,8.817936279113344,4.72,5,2,64.82640270787773,Germany
5.201661354182573,6.772823727179368,5.55,3,2,161.65228870826343,India
4.734406403816569,3.7792588017776936,7.23,1,0,0.0,USA
7.6079564595730105,6.111915465170099,6.79,1,0,0.0,India
6.291469926715405,7.586585094041743,5.04,4,1,28.663747821163696,France
5.245283340990848,2.4458094469307436,4.32,3,0,0.0,Brazil
3.055442071305233,9.406090133600868,2.51,1,0,0.0,Brazil
9.53565741513347,7.022687628543671,4.02,2,2,134.4232703670668,USA
5.238875177912366,2.8265186612808786,7.07,0,0,0.0,USA
4.679592657947736,0.5502927761291776,5.78,2,1,29.847653253793194,USA
4.43459481673185,3.091719628196058,5.33,3,1,16.699834417890504,Brazil
7.095457946587424,5.742251817306575,2.08,4,0,0.0,France
8.733167774784798,6.690874664058684,2.34,2,1,76.88486500535909,Germany
5.050652434896917,4.647763560090208,7.73,1,1,45.184699693844465,Brazil
4.606853572508541,1.4695194235651357,5.17,3,1,79.37989837476749,India
3.8013782198441493,1.2306829061711324,4.89,9,0,0.0,India
5.703616205953564,5.745340978409182,2.6,4,3,73.50544301377643,Italy
7.918168048187026,5.76731139766304,8.63,4,1,87.86687989751634,Italy
5.040520474567938,1.1850934300370608,4.54,3,3,35.59687167798973,USA
9.552940568760308,5.985181090176764,4.46,1,1,61.53471370527131,Germany
3.549391342868648,10.959481202475255,8.08,4,0,0.0,Germany
5.243930481149724,1.5631402724018213,4.79,3,2,75.72867509535955,India
0.2102994994334999,8.651447567758662,7.17,3,0,0.0,USA
3.1443372997298975,1.9608712346326744,4.62,2,0,0.0,Germany
3.7005011202553986,9.670839736832152,2.5,3,0,0.0,India
4.471578413056458,2.5722730158043268,1.0,0,0,0.0,Brazil
9.429971396899532,7.316285602049168,2.63,2,1,73.32656506568823,India
4.15923089473986,4.512551306723593,6.07,1,0,0.0,USA
9.091207822414384,4.881815928596216,3.38,7,3,40.7375650199067,Brazil
3.941616987476709,2.0973453686853456,5.42,3,1,79.43046097029492,Italy
7.12862185602868,8.098753644336457,3.74,2,0,0.0,USA
7.246344859727303,7.226973581200557,3.34,2,2,92.16768394898224,Germany
6.615808105471929,6.6390335144726516,3.47,7,1,84.38879965779357,Germany
9.342692957016617,7.622706376312501,2.42,3,3,26.514810623025635,Brazil
6.801741464170595,5.336016929751901,3.97,1,1,65.0819568098928,India
5.4230344922412765,1.404292708743363,6.34,1,0,0.0,Italy
3.7094940301085266,8.679784892357373,3.02,1,1,60.15697725091834,Italy
10.918610373878462,6.528347903084869,3.0,0,0,0.0,Brazil
1.3141509941279077,7.491099223414547,3.25,2,2,191.0520011355877,Brazil
4.923789894964482,1.9661067793899023,2.59,5,0,0.0,USA
3.8416727598699474,2.9917071115911265,7.24,6,0,0.0,Germany
4.276703277495285,1.7567509723023609,8.07,3,2,186.8338697475535,Germany
9.912790522992012,7.916693906496733,5.48,5,1,21.192553313700056,France
7.939286223798886,9.72054683369989,7.33,3,1,35.421734678649784,France
1.4618799164313019,10.183876120626095,2.24,7,0,0.0,Italy
6.074387333246864,6.916556913533984,4.53,2,1,95.7203507018423,Italy
2.432375731992495,7.7312939040097515,5.35,6,1,13.073724214148946,France
7.664945111414508,4.9311464818283275,6.47,2,1,73.33523552909236,France
8.882587876914586,8.468739602070363,6.31,3,0,0.0,India
5.207585418108949,6.382891612822753,1.68,2,1,55.10032350772268,Germany
6.660318278019216,6.84481420253073,4.03,4,0,0.0,USA
1.6189992119279633,10.049535462922075,8.3,5,1,50.90593013161893,Germany
2.340736646783136,10.33188366380628,7.34,2,1,98.53409015493,USA
7.202222646039691,8.146382138282055,8.55,2,2,129.28354617382627,Germany
4.778907523181227,1.9280467936166803,6.09,6,3,288.7197398181316,USA
7.764953623369331,7.652746482929047,4.0,4,1,58.046737606412165,USA
9.72444040798366,5.703833049982077,6.2,4,3,71.30052108108461,France
1.7671022510434433,9.313578708604814,8.29,7,0,0.0,USA
3.5681052101093504,10.495949530660921,1.57,6,0,0.0,USA
3.707164052270012,9.901365904644608,6.76,4,0,0.0,USA
9.472849080069953,7.968706411979605,7.19,5,0,0.0,France
8.460688184849369,7.104464327474094,6.33,0,0,0.0,India
6.6788029014767964,7.838188972917307,5.87,2,1,37.13209056780204,India
6.915384835524784,7.164249147964914,2.19,5,3,130.29784364063718,Germany
3.7530608584440355,8.321380930402414,4.06,2,0,0.0,Italy
6.536002112482448,0.6123347056396529,6.23,5,3,271.3177366322637,India
4.544767188527335,1.6401320648869704,3.0,2,0,0.0,France
4.977834390373126,1.3809288391279173,4.14,3,2,35.41398490602156,Brazil
5.068071417957357,6.301033292400444,3.9,2,2,65.02826471322851,USA
9.166437044996252,7.275925670380196,4.21,4,1,65.56763206627565,Italy
4.832868478001031,3.6496246458553947,6.31,0,0,0.0,USA
4.719794099968139,2.2940997458663897,6.82,7,0,0.0,USA
7.403331474040796,8.245905521326891,6.93,3,0,0.0,USA
7.232220288215677,6.179137270571981,4.53,3,1,58.72584283262697,Italy
3.2420733578038043,3.1757461891659595,8.99,0,0,0.0,Italy
7.158977438208192,7.2510406968836145,8.39,1,1,24.21051850741147,India
3.57159115119963,9.44259322540597,5.36,5,2,125.22564762472042,USA
4.65416604811209,2.8841140877802074,6.58,2,0,0.0,India
2.4226078355798504,8.858608892806242,1.27,2,2,115.0204486786279,France
7.300613059164446,6.790068009408988,6.58,4,2,124.67119015892827,USA
2.1195930989607623,6.793865119263195,5.84,3,0,0.0,France
4.402071798802162,2.439600971353049,6.37,1,1,76.36619512640172,France
7.275659251405328,7.801746855661326,6.81,3,1,50.62968638084467,Germany
3.0579225307937117,9.107131029339437,2.67,1,0,0.0,France
10.196150963701452,6.95380623073941,3.76,2,0,0.0,France
5.920131114551829,7.245164626080918,3.11,3,2,115.17241415805097,USA
8.968398597919544,8.212840822828056,5.95,4,2,24.21568337632673,Germany
9.829770041032168,6.443916606334714,7.47,3,1,9.260575935194392,Germany
5.78936620023847,0.39882796620876904,5.5,2,2,104.00303318096704,USA
5.908007471143501,9.169324235870635,6.53,4,0,0.0,Italy
7.751568779609445,7.994782581576057,2.86,4,1,37.24175475579931,Germany
6.761277125496093,6.488558418015852,6.88,4,0,0.0,India
4.136309217320384,1.822555669310799,5.37,4,1,80.00042627147346,France
3.558465455488814,2.309016948660801,7.74,2,0,0.0,Germany
2.300334028047995,7.054616004318546,4.52,2,0,0.0,Brazil
5.204655100542252,2.657655817493728,5.7,1,1,59.01891202996728,USA
2.5060498961464237,10.244276496637005,6.97,1,0,0.0,USA
3.8780541645692526,2.183536797481619,7.23,1,1,56.29656707742627,Brazil
4.727852383357271,1.5328950470899285,3.79,1,1,65.41568283671648,France
8.750363479161734,8.233984017950544,4.76,4,0,0.0,USA
2.2764108801125866,8.257522151182394,3.53,2,1,76.3271514396446,India
3.8781184655454557,1.6734736272764177,7.03,2,2,65.62530072265058,Italy
6.492478875090364,6.879549600936251,5.51,3,1,66.3362776297692,USA
8.301685688319202,6.66507765033249,8.76,2,1,55.25840337755851,Italy
7.1878431193121,7.226859484284189,3.17,3,0,0.0,Germany
7.68271177187033,7.802162640453373,5.47,0,0,0.0,USA
7.705414316405777,6.120667419453364,3.19,1,1,43.28500753100829,India
9.161004221635975,7.472053931140208,5.42,2,1,58.24824641271662,Brazil
8.791607636371038,6.623953636920281,5.02,6,0,0.0,Brazil
3.448660865038733,10.133531045762417,1.76,3,0,0.0,India
8.312667595769124,4.6884713382209595,8.05,2,1,94.30440069600269,India
7.885737248683966,7.711350257507662,3.69,5,1,58.275391828734755,France
7.824535913836337,6.234311951672235,5.06,1,1,49.649168729583,USA
1.9160963650843663,8.704739688884331,7.06,9,1,23.87001609473405,France
7.626190543421181,6.4618945150097495,7.34,7,0,0.0,USA
7.763550140979616,6.737024656247952,9.87,0,0,0.0,Germany
11.714360038682427,6.594994039277219,6.62,2,0,0.0,France
1.478914169020908,9.253075287224835,3.25,2,2,33.47941478405477,India
7.5528408069270245,6.118708574561248,5.06,3,0,0.0,Brazil
6.114991200537957,1.7797420553595265,4.71,3,0,0.0,Italy
4.276747189411023,2.827571685061452,2.81,5,0,0.0,France
6.78050139867511,6.840753838281751,4.5,2,0,0.0,Brazil
8.692355156224412,7.9126428694853574,5.35,6,1,21.39659462094691,Italy
4.2543855953157435,0.09820749539742524,6.48,2,0,0.0,France
7.707920951499669,6.759911034529892,1.82,1,1,94.73153304568166,India
8.560803072159715,7.063844951991174,4.82,5,1,78.52239839097084,Brazil
3.4253895385339925,8.182463919967876,2.55,3,2,109.016219691249,India
4.3550894267127065,0.9759047259723166,4.06,4,0,0.0,Germany
6.713486578072939,8.02985104864384,6.97,1,1,64.7540833930613,Germany
3.873014798223549,2.041241953189353,5.19,3,2,129.90133749268293,France
9.93597112021462,7.831455585460719,5.06,5,1,13.465036692020435,India
2.184857413037882,8.481560629981418,7.27,4,2,53.025548328037324,France
4.418279141843062,0.5321880494158133,5.42,8,2,164.1322578391968,USA
3.7541650364284114,1.3483350655062496,7.13,2,0,0.0,Italy
8.133989155488415,8.201736913653697,4.61,2,0,0.0,Brazil
4.513214808880438,1.4220534439001034,5.3,4,1,35.20616571674614,Germany
9.504644973180636,8.982793579717894,2.04,1,0,0.0,India
8.719733333579136,7.148064480456941,5.5,2,0,0.0,USA
3.6392494637448607,1.1180742095315273,4.48,3,1,99.4942750004836,Brazil
1.9863621350172505,8.440586124259742,2.16,3,0,0.0,USA
4.258389421404009,0.6526762405357005,4.67,2,2,145.48655036020418,India
4.550675538536433,3.583462664423603,3.68,3,0,0.0,France
2.857849757460609,8.665028423879892,5.17,2,1,42.716662417543084,USA
7.468318890620544,7.393909345983982,2.04,3,3,34.079547735419595,Italy
3.855068546525965,8.195028268476824,4.99,1,1,74.78307792285119,USA
4.684431001799252,0.6070556030070471,4.39,4,3,240.19880926138643,India
6.751175170327686,1.112604280126845,4.95,7,0,0.0,Italy
5.970339794457576,5.941538526216007,5.25,5,2,18.478245711321822,India
4.431210465007635,1.6605012382083748,1.97,1,0,0.0,Germany
0.8767863191211149,7.584144750237689,6.08,0,0,0.0,France
9.541054822063304,7.341164724233723,3.71,2,1,12.437054736833769,USA
8.592799584579842,7.882081068780275,4.72,5,1,92.28391610413203,Italy
2.465386151073641,8.867284126569833,4.41,1,1,5.720827394982779,France
3.146937607304066,8.483289173196503,5.83,3,1,72.90140689036933,Brazil
4.048484106390054,3.528368218088074,3.27,1,1,34.449022116592616,India
6.007958186716703,2.099071072335691,5.19,0,0,0.0,India
6.86620670576281,6.893392682234966,5.21,1,1,31.21241737130932,Brazil
3.525797477995014,1.3422388502029419,5.21,1,0,0.0,Germany
10.982294588258004,7.425905113846356,2.71,5,0,0.0,Brazil
8.794684119756424,7.463348186824756,5.07,4,2,163.63618964136987,USA
5.444812226960427,4.163586685129156,2.8,0,0,0.0,France
7.8166024878759375,7.661096648937717,6.1,2,0,0.0,Germany
5.43772953761024,0.09972837998611528,12.69,3,3,155.02476379603578,Germany
4.1073219749364975,9.476458794280264,3.86,1,0,0.0,USA
2.7933057884236843,1.5445151570241986,7.7,3,0,0.0,Italy
4.820183887565604,1.0170339809821929,5.16,2,2,49.61277570989248,USA
7.180196581736519,7.327087146081987,4.65,4,0,0.0,USA
6.957549926829786,6.330535277211503,4.28,5,2,50.2825109138147,Germany
10.033797473301522,7.948129560392982,3.45,3,1,44.84746959262719,Brazil
0.452990493112428,7.911077762476639,6.05,1,0,0.0,USA
1.9939033014282828,8.180004318163697,3.37,3,3,115.06412589362375,Germany
3.613525213838205,3.5626109675024304,3.62,4,1,18.552752959571663,Italy
7.5506420368137235,7.975948756279904,5.46,3,0,0.0,Brazil
3.4003165501478616,0.4702990752583427,4.14,2,0,0.0,India
3.178270361712667,10.054190815594398,7.08,5,2,97.685221477827,Germany
8.743897028407742,4.635427337845691,3.83,1,0,0.0,Italy
4.912300232881711,2.390634773762027,2.08,0,0,0.0,Germany
8.618024769673056,7.238555782582622,3.7,7,1,38.49186054995446,Brazil
1.342827077383498,9.545261790162412,3.0,3,0,0.0,Brazil
8.853298174666964,6.153061206210079,2.46,3,2,156.85342329275664,France
9.223728733132969,7.490566019667847,4.45,3,1,10.788579700068055,Brazil
8.948727660735054,7.54590066442926,5.02,7,0,0.0,India
5.379822887607418,3.652917066162261,4.17,5,1,11.020790559929388,Brazil
5.1740866986027765,1.2464277790587128,4.74,3,0,0.0,India
5.943247056534648,7.072716032036753,4.09,1,1,58.2131106258598,Brazil
3.4166586061661715,3.3977974160179754,3.16,5,0,0.0,Germany
1.5147502475438428,9.660292315312873,3.16,3,2,33.44337323975918,USA
9.617872231995387,7.724989773980249,8.37,1,0,0.0,Brazil
6.89455256359423,7.461552679618704,6.67,5,0,0.0,India
9.473130440103397,7.784481557356005,4.49,3,1,14.648004706111003,Italy
3.5464437773792064,8.823947450114714,4.05,1,1,37.087435773346385,Germany
4.912512350547516,2.3153952633650774,7.39,2,0,0.0,Italy
3.6128674515831194,8.683496903870765,6.84,1,1,95.25271364387731,Germany
7.5832636352605,6.1378996308494465,6.75,4,2,131.24978924479808,Italy
2.9968038471252436,8.5817279403787,9.81,2,0,0.0,India
4.006455268231395,10.295225704865048,6.03,2,1,24.79271012480031,USA
3.6426505487893253,0.9141325619286345,1.0,3,0,0.0,USA
5.075425155220465,2.1396549565178793,2.29,2,1,64.6012270067223,Italy
9.300443720435867,7.377858574964096,7.95,4,0,0.0,Italy
2.5796964011118413,9.500787772024523,4.23,2,1,92.06245435774483,France
6.296222275353079,6.204005954978797,4.91,4,1,73.23131351254683,Italy
7.696273164283763,6.795925572919653,7.14,1,0,0.0,USA
2.985418496597409,9.888675308911049,2.94,1,1,99.93680722973151,Italy
8.80182153425049,5.3615560648203875,6.45,4,0,0.0,France
3.628743751435919,8.620756272228594,5.7,3,2,158.00592160649904,France
6.613331834710647,7.4770966243214785,2.71,2,1,97.8400928631662,France
10.274282734664027,7.10846087943784,5.56,1,1,87.78674205044177,India
6.176408936294526,6.555743619032146,4.93,2,0,0.0,Germany
3.462652418776891,2.441709845486801,2.33,2,0,0.0,Germany
6.618001927570499,6.633991886899363,5.43,5,0,0.0,India
3.7295544942998173,2.6683349322708727,5.39,2,1,43.68553082575412,Germany
2.1415483300613287,6.914259620546698,6.35,6,2,21.83490879978348,Italy
6.487987940333654,2.513187485663873,3.58,1,1,48.05526184879241,Germany
1.515415408522311,10.388200513409771,5.2,2,1,41.67247965145322,USA
9.040539793917992,7.367654149682539,1.82,4,1,96.60010883506087,France
4.700664208729404,3.899455538796125,6.61,8,1,36.09531778094589,France
8.011743791498763,8.698320885553482,2.83,4,2,171.81497376657023,India
10.01895380193112,6.279436979674863,4.3,5,2,147.3106728841667,USA
7.476789553787899,7.339729514982754,6.34,2,1,17.317393298688806,India
3.9220256218740657,2.7690334962819585,8.22,7,2,181.8985123285392,Germany
9.77127622680903,6.695767928741214,7.63,2,2,30.73033999878284,Germany
8.14483193603141,6.1430244285010644,4.93,5,1,83.60187303760215,Italy
2.5402565559236523,8.104602711216488,7.05,4,1,54.39451604349224,India
6.796281840176178,7.213489648883613,7.63,2,0,0.0,France
6.877609924597308,9.995679658126717,6.99,3,0,0.0,USA
4.952744487719013,2.0389073439880194,5.94,3,3,254.26995817498698,Germany
3.167032176904887,9.868811355264937,5.39,5,0,0.0,Italy
8.377538908374609,6.930130477542968,4.03,4,1,79.13676874619603,France
5.109892497474763,2.076551680152827,4.54,4,2,62.34175933038216,Brazil
4.74945041630596,1.5567312506927065,5.1,2,2,135.65560067233076,Brazil
6.551884305280799,3.1372298365266698,5.05,4,1,44.64139414544034,USA
5.759566614781482,2.256222846199386,5.55,5,2,105.7858109130104,Italy
8.22070709155136,8.545868171966678,6.3,4,1,40.48776428894623,India
3.356831551671835,8.36219723960526,3.48,2,1,48.71815758463333,Germany
7.454813640794787,6.892010416370175,4.61,1,1,29.778979479920864,USA
9.46815256088242,8.785515746367023,5.52,6,0,0.0,Germany
6.1098280113394035,5.960118668161189,7.72,1,0,0.0,France
9.39237214072409,7.5017626594037585,3.71,3,3,248.6318117431691,USA
3.2951870835606996,7.683053174640543,1.18,1,1,41.7859406518666,Italy
5.258239402487766,3.4287701631980303,3.06,3,0,0.0,USA
4.123973523095762,1.047777426297776,4.37,2,2,158.73974051090758,India
7.336255976873176,8.235195659050953,6.13,4,2,50.795786850222676,Brazil
3.6126269487229727,0.37198848512915905,6.73,1,1,6.410281650231964,India
4.984119845159915,7.030437967039656,6.76,6,0,0.0,India
2.993371574301487,8.048039808445068,4.35,2,0,0.0,India
3.0274502619139527,10.33956221863536,3.26,3,0,0.0,Germany
4.391924628900211,1.4932015377920056,7.36,2,2,105.20517019371097,USA
6.035837165269695,6.564021771167013,5.23,4,0,0.0,USA
8.449953005404286,6.543397297855336,3.56,2,0,0.0,India
4.2644713897441395,1.9243398480070288,6.96,3,0,0.0,Germany
8.694696922647813,6.1647298490740985,3.74,2,2,83.85703708876265,USA
10.690670259745886,7.570608571186108,2.2,3,0,0.0,Germany
9.956222095356217,6.539411381442465,4.79,7,1,21.78811515461551,India
6.714670315742246,5.748012712441257,3.27,4,2,132.6411237644106,Italy
7.290800586704586,6.906855894448872,7.05,2,0,0.0,Brazil
5.6441434216482005,6.242990552864719,3.64,1,0,0.0,Italy
3.452325669453061,2.552079502009866,4.61,3,1,40.536594250658084,Italy
2.1327880969552337,8.11223457384081,2.11,6,2,160.68755105964226,Germany
7.0648931060816285,7.488348741340486,1.82,2,1,70.3447183867414,USA
8.433919602564593,4.910972097578892,7.7,4,1,42.770778587985646,India
8.986610894563412,8.341318884534664,8.32,6,2,106.36721590067351,Germany
4.462282841469363,2.629061821728315,4.77,3,3,280.38719500546904,USA
8.192115881487583,6.6387004769059,4.92,6,0,0.0,Germany
9.548246889588075,8.415578326937505,3.2,1,1,82.93307937171076,USA
3.9425146083119307,3.11132001490835,1.63,2,2,50.34810869065721,Italy
2.431829315405132,8.153001926870058,3.28,6,3,136.08642262824296,Italy
9.629038376124576,5.868049439881387,5.52,4,0,0.0,Italy
3.8251228334045533,2.149320135828424,6.96,3,0,0.0,France
6.754759580955791,7.662650879602392,3.59,2,2,15.759741343580437,Brazil
4.912997270521745,0.9749574254293267,5.75,3,2,50.0499529920366,USA
6.7376377405756775,5.623231561601025,3.95,2,1,66.33257674249631,India
2.4491116284375867,9.40259813362177,11.7,0,0,0.0,Italy
9.555591662480358,7.209352647738222,4.57,4,0,0.0,India
2.558226963890787,8.853926047153491,5.15,3,0,0.0,Germany
7.024660882679693,7.001798278963216,3.65,5,1,93.57059611272499,Italy
1.3202842515781072,9.722589975399385,6.09,5,0,0.0,France
2.344902857682181,11.210509270351121,9.34,1,1,39.038025383108526,USA
2.311112862284895,8.869925716274379,2.88,3,0,0.0,USA
7.20536608433389,6.766775129370645,6.47,0,0,0.0,USA
4.092687047345611,0.7218135017014451,4.97,2,0,0.0,USA
8.518439788781599,8.266286640651014,4.98,2,0,0.0,France
3.4446363250973455,10.100268244373353,6.93,2,0,0.0,France
2.641831369435324,8.03975682352768,6.65,2,1,6.383371733256458,France
10.522421485983415,7.91275120038534,3.32,1,1,31.555530621739933,India
9.3373360210658,5.5628864721612,6.1,0,0,0.0,India
4.031384932496899,0.9653017707186018,4.81,1,1,69.10328773547865,France
4.847367634080284,2.418847591022656,9.16,6,0,0.0,Italy
6.8802356734735595,5.683482472448704,5.25,2,2,14.314654608469574,Brazil
10.105664722602581,6.654166819248409,4.63,0,0,0.0,USA
0.7971573390348576,7.26664961837006,5.82,1,0,0.0,Germany
4.253556360780926,0.232124688815174,2.08,3,1,91.25749342865123,India
4.689207002022945,2.695616669161711,7.53,6,0,0.0,India
9.564215340468005,7.622718537678793,4.25,7,1,44.841114591259995,Italy
6.453470631505085,7.860497844759421,3.47,2,2,68.36963888970129,USA
8.491545202041815,8.020280778213005,2.55,2,0,0.0,Italy
7.9533200373487345,6.421791654150505,2.1,0,0,0.0,India
9.169492022491832,7.111288613883157,3.87,1,1,10.444136553661973,Germany
8.929717428686272,6.27031651945604,3.31,1,0,0.0,USA
4.142561689870432,2.267251722733946,1.95,7,0,0.0,India
2.493579289103147,9.916563301984969,1.0,2,1,89.18970809272584,France
10.41060353636059,7.422410131353887,7.22,5,0,0.0,USA
9.260104621023642,7.188878823673908,4.36,7,0,0.0,Italy
2.4337639841511574,7.4123203163011535,7.58,6,1,44.930213965339654,India
6.04040204648248,9.088387613156039,8.25,2,0,0.0,India
9.059182036765561,6.416141962735383,4.61,1,1,59.338430912384226,India
3.71842781279918,1.4077767136553305,3.17,4,1,89.9097864382841,Germany
9.08014566916499,8.247621044339493,3.48,1,0,0.0,India
6.312866810033612,5.811467373685861,3.1,6,1,58.912358433374635,Italy
7.4551174042473916,7.813580751700988,5.8,5,2,118.2804359937805,France
9.482835458511682,8.081805301616624,6.42,1,1,45.32403605687004,USA
7.56097879758648,7.539169283790487,2.74,6,1,12.606817929540853,India
8.004148870765166,6.798985009857444,3.0,1,1,40.32112879181727,India
3.6114897728891737,9.69564563864127,4.0,4,0,0.0,Germany
6.384189950971212,2.6367675525014946,3.02,5,2,37.248710260846025,USA
4.206005373248912,3.6953247817489268,5.62,4,3,82.77966874091804,USA
6.400624567059281,7.733675877978553,4.19,3,3,37.041413838194636,Germany
3.5275513665575207,0.8054122680408109,4.91,7,0,0.0,Germany
9.373573460576406,7.1102263398666254,5.45,2,2,90.03040105700657,France
6.098451854863671,7.095497882136023,4.76,1,0,0.0,USA
6.003970827923034,7.746116302258573,6.82,3,1,99.74376130883377,USA
8.803558508541554,8.442064324834652,7.86,4,0,0.0,Italy
1.994314026976378,9.834211380833557,4.95,6,2,106.64635880398299,India
2.4883111347567883,9.244987033917004,4.9,1,1,53.7577203853264,India
5.927954561080479,1.9876786832033861,7.46,5,3,54.27305959972629,India
5.9254610705897806,1.916108392509576,6.79,5,0,0.0,France
9.141413833748024,7.783850733880186,5.05,2,0,0.0,Italy
6.191124102655831,2.8554561765399478,4.81,5,2,43.4645600721167,India
5.534942017920655,6.228778641280742,6.38,4,1,40.8457317302686,Germany
5.343370984453126,1.895348247804259,8.28,2,1,97.60277783072411,India
2.3187737331276925,9.463504849483355,6.5,3,0,0.0,France
8.70010252013417,8.856501163029789,5.92,8,2,36.20333344397194,USA
3.7755935742875657,3.108790269432208,7.23,6,3,61.34852432524484,India
4.323199290293852,3.3476546653682915,5.96,0,0,0.0,Italy
1.9024745639165674,8.831089509477934,2.86,2,1,32.85925913816115,India
7.285214547898949,7.678961137293243,2.59,2,0,0.0,Brazil
1.4731099720064942,7.591311202936648,4.48,2,2,181.85847637888682,Germany
7.036863583179822,6.939035947798998,6.11,2,2,42.17399850750038,Brazil
4.823041370443674,7.350959423398231,4.24,1,1,53.74658164256256,France
5.420466196962579,7.087466361969951,5.65,4,2,190.40687116438065,USA
4.76330801793175,0.5149565701219816,3.12,1,1,11.278700532962876,Germany
4.322776003654136,1.169735409769475,4.52,3,2,101.3107641461277,France
5.406267312800501,1.5592747416658752,4.94,1,0,0.0,India
4.369512139466932,1.945785363536988,7.24,1,1,7.75641605339198,USA
3.074904942786322,1.3722825080869194,3.3,1,0,0.0,Germany
4.76780603860268,2.608896210381282,7.3,2,0,0.0,Germany
6.115724282575625,7.2705040603930895,5.12,1,0,0.0,France
5.572945441949087,2.0367115885016696,1.0,3,1,99.0408526981057,Germany
8.110780382845391,7.174551250734344,4.17,2,1,61.02174411760762,USA
6.369739943230075,6.1623708866169675,3.56,2,2,190.97815846820288,Germany
3.9717357879003345,2.166549135864891,6.55,2,2,190.19181455484383,Italy
8.547456565991924,6.6729809194571335,2.24,4,0,0.0,India
4.551334621645089,1.5192782677876036,4.09,6,2,50.4831903476693,India
2.2514450829099997,7.772525552716697,1.0,5,0,0.0,India
3.505707690950311,3.002350120068699,3.06,2,0,0.0,USA
6.2788393638279345,2.881192346476923,4.34,2,1,31.073328815202665,USA
1.9383071123595832,10.14985176837892,4.0,6,2,129.15071513201127,Brazil
7.578871255380346,6.82014673558024,7.91,1,0,0.0,France
3.0857080237794694,6.423243836053412,7.31,2,1,5.419173651915484,India
5.511434802516243,2.3003402368185224,7.5,2,2,65.95726153839527,France
5.399666073181178,1.1336421259230747,6.55,0,0,0.0,France
5.3374658065673,1.1370780137211054,7.71,1,1,98.04842184635643,USA
9.079381971229974,7.597458652430041,3.69,2,2,33.76903044025713,USA
2.4502134014631527,9.46115862900102,1.96,3,1,99.97191554136833,USA
9.285572861423317,8.542188126287623,6.42,3,3,254.82283015214148,India
9.604408212782939,6.71438682664114,6.58,1,0,0.0,India
3.004163103420823,8.516713629889107,2.25,3,0,0.0,Germany
6.862622655405936,7.248704495148118,5.82,2,0,0.0,India
5.634070376467644,7.4645193679641855,5.89,4,2,199.35781954472392,USA
7.241344178968535,6.701439818056874,7.68,6,1,42.93913360879172,Germany
8.016171323978847,7.590733570643759,8.17,2,0,0.0,USA
9.231171647403217,8.430795887502507,1.24,5,1,81.36500905197056,Brazil
6.426587534579211,5.806991566476571,5.05,2,1,40.84104260821877,India
2.945961860290968,7.407709027459642,4.7,5,1,96.54387537366041,Germany
5.867152658309364,0.7630091809598469,8.37,0,0,0.0,India
5.05858341452047,1.9591964554646586,2.1,6,0,0.0,Italy
6.106079576044252,7.931050759464907,4.54,5,0,0.0,France
5.412726674771824,2.7563295717177425,5.77,5,0,0.0,India
8.468348542755264,6.519509917544457,5.29,0,0,0.0,USA
7.094148141487179,6.014237004691603,3.68,2,2,81.74293113119681,India
4.393307781968527,2.708301796994823,4.18,1,1,75.73599998839155,France
6.447509641898787,3.6145983116630465,4.43,3,2,45.65881988610975,India
7.184295024906926,6.259608694176784,3.45,2,2,152.3670531458087,Brazil
5.843710981719236,6.025671842135391,6.26,2,2,36.96234024928668,India
5.793381686009646,3.1357433521285722,2.11,0,0,0.0,India
9.783796096630669,8.933599038688353,4.11,3,0,0.0,Italy
6.921895189586063,7.066257812241596,1.0,5,1,31.329033787822482,USA
7.684379004870408,5.321814636503499,3.3,4,2,146.7971078271185,Italy
4.84988714425069,2.5883336682193123,5.73,3,2,117.6592969389064,Italy
5.834093319242093,3.274271746964825,4.97,1,0,0.0,USA
2.1674416472755906,10.890456967414208,6.33,2,1,87.92296919970508,Germany
2.513045348428836,2.00479165785098,6.39,4,2,140.91662764461566,India
2.7182208803387753,8.16376567398902,3.02,4,0,0.0,Germany
7.647092561455269,8.394380513411186,5.14,5,1,8.671797297595658,France
5.11888197962086,1.111860104243624,8.49,3,2,22.10512667931379,USA
7.966334291209147,6.716445724123004,5.35,5,3,264.5929089253683,USA
7.788384157110997,7.37318427120692,6.39,2,1,29.675716206802118,France
8.841804966337946,7.829387273614859,6.27,4,0,0.0,USA
2.524507472225746,9.59357762779941,4.51,4,0,0.0,Brazil
2.4751702119805183,9.125658730038374,5.91,3,0,0.0,Germany
6.931208448366848,7.651999968461901,3.91,4,0,0.0,India
8.432973587306876,6.18494218176432,1.0,3,0,0.0,Italy
3.5838480362614336,1.7162245588189504,5.31,5,1,53.47784030697222,India
3.843908462377603,2.1650592289623796,7.44,1,0,0.0,Brazil
3.3899517126554803,10.813011146549634,7.2,5,2,57.334255959042366,France
5.840899291236358,8.118270737611406,4.65,1,0,0.0,India
1.659118290635197,9.431966880437722,5.44,3,0,0.0,France
9.672704068390749,7.261009147321493,3.27,2,1,74.13360989433271,Italy
4.7293163978200585,7.8848144539827425,4.57,3,0,0.0,Italy
2.141715957578446,8.700756442025924,5.73,3,0,0.0,Germany
2.63685230457094,8.453678491351011,2.16,4,0,0.0,India
4.682909809549383,2.660027594952988,6.32,4,3,226.36047948020246,Italy
5.138762030996314,1.631021032813493,1.0,3,2,137.20149686464848,Germany
9.148704464103671,7.8571817394173475,3.47,1,1,91.34156116813178,Germany
4.013917997083753,9.774342091887924,2.92,4,2,51.59391102888457,India
4.273537159090344,2.149931787190996,6.23,7,3,57.674361361969375,Italy
5.310896641145871,3.041167461999704,5.32,2,0,0.0,France
7.509513428723985,6.532193515155063,6.23,2,1,10.567142952906018,India
6.724591757459118,0.9652579885125259,5.85,3,0,0.0,USA
5.5478411498551505,2.096649493105326,2.85,3,1,91.65875119208637,USA
5.096234809360798,1.606095037922549,3.55,2,0,0.0,Germany
4.881949506516069,1.122194603259167,1.3,1,1,5.205862822396611,France
5.9580759034621265,0.6149947624631384,7.69,5,0,0.0,India
1.508615305009772,8.343665919121676,5.03,3,0,0.0,Brazil
2.676319336839162,9.296866078686621,2.76,3,0,0.0,India
4.4811779055632,6.3490244622999965,4.21,1,0,0.0,Italy
5.69660374750852,2.9399767881912764,5.57,2,1,30.676180418204112,Brazil
1.1022628771609995,8.530167633613503,1.62,2,0,0.0,USA
3.405530281644812,9.233588465398757,4.45,1,1,53.222778076772734,Brazil
9.062634584579657,7.254067777647684,6.81,3,0,0.0,India
3.899388729895943,2.837994122431743,10.29,5,1,96.48248789670151,France
2.9868432056567555,7.759150756224926,5.06,4,2,49.516441925463674,Brazil
10.037610178600143,8.073105486872333,4.23,5,0,0.0,Italy
7.199459455279349,5.279201601387031,7.45,3,0,0.0,Italy
5.135131641791382,6.94147563337586,3.31,2,0,0.0,Italy
6.373240443918375,6.209422422549713,6.08,2,2,147.87623774627014,India
5.273104146343195,1.5855398512774856,5.7,4,0,0.0,France
6.903245170569726,5.663943816493692,1.0,1,1,41.05293062835547,USA
1.312566136407099,8.404503223878939,7.37,6,1,64.52299734590082,USA
3.867686448423722,3.638772897627259,1.95,3,0,0.0,Italy
3.933209732154961,2.6927691815656236,8.14,5,1,47.98092338557142,Brazil
9.747959929380713,8.714565390554649,2.65,2,0,0.0,Italy
2.8797057216427793,7.608719109019679,3.79,2,2,94.21766529454457,Germany
6.67530730716295,8.06723992555927,5.48,4,1,62.00210245201739,Italy
3.882600512022499,9.534188267727075,8.22,0,0,0.0,France
0.8795554919399515,8.641610544246348,5.98,1,1,57.889543407126745,Brazil
0.09658220143983431,9.798890416096345,2.98,3,0,0.0,France
9.299840891890918,7.708273449265507,5.53,1,1,27.123719872958738,Brazil
3.3269103062808285,2.3671449098051345,5.61,6,0,0.0,Italy
1.714932943430923,7.759996705029073,5.73,4,2,162.20026687984063,France
1.982660939380443,8.53687542200552,1.64,6,2,94.08101377618247,India
3.852842557294802,0.994904034674492,6.26,2,0,0.0,France
6.429572519966124,7.469688589212074,6.56,3,0,0.0,Brazil
7.440678043173538,7.130943265087177,3.75,1,1,26.51489767888112,Brazil
4.358033986831002,1.3362932097342988,8.55,3,3,269.98796010199305,India
10.343899097655694,7.061358995373563,1.77,2,1,95.13593997833776,Italy
5.019578513645214,1.6617024890415304,3.35,2,1,65.86350377162809,Germany
6.563392323831556,1.0201292205758823,5.11,4,1,15.520631291161193,Italy
5.860429440159334,3.9867239785894317,5.58,3,2,170.0593556398343,India
3.5436585113595362,1.9052983022412502,2.8,4,0,0.0,Italy
9.57193570272265,6.598004611056788,6.58,1,1,35.31723130891251,France
6.501915431037436,5.126734394551631,7.85,8,2,107.98918209474022,USA
1.0570799238701898,9.028435393164079,6.58,4,0,0.0,Italy
6.17136097149387,6.104434293660257,5.1,1,1,78.03246384117244,India
5.114512321794893,2.680761505915352,4.05,5,1,93.23417703148033,France
8.189525940484435,8.527481880508937,9.05,2,2,33.53920144092101,Germany
8.879785718965795,6.185922710534468,7.01,0,0,0.0,India
2.2493148288043265,9.796108999975631,4.08,4,0,0.0,Germany
3.4098690055652305,8.050086056775077,5.25,6,0,0.0,France
2.3869001200204663,9.557584157234709,8.02,5,0,0.0,Italy
4.52631627143765,1.917317501287921,5.1,3,1,5.44881252683665,Germany
7.708030412899522,7.635233991724465,6.0,2,1,43.267152518898726,India
7.9118075722895655,8.276172259191144,1.79,2,0,0.0,USA
5.654988459936095,7.263587612199833,4.8,2,1,12.445201697540943,Brazil
6.879087828522391,6.577147285777215,4.21,4,0,0.0,Italy
6.036639013626592,2.4181379993169076,4.21,1,1,46.04311907342197,Brazil
6.116484890441614,5.957628423042838,7.18,3,0,0.0,Italy
6.514458190102949,6.635212291563217,5.32,4,1,21.654879911425446,France
8.195334601902676,7.35148945947733,4.39,4,1,47.49696383041863,USA
6.735596289172044,6.861991115650075,6.18,3,0,0.0,Germany
2.5171702643693674,10.494230267088348,7.39,1,1,68.37342258251735,USA
2.581207744633084,10.017819026090345,3.0,3,1,56.775258342321465,Brazil
3.5929570861211952,2.6511396548372606,4.12,4,2,135.84214172217997,France
3.7088951514180586,6.6981422652294444,4.75,5,1,31.991149900997137,India
6.2454986687932195,0.10757084145024631,2.77,2,0,0.0,USA
2.38288342356955,8.545155273987913,1.75,4,2,109.9979709284663,India
9.779305017918727,5.935230484013851,5.6,4,3,48.48492908193167,Germany
2.8282515587193684,8.218260271394833,4.46,3,0,0.0,India
7.122355780462299,6.757380685570463,5.14,4,1,47.085132718701836,France
6.649984135583473,8.198385885305889,5.67,2,2,157.74379020851998,India
9.206660466675187,6.843163243007348,4.73,4,2,155.31520461964652,USA
2.7890079654297564,8.04974833328813,8.37,4,0,0.0,Germany
4.880755593428509,1.3074762190471851,5.43,3,3,126.93203181938668,Brazil
2.9306524370255054,2.364867699951205,5.64,1,1,17.42327441077677,Brazil
5.950484749041564,3.144271655610291,4.09,1,0,0.0,France
2.60582129306764,8.598319200250963,3.97,3,0,0.0,Italy
9.545516435929471,7.398204554952942,4.5,8,0,0.0,USA
8.662962515980675,7.564010564966464,8.62,2,2,180.78515079510277,USA
9.178148924944308,7.50565778650988,4.95,3,0,0.0,Italy
9.170525472777944,8.749757173578468,4.15,2,2,131.9007568969474,Germany
8.731214025441856,6.061560876835948,1.76,4,2,39.09889299906547,Brazil
2.0533098509711425,11.179288473099405,6.71,2,2,179.99425994885158,France
5.206419823309758,1.3247004839215946,3.51,4,0,0.0,Germany
6.487919027998951,2.963880530564817,6.16,2,2,167.31367883784827,Italy
8.09556500912717,7.125928719987004,6.4,1,0,0.0,India
3.216090191040099,9.869841787219034,8.02,1,1,18.808545062761677,Germany
7.841099004661777,6.931822383836217,5.75,2,0,0.0,Brazil
8.975618824546377,7.143420314147345,4.59,1,0,0.0,USA
7.353150572705467,7.06175473218218,2.42,3,0,0.0,Brazil
4.004468955999364,1.931876996933449,4.99,2,0,0.0,Brazil
4.833285203417819,2.032861564520468,6.92,3,0,0.0,Germany
4.725473540172627,1.694796716332838,1.7,1,0,0.0,Germany
2.2653969092815514,8.450207497461593,5.9,1,1,69.26205332306363,USA
8.968523289440773,7.339963844118085,3.95,1,0,0.0,India
3.6006586722373353,2.791151228394593,6.65,3,0,0.0,Italy
7.73515381784237,7.2915041110116325,4.16,2,0,0.0,India
9.168380491880011,8.878485643224469,5.06,3,0,0.0,Brazil
6.916635285224504,7.721158023674241,7.48,3,1,71.37341068987651,USA
3.514798998742216,9.374450312144088,2.92,2,1,73.82813000270299,Italy
6.956912428617565,4.505643309991955,6.15,4,0,0.0,USA
1.507372769370813,8.516715289813114,4.21,2,2,172.3489693287804,France
10.189402215087508,6.485074664601128,5.86,5,0,0.0,Germany
4.893616133002935,0.1800932860283424,5.67,0,0,0.0,India
10.382948925243424,10.197605613508617,4.87,5,1,53.773406122215505,USA
9.750653270702369,6.861023762298734,5.35,4,0,0.0,Brazil
2.4907792438631984,10.690723440473604,6.91,1,0,0.0,Brazil
2.0083660320485386,8.13581232685626,7.36,3,1,55.18005775131576,India
8.033109722039914,7.2501462058441435,1.51,2,2,114.4566425683782,Italy
3.1150584438116438,10.733664034405619,7.72,3,0,0.0,USA
4.327176848439905,9.77399842368249,4.08,7,0,0.0,Italy
6.67708947594646,2.120246511386706,1.17,6,3,75.80958939150253,Italy
7.922555452960008,6.511057544685978,6.65,1,1,27.64913438447457,USA
6.433252946392734,7.520340088743961,3.23,6,2,81.14475164836011,Germany
6.442859440040773,6.765876948773591,4.74,1,1,27.559543694886973,Italy
6.447487343997365,2.4793273394014443,5.92,1,0,0.0,France
1.1160163651178443,9.853635242429924,6.64,8,1,37.60830164649082,Germany
5.5287097788735755,9.198135672952017,5.06,3,1,57.03803232692053,India
8.330060435172662,8.9862289315022,10.19,2,1,55.57104352894428,Italy
1.0582700747735383,10.821482771836207,6.88,3,1,69.80286494594483,France
10.906146133113312,6.170620971851321,2.15,6,2,184.79596457068874,Germany
6.65256413800712,6.957331304874372,6.28,2,0,0.0,India
1.8636099108785569,9.033667365896347,6.12,1,1,16.509784173541288,USA
6.354834615649948,7.758608384245451,2.69,2,0,0.0,USA
6.743315895587602,7.782347795990713,5.01,1,1,8.68219721385468,France
4.194083522401284,1.4694473471112783,6.97,4,2,134.21375156332104,USA
8.154466642704019,6.037053421929291,4.34,3,3,49.19803182644202,France
2.206562157813717,8.260010278178964,5.28,2,0,0.0,Germany
2.728063874788376,9.78052910323883,4.97,3,3,254.5681524040313,Germany
1.4965602134086784,8.856132283826001,5.32,3,1,13.967725358359182,USA
6.708440047405607,8.023052139659162,4.12,1,0,0.0,India
9.277790286402167,8.288541083644308,3.9,4,1,49.54445990400934,Germany
8.56133342551691,9.02725007019594,6.53,2,2,177.45991360663828,Italy
8.775310097736782,7.847207656877868,5.28,0,0,0.0,India
7.029505224673438,5.767817143384219,4.52,5,1,55.27032938496374,USA
9.026804575530502,5.8946567650490405,3.06,2,0,0.0,USA
2.364309789955859,9.038189171483276,3.86,3,0,0.0,Germany
7.233279746032821,6.652783686452756,3.57,3,0,0.0,Germany
5.627607352152701,1.1975633225031288,6.52,1,1,90.42327916368669,Brazil
4.300567649089943,1.9318324791315618,7.35,3,1,42.4350351811863,France
3.6417842084590664,0.21888483111823298,2.52,6,0,0.0,India
4.054134969729509,8.474981113735051,5.5,2,0,0.0,India
5.620740985408449,6.785428203805217,7.18,1,1,92.46764763378873,USA
1.519031384093461,8.79715505325212,4.38,2,1,37.15911411897538,Germany
7.752412144678913,7.800261824733632,1.0,3,1,89.12213329674017,Italy
4.72115600381917,3.1520131279663754,7.19,0,0,0.0,Germany
8.066805225759891,7.315109249527338,6.67,2,1,18.036908155530575,Italy
2.0489259980704464,9.20912846846846,6.25,6,0,0.0,Brazil
3.5064578179354786,2.3230933991901246,6.29,2,2,117.79501119877033,Germany
1.9726877794823467,8.115818146407284,5.76,2,1,17.87141261254375,Italy
2.089103132600909,9.621136721413993,6.96,4,1,25.93056899324485,USA
5.818827119345323,5.980548216537639,6.02,3,0,0.0,Italy
4.659999965808962,2.8648702650103073,5.41,4,2,141.38855493830735,Brazil
7.7906261877584,7.688683547973873,1.68,4,2,137.86797073699222,USA
4.5814487172306135,2.7995730012712565,4.71,4,2,42.4095400723684,Brazil
3.9198893030061623,1.0491068765996667,5.07,2,0,0.0,USA
9.314337756656862,7.2257279184145,4.38,0,0,0.0,India
2.7471166586380495,2.284660542738522,3.97,2,2,24.019542076871602,India
4.732506424177025,3.2160322467990463,6.01,3,1,22.96898223849489,USA
8.571501585555623,6.644232595871098,4.52,4,1,60.96831968037596,Brazil
7.145327741584995,1.521528594763785,7.9,5,0,0.0,Germany
6.869606039410701,7.568804026721182,4.27,4,1,76.87184544754368,Italy
1.6095977476194996,9.321585649074931,4.29,4,0,0.0,Germany
9.085065037189485,6.912587838924841,6.11,3,3,120.52413787322209,USA
7.69934221401866,6.543846642090051,2.17,3,1,13.390239510148257,Germany
2.8718221170537044,1.9927155287389138,5.76,5,0,0.0,France
4.450185342775693,2.8227542149873495,3.1,6,0,0.0,India
6.979177874336239,7.50820742835573,5.61,3,0,0.0,India
2.534224581797894,9.832052427398608,4.74,2,2,33.23026131620958,India
6.479258901688709,6.637818407473628,9.08,4,3,228.5653000252155,India
2.9752341249209926,7.419583060931526,6.56,0,0,0.0,France
9.280017861064492,6.677673927204685,4.11,5,0,0.0,Germany
5.53174185838885,0.8598748498261009,3.45,2,2,63.04831908714528,India
4.990344736901018,6.868739684477452,4.56,5,2,105.49643995519193,Italy
5.683685283715963,5.998363192515934,4.36,2,1,80.4595474338897,Brazil
6.815332312563688,5.9332481316297665,6.14,2,2,182.79943638788856,France
7.805866303739821,7.141890315618653,5.26,3,2,119.63770797266352,France
5.686384916009839,7.161322055564235,2.54,4,1,57.08690560438441,Germany
4.926265580183491,1.7845748547932438,8.46,2,0,0.0,India
9.160389153114343,7.7946033195955895,2.02,4,2,67.8870291902405,France
5.321622245043243,2.9356725697408335,3.86,3,0,0.0,Brazil
7.7155565164026685,7.984708390314708,2.73,2,0,0.0,India
4.446537886548478,2.869967015973967,1.27,2,2,59.231221912751586,India
10.860321279384074,7.86784562026444,6.45,5,0,0.0,Italy
7.646496716269182,8.665053562467804,7.06,4,1,95.22859792880237,India
2.6135404160396423,9.407593178203646,4.58,7,1,23.502653173056913,France
7.984295547253376,6.344469368259338,5.62,1,0,0.0,Germany
3.704047606437536,0.8972758552164724,2.18,2,0,0.0,Brazil
2.728869510890262,9.371398699710069,5.44,1,0,0.0,Germany
2.758269467705791,7.3413922268867475,5.31,5,0,0.0,Germany
5.3551154201193345,1.579818559117859,6.44,7,3,277.0619698838476,France
9.760352081813192,6.607697001623953,3.78,3,1,89.14152522089734,Brazil
2.3525038948062256,10.037816772383666,3.25,1,0,0.0,India
3.3346948198452617,8.692900286545328,2.74,2,2,105.8233581283674,India
11.015107457607858,7.717634845869561,6.86,0,0,0.0,USA
3.3769158993607786,0.06201035868024429,6.17,4,1,34.53621318707228,Brazil
0.9436735938184098,8.948535867125333,5.94,1,0,0.0,India
2.574576061187491,4.094800991270935,5.26,5,1,72.34760412857081,USA
7.072433278458683,8.219627516840983,5.13,1,0,0.0,India
6.034220634369214,6.3442526507873085,3.83,4,1,54.351598617621804,USA
4.1212408387435255,3.691533679704608,3.44,4,2,162.13391503213754,India
2.286907767251896,10.293151941511715,7.13,3,0,0.0,France
3.071039722404449,9.493647081627744,2.68,5,1,43.41351083236649,Italy
3.080376612835547,9.58686890955448,3.81,7,3,106.81009221015569,Italy
7.85310758382691,5.92516584103848,5.04,3,1,37.85367623066662,India
0.9957478798106192,9.645097812753098,4.17,1,1,34.732975117940725,USA
5.475310909156318,6.63487374538171,5.49,3,0,0.0,Brazil
2.4038221169067904,7.680260633280117,8.64,2,2,100.28963406291605,USA
6.069781130031843,7.028538994340132,6.88,3,0,0.0,Brazil
4.372113317503256,3.2958729039297117,5.1,5,1,88.24806395802041,Brazil
4.418553710560043,10.332588453050992,4.83,4,3,44.01164986148282,India
6.00626824808254,1.2354329792558911,1.75,1,1,83.46721834982957,USA
2.9022503801141513,10.015917953406882,5.82,5,2,120.90354259540992,USA
8.486086092191684,7.368417379987438,3.26,2,2,83.98181372786992,France
6.434768970552947,6.918370875740102,4.92,3,0,0.0,USA
5.1702217378986814,2.277661885620877,4.79,3,0,0.0,Germany
8.075008305202863,7.391948226706607,3.75,1,0,0.0,France
7.709781979104823,7.434403418391541,6.36,3,0,0.0,India
12.694703085876608,8.397796212918825,4.85,3,1,20.957546699506388,India
3.0207057797122365,2.60290919834947,5.98,2,2,19.165662994853868,Italy
7.912260163403165,7.319851827018188,6.03,2,0,0.0,Brazil
4.960876399914125,2.975405850643657,5.02,0,0,0.0,India
3.325414867594715,9.09242919116797,2.45,2,0,0.0,Italy
1.0622197386990173,9.210840904709896,7.87,1,0,0.0,USA
2.241353985186417,8.190751157572471,6.02,4,0,0.0,USA
7.814236103741502,5.68395937174982,2.05,2,0,0.0,France
3.599596700495596,10.425218507944592,3.02,1,1,55.18944292612882,Germany
5.716345058357062,6.904845014078347,5.54,2,0,0.0,India
4.525319408755582,2.0572640721909283,6.28,6,0,0.0,USA
2.1223891023635475,10.105266553384288,4.33,3,0,0.0,USA
5.611935801967824,1.9598650485620968,8.33,3,0,0.0,Italy
3.327418306286223,11.106673403883782,6.49,3,1,50.787185201854705,Germany
8.285384567437905,6.680274484286136,4.96,4,0,0.0,Germany
8.245222357278271,6.321413810864929,4.89,2,0,0.0,Italy
2.900955772096572,8.091875943699819,5.7,2,0,0.0,India
9.98511085526256,5.792595282986056,5.68,4,0,0.0,USA
2.740132153261428,9.71049249301174,3.17,4,0,0.0,India
4.43923953740267,2.340680094481334,6.86,3,3,142.3771655080335,India
7.5234992022596225,5.768964378071484,9.1,4,1,71.25370041141416,India
3.248226281075983,9.666616466375002,4.77,2,0,0.0,India
7.718250864750801,5.700685125135519,2.98,4,1,98.93013312878396,France
11.833594647435627,7.295398591556869,7.76,4,1,48.99035943729212,USA
0.36525353372742453,9.648205150516333,4.14,0,0,0.0,India
4.884993120600719,2.6999637303425357,3.8,2,2,33.8536204764541,Brazil
2.7248652606003825,8.141325037744622,6.56,2,1,37.17198162140183,Brazil
4.28543285595107,9.422938939678993,7.59,1,1,9.602664355840528,Italy
2.7262146734771204,8.705803339742502,1.0,5,2,76.55721283099649,Brazil
6.143946427391537,7.4503031909740995,6.96,1,1,30.90996241869872,India
1.7707310430573397,9.185654409388292,7.22,4,3,210.67016170937313,Germany
7.592162758758065,7.634361313037493,7.18,3,0,0.0,USA
4.453954355279331,0.3737749217464208,5.47,5,0,0.0,Brazil
3.1347603245622797,9.41008966163573,6.68,2,2,124.91923923261416,Brazil
7.982592435775169,6.848566210977325,6.27,3,1,72.17117375929308,Brazil
0.4339367504274847,8.325098310108753,2.99,4,2,116.1454447612777,Italy
9.172380838692856,6.024781228888211,4.04,3,1,12.180881961771796,USA
1.6840993583851156,8.14715591248742,3.73,2,2,199.71819517112124,India
3.2135413135955093,7.605824831834762,4.9,1,1,69.75492555924286,India
7.134833325590895,5.368436179090516,3.45,3,2,29.9505103078078,Italy
4.313265055566889,3.958550079201025,2.76,3,0,0.0,Brazil
4.747048751487697,0.8946569425761348,4.38,3,3,293.2255827513128,USA
7.642208620648318,5.836332636874191,5.24,3,0,0.0,France
1.7683732776326244,8.501072561726737,5.87,5,2,32.194728895516064,Germany
7.428015450045365,6.78997757811465,8.79,5,0,0.0,India
3.8810987659841065,7.40072473032158,3.23,3,2,88.00045785857144,Italy
3.5462636966227463,9.679655063231152,3.57,2,0,0.0,Italy
4.1556204842972715,1.9272408552005713,5.94,1,0,0.0,Brazil
5.463981733083807,1.809020271218958,5.52,2,1,48.00597493213013,India
1.5578913787532667,9.541184051864116,6.49,1,0,0.0,Italy
3.1763867078302557,8.281317229074563,5.96,1,0,0.0,France
4.822873285873362,1.1388983408727666,5.93,8,1,26.87837721511056,India
5.698048930052203,2.443679531319289,3.74,2,2,193.24640391112607,Brazil
1.8157187111387565,8.622273488279191,7.75,3,0,0.0,Germany
7.569547168222169,5.936962856717705,3.95,2,1,26.185026369387128,USA
7.738704507516527,6.852621959915134,2.9,2,2,115.74523033455965,Brazil
4.6622180755467095,3.666716817354404,6.86,5,0,0.0,Italy
3.9892222148919063,1.6465221207521206,6.33,2,2,148.70885223723204,Italy
1.923293421888101,8.277515992250699,6.03,3,1,80.94551249586839,USA
8.833798465584453,8.020910394210638,3.72,3,2,149.74001921048983,India
4.621744592720019,2.266454112945584,2.54,3,2,186.94725204142202,India
8.622022345387695,7.440088572314039,2.67,2,1,77.78573829614153,France
6.31438006717654,5.365861993295059,3.71,2,2,154.93854021875634,France
7.728956187176725,6.184340791234954,4.39,4,1,21.165210346726955,India
5.991918202202427,4.072577204443242,3.32,3,0,0.0,France
7.744523303579693,5.604862580353974,4.3,3,0,0.0,USA
8.161490102525002,6.24241356767459,5.78,2,2,162.6608152793805,Brazil
6.241728874891345,6.010049376368463,4.88,2,0,0.0,India
2.745114152364874,8.607400883693947,2.27,3,2,47.42537170777381,France
8.862198724945463,6.581951656605195,7.46,3,1,51.54582767055758,USA
8.644406279752076,7.38671651934893,4.96,3,0,0.0,USA
2.837816098801735,9.617473559280665,7.73,2,1,46.25289265050172,India
8.555102798025292,6.364594647784087,6.61,1,0,0.0,USA
4.848732378762433,2.0313824110257883,1.0,1,0,0.0,Brazil
2.4073413277907636,10.563306279693508,5.6,0,0,0.0,Brazil
5.764811381531342,0.230397710059691,6.14,2,1,75.27222062374268,India
3.84416117270749,3.7196603155353536,6.02,1,1,17.279676540185346,Germany
7.650245141276609,5.359469497258902,2.96,0,0,0.0,India
8.171082755638235,8.050772123476136,5.4,3,1,23.087458514592246,USA
3.367555403233964,9.714596007607312,2.79,4,1,98.89849973433198,USA
4.60328886188517,2.6328196820231025,5.61,4,1,30.341402393592144,USA
6.181202056766898,6.419911912045905,5.49,3,1,89.72907613431678,France
2.5184861846205657,9.32126720088456,5.3,3,2,36.72988885986372,USA
5.945315453480499,7.312510780553908,3.22,3,3,235.63753760737433,Brazil
9.114459843117176,6.234895194825079,2.36,5,1,65.03739238380183,France
3.4965398451442407,2.0606434376214713,7.24,5,1,19.55301539852514,Italy
5.571544803096196,2.368543365126398,2.3,3,2,78.29235631615344,Brazil
9.059415852541516,6.936946445482897,8.4,3,0,0.0,India
9.942952730730003,6.642801306380998,3.82,2,2,146.55066478212876,France
6.985152129922224,7.148142180603557,5.09,1,1,50.45614515830045,Brazil
7.9209611071581625,5.806449878593071,4.62,2,1,53.829830286207844,USA
3.1445600118783794,7.82461946910796,5.54,2,0,0.0,Italy
2.5279063794986474,8.625767675109437,4.66,6,0,0.0,Italy
8.472181230670328,6.816818739288465,5.91,4,0,0.0,Italy
5.677891363544063,2.7373828872795873,3.39,6,3,231.84872980859492,USA
6.059019715242599,7.854277021448169,5.92,5,3,160.4044587400953,Brazil
2.3087379916390214,9.623191484452953,3.76,3,2,80.03784609788008,USA
2.6009036471978764,8.126516616659782,4.38,3,2,159.5539427357188,Italy
7.466321779913143,7.631276812899825,5.87,2,2,55.782067228082205,France
3.6585528997106365,0.5683527400132251,7.47,3,1,43.257831037793515,Germany
10.559374882265674,6.341106675017766,7.26,3,0,0.0,France
3.189222344631241,9.246539825359324,6.72,2,1,78.92574361562642,Italy
10.359769848701495,9.086926961417225,5.36,4,2,150.9206766403773,USA
11.269448920607639,8.411463168767256,3.97,3,1,29.419460660622903,USA
9.526409883216328,7.124920760145219,7.94,2,1,99.08804230998291,India
7.269793817926684,6.904389121909799,4.02,5,1,37.01943243812948,Italy
5.212350248007837,2.6241353627201733,7.61,4,0,0.0,Germany
6.092350898028356,6.420534104964881,6.23,1,0,0.0,USA
2.47119414488455,9.134317454916582,6.0,4,1,93.8658192152353,USA
7.704587877742511,8.080928593110986,4.58,7,2,52.22102387093446,USA
6.006561124819171,6.271125146783511,5.74,2,2,183.51321037143188,India
9.77447820271089,6.513878455795058,5.91,4,1,88.78905832690953,USA
4.254321610882359,7.048881532713856,6.16,6,1,54.972785468027006,India
3.159840192174577,8.527160744433626,4.22,4,0,0.0,Brazil
3.312872191022481,10.65340293364239,2.75,4,3,179.54479750786635,Germany
5.298510789018611,2.2053641885830597,3.46,4,3,123.42689485716129,USA
0.9860735457830929,9.55319617188298,3.6,3,0,0.0,France
9.666533462295307,7.638832542269294,5.44,4,1,82.42775141375296,India
3.188652537326943,1.0489012813456604,5.66,2,0,0.0,Brazil
0.22754578651390744,8.396644451264624,3.44,1,0,0.0,Brazil
4.365235086861804,1.5159511446215361,7.03,0,0,0.0,Brazil
10.25520629132887,7.3297597871187605,3.15,3,3,199.86227905082873,India
8.012375547710064,8.06653260954878,6.03,0,0,0.0,Brazil
3.631919644615049,9.396695874382372,5.42,4,2,173.74554620582518,Brazil
9.498775124643593,6.544066714246471,1.15,3,0,0.0,India
2.8101970210200182,2.58913668998757,4.36,2,1,61.727825246714815,France
5.443770727065372,6.59554280280142,3.95,3,0,0.0,Italy
7.339368586214309,7.219197887802774,7.62,4,2,15.125892283951135,Germany
2.201395854160691,7.304117735541696,5.31,1,1,29.6245929513061,Brazil
2.836128352135605,2.304640580271627,7.4,4,2,35.51752693988887,Brazil
